fund_id,product_code,team_class_code,class_id,mapping_status,raw_label,fee_type,channel,account_type,retail,eligibility,front_load_fee_text,back_load_fee_text,redemption_fee_text,switch_fee_text,total_fee_pct,distribution_fee_pct,peer_avg_fee_pct,total_fee_and_cost_pct,cost_projection_per_10m,fee_breakdown,source_pages,method,confidence,evidence
FUND000052,KR510902511M,A,CLASS000685,EXACT_NORMALIZED_MATCH,수수료선취-오프라인,선취,오프라인,,True,제한 없음,납입금액의 1% 이내,없음,없음,없음,1.47,0.7,1.37,1.47,"{""1y"":""250"",""2y"":""408"",""3y"":""574"",""5y"":""926"",""10y"":""1937""}","[{""label"":""management_fee"",""value"":""0.72""},{""label"":""trustee_fee"",""value"":""0.03""},{""label"":""admin_fee"",""value"":""0.02""}]","[3,14]",cell_grid,1.0,클래스명: 수수료선취-오프라인(A) | 납입금 액의 1% 이내 수수료선취-오프라인(A) 납입금 액의 1% 이내 1.47 0.7 1.37 1.47 250 408 574 926 1937
FUND000052,KR510902511M,A-e,CLASS000686,EXACT_NORMALIZED_MATCH,수수료선취-온라인,선취,온라인,,True,온라인 투자자,납입금액의 0.5% 이내,없음,없음,없음,1.12,0.35,1.01,1.12,"{""1y"":""164"",""2y"":""285"",""3y"":""411"",""5y"":""679"",""10y"":""1449""}","[{""label"":""management_fee"",""value"":""0.72""},{""label"":""trustee_fee"",""value"":""0.03""},{""label"":""admin_fee"",""value"":""0.02""}]","[3,14]",cell_grid,1.0,클래스명: 수수료선취-온라인(A-e) | 납입금 액의 0.5% 이내 수수료선취-온라인(A-e) 납입금 액의 0.5% 이내 1.12 0.35 1.01 1.12 164 285 411 679 1449
FUND000052,KR510902511M,C-P,CLASS000695,EXACT_NORMALIZED_MATCH,수수료미징구-오프라인-개인연금,미징구,오프라인,개인연금,True,소득세법 제20조의3 및 소득세법시행 령 제40조의2에 따른 연금저축계좌의 가입자,없음,없음,없음,없음,1.57,0.8,-,1.57,"{""1y"":""160"",""2y"":""329"",""3y"":""506"",""5y"":""883"",""10y"":""1962""}","[{""label"":""management_fee"",""value"":""0.72""},{""label"":""trustee_fee"",""value"":""0.03""},{""label"":""admin_fee"",""value"":""0.02""}]","[3,15]",cell_grid,1.0,클래스명: 수수료미징구-오프라인-개 인연금(C-P) | - 수수료미징구-오프라인-개 인연금(C-P) - 1.57 0.8 - 1.57 160 329 506 883 1962
FUND000052,KR510902511M,C-P2,CLASS000697,EXACT_NORMALIZED_MATCH,수수료미징구-오프라인-퇴직연금,미징구,오프라인,퇴직연금,True,"근로자퇴직급여보장법에 의한 퇴직연 금 및 개인퇴직계좌, 퇴직연금사업자",없음,없음,없음,없음,1.41,0.64,-,1.41,"{""1y"":""144"",""2y"":""296"",""3y"":""454"",""5y"":""793"",""10y"":""1762""}","[{""label"":""management_fee"",""value"":""0.72""},{""label"":""trustee_fee"",""value"":""0.03""},{""label"":""admin_fee"",""value"":""0.02""}]","[3,15]",cell_grid,1.0,클래스명: 수수료미징구-오프라인-퇴 직연금(C-P2) | - 수수료미징구-오프라인-퇴 직연금(C-P2) - 1.41 0.64 - 1.41 144 296 454 793 1762
FUND000052,KR510902511M,C-P2e,CLASS000698,EXACT_NORMALIZED_MATCH,수수료미징구-온라인-퇴직연금,미징구,온라인,퇴직연금,True,"근로자퇴직급여보장법에 의한 퇴직연 금 및 개인퇴직계좌, 퇴직연금사업자 중 온라인 가입자",없음,없음,없음,없음,1.0900,0.32,-,1.09,"{""1y"":""111"",""2y"":""228"",""3y"":""351"",""5y"":""613"",""10y"":""1362""}","[{""label"":""management_fee"",""value"":""0.72""},{""label"":""trustee_fee"",""value"":""0.03""},{""label"":""admin_fee"",""value"":""0.02""}]","[15,27,29]",detail_table_cross_validated,0.7,"[상세표 보강] [(4, '0.72'), (5, '0.32'), (6, '0.03'), (7, '0.02')]"
FUND000052,KR510902511M,C-Pe,CLASS000696,EXACT_NORMALIZED_MATCH,수수료미징구-온라인-개인연금,미징구,온라인,개인연금,True,소득세법 제20조의3 및 소득세법시행 령 제40조의2에 따른 연금저축계좌의 가입자 중 온라인 가입자,없음,없음,없음,없음,1.1700,0.4,-,1.17,"{""1y"":""119"",""2y"":""245"",""3y"":""377"",""5y"":""658"",""10y"":""1462""}","[{""label"":""management_fee"",""value"":""0.72""},{""label"":""trustee_fee"",""value"":""0.03""},{""label"":""admin_fee"",""value"":""0.02""}]","[15,27,29]",detail_table_cross_validated,0.7,"[상세표 보강] [(4, '0.72'), (5, '0.4'), (6, '0.03'), (7, '0.02')]"
FUND000052,KR510902511M,C-e,CLASS000691,EXACT_NORMALIZED_MATCH,수수료미징구-온라인,미징구,온라인,,True,온라인 가입자,없음,없음,없음,없음,1.27,0.5,1.19,1.27,"{""1y"":""130"",""2y"":""266"",""3y"":""409"",""5y"":""714"",""10y"":""1587""}","[{""label"":""management_fee"",""value"":""0.72""},{""label"":""trustee_fee"",""value"":""0.03""},{""label"":""admin_fee"",""value"":""0.02""}]","[3,15]",cell_grid,1.0,클래스명: 수수료미징구-온라인(C-e) | - 수수료미징구-온라인(C-e) - 1.27 0.5 1.19 1.27 130 266 409 714 1587
FUND000052,KR510902511M,C1,CLASS000687,EXACT_NORMALIZED_MATCH,수수료미징구-오프라인-보수체감,미징구,오프라인,,True,제한 없음,없음,없음,없음,없음,2.07,1.3,1.58,2.07,"{""1y"":""212"",""2y"":""413"",""3y"":""601"",""5y"":""953"",""10y"":""1964""}","[{""label"":""management_fee"",""value"":""0.72""},{""label"":""trustee_fee"",""value"":""0.03""},{""label"":""admin_fee"",""value"":""0.02""}]","[3,14]",cell_grid,1.0,클래스명: 수수료미징구-오프라인-보 수체감(C1) | - 수수료미징구-오프라인-보 수체감(C1) - 2.07 1.3 1.58 2.07 212 413 601 953 1964
FUND000052,KR510902511M,C2,CLASS000688,EXACT_NORMALIZED_MATCH,수수료미징구-오프라인-보수체감,미징구,오프라인,,True,1년이상 종류C1가입자,없음,없음,없음,없음,1.8700,1.1,-,1.87,{},"[{""label"":""management_fee"",""value"":""0.72""},{""label"":""trustee_fee"",""value"":""0.03""},{""label"":""admin_fee"",""value"":""0.02""}]","[14,26]",detail_table_cross_validated,0.7,"[상세표 보강] [(4, '0.72'), (5, '1.1'), (6, '0.03'), (7, '0.02')]"
FUND000052,KR510902511M,C3,CLASS000689,EXACT_NORMALIZED_MATCH,수수료미징구-오프라인-보수체감,미징구,오프라인,,True,1년이상 종류C2가입자,없음,없음,없음,없음,1.6700,0.9,-,1.67,{},"[{""label"":""management_fee"",""value"":""0.72""},{""label"":""trustee_fee"",""value"":""0.03""},{""label"":""admin_fee"",""value"":""0.02""}]","[15,26]",detail_table_cross_validated,0.7,"[상세표 보강] [(4, '0.72'), (5, '0.9'), (6, '0.03'), (7, '0.02')]"
FUND000052,KR510902511M,C4,CLASS000690,EXACT_NORMALIZED_MATCH,수수료미징구-오프라인-보수체감,미징구,오프라인,,True,1년이상 종류C3가입자,없음,없음,없음,없음,1.4700,0.7,-,1.47,{},"[{""label"":""management_fee"",""value"":""0.72""},{""label"":""trustee_fee"",""value"":""0.03""},{""label"":""admin_fee"",""value"":""0.02""}]","[15,26]",detail_table_cross_validated,0.7,"[상세표 보강] [(4, '0.72'), (5, '0.7'), (6, '0.03'), (7, '0.02')]"
FUND000052,KR510902511M,CG,CLASS000692,EXACT_NORMALIZED_MATCH,수수료미징구-오프라인-무권유저비용,미징구,오프라인,,True,투자자문업자로부터 투자자문을 받고 그 결과에 따라 집합투자증권 매수를 요청하는 등 금융기관으로부터 별도의 투자권유 없이 집합투자증권을 매수하 는 가입자,없음,없음,없음,없음,1.4200,0.65,-,1.42,"{""10y"":""1774"",""5y"":""798"",""3y"":""457"",""2y"":""298"",""1y"":""145""}","[{""label"":""management_fee"",""value"":""0.72""},{""label"":""trustee_fee"",""value"":""0.03""},{""label"":""admin_fee"",""value"":""0.02""}]","[15,27,30]",detail_table_cross_validated,0.7,"[상세표 보강] [(4, '0.72'), (5, '0.65'), (6, '0.03'), (7, '0.02')]"
FUND000052,KR510902511M,F,CLASS000693,EXACT_NORMALIZED_MATCH,"수수료미징구-오프라인-랩,펀드등",미징구,오프라인,,False,"판매회사 WRAP Account 가입 고객, 집 합투자업자가 판매 하는 수익증권에 가 입하고자 하는 법 및 이와 유사한 외국 법령에 의한 집합투자기구 (종전의 간 접투자자산운용업법에 따른 간접투자 기구를 포함한다)",없음,없음,없음,없음,0.77,-,-,0.77,"{""10y"":""962"",""5y"":""433"",""3y"":""248"",""2y"":""161"",""1y"":""78""}","[{""label"":""management_fee"",""value"":""0.72""},{""label"":""trustee_fee"",""value"":""0.03""},{""label"":""admin_fee"",""value"":""0.02""}]","[28,27,30]",detail_table_cross_validated,0.7,"[상세표 보강] [(1, '0.72'), (3, '0.03'), (4, '0.02'), (5, '0.77'), (7, '0.77'), (9, '0.77')]"
FUND000052,KR510902511M,S,CLASS000694,EXACT_NORMALIZED_MATCH,수수료후취-온라인슈퍼,후취,온라인슈퍼,,True,"자산운용사의 공동판매채널로서의 역 할 수행을 위해 모든 공모 S클래스(S-T 및 S-P클래스 포함)를 취급하고, 객관적 지표를 기준으로 상품을 노출 및 배열 하는 온라인판매시스템을 통하여 판매 되는 것으로서 다른 클래스[가입 자격( 기관 및 고액거래자 등)에 제한이 있는 클래스 제외] 보다 판매보수가 낮고, 후 취판매수수료가 징구되는 집합투자증 권",없음,3년 미만 환 매시 환매금 액의 0.15% 이내,없음,없음,1.1100,0.34,-,1.11,"{""10y"":""1387"",""5y"":""624"",""3y"":""357"",""2y"":""233"",""1y"":""129""}","[{""label"":""management_fee"",""value"":""0.72""},{""label"":""trustee_fee"",""value"":""0.03""},{""label"":""admin_fee"",""value"":""0.02""}]","[15,27,30]",detail_table_cross_validated,0.7,"[상세표 보강] [(4, '0.72'), (5, '0.34'), (6, '0.03'), (7, '0.02')]"
FUND000053,KR510902773M,C,CLASS000699,EXACT_NORMALIZED_MATCH,수수료미징구-오프라인-개인연금,미징구,오프라인,개인연금,True,소득세법 제20조의3 및 소득세법시행 령 제40조의2에 따른 연금저축계좌의 가입자,없음,없음,없음,없음,1.54,0.95,-,1.54,"{""1y"":""157"",""2y"":""323"",""3y"":""496"",""5y"":""866"",""10y"":""1924""}","[{""label"":""management_fee"",""value"":""0.54""},{""label"":""trustee_fee"",""value"":""0.03""},{""label"":""admin_fee"",""value"":""0.02""}]","[3,14]",cell_grid,1.0,클래스명: 수수료미징구-오프라인-개 인연금(C) | - 수수료미징구-오프라인-개 인연금(C) - 1.54 0.95 - 1.54 157 323 496 866 1924
FUND000053,KR510902773M,C-F,CLASS000701,EXACT_NORMALIZED_MATCH,"수수료미징구-직판-개인연금,펀드등",미징구,직판,개인연금,False,소득세법 제20조의 3 및 소득세법시행 령 제40조의 2에 따른 연금저축계좌의 가입자를 가입대상으로 하는 집합투자 기구 또는 이러한 집합투자기구를 자집 합투자기구로 두고 있는 모집합투자기 구,없음,없음,없음,없음,0.59,-,-,0.59,"{""1y"":""60"",""2y"":""123"",""3y"":""190"",""5y"":""331"",""10y"":""737""}","[{""label"":""management_fee"",""value"":""0.54""},{""label"":""trustee_fee"",""value"":""0.03""},{""label"":""admin_fee"",""value"":""0.02""}]","[26,27]",detail_table_cross_validated,0.7,"[상세표 보강] [(1, '0.54'), (3, '0.03'), (4, '0.02'), (5, '0.59'), (7, '0.59'), (9, '0.59')]"
FUND000053,KR510902773M,C-e,CLASS000700,EXACT_NORMALIZED_MATCH,수수료미징구-온라인-개인연금,미징구,온라인,개인연금,True,소득세법 제20조의3 및 소득세법시행,없음,없음,없음,없음,1.065,0.475,-,1.065,"{""1y"":""109"",""2y"":""223"",""3y"":""343"",""5y"":""599"",""10y"":""1331""}","[{""label"":""management_fee"",""value"":""0.54""},{""label"":""trustee_fee"",""value"":""0.03""},{""label"":""admin_fee"",""value"":""0.02""}]","[3,14]",cell_grid,1.0,클래스명: 수수료미징구-온라인-개인 연금(C-e) | - 수수료미징구-온라인-개인 연금(C-e) - 1.065 0.475 - 1.065 109 223 343 599 1331
FUND000054,KR510902777M,C,CLASS000702,EXACT_NORMALIZED_MATCH,수수료미징구-오프라인-개인연금,미징구,오프라인,개인연금,True,소득세법 제20조의3 및 소득세법시행 령 제40조의2에 따른 연금저축계좌의 가입자,없음,없음,없음,없음,1.54,0.95,-,1.54,"{""1y"":""157"",""2y"":""323"",""3y"":""496"",""5y"":""866"",""10y"":""1924""}","[{""label"":""management_fee"",""value"":""0.54""},{""label"":""trustee_fee"",""value"":""0.03""},{""label"":""admin_fee"",""value"":""0.02""}]","[3,15]",cell_grid,1.0,클래스명: 수수료미징구-오프라인-개 인연금(C) | - 수수료미징구-오프라인-개 인연금(C) - 1.54 0.95 - 1.54 157 323 496 866 1924
FUND000054,KR510902777M,C-F,CLASS000704,EXACT_NORMALIZED_MATCH,"수수료미징구-직판-개인연금,펀드등",미징구,직판,개인연금,False,소득세법 제20조의 3 및 소득세법시행 령 제40조의 2에 따른 연금저축계좌의 가입자를 가입대상으로 하는 집합투자 기구 또는 이러한 집합투자기구를 자집 합투자기구로 두고 있는 모집합투자기 구,없음,없음,없음,없음,0.59,-,-,0.59,"{""1y"":""60"",""2y"":""123"",""3y"":""190"",""5y"":""331"",""10y"":""737""}","[{""label"":""management_fee"",""value"":""0.54""},{""label"":""trustee_fee"",""value"":""0.03""},{""label"":""admin_fee"",""value"":""0.02""}]","[28,27,29]",detail_table_cross_validated,0.7,"[상세표 보강] [(1, '0.54'), (3, '0.03'), (4, '0.02'), (5, '0.59'), (7, '0.59'), (9, '0.59')]"
FUND000054,KR510902777M,C-e,CLASS000703,EXACT_NORMALIZED_MATCH,수수료미징구-온라인-개인연금,미징구,온라인,개인연금,True,소득세법 제20조의3 및 소득세법시행 령 제40조의2에 따른 연금저축계좌의 가입자 중 온라인 투자자,없음,없음,없음,없음,1.065,0.475,-,1.065,"{""1y"":""109"",""2y"":""223"",""3y"":""343"",""5y"":""599"",""10y"":""1331""}","[{""label"":""management_fee"",""value"":""0.54""},{""label"":""trustee_fee"",""value"":""0.03""},{""label"":""admin_fee"",""value"":""0.02""}]","[3,15]",cell_grid,1.0,클래스명: 수수료미징구-온라인-개인 연금(C-e) | - 수수료미징구-온라인-개인 연금(C-e) - 1.065 0.475 - 1.065 109 223 343 599 1331
FUND000054,KR510902777M,S-P,CLASS000705,EXACT_NORMALIZED_MATCH,수수료미징구-온라인슈퍼-개인연금,미징구,온라인슈퍼,개인연금,True,"자산운용사의 공동판매채널로서의 역 할 수행을 위해 모든 공모 S클래스(S-T 및 S-P클래스 포함)를 취급하고, 객관적 지표를 기준으로 상품을 노출 및 배열 하는 온라인판매시스템을 통하여 판매 되는 것으로서 소득세법 제20조의3 및 소득세법 시행령 제40조의2에 따른 연 금저축계좌를 통하여 가입할 수 있으며 다른 클래스[가입 자격(기관 및 고액거 래자 등)에 제한이 있는 클래스 제외] 보다 판매보수가 낮고, 판매수수료가",없음,없음,없음,없음,0.9700,0.38,-,0.97,"{""1y"":""99"",""2y"":""203"",""3y"":""312"",""5y"":""545"",""10y"":""1212""}","[{""label"":""management_fee"",""value"":""0.54""},{""label"":""trustee_fee"",""value"":""0.03""},{""label"":""admin_fee"",""value"":""0.02""}]","[15,27,29]",detail_table_cross_validated,0.7,"[상세표 보강] [(4, '0.54'), (5, '0.38'), (6, '0.03'), (7, '0.02')]"
FUND000055,KR5110501016,A,CLASS000706,EXACT_NORMALIZED_MATCH,수수료선취-오프라인,선취,오프라인,,True,가입 제한 없음(선취판매수수료 부과),납입금액의 0.1% 이내,없음,없음,없음,0.3,0.2,0.33,0.31,"{""1y"":""40"",""2y"":""72"",""3y"":""106"",""5y"":""178"",""10y"":""384""}","[{""label"":""management_fee"",""value"":""0.075""},{""label"":""trustee_fee"",""value"":""0.015""},{""label"":""admin_fee"",""value"":""0.01""}]","[3,16]",cell_grid,1.0,클래스명: 수수료선취-오프라인(A) | 납입금 액의 0.1% 이내 수수료선취-오프라인(A) 납입금 액의 0.1% 이내 0.3 0.2 0.33 0.31 40 72 106 178 384
FUND000055,KR5110501016,A-e,CLASS000707,EXACT_NORMALIZED_MATCH,수수료선취-온라인,선취,온라인,,True,,납입금액의 0.05% 이내,없음,없음,없음,0.2,0.1,0.25,0.21,"{""1y"":""26"",""2y"":""49"",""3y"":""72"",""5y"":""123"",""10y"":""267""}","[{""label"":""management_fee"",""value"":""0.075""},{""label"":""trustee_fee"",""value"":""0.015""},{""label"":""admin_fee"",""value"":""0.01""}]","[3,16]",cell_grid,1.0,클래스명: 수수료선취-온라인(A-e) | 납입금 액의 0.05% 이내 수수료선취-온라인(A-e) 납입금 액의 0.05% 이내 0.2 0.1 0.25 0.21 26 49 72 123 267
FUND000055,KR5110501016,AG,CLASS000708,EXACT_NORMALIZED_MATCH,수수료선취-오프라인-무권유저비용,선취,오프라인,,True,투자자문업자로부터 투자자문을 받고 그 결과에 따라 집합투자증권 매수를 요청하는 등 금융기관으로부터 별도의 투자권유 없이 집합투자증권을 매수하 는 가입자.,납입금액의 0.07% 이내,없음,없음,없음,0.2400,0.14,-,0.24,"{""1y"":""31"",""2y"":""57"",""3y"":""84"",""5y"":""141"",""10y"":""306""}","[{""label"":""management_fee"",""value"":""0.075""},{""label"":""trustee_fee"",""value"":""0.015""},{""label"":""admin_fee"",""value"":""0.01""}]","[16,26,29]",detail_table_cross_validated,0.7,"[상세표 보강] [(4, '0.075'), (5, '0.14'), (6, '0.015'), (7, '0.01')]"
FUND000055,KR5110501016,C,CLASS000709,EXACT_NORMALIZED_MATCH,수수료미징구-오프라인,미징구,오프라인,,True,가입 제한 없음,없음,없음,없음,없음,0.39,0.29,0.40,0.4,"{""1y"":""39"",""2y"":""81"",""3y"":""125"",""5y"":""219"",""10y"":""487""}","[{""label"":""management_fee"",""value"":""0.075""},{""label"":""trustee_fee"",""value"":""0.015""},{""label"":""admin_fee"",""value"":""0.01""}]","[3,16]",cell_grid,1.0,클래스명: 수수료미징구-오프라인(C) | - 수수료미징구-오프라인(C) - 0.39 0.29 0.40 0.4 39 81 125 219 487
FUND000055,KR5110501016,C-F,CLASS000718,EXACT_NORMALIZED_MATCH,수수료미징구-오프라인,미징구,오프라인,,True,"법에서 정하는 집합투자기구, 국가재정 법에 따른 기금, 보험업법상의 특별계 정 및 일반계정, 법 시행령 제10조에 따 른 전문투자자, 판매회사의 일임형 종 합자산관리(Wrap)계좌 또는 특정금전 신탁, 집합투자업자가 판매회사로서 직 접 판매하는 수익증권에 가입하기 원하",없음,없음,없음,없음,0.1,-,-,0.11,"{""1y"":""11"",""2y"":""23"",""3y"":""35"",""5y"":""61"",""10y"":""137""}","[{""label"":""management_fee"",""value"":""0.075""},{""label"":""trustee_fee"",""value"":""0.015""},{""label"":""admin_fee"",""value"":""0.01""},{""label"":""other_expense"",""value"":""0.01""}]","[28,26,29]",detail_table_cross_validated,0.7,"[상세표 보강] [(1, '0.075'), (3, '0.015'), (4, '0.01'), (5, '0.1'), (6, '0.01'), (7, '0.11'), (9, '0.11')]"
FUND000055,KR5110501016,C-I,CLASS000719,EXACT_NORMALIZED_MATCH,수수료미징구-오프라인-고액투자자,미징구,오프라인,,False,최초납입금액이 30억 이상인 투자자,없음,없음,없음,없음,0.1900,0.09,-,0.2,"{""1y"":""20"",""2y"":""41"",""3y"":""64"",""5y"":""112"",""10y"":""249""}","[{""label"":""management_fee"",""value"":""0.075""},{""label"":""trustee_fee"",""value"":""0.015""},{""label"":""admin_fee"",""value"":""0.01""}]","[17,29]",detail_table_cross_validated,0.7,"[상세표 보강] [(4, '0.075'), (5, '0.09'), (6, '0.015'), (7, '0.01')]"
FUND000055,KR5110501016,C-I2,CLASS000720,EXACT_NORMALIZED_MATCH,수수료미징구-오프라인-고액투자자,미징구,오프라인,,False,최초납입금액이 200억 이상인 투자자,없음,없음,없음,없음,0.1500,0.05,-,0.15,"{""1y"":""15"",""2y"":""31"",""3y"":""48"",""5y"":""84"",""10y"":""187""}","[{""label"":""management_fee"",""value"":""0.075""},{""label"":""trustee_fee"",""value"":""0.015""},{""label"":""admin_fee"",""value"":""0.01""}]","[17,29]",detail_table_cross_validated,0.7,"[상세표 보강] [(4, '0.075'), (5, '0.05'), (6, '0.015'), (7, '0.01')]"
FUND000055,KR5110501016,C-P,CLASS000712,EXACT_NORMALIZED_MATCH,수수료미징구-오프라인-개인연금,미징구,오프라인,개인연금,True,소득세법 제20조의3 및 소득세법시행 령 제40조의2에 따른 연금저축계좌의 가입자,없음,없음,없음,없음,0.33,0.23,-,0.34,"{""1y"":""34"",""2y"":""71"",""3y"":""109"",""5y"":""191"",""10y"":""424""}","[{""label"":""management_fee"",""value"":""0.075""},{""label"":""trustee_fee"",""value"":""0.015""},{""label"":""admin_fee"",""value"":""0.01""}]","[3,16]",cell_grid,1.0,클래스명: 수수료미징구-오프라인-개 인연금(C-P) | - 수수료미징구-오프라인-개 인연금(C-P) - 0.33 0.23 - 0.34 34 71 109 191 424
FUND000055,KR5110501016,C-Pe,CLASS000713,EXACT_NORMALIZED_MATCH,수수료미징구-온라인-개인연금,미징구,온라인,개인연금,True,소득세법 제20조의3 및 소득세법시행 령 제40조의2에 따른 연금저축계좌의 가입자 중 온라인 투자자,없음,없음,없음,없음,0.2100,0.11,-,0.22,"{""1y"":""22"",""2y"":""46"",""3y"":""70"",""5y"":""123"",""10y"":""274""}","[{""label"":""management_fee"",""value"":""0.075""},{""label"":""trustee_fee"",""value"":""0.015""},{""label"":""admin_fee"",""value"":""0.01""}]","[16,26,29]",detail_table_cross_validated,0.7,"[상세표 보강] [(4, '0.075'), (5, '0.11'), (6, '0.015'), (7, '0.01')]"
FUND000055,KR5110501016,CG,CLASS000711,EXACT_NORMALIZED_MATCH,수수료미징구-오프라인-무권유저비용,미징구,오프라인,,True,투자자문업자로부터 투자자문을 받고 그 결과에 따라 집합투자증권 매수를 요청하는 등 금융기관으로부터 별도의 투자권유 없이 집합투자증권을 매수하 는 가입자.,없음,없음,없음,없음,0.3030,0.203,-,0.303,"{""1y"":""31"",""2y"":""63"",""3y"":""97"",""5y"":""170"",""10y"":""378""}","[{""label"":""management_fee"",""value"":""0.075""},{""label"":""trustee_fee"",""value"":""0.015""},{""label"":""admin_fee"",""value"":""0.01""}]","[16,26,29]",detail_table_cross_validated,0.7,"[상세표 보강] [(4, '0.075'), (5, '0.203'), (6, '0.015'), (7, '0.01')]"
FUND000055,KR5110501016,Ce,CLASS000710,EXACT_NORMALIZED_MATCH,수수료미징구-온라인,미징구,온라인,,True,판매회사의 전자매체(온라인)를 이용하 여 가입하는 경우,없음,없음,없음,없음,0.245,0.145,0.27,0.255,"{""1y"":""25"",""2y"":""51"",""3y"":""79"",""5y"":""137"",""10y"":""306""}","[{""label"":""management_fee"",""value"":""0.075""},{""label"":""trustee_fee"",""value"":""0.015""},{""label"":""admin_fee"",""value"":""0.01""}]","[3,16]",cell_grid,1.0,클래스명: 수수료미징구-온라인(Ce) | - 수수료미징구-온라인(Ce) - 0.245 0.145 0.27 0.255 25 51 79 137 306
FUND000055,KR5110501016,Crp,CLASS000716,EXACT_NORMALIZED_MATCH,수수료미징구-오프라인-퇴직연금,미징구,오프라인,퇴직연금,True,"근로자퇴직급여보장법에 의한 퇴직연 금 및 개인퇴직계좌, 퇴직연금사업자",없음,없음,없음,없음,0.3200,0.22,-,0.33,"{""1y"":""33"",""2y"":""69"",""3y"":""106"",""5y"":""185"",""10y"":""412""}","[{""label"":""management_fee"",""value"":""0.075""},{""label"":""trustee_fee"",""value"":""0.015""},{""label"":""admin_fee"",""value"":""0.01""}]","[17,26,29]",detail_table_cross_validated,0.7,"[상세표 보강] [(4, '0.075'), (5, '0.22'), (6, '0.015'), (7, '0.01')]"
FUND000055,KR5110501016,Crp-e,CLASS000717,EXACT_NORMALIZED_MATCH,수수료미징구-온라인-퇴직연금,미징구,온라인,퇴직연금,True,"근로자퇴직급여보장법에 의한 퇴직연 금 및 개인퇴직계좌, 퇴직연금사업자 중 온라인 가입자",없음,없음,없음,없음,0.2050,0.105,-,0.215,"{""1y"":""22"",""2y"":""45"",""3y"":""69"",""5y"":""120"",""10y"":""268""}","[{""label"":""management_fee"",""value"":""0.075""},{""label"":""trustee_fee"",""value"":""0.015""},{""label"":""admin_fee"",""value"":""0.01""}]","[17,26,29]",detail_table_cross_validated,0.7,"[상세표 보강] [(4, '0.075'), (5, '0.105'), (6, '0.015'), (7, '0.01')]"
FUND000055,KR5110501016,S,CLASS000714,EXACT_NORMALIZED_MATCH,수수료후취-온라인슈퍼,후취,온라인슈퍼,,True,"자산운용사의 공동판매채널로서의 역 할 수행을 위해 모든 공모 S클래스(S-T 및 S-P클래스 포함)를 취급하고, 객관적 지표를 기준으로 상품을 노출 및 배열 하는 온라인판매시스템을 통하여 판매 되는 것으로서 다른 클래스[가입 자격( 기관 및 고액거래자 등)에 제한이 있는 클래스 제외] 보다 판매보수가 낮고, 후 취판매수수료가 징구되는 집합투자증 권",없음,3년 미만 환 매시 환매금 액의 0.15% 이내,없음,없음,0.1800,0.08,-,0.18,"{""1y"":""34"",""2y"":""37"",""3y"":""58"",""5y"":""101"",""10y"":""224""}","[{""label"":""management_fee"",""value"":""0.075""},{""label"":""trustee_fee"",""value"":""0.015""},{""label"":""admin_fee"",""value"":""0.01""}]","[17,26,29]",detail_table_cross_validated,0.7,"[상세표 보강] [(4, '0.075'), (5, '0.08'), (6, '0.015'), (7, '0.01')]"
FUND000055,KR5110501016,S-P,CLASS000715,EXACT_NORMALIZED_MATCH,수수료미징구-온라인슈퍼,미징구,온라인슈퍼,,True,자산운용사의 공동판매채널로서의 역 할 수행을 위해 모든 공모 S클래스를 취급하는 회사의 온라인판매시스템을 통한 가입자,없음,없음,없음,없음,0.1600,0.06,-,0.16,"{""1y"":""16"",""2y"":""33"",""3y"":""51"",""5y"":""89"",""10y"":""199""}","[{""label"":""management_fee"",""value"":""0.075""},{""label"":""trustee_fee"",""value"":""0.015""},{""label"":""admin_fee"",""value"":""0.01""}]","[17,26,29]",detail_table_cross_validated,0.7,"[상세표 보강] [(4, '0.075'), (5, '0.06'), (6, '0.015'), (7, '0.01')]"
FUND000056,KR5110601022,A,CLASS000721,EXACT_NORMALIZED_MATCH,수수료선취-오프라인,선취,오프라인,,True,제한 없음,납입금액의 0.5% 이내,없음,없음,없음,0.2775,0.1,1.37,0.2775,"{""1y"":""78"",""2y"":""108"",""3y"":""139"",""5y"":""206"",""10y"":""396""}","[{""label"":""management_fee"",""value"":""0.15""},{""label"":""trustee_fee"",""value"":""0.015""},{""label"":""admin_fee"",""value"":""0.0125""}]","[3,16]",cell_grid,1.0,클래스명: 수수료선취-오프라인(A) | 납입금 액의 0.5% 이내 수수료선취-오프라인(A) 납입금 액의 0.5% 이내 0.2775 0.1 1.37 0.2775 78 108 139 206 396
FUND000056,KR5110601022,AG,CLASS000737,EXACT_NORMALIZED_MATCH,수수료선취-오프라인-무권유저비용,선취,오프라인,,True,"투자자문업자로부터 투자자문을 받고 그 결과에 따라 펀드매수를 요청하는 등 금융기관 등으로부터 별도의 투자권 유 없이 가입할 수 있으며, 선취판매수 수료가 징구되는 수익증권",납입금액의 0.35% 이내,없음,없음,없음,0.1845,0.007,-,0.1845,"{""1y"":""53"",""2y"":""73"",""3y"":""94"",""5y"":""138"",""10y"":""265""}","[{""label"":""management_fee"",""value"":""0.15""},{""label"":""trustee_fee"",""value"":""0.015""},{""label"":""admin_fee"",""value"":""0.0125""}]","[17,30]",detail_table_cross_validated,0.7,"[상세표 보강] [(4, '0.15'), (5, '0.007'), (6, '0.015'), (7, '0.0125')]"
FUND000056,KR5110601022,Ae,CLASS000723,EXACT_NORMALIZED_MATCH,수수료선취-온라인,선취,온라인,,True,온라인 가입자,납입금액의 0.25% 이내,없음,없음,없음,0.2275,0.05,1.01,0.2275,"{""1y"":""48"",""2y"":""72"",""3y"":""98"",""5y"":""152"",""10y"":""309""}","[{""label"":""management_fee"",""value"":""0.15""},{""label"":""trustee_fee"",""value"":""0.015""},{""label"":""admin_fee"",""value"":""0.0125""}]","[3,16]",cell_grid,1.0,클래스명: 수수료선취-온라인(Ae) | 납입금 액의 0.25% 이내 수수료선취-온라인(Ae) 납입금 액의 0.25% 이내 0.2275 0.05 1.01 0.2275 48 72 98 152 309
FUND000056,KR5110601022,C,CLASS000722,EXACT_NORMALIZED_MATCH,수수료미징구-오프라인,미징구,오프라인,,True,제한 없음,없음,없음,없음,없음,0.5775,0.4,1.58,0.5775,"{""1y"":""59"",""2y"":""115"",""3y"":""163"",""5y"":""278"",""10y"":""606""}","[{""label"":""management_fee"",""value"":""0.15""},{""label"":""trustee_fee"",""value"":""0.015""},{""label"":""admin_fee"",""value"":""0.0125""}]","[3,16]",cell_grid,1.0,클래스명: 수수료미징구-오프라인(C) | - 수수료미징구-오프라인(C) - 0.5775 0.4 1.58 0.5775 59 115 163 278 606
FUND000056,KR5110601022,C-2,CLASS000731,EXACT_NORMALIZED_MATCH,수수료미징구-오프라인-랩,미징구,오프라인,,False,투자매매업자·투자중개업자의 일임형 종합자산관리계좌를 보유한 자 또는 투 자매매업자·투자중개업자의 특정금전신 탁,없음,없음,없음,없음,0.1775,-,-,0.1775,"{""1y"":""18"",""2y"":""37"",""3y"":""57"",""5y"":""99"",""10y"":""221""}","[{""label"":""management_fee"",""value"":""0.15""},{""label"":""trustee_fee"",""value"":""0.015""},{""label"":""admin_fee"",""value"":""0.0125""}]","[29,27,30]",detail_table_cross_validated,0.7,"[상세표 보강] [(1, '0.15'), (3, '0.015'), (4, '0.0125'), (5, '0.1775'), (7, '0.1775'), (9, '0.1775')]"
FUND000056,KR5110601022,C-3,CLASS000730,EXACT_NORMALIZED_MATCH,수수료미징구-오프라인-고액,미징구,오프라인,,False,납입금액이 5억원 이상인 투자자,없음,없음,없음,없음,0.3775,0.2,-,0.3775,"{""1y"":""38"",""2y"":""79"",""3y"":""121"",""5y"":""212"",""10y"":""471""}","[{""label"":""management_fee"",""value"":""0.15""},{""label"":""trustee_fee"",""value"":""0.015""},{""label"":""admin_fee"",""value"":""0.0125""}]","[16,27,30]",detail_table_cross_validated,0.7,"[상세표 보강] [(4, '0.15'), (5, '0.2'), (6, '0.015'), (7, '0.0125')]"
FUND000056,KR5110601022,C-P,CLASS000725,EXACT_NORMALIZED_MATCH,수수료미징구-오프라인-개인연금,미징구,오프라인,개인연금,True,"소득세법 제20조의3 및 소득세법시행 령 제40조의2에 따른 연금저축계좌를 통하여 가입할 수 있으며, 판매수수료 가 징구되지 않는 수익증권",없음,없음,없음,없음,0.4825,0.305,-,0.4825,"{""1y"":""49"",""2y"":""101"",""3y"":""155"",""5y"":""271"",""10y"":""603""}","[{""label"":""management_fee"",""value"":""0.15""},{""label"":""trustee_fee"",""value"":""0.015""},{""label"":""admin_fee"",""value"":""0.0125""}]","[3,16]",cell_grid,1.0,클래스명: 수수료미징구-오프라인-개 인연금(C-P) | - 수수료미징구-오프라인-개 인연금(C-P) - 0.4825 0.305 - 0.4825 49 101 155 271 603
FUND000056,KR5110601022,C-Pe,CLASS000726,EXACT_NORMALIZED_MATCH,수수료미징구-온라인-개인연금,미징구,온라인,개인연금,True,"소득세법 제20조의3 및 소득세법시행 령 제40조의2에 따른 연금저축계좌를 투자매매업자·투자중개업자의 인터넷뱅 킹을 통하여 가입할 수 있으며, 판매수 수료가 징구되지 않는 수익증권",없음,없음,없음,없음,0.3305,0.153,-,0.3305,"{""1y"":""33"",""2y"":""69"",""3y"":""106"",""5y"":""185"",""10y"":""413""}","[{""label"":""management_fee"",""value"":""0.15""},{""label"":""trustee_fee"",""value"":""0.015""},{""label"":""admin_fee"",""value"":""0.0125""}]","[16,27,30]",detail_table_cross_validated,0.7,"[상세표 보강] [(4, '0.15'), (5, '0.153'), (6, '0.015'), (7, '0.0125')]"
FUND000056,KR5110601022,CG,CLASS000735,EXACT_NORMALIZED_MATCH,수수료미징구-오프라인-무권유저비용,미징구,오프라인,,True,"투자자문업자로부터 투자자문을 받고 그 결과에 따라 펀드매수를 요청하는 등 금융기관 등으로부터 별도의 투자권 유 없이 가입할 수 있으며, 선취판매수 수료가 징구되지 않는 수익증권",없음,없음,없음,없음,0.2055,0.028,-,0.2055,"{""1y"":""21"",""2y"":""43"",""3y"":""66"",""5y"":""115"",""10y"":""256""}","[{""label"":""management_fee"",""value"":""0.15""},{""label"":""trustee_fee"",""value"":""0.015""},{""label"":""admin_fee"",""value"":""0.0125""}]","[17,30]",detail_table_cross_validated,0.7,"[상세표 보강] [(4, '0.15'), (5, '0.028'), (6, '0.015'), (7, '0.0125')]"
FUND000056,KR5110601022,CI,CLASS000733,EXACT_NORMALIZED_MATCH,수수료미징구-오프라인-고액,미징구,오프라인,,False,납입금액이 100억원 이상인 투자자,없음,없음,없음,없음,0.2075,0.03,-,0.2075,"{""1y"":""21"",""2y"":""43"",""3y"":""66"",""5y"":""116"",""10y"":""259""}","[{""label"":""management_fee"",""value"":""0.15""},{""label"":""trustee_fee"",""value"":""0.015""},{""label"":""admin_fee"",""value"":""0.0125""}]","[17,27,30]",detail_table_cross_validated,0.7,"[상세표 보강] [(4, '0.15'), (5, '0.03'), (6, '0.015'), (7, '0.0125')]"
FUND000056,KR5110601022,Cb,CLASS000732,EXACT_NORMALIZED_MATCH,수수료미징구-오프라인-보수체감,미징구,오프라인,,True,1년이상 종류 C 가입자,없음,없음,없음,없음,0.5275,0.35,-,0.5275,{},"[{""label"":""management_fee"",""value"":""0.15""},{""label"":""trustee_fee"",""value"":""0.015""},{""label"":""admin_fee"",""value"":""0.0125""}]","[16,27]",detail_table_cross_validated,0.7,"[상세표 보강] [(4, '0.15'), (5, '0.35'), (6, '0.015'), (7, '0.0125')]"
FUND000056,KR5110601022,Cc,CLASS000734,EXACT_NORMALIZED_MATCH,수수료미징구-오프라인-보수체감,미징구,오프라인,,True,1년이상 종류 Cb 가입자,없음,없음,없음,없음,0.4775,0.3,-,0.4775,{},"[{""label"":""management_fee"",""value"":""0.15""},{""label"":""trustee_fee"",""value"":""0.015""},{""label"":""admin_fee"",""value"":""0.0125""}]","[17,27]",detail_table_cross_validated,0.7,"[상세표 보강] [(4, '0.15'), (5, '0.3'), (6, '0.015'), (7, '0.0125')]"
FUND000056,KR5110601022,Cd,CLASS000736,EXACT_NORMALIZED_MATCH,수수료미징구-오프라인-보수체감,미징구,오프라인,,True,1년이상 종류 Cc 가입자,없음,없음,없음,없음,0.4275,0.25,-,0.4275,{},"[{""label"":""management_fee"",""value"":""0.15""},{""label"":""trustee_fee"",""value"":""0.015""},{""label"":""admin_fee"",""value"":""0.0125""}]",[17],detail_table_cross_validated,0.7,"[상세표 보강] [(4, '0.15'), (5, '0.25'), (6, '0.015'), (7, '0.0125')]"
FUND000056,KR5110601022,Ce,CLASS000724,EXACT_NORMALIZED_MATCH,수수료미징구-온라인,미징구,온라인,,True,투자매매업자ㆍ투자중개업자의 인터넷 뱅킹을 통하여 가입한 투자자,없음,없음,없음,없음,0.2775,0.1,1.19,0.2775,"{""1y"":""28"",""2y"":""58"",""3y"":""89"",""5y"":""156"",""10y"":""346""}","[{""label"":""management_fee"",""value"":""0.15""},{""label"":""trustee_fee"",""value"":""0.015""},{""label"":""admin_fee"",""value"":""0.0125""}]","[3,16]",cell_grid,1.0,클래스명: 수수료미징구-온라인(Ce) | - 수수료미징구-온라인(Ce) - 0.2775 0.1 1.19 0.2775 28 58 89 156 346
FUND000056,KR5110601022,Crp,CLASS000727,EXACT_NORMALIZED_MATCH,수수료미징구-오프라인-퇴직연금,미징구,오프라인,퇴직연금,True,근로자 퇴직급여보장법에 의한 퇴직연 금 가입자,없음,없음,없음,없음,0.4275,0.25,-,0.4275,"{""1y"":""43"",""2y"":""89"",""3y"":""137"",""5y"":""240"",""10y"":""534""}","[{""label"":""management_fee"",""value"":""0.15""},{""label"":""trustee_fee"",""value"":""0.015""},{""label"":""admin_fee"",""value"":""0.0125""}]","[16,27,30]",detail_table_cross_validated,0.7,"[상세표 보강] [(4, '0.15'), (5, '0.25'), (6, '0.015'), (7, '0.0125')]"
FUND000056,KR5110601022,Crp-e,CLASS000728,EXACT_NORMALIZED_MATCH,수수료미징구-온라인-퇴직연금,미징구,온라인,퇴직연금,True,근로자 퇴직급여보장법에 의한 퇴직연 금 가입자로서 투자매매업자·투자중개 업자의 인터넷뱅킹을 통한 가입자,없음,없음,없음,없음,0.3025,0.125,-,0.3025,"{""10y"":""378"",""5y"":""170"",""3y"":""97"",""2y"":""63"",""1y"":""31""}","[{""label"":""management_fee"",""value"":""0.15""},{""label"":""trustee_fee"",""value"":""0.015""},{""label"":""admin_fee"",""value"":""0.0125""}]","[16,27,31]",detail_table_cross_validated,0.7,"[상세표 보강] [(4, '0.15'), (5, '0.125'), (6, '0.015'), (7, '0.0125')]"
FUND000056,KR5110601022,S-P,CLASS000729,EXACT_NORMALIZED_MATCH,수수료미징구-온라인슈퍼-개인연금,미징구,온라인슈퍼,개인연금,True,"자산운용사의 공동판매채널로서의 역 할 수행을 위해 모든 공모 S클래스(S-T 및 S-P클래스 포함)를 취급하고, 객관적 지표를 기준으로 상품을 노출 및 배열 하는 온라인판매시스템을 통하여 판매 되는 것으로서 소득세법 제20조의3 및 소득세법 시행령 제40조의2에 따른 연 금저축계좌를 통하여 가입할 수 있으며 다른 클래스[가입 자격(기관 및 고액거 래자 등)에 제한이 있는 클래스 제외] 보다 판매보수가 낮고, 판매수수료가 징구되지 않는 집합투자증권",없음,없음,없음,없음,0.2175,0.04,-,0.2175,"{""10y"":""271"",""5y"":""122"",""3y"":""70"",""2y"":""45"",""1y"":""22""}","[{""label"":""management_fee"",""value"":""0.15""},{""label"":""trustee_fee"",""value"":""0.015""},{""label"":""admin_fee"",""value"":""0.0125""}]","[16,27,31]",detail_table_cross_validated,0.7,"[상세표 보강] [(4, '0.15'), (5, '0.04'), (6, '0.015'), (7, '0.0125')]"
FUND000034,KR5111420047,A,CLASS000461,EXACT_NORMALIZED_MATCH,수수료선취-오프라인,선취,오프라인,,True,,납입금액의 0.10% 이내,없음,없음,,0.1736,0.1000,0.34,0.1831,"{""1y"":""29"",""2y"":""48"",""3y"":""69"",""5y"":""114"",""10y"":""246""}","[{""label"":""management_fee"",""value"":""0.0486""},{""label"":""trustee_fee"",""value"":""0.0130""},{""label"":""admin_fee"",""value"":""0.0120""},{""label"":""other_expense"",""value"":""0.0023""},{""label"":""transaction_cost"",""value"":""0.0005""}]","[5,35]",cell_grid,1.0,클래스명: 수수료선취- 오프라인(A) | 납입금액의 0.10%이내 납입금액의 0.10%이내 0.1736 0.1000 0.34 0.1831 29 48 69 114 246
FUND000034,KR5111420047,A-E,CLASS000463,EXACT_NORMALIZED_MATCH,수수료선취-온라인,선취,온라인,,True,,납입금액의 0.05% 이내,없음,없음,,0.1236,0.0500,0.25,0.1331,"{""1y"":""19"",""2y"":""33"",""3y"":""48"",""5y"":""80"",""10y"":""176""}","[{""label"":""management_fee"",""value"":""0.0486""},{""label"":""trustee_fee"",""value"":""0.0130""},{""label"":""admin_fee"",""value"":""0.0120""},{""label"":""other_expense"",""value"":""0.0023""},{""label"":""transaction_cost"",""value"":""0.0005""}]","[5,35]",cell_grid,1.0,클래스명: 수수료선취- 온라인(A-E) | 납입금액의 0.05%이내 납입금액의 0.05%이내 0.1236 0.0500 0.25 0.1331 19 33 48 80 176
FUND000034,KR5111420047,A2,CLASS000462,EXACT_NORMALIZED_MATCH,수수료선취-오프라인,선취,오프라인,,True,,납입금액의 0.20% 이내,없음,없음,,0.0836,0.0100,0.34,0.0928,"{""1y"":""29"",""2y"":""39"",""3y"":""50"",""5y"":""72"",""10y"":""139""}","[{""label"":""management_fee"",""value"":""0.0486""},{""label"":""trustee_fee"",""value"":""0.0130""},{""label"":""admin_fee"",""value"":""0.0120""},{""label"":""other_expense"",""value"":""0.0021""},{""label"":""transaction_cost"",""value"":""0.0005""}]","[35,37]",detail_table_cross_validated,0.7,"[상세표 보강] [(2, '0.0486'), (3, '0.0100'), (4, '0.0130'), (5, '0.0120'), (6, '0.0836'), (7, '0.0021'), (8, '0.0857'), (9, '0.34'), (10, '0.0928'), (11, '0.0005')]"
FUND000034,KR5111420047,AG,CLASS000472,EXACT_NORMALIZED_MATCH,수수료선취-오프라인-무권유저비용,선취,오프라인,,True,,납입금액의 0.05% 이내,없음,없음,,0.1390,0.0650,-,0.1485,"{""1y"":""20"",""2y"":""36"",""3y"":""53"",""5y"":""89"",""10y"":""196""}","[{""label"":""management_fee"",""value"":""0.0486""},{""label"":""trustee_fee"",""value"":""0.0130""},{""label"":""admin_fee"",""value"":""0.0120""},{""label"":""other_expense"",""value"":""0.0023""},{""label"":""transaction_cost"",""value"":""0.0005""}]","[35,37]",detail_table_cross_validated,0.7,"[상세표 보강] [(2, '0.0486'), (3, '0.0650'), (4, '0.0130'), (5, '0.0120'), (6, '0.1390'), (7, '0.0023'), (8, '0.1413'), (10, '0.1485'), (11, '0.0005')]"
FUND000034,KR5111420047,C,CLASS000464,EXACT_NORMALIZED_MATCH,수수료미징구-오프라인,미징구,오프라인,,True,,없음,없음,없음,,0.1870,0.1134,0.40,0.1965,"{""1y"":""20"",""2y"":""41"",""3y"":""63"",""5y"":""111"",""10y"":""253""}","[{""label"":""management_fee"",""value"":""0.0486""},{""label"":""trustee_fee"",""value"":""0.0130""},{""label"":""admin_fee"",""value"":""0.0120""},{""label"":""other_expense"",""value"":""0.0023""},{""label"":""transaction_cost"",""value"":""0.0005""}]","[5,35]",cell_grid,1.0,클래스명: 수수료미징구- 오프라인(C) | 없음 없음 0.1870 0.1134 0.40 0.1965 20 41 63 111 253
FUND000034,KR5111420047,C-E,CLASS000465,EXACT_NORMALIZED_MATCH,수수료미징구-온라인,미징구,온라인,,True,,없음,없음,없음,,0.1303,0.0567,0.26,0.1398,"{""1y"":""14"",""2y"":""29"",""3y"":""45"",""5y"":""79"",""10y"":""180""}","[{""label"":""management_fee"",""value"":""0.0486""},{""label"":""trustee_fee"",""value"":""0.0130""},{""label"":""admin_fee"",""value"":""0.0120""},{""label"":""other_expense"",""value"":""0.0024""},{""label"":""transaction_cost"",""value"":""0.0005""}]","[5,35]",cell_grid,1.0,클래스명: 수수료미징구- 온라인(C-E) | 없음 없음 0.1303 0.0567 0.26 0.1398 14 29 45 79 180
FUND000034,KR5111420047,C-F,CLASS000466,EXACT_NORMALIZED_MATCH,수수료미징구-오프라인-기관,미징구,오프라인,,False,,없음,없음,없음,,0.0936,0.0200,-,0.1030,"{""1y"":""11"",""2y"":""22"",""3y"":""33"",""5y"":""58"",""10y"":""133""}","[{""label"":""management_fee"",""value"":""0.0486""},{""label"":""trustee_fee"",""value"":""0.0130""},{""label"":""admin_fee"",""value"":""0.0120""},{""label"":""other_expense"",""value"":""0.0023""},{""label"":""transaction_cost"",""value"":""0.0004""}]","[35,37]",detail_table_cross_validated,0.7,"[상세표 보강] [(2, '0.0486'), (3, '0.0200'), (4, '0.0130'), (5, '0.0120'), (6, '0.0936'), (7, '0.0023'), (8, '0.0959'), (10, '0.1030'), (11, '0.0004')]"
FUND000034,KR5111420047,C-P,CLASS000467,EXACT_NORMALIZED_MATCH,수수료미징구-오프라인-개인연금,미징구,오프라인,개인연금,True,,없음,없음,없음,,0.1770,0.1034,-,0.1864,"{""1y"":""19"",""2y"":""39"",""3y"":""60"",""5y"":""106"",""10y"":""240""}","[{""label"":""management_fee"",""value"":""0.0486""},{""label"":""trustee_fee"",""value"":""0.0130""},{""label"":""admin_fee"",""value"":""0.0120""},{""label"":""other_expense"",""value"":""0.0023""},{""label"":""transaction_cost"",""value"":""0.0005""}]","[5,35]",cell_grid,1.0,클래스명: 수수료미징구- 오프라인- 개인연금(C-P) | 없음 없음 0.1770 0.1034 - 0.1864 19 39 60 106 240
FUND000034,KR5111420047,C-P2,CLASS000468,EXACT_NORMALIZED_MATCH,수수료미징구-오프라인-퇴직연금,미징구,오프라인,퇴직연금,True,,없음,없음,없음,,0.1736,0.1000,-,0.1831,"{""1y"":""19"",""2y"":""38"",""3y"":""59"",""5y"":""104"",""10y"":""236""}","[{""label"":""management_fee"",""value"":""0.0486""},{""label"":""trustee_fee"",""value"":""0.0130""},{""label"":""admin_fee"",""value"":""0.0120""},{""label"":""other_expense"",""value"":""0.0024""},{""label"":""transaction_cost"",""value"":""0.0005""}]","[5,35]",cell_grid,1.0,클래스명: 투자비용 수수료미징구- 오프라인- 퇴직연금(C-P2) | 없음 없음 0.1736 0.1000 - 0.1831 19 38 59 104 236
FUND000034,KR5111420047,C-P2E,CLASS000471,EXACT_NORMALIZED_MATCH,수수료미징구-온라인-퇴직연금,미징구,온라인,퇴직연금,True,,없음,없음,없음,,0.1236,0.0500,-,0.1331,"{""1y"":""14"",""2y"":""28"",""3y"":""43"",""5y"":""75"",""10y"":""172""}","[{""label"":""management_fee"",""value"":""0.0486""},{""label"":""trustee_fee"",""value"":""0.0130""},{""label"":""admin_fee"",""value"":""0.0120""},{""label"":""other_expense"",""value"":""0.0024""},{""label"":""transaction_cost"",""value"":""0.0005""}]","[35,37]",detail_table_cross_validated,0.7,"[상세표 보강] [(2, '0.0486'), (3, '0.0500'), (4, '0.0130'), (5, '0.0120'), (6, '0.1236'), (7, '0.0024'), (8, '0.1260'), (10, '0.1331'), (11, '0.0005')]"
FUND000034,KR5111420047,C-PE,CLASS000470,EXACT_NORMALIZED_MATCH,수수료미징구-온라인-개인연금,미징구,온라인,개인연금,True,,없음,없음,없음,,0.1303,0.0567,-,0.1397,"{""1y"":""14"",""2y"":""29"",""3y"":""45"",""5y"":""79"",""10y"":""180""}","[{""label"":""management_fee"",""value"":""0.0486""},{""label"":""trustee_fee"",""value"":""0.0130""},{""label"":""admin_fee"",""value"":""0.0120""},{""label"":""other_expense"",""value"":""0.0023""},{""label"":""transaction_cost"",""value"":""0.0005""}]","[35,37]",detail_table_cross_validated,0.7,"[상세표 보강] [(2, '0.0486'), (3, '0.0567'), (4, '0.0130'), (5, '0.0120'), (6, '0.1303'), (7, '0.0023'), (8, '0.1326'), (10, '0.1397'), (11, '0.0005')]"
FUND000034,KR5111420047,CG,CLASS000473,EXACT_NORMALIZED_MATCH,수수료미징구-오프라인-무권유저비용,미징구,오프라인,,True,,없음,없음,없음,,0.1470,0.0740,-,0.1565,"{""1y"":""16"",""2y"":""33"",""3y"":""51"",""5y"":""89"",""10y"":""202""}","[{""label"":""management_fee"",""value"":""0.0486""},{""label"":""trustee_fee"",""value"":""0.0130""},{""label"":""admin_fee"",""value"":""0.0120""},{""label"":""other_expense"",""value"":""0.0023""},{""label"":""transaction_cost"",""value"":""0.0005""}]","[35,37]",detail_table_cross_validated,0.7,"[상세표 보강] [(2, '0.0486'), (3, '0.0740'), (4, '0.0130'), (5, '0.0120'), (6, '0.1470'), (7, '0.0023'), (8, '0.1493'), (10, '0.1565'), (11, '0.0005')]"
FUND000034,KR5111420047,I,CLASS000474,EXACT_NORMALIZED_MATCH,수수료미징구-오프라인-고액투자,미징구,오프라인,,False,,없음,없음,없음,,0.1036,0.0300,-,0.1131,"{""1y"":""12"",""2y"":""24"",""3y"":""37"",""5y"":""64"",""10y"":""146""}","[{""label"":""management_fee"",""value"":""0.0486""},{""label"":""trustee_fee"",""value"":""0.0130""},{""label"":""admin_fee"",""value"":""0.0120""},{""label"":""other_expense"",""value"":""0.0023""},{""label"":""transaction_cost"",""value"":""0.0005""}]","[35,37]",detail_table_cross_validated,0.7,"[상세표 보강] [(2, '0.0486'), (3, '0.0300'), (4, '0.0130'), (5, '0.0120'), (6, '0.1036'), (7, '0.0023'), (8, '0.1059'), (10, '0.1131'), (11, '0.0005')]"
FUND000034,KR5111420047,W,CLASS000469,EXACT_NORMALIZED_MATCH,수수료미징구-오프라인-랩,미징구,오프라인,,False,,없음,없음,없음,,0.0736,0.0000,-,0.0830,"{""1y"":""9"",""2y"":""17"",""3y"":""27"",""5y"":""47"",""10y"":""107""}","[{""label"":""management_fee"",""value"":""0.0486""},{""label"":""trustee_fee"",""value"":""0.0130""},{""label"":""admin_fee"",""value"":""0.0120""},{""label"":""other_expense"",""value"":""0.0023""},{""label"":""transaction_cost"",""value"":""0.0004""}]","[35,37]",detail_table_cross_validated,0.7,"[상세표 보강] [(2, '0.0486'), (3, '0.0000'), (4, '0.0130'), (5, '0.0120'), (6, '0.0736'), (7, '0.0023'), (8, '0.0759'), (10, '0.0830'), (11, '0.0004')]"
FUND000035,KR5111450067,A,CLASS000475,EXACT_NORMALIZED_MATCH,수수료선취-오프라인,선취,오프라인,,True,,납입금액의 1.0% 이내,없음,없음,없음,1.5400,0.7374,1.37,1.5436,"{""1y"":""257"",""2y"":""421"",""3y"":""594"",""5y"":""965"",""10y"":""2070""}","[{""label"":""management_fee"",""value"":""0.7446""},{""label"":""trustee_fee"",""value"":""0.0400""},{""label"":""admin_fee"",""value"":""0.0180""},{""label"":""other_expense"",""value"":""0.0015""},{""label"":""transaction_cost"",""value"":""0.5934""}]","[6,41]",cell_grid,1.0,"클래스명: 수수료선취- 오프라인(A) | 납입금액의 1.0% 이내 납입금액의 1.0% 이내 1.5400 0.7374 1.37 1.5436 257 421 594 965 2,070"
FUND000035,KR5111450067,A-E,CLASS000476,EXACT_NORMALIZED_MATCH,수수료선취-온라인,선취,온라인,,True,,납입금액의 0.5% 이내,없음,없음,없음,1.1713,0.3687,1.02,1.1750,"{""1y"":""170"",""2y"":""296"",""3y"":""428"",""5y"":""712"",""10y"":""1557""}","[{""label"":""management_fee"",""value"":""0.7446""},{""label"":""trustee_fee"",""value"":""0.0400""},{""label"":""admin_fee"",""value"":""0.0180""},{""label"":""other_expense"",""value"":""0.0016""},{""label"":""transaction_cost"",""value"":""0.5952""}]","[6,41]",cell_grid,1.0,"클래스명: 수수료선취- 온라인(A-E) | 납입금액의 0.5% 이내 납입금액의 0.5% 이내 1.1713 0.3687 1.02 1.1750 170 296 428 712 1,557"
FUND000035,KR5111450067,A-U,CLASS000477,EXACT_NORMALIZED_MATCH,수수료선취-오프라인-전환가능,선취,오프라인,,True,,납입금액의 1.0% 이내,없음,없음,없음,1.6400,0.8374,-,1.6421,"{""1y"":""267"",""2y"":""442"",""3y"":""625"",""5y"":""1021"",""10y"":""2195""}","[{""label"":""management_fee"",""value"":""0.7446""},{""label"":""trustee_fee"",""value"":""0.0400""},{""label"":""admin_fee"",""value"":""0.0180""},{""label"":""other_expense"",""value"":""0.0000""},{""label"":""transaction_cost"",""value"":""0.5988""}]","[41,43]",detail_table_cross_validated,0.7,"[상세표 보강] [(2, '0.7446'), (3, '0.8374'), (4, '0.0400'), (5, '0.0180'), (6, '1.6400'), (7, '0.0000'), (8, '1.6400'), (10, '1.6421'), (11, '0.5988')]"
FUND000035,KR5111450067,AG,CLASS000489,EXACT_NORMALIZED_MATCH,수수료선취-오프라인-무권유저비용,선취,오프라인,,True,,납입금액의 0.52%이내,없음,없음,없음,1.1826,0.3800,-,1.1866,"{""1y"":""173"",""2y"":""300"",""3y"":""433"",""5y"":""720"",""10y"":""1573""}","[{""label"":""management_fee"",""value"":""0.7446""},{""label"":""trustee_fee"",""value"":""0.0400""},{""label"":""admin_fee"",""value"":""0.0180""},{""label"":""other_expense"",""value"":""0.0019""},{""label"":""transaction_cost"",""value"":""0.5968""}]","[41,43]",detail_table_cross_validated,0.7,"[상세표 보강] [(2, '0.7446'), (3, '0.3800'), (4, '0.0400'), (5, '0.0180'), (6, '1.1826'), (7, '0.0019'), (8, '1.1845'), (10, '1.1866'), (11, '0.5968')]"
FUND000035,KR5111450067,C-E,CLASS000483,EXACT_NORMALIZED_MATCH,수수료미징구-온라인,미징구,온라인,,True,,없음,없음,없음,없음,1.4926,0.6900,1.16,1.4963,"{""1y"":""153"",""2y"":""314"",""3y"":""483"",""5y"":""847"",""10y"":""1929""}","[{""label"":""management_fee"",""value"":""0.7446""},{""label"":""trustee_fee"",""value"":""0.0400""},{""label"":""admin_fee"",""value"":""0.0180""},{""label"":""other_expense"",""value"":""0.0016""},{""label"":""transaction_cost"",""value"":""0.5934""}]","[6,41]",cell_grid,1.0,"클래스명: 수수료미징구- 온라인(C-E) | 없음 없음 1.4926 0.6900 1.16 1.4963 153 314 483 847 1,929"
FUND000035,KR5111450067,C-F,CLASS000484,EXACT_NORMALIZED_MATCH,수수료미징구-오프라인-기관,미징구,오프라인,,False,,없음,없음,없음,없음,0.8326,0.0300,-,0.8370,"{""1y"":""86"",""2y"":""176"",""3y"":""270"",""5y"":""474"",""10y"":""1079""}","[{""label"":""management_fee"",""value"":""0.7446""},{""label"":""trustee_fee"",""value"":""0.0400""},{""label"":""admin_fee"",""value"":""0.0180""},{""label"":""other_expense"",""value"":""0.0019""},{""label"":""transaction_cost"",""value"":""0.6502""}]","[41,43]",detail_table_cross_validated,0.7,"[상세표 보강] [(2, '0.7446'), (3, '0.0300'), (4, '0.0400'), (5, '0.0180'), (6, '0.8326'), (7, '0.0019'), (8, '0.8345'), (10, '0.8370'), (11, '0.6502')]"
FUND000035,KR5111450067,C-P,CLASS000485,EXACT_NORMALIZED_MATCH,수수료미징구-오프라인-개인연금,미징구,오프라인,개인연금,True,,없음,없음,없음,없음,1.5026,0.7000,-,1.5063,"{""1y"":""154"",""2y"":""316"",""3y"":""487"",""5y"":""853"",""10y"":""1942""}","[{""label"":""management_fee"",""value"":""0.7446""},{""label"":""trustee_fee"",""value"":""0.0400""},{""label"":""admin_fee"",""value"":""0.0180""},{""label"":""other_expense"",""value"":""0.0016""},{""label"":""transaction_cost"",""value"":""0.5971""}]","[6,41]",cell_grid,1.0,"클래스명: 수수료미징구- 오프라인- 투자비용 개인연금(C-P) | 없음 없음 1.5026 0.7000 - 1.5063 154 316 487 853 1,942"
FUND000035,KR5111450067,C-P2,CLASS000486,EXACT_NORMALIZED_MATCH,수수료미징구-오프라인-퇴직연금,미징구,오프라인,퇴직연금,True,,없음,없음,없음,없음,1.4026,0.6000,-,1.4062,"{""1y"":""144"",""2y"":""295"",""3y"":""454"",""5y"":""796"",""10y"":""1813""}","[{""label"":""management_fee"",""value"":""0.7446""},{""label"":""trustee_fee"",""value"":""0.0400""},{""label"":""admin_fee"",""value"":""0.0180""},{""label"":""other_expense"",""value"":""0.0015""},{""label"":""transaction_cost"",""value"":""0.5925""}]","[6,41]",cell_grid,1.0,"클래스명: 수수료미징구- 오프라인- 퇴직연금(C-P2) | 없음 없음 1.4026 0.6000 - 1.4062 144 295 454 796 1,813"
FUND000035,KR5111450067,C-P2E,CLASS000492,EXACT_NORMALIZED_MATCH,수수료미징구-온라인-퇴직연금,미징구,온라인,퇴직연금,True,,없음,없음,없음,없음,1.1026,0.3000,-,1.1565,"{""1y"":""119"",""2y"":""243"",""3y"":""374"",""5y"":""655"",""10y"":""1491""}","[{""label"":""management_fee"",""value"":""0.7446""},{""label"":""trustee_fee"",""value"":""0.0400""},{""label"":""admin_fee"",""value"":""0.0180""},{""label"":""other_expense"",""value"":""0.0019""},{""label"":""transaction_cost"",""value"":""0.5943""}]","[41,43]",detail_table_cross_validated,0.7,"[상세표 보강] [(2, '0.7446'), (3, '0.3000'), (4, '0.0400'), (5, '0.0180'), (6, '1.1026'), (7, '0.0019'), (8, '1.1545'), (10, '1.1565'), (11, '0.5943')]"
FUND000035,KR5111450067,C-PE,CLASS000491,EXACT_NORMALIZED_MATCH,수수료미징구-온라인-개인연금,미징구,온라인,개인연금,True,,없음,없음,없음,없음,1.1526,0.3500,-,1.1847,"{""1y"":""121"",""2y"":""249"",""3y"":""383"",""5y"":""671"",""10y"":""1527""}","[{""label"":""management_fee"",""value"":""0.7446""},{""label"":""trustee_fee"",""value"":""0.0400""},{""label"":""admin_fee"",""value"":""0.0180""},{""label"":""other_expense"",""value"":""0.0000""},{""label"":""transaction_cost"",""value"":""0.5985""}]","[41,43]",detail_table_cross_validated,0.7,"[상세표 보강] [(2, '0.7446'), (3, '0.3500'), (4, '0.0400'), (5, '0.0180'), (6, '1.1526'), (7, '0.0000'), (8, '1.1826'), (10, '1.1847'), (11, '0.5985')]"
FUND000035,KR5111450067,C1,CLASS000478,EXACT_NORMALIZED_MATCH,수수료미징구-오프라인-보수체감,미징구,오프라인,,True,,없음,없음,없음,없음,2.3026,1.5000,1.58,2.3060,"{""1y"":""236"",""2y"":""471"",""3y"":""703"",""5y"":""1157"",""10y"":""2462""}","[{""label"":""management_fee"",""value"":""0.7446""},{""label"":""trustee_fee"",""value"":""0.0400""},{""label"":""admin_fee"",""value"":""0.0180""},{""label"":""other_expense"",""value"":""0.0015""},{""label"":""transaction_cost"",""value"":""0.5609""}]","[6,41]",cell_grid,1.0,"클래스명: 수수료미징구- 오프라인- 보수체감(C1) | 없음 없음 2.3026 1.5000 1.58 2.3060 236 471 703 1,157 2,462"
FUND000035,KR5111450067,C2,CLASS000479,EXACT_NORMALIZED_MATCH,수수료미징구-오프라인-보수체감,미징구,오프라인,,True,,없음,없음,없음,없음,2.1776,1.3750,-,2.1816,{},"[{""label"":""management_fee"",""value"":""0.7446""},{""label"":""trustee_fee"",""value"":""0.0400""},{""label"":""admin_fee"",""value"":""0.0180""},{""label"":""other_expense"",""value"":""0.0017""},{""label"":""transaction_cost"",""value"":""0.6461""}]",[41],detail_table_cross_validated,0.7,"[상세표 보강] [(2, '0.7446'), (3, '1.3750'), (4, '0.0400'), (5, '0.0180'), (6, '2.1776'), (7, '0.0017'), (8, '2.1793'), (10, '2.1816'), (11, '0.6461')]"
FUND000035,KR5111450067,C3,CLASS000480,EXACT_NORMALIZED_MATCH,수수료미징구-오프라인-보수체감,미징구,오프라인,,True,,없음,없음,없음,없음,2.0526,1.2500,-,2.0559,{},"[{""label"":""management_fee"",""value"":""0.7446""},{""label"":""trustee_fee"",""value"":""0.0400""},{""label"":""admin_fee"",""value"":""0.0180""},{""label"":""other_expense"",""value"":""0.0014""},{""label"":""transaction_cost"",""value"":""0.5440""}]",[41],detail_table_cross_validated,0.7,"[상세표 보강] [(2, '0.7446'), (3, '1.2500'), (4, '0.0400'), (5, '0.0180'), (6, '2.0526'), (7, '0.0014'), (8, '2.0540'), (10, '2.0559'), (11, '0.5440')]"
FUND000035,KR5111450067,C4,CLASS000481,EXACT_NORMALIZED_MATCH,수수료미징구-오프라인-보수체감,미징구,오프라인,,True,,없음,없음,없음,없음,1.9276,1.1250,-,1.9310,{},"[{""label"":""management_fee"",""value"":""0.7446""},{""label"":""trustee_fee"",""value"":""0.0400""},{""label"":""admin_fee"",""value"":""0.0180""},{""label"":""other_expense"",""value"":""0.0015""},{""label"":""transaction_cost"",""value"":""0.5611""}]",[41],detail_table_cross_validated,0.7,"[상세표 보강] [(2, '0.7446'), (3, '1.1250'), (4, '0.0400'), (5, '0.0180'), (6, '1.9276'), (7, '0.0015'), (8, '1.9291'), (10, '1.9310'), (11, '0.5611')]"
FUND000035,KR5111450067,C5,CLASS000482,EXACT_NORMALIZED_MATCH,수수료미징구-오프라인-보수체감,미징구,오프라인,,True,,없음,없음,없음,없음,1.8026,1.0000,-,1.8065,{},"[{""label"":""management_fee"",""value"":""0.7446""},{""label"":""trustee_fee"",""value"":""0.0400""},{""label"":""admin_fee"",""value"":""0.0180""},{""label"":""other_expense"",""value"":""0.0016""},{""label"":""transaction_cost"",""value"":""0.6305""}]",[41],detail_table_cross_validated,0.7,"[상세표 보강] [(2, '0.7446'), (3, '1.0000'), (4, '0.0400'), (5, '0.0180'), (6, '1.8026'), (7, '0.0016'), (8, '1.8042'), (10, '1.8065'), (11, '0.6305')]"
FUND000035,KR5111450067,CG,CLASS000490,EXACT_NORMALIZED_MATCH,수수료미징구-오프라인-무권유저비용,미징구,오프라인,,True,,없음,없음,없음,없음,1.5326,0.7300,-,1.5347,"{""1y"":""157"",""2y"":""322"",""3y"":""496"",""5y"":""869"",""10y"":""1978""}","[{""label"":""management_fee"",""value"":""0.7446""},{""label"":""trustee_fee"",""value"":""0.0400""},{""label"":""admin_fee"",""value"":""0.0180""},{""label"":""other_expense"",""value"":""0.0000""},{""label"":""transaction_cost"",""value"":""0.6047""}]","[41,43]",detail_table_cross_validated,0.7,"[상세표 보강] [(2, '0.7446'), (3, '0.7300'), (4, '0.0400'), (5, '0.0180'), (6, '1.5326'), (7, '0.0000'), (8, '1.5326'), (10, '1.5347'), (11, '0.6047')]"
FUND000035,KR5111450067,S,CLASS000488,EXACT_NORMALIZED_MATCH,수수료후취-온라인슈퍼,후취,온라인슈퍼,,True,,없음,3년 미만 환매시 환매금액의 0.15%이내,없음,없음,1.1026,0.3000,-,1.1065,"{""1y"":""113"",""2y"":""232"",""3y"":""357"",""5y"":""627"",""10y"":""1426""}","[{""label"":""management_fee"",""value"":""0.7446""},{""label"":""trustee_fee"",""value"":""0.0400""},{""label"":""admin_fee"",""value"":""0.0180""},{""label"":""other_expense"",""value"":""0.0018""},{""label"":""transaction_cost"",""value"":""0.5912""}]","[41,43]",detail_table_cross_validated,0.7,"[상세표 보강] [(2, '0.7446'), (3, '0.3000'), (4, '0.0400'), (5, '0.0180'), (6, '1.1026'), (7, '0.0018'), (8, '1.1044'), (10, '1.1065'), (11, '0.5912')]"
FUND000035,KR5111450067,S-P2,CLASS000493,EXACT_NORMALIZED_MATCH,수수료미징구-온라인슈퍼-퇴직연금,미징구,온라인슈퍼,퇴직연금,True,,없음,없음,없음,없음,1.0026,0.2000,-,1.0047,"{""1y"":""103"",""2y"":""211"",""3y"":""324"",""5y"":""568"",""10y"":""1292""}","[{""label"":""management_fee"",""value"":""0.7446""},{""label"":""trustee_fee"",""value"":""0.0400""},{""label"":""admin_fee"",""value"":""0.0180""},{""label"":""other_expense"",""value"":""0.0000""},{""label"":""transaction_cost"",""value"":""0.3532""}]","[42,43]",detail_table_cross_validated,0.7,"[상세표 보강] [(2, '0.7446'), (3, '0.2000'), (4, '0.0400'), (5, '0.0180'), (6, '1.0026'), (7, '0.0000'), (8, '1.0026'), (10, '1.0047'), (11, '0.3532')]"
FUND000035,KR5111450067,W,CLASS000487,EXACT_NORMALIZED_MATCH,수수료미징구-오프라인-랩,미징구,오프라인,,False,,없음,없음,없음,없음,0.8026,0.0000,-,0.8064,"{""1y"":""83"",""2y"":""169"",""3y"":""261"",""5y"":""457"",""10y"":""1040""}","[{""label"":""management_fee"",""value"":""0.7446""},{""label"":""trustee_fee"",""value"":""0.0400""},{""label"":""admin_fee"",""value"":""0.0180""},{""label"":""other_expense"",""value"":""0.0018""},{""label"":""transaction_cost"",""value"":""0.5627""}]","[41,43]",detail_table_cross_validated,0.7,"[상세표 보강] [(2, '0.7446'), (3, '0.0000'), (4, '0.0400'), (5, '0.0180'), (6, '0.8026'), (7, '0.0018'), (8, '0.8044'), (10, '0.8064'), (11, '0.5627')]"
FUND000086,KR5113420012,C,CLASS001014,EXACT_NORMALIZED_MATCH,수수료미징구-오프라인-개인연금,미징구,오프라인,개인연금,True,,없음,없음,,,0.5440,0.3900,0.3900,0.5517,"{""1y"":""57"",""2y"":""116"",""3y"":""177"",""5y"":""309"",""10y"":""693""}","[{""label"":""management_fee"",""value"":""0.1100""},{""label"":""trustee_fee"",""value"":""0.0300""},{""label"":""admin_fee"",""value"":""0.0140""},{""label"":""other_expense"",""value"":""0.0077""},{""label"":""transaction_cost"",""value"":""0.0068""}]","[6,40]",cell_grid,1.0,클래스명: 수수료미 징구- 오프라인- 개인연금 (C) | 없음 수수료미 징구- 오프라인- 개인연금 (C) 없음 0.5440 0.3900 0.3900 0.5517 57 116 177 309 693
FUND000086,KR5113420012,C-e,CLASS001015,EXACT_NORMALIZED_MATCH,수수료미징구-온라인-개인연금,미징구,온라인,개인연금,True,,없음,없음,,,0.3490,0.1950,0.2500,0.3564,"{""1y"":""37"",""2y"":""75"",""3y"":""115"",""5y"":""200"",""10y"":""452""}","[{""label"":""management_fee"",""value"":""0.1100""},{""label"":""trustee_fee"",""value"":""0.0300""},{""label"":""admin_fee"",""value"":""0.0140""},{""label"":""other_expense"",""value"":""0.0074""},{""label"":""transaction_cost"",""value"":""0.0068""}]","[6,40]",cell_grid,1.0,클래스명: 수수료미 징구- 온라인- 개인연금 (C-e) | 없음 수수료미 징구- 온라인- 개인연금 (C-e) 없음 0.3490 0.1950 0.2500 0.3564 37 75 115 200 452
FUND000086,KR5113420012,S-P,CLASS001016,EXACT_NORMALIZED_MATCH,수수료미징구-온라인슈퍼-개인연금,미징구,온라인슈퍼,개인연금,True,,없음,없음,,,0.2740,0.1200,-,0.2793,"{""1y"":""29"",""2y"":""59"",""3y"":""90"",""5y"":""157"",""10y"":""355""}","[{""label"":""management_fee"",""value"":""0.1100""},{""label"":""trustee_fee"",""value"":""0.0300""},{""label"":""admin_fee"",""value"":""0.0140""},{""label"":""other_expense"",""value"":""0.0053""},{""label"":""transaction_cost"",""value"":""0.0068""}]","[40,41]",detail_table_cross_validated,0.7,"[상세표 보강] [(1, '0.1100'), (2, '0.1200'), (3, '0.0300'), (4, '0.0140'), (5, '0.2740'), (6, '0.0053'), (7, '0.2793'), (9, '0.0068')]"
FUND000087,KR5113420013,C,CLASS001017,EXACT_NORMALIZED_MATCH,수수료미징구-오프라인-개인연금,미징구,오프라인,개인연금,True,,없음,없음,없음,,0.5440,0.3900,0.3900,0.5556,"{""1y"":""57"",""2y"":""116"",""3y"":""179"",""5y"":""311"",""10y"":""698""}","[{""label"":""management_fee"",""value"":""0.1100""},{""label"":""trustee_fee"",""value"":""0.0300""},{""label"":""admin_fee"",""value"":""0.0140""},{""label"":""other_expense"",""value"":""0.0028""},{""label"":""transaction_cost"",""value"":""0.0057""}]","[6,45]",cell_grid,1.0,클래스명: 수수료미 징구- 오프라인- 개인연금 (C) | 없음 수수료미 징구- 오프라인- 개인연금 (C) 없음 0.5440 0.3900 0.3900 0.5556 57 116 179 311 698
FUND000087,KR5113420013,C-F,CLASS001019,EXACT_NORMALIZED_MATCH,"수수료미징구-오프라인-개인연금,기관",미징구,오프라인,개인연금,False,,없음,없음,없음,,0.1840,0.0300,-,0.1840,"{""1y"":""19"",""2y"":""39"",""3y"":""59"",""5y"":""104"",""10y"":""235""}","[{""label"":""management_fee"",""value"":""0.1100""},{""label"":""trustee_fee"",""value"":""0.0300""},{""label"":""admin_fee"",""value"":""0.0140""}]","[45,47]",detail_table_cross_validated,0.7,"[상세표 보강] [(1, '0.1100'), (2, '0.0300'), (3, '0.0300'), (4, '0.0140'), (5, '0.1840'), (7, '0.1840'), (9, '0.1840')]"
FUND000087,KR5113420013,C-R,CLASS001020,EXACT_NORMALIZED_MATCH,수수료미징구-오프라인-퇴직연금,미징구,오프라인,퇴직연금,True,,없음,없음,없음,,0.5390,0.3850,-,0.5390,"{""1y"":""55"",""2y"":""113"",""3y"":""173"",""5y"":""302"",""10y"":""677""}","[{""label"":""management_fee"",""value"":""0.1100""},{""label"":""trustee_fee"",""value"":""0.0300""},{""label"":""admin_fee"",""value"":""0.0140""}]","[45,47]",detail_table_cross_validated,0.7,"[상세표 보강] [(1, '0.1100'), (2, '0.3850'), (3, '0.0300'), (4, '0.0140'), (5, '0.5390'), (7, '0.5390'), (9, '0.5390')]"
FUND000087,KR5113420013,C-RF,CLASS001021,EXACT_NORMALIZED_MATCH,"수수료미징구-오프라인-퇴직연금,기관",미징구,오프라인,퇴직연금,False,,없음,없음,없음,,0.1740,0.0200,-,0.1740,"{""1y"":""18"",""2y"":""37"",""3y"":""56"",""5y"":""98"",""10y"":""222""}","[{""label"":""management_fee"",""value"":""0.1100""},{""label"":""trustee_fee"",""value"":""0.0300""},{""label"":""admin_fee"",""value"":""0.0140""}]","[45,47]",detail_table_cross_validated,0.7,"[상세표 보강] [(1, '0.1100'), (2, '0.0200'), (3, '0.0300'), (4, '0.0140'), (5, '0.1740'), (7, '0.1740'), (9, '0.1740')]"
FUND000087,KR5113420013,C-RJ,CLASS001022,EXACT_NORMALIZED_MATCH,수수료미징구-직판-퇴직연금,미징구,직판,퇴직연금,True,,없음,없음,없음,,0.1540,0.0000,-,0.1540,"{""1y"":""16"",""2y"":""32"",""3y"":""50"",""5y"":""87"",""10y"":""197""}","[{""label"":""management_fee"",""value"":""0.1100""},{""label"":""trustee_fee"",""value"":""0.0300""},{""label"":""admin_fee"",""value"":""0.0140""}]","[45,47]",detail_table_cross_validated,0.7,"[상세표 보강] [(1, '0.1100'), (2, '0.0000'), (3, '0.0300'), (4, '0.0140'), (5, '0.1540'), (7, '0.1540'), (9, '0.1540')]"
FUND000087,KR5113420013,C-e,CLASS001018,EXACT_NORMALIZED_MATCH,수수료미징구-온라인-개인연금,미징구,온라인,개인연금,True,,없음,없음,없음,,0.3490,0.1950,0.2500,0.3605,"{""1y"":""37"",""2y"":""76"",""3y"":""116"",""5y"":""203"",""10y"":""457""}","[{""label"":""management_fee"",""value"":""0.1100""},{""label"":""trustee_fee"",""value"":""0.0300""},{""label"":""admin_fee"",""value"":""0.0140""},{""label"":""other_expense"",""value"":""0.0027""},{""label"":""transaction_cost"",""value"":""0.0058""}]","[6,45]",cell_grid,1.0,클래스명: 수수료미 징구- 온라인- 개인연금 (C-e) | 없음 수수료미 징구- 온라인- 개인연금 (C-e) 없음 0.3490 0.1950 0.2500 0.3605 37 76 116 203 457
FUND000087,KR5113420013,S-P,CLASS001023,EXACT_NORMALIZED_MATCH,수수료미징구-온라인슈퍼-개인연금,미징구,온라인슈퍼,개인연금,True,,없음,없음,없음,,0.2740,-,-,0.2831,"{""1y"":""29"",""2y"":""59"",""3y"":""91"",""5y"":""159"",""10y"":""360""}","[{""label"":""other_expense"",""value"":""0.0006""},{""label"":""transaction_cost"",""value"":""0.0057""}]","[46,45,47]",detail_table_cross_validated,0.7,"[상세표 보강] [(5, '0.2740'), (6, '0.0006'), (7, '0.2746'), (9, '0.2831'), (10, '0.0057')]"
FUND000087,KR5113420015,C,CLASS001017,EXACT_NORMALIZED_MATCH,수수료미징구-오프라인-개인연금,미징구,오프라인,개인연금,True,,없음,없음,없음,,0.5440,0.3900,0.3900,0.5556,"{""1y"":""57"",""2y"":""116"",""3y"":""179"",""5y"":""311"",""10y"":""698""}","[{""label"":""management_fee"",""value"":""0.1100""},{""label"":""trustee_fee"",""value"":""0.0300""},{""label"":""admin_fee"",""value"":""0.0140""},{""label"":""other_expense"",""value"":""0.0028""},{""label"":""transaction_cost"",""value"":""0.0057""}]","[6,45]",cell_grid,1.0,클래스명: 수수료미 징구- 오프라인- 개인연금 (C) | 없음 수수료미 징구- 오프라인- 개인연금 (C) 없음 0.5440 0.3900 0.3900 0.5556 57 116 179 311 698
FUND000087,KR5113420015,C-F,CLASS001019,EXACT_NORMALIZED_MATCH,"수수료미징구-오프라인-개인연금,기관",미징구,오프라인,개인연금,False,,없음,없음,없음,,0.1840,0.0300,-,0.1840,"{""1y"":""19"",""2y"":""39"",""3y"":""59"",""5y"":""104"",""10y"":""235""}","[{""label"":""management_fee"",""value"":""0.1100""},{""label"":""trustee_fee"",""value"":""0.0300""},{""label"":""admin_fee"",""value"":""0.0140""}]","[45,47]",detail_table_cross_validated,0.7,"[상세표 보강] [(1, '0.1100'), (2, '0.0300'), (3, '0.0300'), (4, '0.0140'), (5, '0.1840'), (7, '0.1840'), (9, '0.1840')]"
FUND000087,KR5113420015,C-R,CLASS001020,EXACT_NORMALIZED_MATCH,수수료미징구-오프라인-퇴직연금,미징구,오프라인,퇴직연금,True,,없음,없음,없음,,0.5390,0.3850,-,0.5390,"{""1y"":""55"",""2y"":""113"",""3y"":""173"",""5y"":""302"",""10y"":""677""}","[{""label"":""management_fee"",""value"":""0.1100""},{""label"":""trustee_fee"",""value"":""0.0300""},{""label"":""admin_fee"",""value"":""0.0140""}]","[45,47]",detail_table_cross_validated,0.7,"[상세표 보강] [(1, '0.1100'), (2, '0.3850'), (3, '0.0300'), (4, '0.0140'), (5, '0.5390'), (7, '0.5390'), (9, '0.5390')]"
FUND000087,KR5113420015,C-RF,CLASS001021,EXACT_NORMALIZED_MATCH,"수수료미징구-오프라인-퇴직연금,기관",미징구,오프라인,퇴직연금,False,,없음,없음,없음,,0.1740,0.0200,-,0.1740,"{""1y"":""18"",""2y"":""37"",""3y"":""56"",""5y"":""98"",""10y"":""222""}","[{""label"":""management_fee"",""value"":""0.1100""},{""label"":""trustee_fee"",""value"":""0.0300""},{""label"":""admin_fee"",""value"":""0.0140""}]","[45,47]",detail_table_cross_validated,0.7,"[상세표 보강] [(1, '0.1100'), (2, '0.0200'), (3, '0.0300'), (4, '0.0140'), (5, '0.1740'), (7, '0.1740'), (9, '0.1740')]"
FUND000087,KR5113420015,C-RJ,CLASS001022,EXACT_NORMALIZED_MATCH,수수료미징구-직판-퇴직연금,미징구,직판,퇴직연금,True,,없음,없음,없음,,0.1540,0.0000,-,0.1540,"{""1y"":""16"",""2y"":""32"",""3y"":""50"",""5y"":""87"",""10y"":""197""}","[{""label"":""management_fee"",""value"":""0.1100""},{""label"":""trustee_fee"",""value"":""0.0300""},{""label"":""admin_fee"",""value"":""0.0140""}]","[45,47]",detail_table_cross_validated,0.7,"[상세표 보강] [(1, '0.1100'), (2, '0.0000'), (3, '0.0300'), (4, '0.0140'), (5, '0.1540'), (7, '0.1540'), (9, '0.1540')]"
FUND000087,KR5113420015,C-e,CLASS001018,EXACT_NORMALIZED_MATCH,수수료미징구-온라인-개인연금,미징구,온라인,개인연금,True,,없음,없음,없음,,0.3490,0.1950,0.2500,0.3605,"{""1y"":""37"",""2y"":""76"",""3y"":""116"",""5y"":""203"",""10y"":""457""}","[{""label"":""management_fee"",""value"":""0.1100""},{""label"":""trustee_fee"",""value"":""0.0300""},{""label"":""admin_fee"",""value"":""0.0140""},{""label"":""other_expense"",""value"":""0.0027""},{""label"":""transaction_cost"",""value"":""0.0058""}]","[6,45]",cell_grid,1.0,클래스명: 수수료미 징구- 온라인- 개인연금 (C-e) | 없음 수수료미 징구- 온라인- 개인연금 (C-e) 없음 0.3490 0.1950 0.2500 0.3605 37 76 116 203 457
FUND000087,KR5113420015,S-P,CLASS001023,EXACT_NORMALIZED_MATCH,수수료미징구-온라인슈퍼-개인연금,미징구,온라인슈퍼,개인연금,True,,없음,없음,없음,,0.2740,-,-,0.2831,"{""1y"":""29"",""2y"":""59"",""3y"":""91"",""5y"":""159"",""10y"":""360""}","[{""label"":""other_expense"",""value"":""0.0006""},{""label"":""transaction_cost"",""value"":""0.0057""}]","[46,45,47]",detail_table_cross_validated,0.7,"[상세표 보강] [(5, '0.2740'), (6, '0.0006'), (7, '0.2746'), (9, '0.2831'), (10, '0.0057')]"
FUND000088,KR5113420069,A,CLASS001024,EXACT_NORMALIZED_MATCH,수수료선취-오프라인,선취,오프라인,,True,,납입금액의 0.02% 이내,없음,없음,,0.3910,0.2100,0.3200,0.4018,"{""1y"":""43"",""2y"":""86"",""3y"":""131"",""5y"":""228"",""10y"":""510""}","[{""label"":""management_fee"",""value"":""0.1500""},{""label"":""trustee_fee"",""value"":""0.0200""},{""label"":""admin_fee"",""value"":""0.0110""},{""label"":""other_expense"",""value"":""0.0024""},{""label"":""transaction_cost"",""value"":""0.0144""}]","[6,42]",cell_grid,1.0,클래스명: 수수료선 취-오프 라인 (A) | 납입금 액의 0.02% 수수료선 취-오프 라인 (A) 납입금 액의 0.02% 0.3910 0.2100 0.3200 0.4018 43 86 131 228 510
FUND000088,KR5113420069,A-G,CLASS001027,EXACT_NORMALIZED_MATCH,수수료선취-오프라인-무권유저비용,선취,오프라인,,True,,납입금액의 0.014% 이내,없음,없음,,0.3280,0.1470,-,0.3280,"{""1y"":""35"",""2y"":""70"",""3y"":""107"",""5y"":""186"",""10y"":""418""}","[{""label"":""management_fee"",""value"":""0.1500""},{""label"":""trustee_fee"",""value"":""0.0200""},{""label"":""admin_fee"",""value"":""0.0110""}]","[42,41]",detail_table_cross_validated,0.7,"[상세표 보강] [(1, '0.1500'), (2, '0.1470'), (3, '0.0200'), (4, '0.0110'), (5, '0.3280'), (7, '0.3280'), (9, '0.3280')]"
FUND000088,KR5113420069,A-e,CLASS001026,EXACT_NORMALIZED_MATCH,수수료선취-온라인,선취,온라인,,True,,납입금액의 0.01% 이내,없음,없음,,0.2860,0.1050,0.2400,0.2968,"{""1y"":""31"",""2y"":""63"",""3y"":""97"",""5y"":""168"",""10y"":""378""}","[{""label"":""management_fee"",""value"":""0.1500""},{""label"":""trustee_fee"",""value"":""0.0200""},{""label"":""admin_fee"",""value"":""0.0110""},{""label"":""other_expense"",""value"":""0.0025""},{""label"":""transaction_cost"",""value"":""0.0143""}]","[7,42]",cell_grid,1.0,클래스명: 수수료선 취-온라 인 (A-e) | 납입금 액의 0.01% 이내 수수료선 취-온라 인 (A-e) 납입금 액의 0.01% 이내 0.2860 0.1050 0.2400 0.2968 31 63 97 168 378
FUND000088,KR5113420069,A1,CLASS001025,EXACT_NORMALIZED_MATCH,수수료선취-오프라인,선취,오프라인,,True,,납입금액의 0.10% 이내,없음,없음,,0.3110,0.1300,0.3200,0.3219,"{""1y"":""43"",""2y"":""77"",""3y"":""114"",""5y"":""191"",""10y"":""418""}","[{""label"":""management_fee"",""value"":""0.1500""},{""label"":""trustee_fee"",""value"":""0.0200""},{""label"":""admin_fee"",""value"":""0.0110""},{""label"":""other_expense"",""value"":""0.0024""},{""label"":""transaction_cost"",""value"":""0.0145""}]","[7,42]",cell_grid,1.0,클래스명: 수수료선 취-오프 라인 (A1) | 납입금 액의 0.1% 이내 수수료선 취-오프 라인 (A1) 납입금 액의 0.1% 이내 0.3110 0.1300 0.3200 0.3219 43 77 114 191 418
FUND000088,KR5113420069,C,CLASS001028,EXACT_NORMALIZED_MATCH,수수료미징구-오프라인,미징구,오프라인,,True,,없음,없음,없음,,0.4110,0.2300,0.4000,0.4217,"{""1y"":""43"",""2y"":""88"",""3y"":""136"",""5y"":""237"",""10y"":""533""}","[{""label"":""management_fee"",""value"":""0.1500""},{""label"":""trustee_fee"",""value"":""0.0200""},{""label"":""admin_fee"",""value"":""0.0110""},{""label"":""other_expense"",""value"":""0.0024""},{""label"":""transaction_cost"",""value"":""0.0140""}]","[7,42]",cell_grid,1.0,클래스명: 수수료미 징구-오 프라인 (C) | 없음 수수료미 징구-오 프라인 (C) 없음 0.4110 0.2300 0.4000 0.4217 43 88 136 237 533
FUND000088,KR5113420069,C-F,CLASS001030,EXACT_NORMALIZED_MATCH,수수료미징구-오프라인-기관,미징구,오프라인,,False,,없음,없음,없음,,0.2110,0.0300,-,0.2220,"{""1y"":""23"",""2y"":""47"",""3y"":""72"",""5y"":""125"",""10y"":""283""}","[{""label"":""management_fee"",""value"":""0.1500""},{""label"":""trustee_fee"",""value"":""0.0200""},{""label"":""admin_fee"",""value"":""0.0110""},{""label"":""other_expense"",""value"":""0.0024""},{""label"":""transaction_cost"",""value"":""0.0156""}]","[42,41,45]",detail_table_cross_validated,0.7,"[상세표 보강] [(1, '0.1500'), (2, '0.0300'), (3, '0.0200'), (4, '0.0110'), (5, '0.2110'), (6, '0.0024'), (7, '0.2134'), (9, '0.2220'), (10, '0.0156')]"
FUND000088,KR5113420069,C-G,CLASS001031,EXACT_NORMALIZED_MATCH,수수료미징구-오프라인-무권유저비용,미징구,오프라인,,True,,없음,없음,없음,,0.3410,0.1600,-,0.3410,"{""1y"":""35"",""2y"":""72"",""3y"":""110"",""5y"":""192"",""10y"":""433""}","[{""label"":""management_fee"",""value"":""0.1500""},{""label"":""trustee_fee"",""value"":""0.0200""},{""label"":""admin_fee"",""value"":""0.0110""}]","[43,41,45]",detail_table_cross_validated,0.7,"[상세표 보강] [(1, '0.1500'), (2, '0.1600'), (3, '0.0200'), (4, '0.0110'), (5, '0.3410'), (7, '0.3410'), (9, '0.3410')]"
FUND000088,KR5113420069,C-P,CLASS001032,EXACT_NORMALIZED_MATCH,수수료미징구-오프라인-개인연금,미징구,오프라인,개인연금,True,,없음,없음,없음,,0.4060,0.2250,-,0.4169,"{""1y"":""43"",""2y"":""87"",""3y"":""134"",""5y"":""234"",""10y"":""527""}","[{""label"":""management_fee"",""value"":""0.1500""},{""label"":""trustee_fee"",""value"":""0.0200""},{""label"":""admin_fee"",""value"":""0.0110""},{""label"":""other_expense"",""value"":""0.0024""},{""label"":""transaction_cost"",""value"":""0.0150""}]","[43,41,45]",detail_table_cross_validated,0.7,"[상세표 보강] [(1, '0.1500'), (2, '0.2250'), (3, '0.0200'), (4, '0.0110'), (5, '0.4060'), (6, '0.0024'), (7, '0.4084'), (9, '0.4169'), (10, '0.0150')]"
FUND000088,KR5113420069,C-Pe,CLASS001033,EXACT_NORMALIZED_MATCH,수수료미징구-온라인-개인연금,미징구,온라인,개인연금,True,,없음,없음,없음,,0.2940,0.1130,-,0.3048,"{""1y"":""31"",""2y"":""64"",""3y"":""98"",""5y"":""172"",""10y"":""387""}","[{""label"":""management_fee"",""value"":""0.1500""},{""label"":""trustee_fee"",""value"":""0.0200""},{""label"":""admin_fee"",""value"":""0.0110""},{""label"":""other_expense"",""value"":""0.0024""},{""label"":""transaction_cost"",""value"":""0.0147""}]","[43,41,45]",detail_table_cross_validated,0.7,"[상세표 보강] [(1, '0.1500'), (2, '0.1130'), (3, '0.0200'), (4, '0.0110'), (5, '0.2940'), (6, '0.0024'), (7, '0.2964'), (9, '0.3048'), (10, '0.0147')]"
FUND000088,KR5113420069,C-R,CLASS001034,EXACT_NORMALIZED_MATCH,수수료미징구-오프라인-퇴직연금,미징구,오프라인,퇴직연금,True,,없음,없음,없음,,0.4010,0.2200,-,0.4119,"{""1y"":""42"",""2y"":""86"",""3y"":""133"",""5y"":""231"",""10y"":""521""}","[{""label"":""management_fee"",""value"":""0.1500""},{""label"":""trustee_fee"",""value"":""0.0200""},{""label"":""admin_fee"",""value"":""0.0110""},{""label"":""other_expense"",""value"":""0.0024""},{""label"":""transaction_cost"",""value"":""0.0147""}]","[43,42,45]",detail_table_cross_validated,0.7,"[상세표 보강] [(1, '0.1500'), (2, '0.2200'), (3, '0.0200'), (4, '0.0110'), (5, '0.4010'), (6, '0.0024'), (7, '0.4034'), (9, '0.4119'), (10, '0.0147')]"
FUND000088,KR5113420069,C-Re,CLASS001035,EXACT_NORMALIZED_MATCH,수수료미징구-온라인-퇴직연금,미징구,온라인,퇴직연금,True,,없음,없음,없음,,0.2910,0.1100,-,0.3018,"{""1y"":""31"",""2y"":""63"",""3y"":""97"",""5y"":""170"",""10y"":""384""}","[{""label"":""management_fee"",""value"":""0.1500""},{""label"":""trustee_fee"",""value"":""0.0200""},{""label"":""admin_fee"",""value"":""0.0110""},{""label"":""other_expense"",""value"":""0.0025""},{""label"":""transaction_cost"",""value"":""0.0143""}]","[43,42,45]",detail_table_cross_validated,0.7,"[상세표 보강] [(1, '0.1500'), (2, '0.1100'), (3, '0.0200'), (4, '0.0110'), (5, '0.2910'), (6, '0.0025'), (7, '0.2935'), (9, '0.3018'), (10, '0.0143')]"
FUND000088,KR5113420069,C-W,CLASS001036,EXACT_NORMALIZED_MATCH,"수수료미징구-오프라인,직판-랩",미징구,오프라인,,False,,없음,없음,없음,,0.1810,0.0000,-,0.1919,"{""1y"":""20"",""2y"":""40"",""3y"":""62"",""5y"":""108"",""10y"":""245""}","[{""label"":""management_fee"",""value"":""0.1500""},{""label"":""trustee_fee"",""value"":""0.0200""},{""label"":""admin_fee"",""value"":""0.0110""},{""label"":""other_expense"",""value"":""0.0024""},{""label"":""transaction_cost"",""value"":""0.0150""}]","[43,42,45]",detail_table_cross_validated,0.7,"[상세표 보강] [(1, '0.1500'), (2, '0.0000'), (3, '0.0200'), (4, '0.0110'), (5, '0.1810'), (6, '0.0024'), (7, '0.1834'), (9, '0.1919'), (10, '0.0150')]"
FUND000088,KR5113420069,C-e,CLASS001029,EXACT_NORMALIZED_MATCH,수수료미징구-온라인,미징구,온라인,,True,,없음,없음,없음,,0.3310,0.1500,0.2600,0.3417,"{""1y"":""35"",""2y"":""72"",""3y"":""110"",""5y"":""192"",""10y"":""433""}","[{""label"":""management_fee"",""value"":""0.1500""},{""label"":""trustee_fee"",""value"":""0.0200""},{""label"":""admin_fee"",""value"":""0.0110""},{""label"":""other_expense"",""value"":""0.0024""},{""label"":""transaction_cost"",""value"":""0.0141""}]","[7,42]",cell_grid,1.0,클래스명: 수수료미 징구-온 라인 (C-e) | 없음 수수료미 징구-온 라인 (C-e) 없음 0.3310 0.1500 0.2600 0.3417 35 72 110 192 433
FUND000088,KR5113420069,S,CLASS001037,EXACT_NORMALIZED_MATCH,수수료후취-온라인슈퍼,후취,온라인슈퍼,,True,,없음,3년 미만 환매시 환 매금액의 0.15% 이내,없음,,0.2810,0.1000,-,0.2918,"{""1y"":""30"",""2y"":""61"",""3y"":""94"",""5y"":""164"",""10y"":""371""}","[{""label"":""management_fee"",""value"":""0.1500""},{""label"":""trustee_fee"",""value"":""0.0200""},{""label"":""admin_fee"",""value"":""0.0110""},{""label"":""other_expense"",""value"":""0.0024""},{""label"":""transaction_cost"",""value"":""0.0147""}]","[43,42,45]",detail_table_cross_validated,0.7,"[상세표 보강] [(1, '0.1500'), (2, '0.1000'), (3, '0.0200'), (4, '0.0110'), (5, '0.2810'), (6, '0.0024'), (7, '0.2834'), (9, '0.2918'), (10, '0.0147')]"
FUND000088,KR5113420069,S-P,CLASS001038,EXACT_NORMALIZED_MATCH,수수료미징구-온라인슈퍼-개인연금,미징구,온라인슈퍼,개인연금,True,,없음,없음,없음,,0.2710,0.0900,-,0.2818,"{""1y"":""29"",""2y"":""59"",""3y"":""91"",""5y"":""159"",""10y"":""358""}","[{""label"":""management_fee"",""value"":""0.1500""},{""label"":""trustee_fee"",""value"":""0.0200""},{""label"":""admin_fee"",""value"":""0.0110""},{""label"":""other_expense"",""value"":""0.0024""},{""label"":""transaction_cost"",""value"":""0.0147""}]","[43,42,45]",detail_table_cross_validated,0.7,"[상세표 보강] [(1, '0.1500'), (2, '0.0900'), (3, '0.0200'), (4, '0.0110'), (5, '0.2710'), (6, '0.0024'), (7, '0.2734'), (9, '0.2818'), (10, '0.0147')]"
FUND000088,KR5113420069,S-R,CLASS001039,EXACT_NORMALIZED_MATCH,수수료미징구-온라인슈퍼-퇴직연금,미징구,온라인슈퍼,퇴직연금,True,,없음,없음,없음,,0.2610,0.0800,-,0.2718,"{""1y"":""28"",""2y"":""57"",""3y"":""88"",""5y"":""153"",""10y"":""346""}","[{""label"":""management_fee"",""value"":""0.1500""},{""label"":""trustee_fee"",""value"":""0.0200""},{""label"":""admin_fee"",""value"":""0.0110""},{""label"":""other_expense"",""value"":""0.0023""},{""label"":""transaction_cost"",""value"":""0.0146""}]","[43,42,45]",detail_table_cross_validated,0.7,"[상세표 보강] [(1, '0.1500'), (2, '0.0800'), (3, '0.0200'), (4, '0.0110'), (5, '0.2610'), (6, '0.0023'), (7, '0.2633'), (9, '0.2718'), (10, '0.0146')]"
FUND000089,KR5113450111,C,CLASS001040,EXACT_NORMALIZED_MATCH,수수료미징구-오프라인-개인연금,미징구,오프라인,개인연금,True,,없음,없음,없음,,1.1820,0.9500,1.5900,1.1856,"{""1y"":""122"",""2y"":""248"",""3y"":""379"",""5y"":""655"",""10y"":""1445""}","[{""label"":""management_fee"",""value"":""0.1880""},{""label"":""trustee_fee"",""value"":""0.0300""},{""label"":""admin_fee"",""value"":""0.0140""},{""label"":""other_expense"",""value"":""0.0036""},{""label"":""transaction_cost"",""value"":""0.1017""}]","[6,41]",cell_grid,1.0,"클래스명: 수수료미 징구- 오프라인- 개인연금 (C) | 없음 수수료미 징구- 오프라인- 개인연금 (C) 없음 1.1820 0.9500 1.5900 1.1856 122 248 379 655 1,445"
FUND000089,KR5113450111,C-e,CLASS001041,EXACT_NORMALIZED_MATCH,수수료미징구-온라인-개인연금,미징구,온라인,개인연금,True,,없음,없음,없음,,0.7070,0.4750,1.1600,0.7104,"{""1y"":""73"",""2y"":""149"",""3y"":""228"",""5y"":""397"",""10y"":""885""}","[{""label"":""management_fee"",""value"":""0.1880""},{""label"":""trustee_fee"",""value"":""0.0300""},{""label"":""admin_fee"",""value"":""0.0140""},{""label"":""other_expense"",""value"":""0.0034""},{""label"":""transaction_cost"",""value"":""0.1015""}]","[6,41]",cell_grid,1.0,클래스명: 수수료미 징구- 온라인- 개인연금 (C-e) | 없음 수수료미 징구- 온라인- 개인연금 (C-e) 없음 0.7070 0.4750 1.1600 0.7104 73 149 228 397 885
FUND000089,KR5113450111,S-P,CLASS001042,EXACT_NORMALIZED_MATCH,수수료미징구-온라인슈퍼-개인연금,미징구,온라인슈퍼,개인연금,True,,없음,없음,없음,,0.5120,0.2800,-,0.5145,"{""1y"":""53"",""2y"":""108"",""3y"":""165"",""5y"":""288"",""10y"":""647""}","[{""label"":""management_fee"",""value"":""0.1880""},{""label"":""trustee_fee"",""value"":""0.0300""},{""label"":""admin_fee"",""value"":""0.0140""},{""label"":""other_expense"",""value"":""0.0025""},{""label"":""transaction_cost"",""value"":""0.1012""}]","[41,42]",detail_table_cross_validated,0.7,"[상세표 보강] [(1, '0.1880'), (2, '0.2800'), (3, '0.0300'), (4, '0.0140'), (5, '0.5120'), (6, '0.0025'), (7, '0.5145'), (9, '0.1012')]"
FUND000090,KR5113450401,A,CLASS001043,EXACT_NORMALIZED_MATCH,수수료선취-오프라인,선취,오프라인,,True,,납입금액의 0.5% 이내,없음,없음,,1.3000,0.7300,1.4300,1.3054,"{""1y"":""183"",""2y"":""320"",""3y"":""463"",""5y"":""763"",""10y"":""1617""}","[{""label"":""management_fee"",""value"":""0.5260""},{""label"":""trustee_fee"",""value"":""0.0300""},{""label"":""admin_fee"",""value"":""0.0140""},{""label"":""other_expense"",""value"":""0.0020""},{""label"":""transaction_cost"",""value"":""0.3484""}]","[6,42]",cell_grid,1.0,"클래스명: 수수료 선취-오 프라인 (A) | 납입금 액의 0.5%이 내 수수료 선취-오 프라인 (A) 납입금 액의 0.5%이 내 1.3000 0.7300 1.4300 1.3054 183 320 463 763 1,617"
FUND000090,KR5113450401,A-G,CLASS001046,EXACT_NORMALIZED_MATCH,수수료선취-오프라인-무권유저비용,선취,오프라인,,True,,납입금액의 0.5% 이내,없음,없음,,1.0800,0.5100,-,1.0800,"{""1y"":""160"",""2y"":""274"",""3y"":""392"",""5y"":""643"",""10y"":""1360""}","[{""label"":""management_fee"",""value"":""0.5260""},{""label"":""trustee_fee"",""value"":""0.0300""},{""label"":""admin_fee"",""value"":""0.0140""}]","[42,41,44]",detail_table_cross_validated,0.7,"[상세표 보강] [(1, '0.5260'), (2, '0.5100'), (3, '0.0300'), (4, '0.0140'), (5, '1.0800'), (7, '1.0800'), (9, '1.0800')]"
FUND000090,KR5113450401,A-e,CLASS001045,EXACT_NORMALIZED_MATCH,수수료선취-온라인,선취,온라인,,True,,납입금액의 0.5% 이내,없음,없음,,0.6800,0.1100,1.1600,0.6852,"{""1y"":""120"",""2y"":""192"",""3y"":""268"",""5y"":""429"",""10y"":""897""}","[{""label"":""management_fee"",""value"":""0.5260""},{""label"":""trustee_fee"",""value"":""0.0300""},{""label"":""admin_fee"",""value"":""0.0140""},{""label"":""other_expense"",""value"":""0.0019""},{""label"":""transaction_cost"",""value"":""0.3443""}]","[7,42]",cell_grid,1.0,클래스명: 수수료 선취-온 라인 (A-e) | 납입금 액의 0.5%이 내 수수료 선취-온 라인 (A-e) 납입금 액의 0.5%이 내 0.6800 0.1100 1.1600 0.6852 120 192 268 429 897
FUND000090,KR5113450401,A1,CLASS001044,EXACT_NORMALIZED_MATCH,수수료선취-오프라인,선취,오프라인,,True,,납입금액의 1.0% 이내,없음,없음,,0.8000,0.2300,-,0.8053,"{""1y"":""182"",""2y"":""266"",""3y"":""354"",""5y"":""541"",""10y"":""1080""}","[{""label"":""management_fee"",""value"":""0.5260""},{""label"":""trustee_fee"",""value"":""0.0300""},{""label"":""admin_fee"",""value"":""0.0140""},{""label"":""other_expense"",""value"":""0.0019""},{""label"":""transaction_cost"",""value"":""0.3438""}]","[7,42]",cell_grid,1.0,"클래스명: 수수료 선취-오 프라인 (A1) | 납입금 액의 1%이 내 수수료 선취-오 프라인 (A1) 납입금 액의 1%이 내 0.8000 0.2300 - 0.8053 182 266 354 541 1,080"
FUND000090,KR5113450401,C,CLASS001047,EXACT_NORMALIZED_MATCH,수수료미징구-오프라인,미징구,오프라인,,True,,없음,없음,없음,,1.5700,1.0000,1.5900,1.5754,"{""1y"":""161"",""2y"":""328"",""3y"":""501"",""5y"":""864"",""10y"":""1884""}","[{""label"":""management_fee"",""value"":""0.5260""},{""label"":""trustee_fee"",""value"":""0.0300""},{""label"":""admin_fee"",""value"":""0.0140""},{""label"":""other_expense"",""value"":""0.0019""},{""label"":""transaction_cost"",""value"":""0.3497""}]","[7,42]",cell_grid,1.0,"클래스명: 수수료 미징구- 오프라 인 (C) | 없음 수수료 미징구- 오프라 인 (C) 없음 1.5700 1.0000 1.5900 1.5754 161 328 501 864 1,884"
FUND000090,KR5113450401,C-F,CLASS001049,EXACT_NORMALIZED_MATCH,수수료미징구-오프라인-기관,미징구,오프라인,,False,,없음,없음,없음,,0.6000,0.0300,-,0.6054,"{""1y"":""62"",""2y"":""127"",""3y"":""194"",""5y"":""339"",""10y"":""758""}","[{""label"":""management_fee"",""value"":""0.5260""},{""label"":""trustee_fee"",""value"":""0.0300""},{""label"":""admin_fee"",""value"":""0.0140""},{""label"":""other_expense"",""value"":""0.0028""},{""label"":""transaction_cost"",""value"":""0.3321""}]","[42,41,45]",detail_table_cross_validated,0.7,"[상세표 보강] [(1, '0.5260'), (2, '0.0300'), (3, '0.0300'), (4, '0.0140'), (5, '0.6000'), (6, '0.0028'), (7, '0.6028'), (9, '0.6054'), (10, '0.3321')]"
FUND000090,KR5113450401,C-G,CLASS001050,EXACT_NORMALIZED_MATCH,수수료미징구-오프라인-무권유저비용,미징구,오프라인,,True,,없음,없음,없음,,1.2700,0.7000,-,1.2741,"{""1y"":""131"",""2y"":""266"",""3y"":""406"",""5y"":""703"",""10y"":""1546""}","[{""label"":""management_fee"",""value"":""0.5260""},{""label"":""trustee_fee"",""value"":""0.0300""},{""label"":""admin_fee"",""value"":""0.0140""},{""label"":""other_expense"",""value"":""0.0002""},{""label"":""transaction_cost"",""value"":""0.3497""}]","[42,41,45]",detail_table_cross_validated,0.7,"[상세표 보강] [(1, '0.5260'), (2, '0.7000'), (3, '0.0300'), (4, '0.0140'), (5, '1.2700'), (6, '0.0002'), (7, '1.2702'), (9, '1.2741'), (10, '0.3497')]"
FUND000090,KR5113450401,C-P,CLASS001051,EXACT_NORMALIZED_MATCH,수수료미징구-오프라인-개인연금,미징구,오프라인,개인연금,True,,없음,없음,없음,,1.5200,0.9500,-,1.5254,"{""1y"":""156"",""2y"":""318"",""3y"":""485"",""5y"":""837"",""10y"":""1829""}","[{""label"":""management_fee"",""value"":""0.5260""},{""label"":""trustee_fee"",""value"":""0.0300""},{""label"":""admin_fee"",""value"":""0.0140""},{""label"":""other_expense"",""value"":""0.0019""},{""label"":""transaction_cost"",""value"":""0.3504""}]","[43,41,45]",detail_table_cross_validated,0.7,"[상세표 보강] [(1, '0.5260'), (2, '0.9500'), (3, '0.0300'), (4, '0.0140'), (5, '1.5200'), (6, '0.0019'), (7, '1.5219'), (9, '1.5254'), (10, '0.3504')]"
FUND000090,KR5113450401,C-Pe,CLASS001052,EXACT_NORMALIZED_MATCH,수수료미징구-온라인-개인연금,미징구,온라인,개인연금,True,,없음,없음,없음,,1.0450,0.4750,-,1.0504,"{""1y"":""108"",""2y"":""220"",""3y"":""336"",""5y"":""582"",""10y"":""1288""}","[{""label"":""management_fee"",""value"":""0.5260""},{""label"":""trustee_fee"",""value"":""0.0300""},{""label"":""admin_fee"",""value"":""0.0140""},{""label"":""other_expense"",""value"":""0.0020""},{""label"":""transaction_cost"",""value"":""0.3475""}]","[43,41,45]",detail_table_cross_validated,0.7,"[상세표 보강] [(1, '0.5260'), (2, '0.4750'), (3, '0.0300'), (4, '0.0140'), (5, '1.0450'), (6, '0.0020'), (7, '1.0470'), (9, '1.0504'), (10, '0.3475')]"
FUND000090,KR5113450401,C-R,CLASS001053,EXACT_NORMALIZED_MATCH,수수료미징구-오프라인-퇴직연금,미징구,오프라인,퇴직연금,True,,없음,없음,없음,,1.2000,0.6300,-,1.2054,"{""1y"":""124"",""2y"":""252"",""3y"":""385"",""5y"":""666"",""10y"":""1467""}","[{""label"":""management_fee"",""value"":""0.5260""},{""label"":""trustee_fee"",""value"":""0.0300""},{""label"":""admin_fee"",""value"":""0.0140""},{""label"":""other_expense"",""value"":""0.0019""},{""label"":""transaction_cost"",""value"":""0.3502""}]","[43,41,45]",detail_table_cross_validated,0.7,"[상세표 보강] [(1, '0.5260'), (2, '0.6300'), (3, '0.0300'), (4, '0.0140'), (5, '1.2000'), (6, '0.0019'), (7, '1.2019'), (9, '1.2054'), (10, '0.3502')]"
FUND000090,KR5113450401,C-Re,CLASS001054,EXACT_NORMALIZED_MATCH,수수료미징구-온라인-퇴직연금,미징구,온라인,퇴직연금,True,,없음,없음,없음,,0.8850,0.3150,-,0.8906,"{""1y"":""91"",""2y"":""186"",""3y"":""285"",""5y"":""495"",""10y"":""1100""}","[{""label"":""management_fee"",""value"":""0.5260""},{""label"":""trustee_fee"",""value"":""0.0300""},{""label"":""admin_fee"",""value"":""0.0140""},{""label"":""other_expense"",""value"":""0.0022""},{""label"":""transaction_cost"",""value"":""0.3476""}]","[43,41,45]",detail_table_cross_validated,0.7,"[상세표 보강] [(1, '0.5260'), (2, '0.3150'), (3, '0.0300'), (4, '0.0140'), (5, '0.8850'), (6, '0.0022'), (7, '0.8872'), (9, '0.8906'), (10, '0.3476')]"
FUND000090,KR5113450401,C-W,CLASS001055,EXACT_NORMALIZED_MATCH,수수료미징구-오프라인-랩,미징구,오프라인,,False,,없음,없음,없음,,0.5700,0.0000,-,0.5751,"{""1y"":""59"",""2y"":""120"",""3y"":""185"",""5y"":""322"",""10y"":""721""}","[{""label"":""management_fee"",""value"":""0.5260""},{""label"":""trustee_fee"",""value"":""0.0300""},{""label"":""admin_fee"",""value"":""0.0140""},{""label"":""other_expense"",""value"":""0.0020""},{""label"":""transaction_cost"",""value"":""0.3029""}]","[43,41,45]",detail_table_cross_validated,0.7,"[상세표 보강] [(1, '0.5260'), (2, '0.0000'), (3, '0.0300'), (4, '0.0140'), (5, '0.5700'), (6, '0.0020'), (7, '0.5720'), (9, '0.5751'), (10, '0.3029')]"
FUND000090,KR5113450401,C-e,CLASS001048,EXACT_NORMALIZED_MATCH,수수료미징구-온라인,미징구,온라인,,True,,없음,없음,없음,,1.0000,0.4300,1.1900,1.0054,"{""1y"":""103"",""2y"":""210"",""3y"":""322"",""5y"":""558"",""10y"":""1236""}","[{""label"":""management_fee"",""value"":""0.5260""},{""label"":""trustee_fee"",""value"":""0.0300""},{""label"":""admin_fee"",""value"":""0.0140""},{""label"":""other_expense"",""value"":""0.0020""},{""label"":""transaction_cost"",""value"":""0.3507""}]","[7,42]",cell_grid,1.0,"클래스명: 수수료 미징구- 온라인 (C-e) | 없음 수수료 미징구- 온라인 (C-e) 없음 1.0000 0.4300 1.1900 1.0054 103 210 322 558 1,236"
FUND000090,KR5113450401,S,CLASS001056,EXACT_NORMALIZED_MATCH,수수료후취-온라인슈퍼,후취,온라인슈퍼,,True,,없음,3년 미만 환 매시 환매금 액의 0.15% 이내,없음,,0.9200,0.3500,-,0.9248,"{""1y"":""95"",""2y"":""193"",""3y"":""296"",""5y"":""514"",""10y"":""1141""}","[{""label"":""management_fee"",""value"":""0.5260""},{""label"":""trustee_fee"",""value"":""0.0300""},{""label"":""admin_fee"",""value"":""0.0140""},{""label"":""other_expense"",""value"":""0.0015""},{""label"":""transaction_cost"",""value"":""0.3502""}]","[43,42,45]",detail_table_cross_validated,0.7,"[상세표 보강] [(1, '0.5260'), (2, '0.3500'), (3, '0.0300'), (4, '0.0140'), (5, '0.9200'), (6, '0.0015'), (7, '0.9215'), (9, '0.9248'), (10, '0.3502')]"
FUND000090,KR5113450401,S-P,CLASS001057,EXACT_NORMALIZED_MATCH,수수료미징구-온라인슈퍼-개인연금,미징구,온라인슈퍼,개인연금,True,,없음,없음,없음,,0.8500,0.2800,-,0.8552,"{""1y"":""88"",""2y"":""179"",""3y"":""274"",""5y"":""476"",""10y"":""1058""}","[{""label"":""management_fee"",""value"":""0.5260""},{""label"":""trustee_fee"",""value"":""0.0300""},{""label"":""admin_fee"",""value"":""0.0140""},{""label"":""other_expense"",""value"":""0.0018""},{""label"":""transaction_cost"",""value"":""0.3487""}]","[43,42,45]",detail_table_cross_validated,0.7,"[상세표 보강] [(1, '0.5260'), (2, '0.2800'), (3, '0.0300'), (4, '0.0140'), (5, '0.8500'), (6, '0.0018'), (7, '0.8518'), (9, '0.8552'), (10, '0.3487')]"
FUND000091,KR5113470030,A,CLASS001058,EXACT_NORMALIZED_MATCH,수수료선취-오프라인,선취,오프라인,,True,,납입금액의 0.90%이내,없음,없음,,0.5440,0.4000,0.8900,0.5717,"{""1y"":""148"",""2y"":""208"",""3y"":""271"",""5y"":""405"",""10y"":""795""}","[{""label"":""management_fee"",""value"":""0.1000""},{""label"":""trustee_fee"",""value"":""0.0300""},{""label"":""admin_fee"",""value"":""0.0140""},{""label"":""other_expense"",""value"":""0.0277""},{""label"":""transaction_cost"",""value"":""0.0957""}]","[5,37]",cell_grid,1.0,클래스명: 수수료선 취-오프 라인 (A) | 납입금 액의 0.9% 이내 수수료선 취-오프 라인 (A) 납입금 액의 0.9% 이내 0.5440 0.4000 0.8900 0.5717 148 208 271 405 795
FUND000091,KR5113470030,A-H,CLASS001060,EXACT_NORMALIZED_MATCH,수수료선취-오프라인-주택마련,선취,오프라인,주택마련,True,,납입금액의 0.90%이내,없음,없음,,0.5340,0.3900,-,0.5599,"{""1y"":""147"",""2y"":""206"",""3y"":""267"",""5y"":""398"",""10y"":""781""}","[{""label"":""management_fee"",""value"":""0.1000""},{""label"":""trustee_fee"",""value"":""0.0300""},{""label"":""admin_fee"",""value"":""0.0140""},{""label"":""other_expense"",""value"":""0.0259""},{""label"":""transaction_cost"",""value"":""0.0933""}]","[38,37,39]",detail_table_cross_validated,0.7,"[상세표 보강] [(1, '0.1000'), (2, '0.3900'), (3, '0.0300'), (4, '0.0140'), (5, '0.5340'), (6, '0.0259'), (7, '0.5599'), (9, '0.0933')]"
FUND000091,KR5113470030,A-e,CLASS001059,EXACT_NORMALIZED_MATCH,수수료선취-온라인,선취,온라인,,True,,납입금액의 0.45%이내,없음,없음,,0.3440,0.2000,0.6000,0.3720,"{""1y"":""83"",""2y"":""122"",""3y"":""164"",""5y"":""252"",""10y"":""512""}","[{""label"":""management_fee"",""value"":""0.1000""},{""label"":""trustee_fee"",""value"":""0.0300""},{""label"":""admin_fee"",""value"":""0.0140""},{""label"":""other_expense"",""value"":""0.0280""},{""label"":""transaction_cost"",""value"":""0.0954""}]","[6,37]",cell_grid,1.0,클래스명: 수수료선 취-온라 인 (A-e) | 납입금 액의 0.45% 이내 수수료선 취-온라 인 (A-e) 납입금 액의 0.45% 이내 0.3440 0.2000 0.6000 0.3720 83 122 164 252 512
FUND000091,KR5113470030,C,CLASS001061,EXACT_NORMALIZED_MATCH,수수료미징구-오프라인,미징구,오프라인,,True,,없음,없음,없음,,1.1440,1.0000,1.3400,1.1716,"{""1y"":""120"",""2y"":""245"",""3y"":""374"",""5y"":""648"",""10y"":""1428""}","[{""label"":""management_fee"",""value"":""0.1000""},{""label"":""trustee_fee"",""value"":""0.0300""},{""label"":""admin_fee"",""value"":""0.0140""},{""label"":""other_expense"",""value"":""0.0276""},{""label"":""transaction_cost"",""value"":""0.0941""}]","[5,38]",cell_grid,1.0,"클래스명: 수수료미 징구-오 프라인 (C) | 없음 수수료미 징구-오 없음 1.1440 1.0000 1.3400 1.1716 120 245 374 648 1,428"
FUND000091,KR5113470030,C-F,CLASS001063,EXACT_NORMALIZED_MATCH,수수료미징구-오프라인-기관,미징구,오프라인,,False,,없음,없음,없음,,0.1740,0.0300,-,0.1740,"{""1y"":""18"",""2y"":""37"",""3y"":""56"",""5y"":""98"",""10y"":""222""}","[{""label"":""management_fee"",""value"":""0.1000""},{""label"":""trustee_fee"",""value"":""0.0300""},{""label"":""admin_fee"",""value"":""0.0140""}]","[38,37,39]",detail_table_cross_validated,0.7,"[상세표 보강] [(1, '0.1000'), (2, '0.0300'), (3, '0.0300'), (4, '0.0140'), (5, '0.1740'), (7, '0.1740')]"
FUND000091,KR5113470030,C-P,CLASS001064,EXACT_NORMALIZED_MATCH,수수료미징구-오프라인-개인연금,미징구,오프라인,개인연금,True,,없음,없음,없음,,0.6340,0.4900,-,0.6615,"{""1y"":""68"",""2y"":""139"",""3y"":""212"",""5y"":""370"",""10y"":""826""}","[{""label"":""management_fee"",""value"":""0.1000""},{""label"":""trustee_fee"",""value"":""0.0300""},{""label"":""admin_fee"",""value"":""0.0140""},{""label"":""other_expense"",""value"":""0.0275""},{""label"":""transaction_cost"",""value"":""0.0945""}]","[38,37,39]",detail_table_cross_validated,0.7,"[상세표 보강] [(1, '0.1000'), (2, '0.4900'), (3, '0.0300'), (4, '0.0140'), (5, '0.6340'), (6, '0.0275'), (7, '0.6615'), (9, '0.0945')]"
FUND000091,KR5113470030,C-Pe,CLASS001065,EXACT_NORMALIZED_MATCH,수수료미징구-온라인-개인연금,미징구,온라인,개인연금,True,,없음,없음,없음,,0.3890,0.2450,-,0.4167,"{""1y"":""43"",""2y"":""87"",""3y"":""134"",""5y"":""234"",""10y"":""527""}","[{""label"":""management_fee"",""value"":""0.1000""},{""label"":""trustee_fee"",""value"":""0.0300""},{""label"":""admin_fee"",""value"":""0.0140""},{""label"":""other_expense"",""value"":""0.0277""},{""label"":""transaction_cost"",""value"":""0.0959""}]","[38,37,39]",detail_table_cross_validated,0.7,"[상세표 보강] [(1, '0.1000'), (2, '0.2450'), (3, '0.0300'), (4, '0.0140'), (5, '0.3890'), (6, '0.0277'), (7, '0.4167'), (9, '0.0959')]"
FUND000091,KR5113470030,C-W,CLASS001066,EXACT_NORMALIZED_MATCH,"수수료미징구-오프라인,직판-랩",미징구,오프라인,,False,,없음,없음,없음,,0.1440,0.0000,-,0.1440,"{""1y"":""15"",""2y"":""30"",""3y"":""46"",""5y"":""81"",""10y"":""184""}","[{""label"":""management_fee"",""value"":""0.1000""},{""label"":""trustee_fee"",""value"":""0.0300""},{""label"":""admin_fee"",""value"":""0.0140""}]","[38,37,39]",detail_table_cross_validated,0.7,"[상세표 보강] [(1, '0.1000'), (2, '0.0000'), (3, '0.0300'), (4, '0.0140'), (5, '0.1440'), (7, '0.1440')]"
FUND000091,KR5113470030,C-e,CLASS001062,EXACT_NORMALIZED_MATCH,수수료미징구-온라인,미징구,온라인,,True,,없음,없음,없음,,0.6440,0.5000,1.0100,0.6717,"{""1y"":""69"",""2y"":""141"",""3y"":""216"",""5y"":""375"",""10y"":""839""}","[{""label"":""management_fee"",""value"":""0.1000""},{""label"":""trustee_fee"",""value"":""0.0300""},{""label"":""admin_fee"",""value"":""0.0140""},{""label"":""other_expense"",""value"":""0.0277""},{""label"":""transaction_cost"",""value"":""0.0970""}]","[6,38]",cell_grid,1.0,클래스명: 수수료미 징구-온 라인 (C-e) | 없음 수수료미 징구-온 라인 (C-e) 없음 0.6440 0.5000 1.0100 0.6717 69 141 216 375 839
FUND000091,KR5113470030,S,CLASS001067,EXACT_NORMALIZED_MATCH,수수료후취-온라인슈퍼,후취,온라인슈퍼,,True,,없음,3년 미만 환매시 : 환 매금액의 0.15% 이내,없음,,0.3340,0.1900,-,0.3610,"{""1y"":""37"",""2y"":""76"",""3y"":""116"",""5y"":""203"",""10y"":""457""}","[{""label"":""management_fee"",""value"":""0.1000""},{""label"":""trustee_fee"",""value"":""0.0300""},{""label"":""admin_fee"",""value"":""0.0140""},{""label"":""other_expense"",""value"":""0.0270""},{""label"":""transaction_cost"",""value"":""0.0927""}]","[38,37,39]",detail_table_cross_validated,0.7,"[상세표 보강] [(1, '0.1000'), (2, '0.1900'), (3, '0.0300'), (4, '0.0140'), (5, '0.3340'), (6, '0.0270'), (7, '0.3610'), (9, '0.0927')]"
FUND000091,KR5113470030,S-P,CLASS001068,EXACT_NORMALIZED_MATCH,수수료미징구-온라인슈퍼-개인연금,미징구,온라인슈퍼,개인연금,True,,없음,없음,없음,,0.2910,0.1470,-,0.3169,"{""1y"":""32"",""2y"":""66"",""3y"":""102"",""5y"":""178"",""10y"":""402""}","[{""label"":""management_fee"",""value"":""0.1000""},{""label"":""trustee_fee"",""value"":""0.0300""},{""label"":""admin_fee"",""value"":""0.0140""},{""label"":""other_expense"",""value"":""0.0259""},{""label"":""transaction_cost"",""value"":""0.0913""}]","[38,37,40]",detail_table_cross_validated,0.7,"[상세표 보강] [(1, '0.1000'), (2, '0.1470'), (3, '0.0300'), (4, '0.0140'), (5, '0.2910'), (6, '0.0259'), (7, '0.3169'), (9, '0.0913')]"
FUND000091,KR5113470031,A,CLASS001058,EXACT_NORMALIZED_MATCH,수수료선취-오프라인,선취,오프라인,,True,,납입금액의 0.90%이내,없음,없음,,0.5440,0.4000,0.8900,0.5717,"{""1y"":""148"",""2y"":""208"",""3y"":""271"",""5y"":""405"",""10y"":""795""}","[{""label"":""management_fee"",""value"":""0.1000""},{""label"":""trustee_fee"",""value"":""0.0300""},{""label"":""admin_fee"",""value"":""0.0140""},{""label"":""other_expense"",""value"":""0.0277""},{""label"":""transaction_cost"",""value"":""0.0957""}]","[5,37]",cell_grid,1.0,클래스명: 수수료선 취-오프 라인 (A) | 납입금 액의 0.9% 이내 수수료선 취-오프 라인 (A) 납입금 액의 0.9% 이내 0.5440 0.4000 0.8900 0.5717 148 208 271 405 795
FUND000091,KR5113470031,A-H,CLASS001060,EXACT_NORMALIZED_MATCH,수수료선취-오프라인-주택마련,선취,오프라인,주택마련,True,,납입금액의 0.90%이내,없음,없음,,0.5340,0.3900,-,0.5599,"{""1y"":""147"",""2y"":""206"",""3y"":""267"",""5y"":""398"",""10y"":""781""}","[{""label"":""management_fee"",""value"":""0.1000""},{""label"":""trustee_fee"",""value"":""0.0300""},{""label"":""admin_fee"",""value"":""0.0140""},{""label"":""other_expense"",""value"":""0.0259""},{""label"":""transaction_cost"",""value"":""0.0933""}]","[38,37,39]",detail_table_cross_validated,0.7,"[상세표 보강] [(1, '0.1000'), (2, '0.3900'), (3, '0.0300'), (4, '0.0140'), (5, '0.5340'), (6, '0.0259'), (7, '0.5599'), (9, '0.0933')]"
FUND000091,KR5113470031,A-e,CLASS001059,EXACT_NORMALIZED_MATCH,수수료선취-온라인,선취,온라인,,True,,납입금액의 0.45%이내,없음,없음,,0.3440,0.2000,0.6000,0.3720,"{""1y"":""83"",""2y"":""122"",""3y"":""164"",""5y"":""252"",""10y"":""512""}","[{""label"":""management_fee"",""value"":""0.1000""},{""label"":""trustee_fee"",""value"":""0.0300""},{""label"":""admin_fee"",""value"":""0.0140""},{""label"":""other_expense"",""value"":""0.0280""},{""label"":""transaction_cost"",""value"":""0.0954""}]","[6,37]",cell_grid,1.0,클래스명: 수수료선 취-온라 인 (A-e) | 납입금 액의 0.45% 이내 수수료선 취-온라 인 (A-e) 납입금 액의 0.45% 이내 0.3440 0.2000 0.6000 0.3720 83 122 164 252 512
FUND000091,KR5113470031,C,CLASS001061,EXACT_NORMALIZED_MATCH,수수료미징구-오프라인,미징구,오프라인,,True,,없음,없음,없음,,1.1440,1.0000,1.3400,1.1716,"{""1y"":""120"",""2y"":""245"",""3y"":""374"",""5y"":""648"",""10y"":""1428""}","[{""label"":""management_fee"",""value"":""0.1000""},{""label"":""trustee_fee"",""value"":""0.0300""},{""label"":""admin_fee"",""value"":""0.0140""},{""label"":""other_expense"",""value"":""0.0276""},{""label"":""transaction_cost"",""value"":""0.0941""}]","[5,38]",cell_grid,1.0,"클래스명: 수수료미 징구-오 프라인 (C) | 없음 수수료미 징구-오 없음 1.1440 1.0000 1.3400 1.1716 120 245 374 648 1,428"
FUND000091,KR5113470031,C-F,CLASS001063,EXACT_NORMALIZED_MATCH,수수료미징구-오프라인-기관,미징구,오프라인,,False,,없음,없음,없음,,0.1740,0.0300,-,0.1740,"{""1y"":""18"",""2y"":""37"",""3y"":""56"",""5y"":""98"",""10y"":""222""}","[{""label"":""management_fee"",""value"":""0.1000""},{""label"":""trustee_fee"",""value"":""0.0300""},{""label"":""admin_fee"",""value"":""0.0140""}]","[38,37,39]",detail_table_cross_validated,0.7,"[상세표 보강] [(1, '0.1000'), (2, '0.0300'), (3, '0.0300'), (4, '0.0140'), (5, '0.1740'), (7, '0.1740')]"
FUND000091,KR5113470031,C-P,CLASS001064,EXACT_NORMALIZED_MATCH,수수료미징구-오프라인-개인연금,미징구,오프라인,개인연금,True,,없음,없음,없음,,0.6340,0.4900,-,0.6615,"{""1y"":""68"",""2y"":""139"",""3y"":""212"",""5y"":""370"",""10y"":""826""}","[{""label"":""management_fee"",""value"":""0.1000""},{""label"":""trustee_fee"",""value"":""0.0300""},{""label"":""admin_fee"",""value"":""0.0140""},{""label"":""other_expense"",""value"":""0.0275""},{""label"":""transaction_cost"",""value"":""0.0945""}]","[38,37,39]",detail_table_cross_validated,0.7,"[상세표 보강] [(1, '0.1000'), (2, '0.4900'), (3, '0.0300'), (4, '0.0140'), (5, '0.6340'), (6, '0.0275'), (7, '0.6615'), (9, '0.0945')]"
FUND000091,KR5113470031,C-Pe,CLASS001065,EXACT_NORMALIZED_MATCH,수수료미징구-온라인-개인연금,미징구,온라인,개인연금,True,,없음,없음,없음,,0.3890,0.2450,-,0.4167,"{""1y"":""43"",""2y"":""87"",""3y"":""134"",""5y"":""234"",""10y"":""527""}","[{""label"":""management_fee"",""value"":""0.1000""},{""label"":""trustee_fee"",""value"":""0.0300""},{""label"":""admin_fee"",""value"":""0.0140""},{""label"":""other_expense"",""value"":""0.0277""},{""label"":""transaction_cost"",""value"":""0.0959""}]","[38,37,39]",detail_table_cross_validated,0.7,"[상세표 보강] [(1, '0.1000'), (2, '0.2450'), (3, '0.0300'), (4, '0.0140'), (5, '0.3890'), (6, '0.0277'), (7, '0.4167'), (9, '0.0959')]"
FUND000091,KR5113470031,C-W,CLASS001066,EXACT_NORMALIZED_MATCH,"수수료미징구-오프라인,직판-랩",미징구,오프라인,,False,,없음,없음,없음,,0.1440,0.0000,-,0.1440,"{""1y"":""15"",""2y"":""30"",""3y"":""46"",""5y"":""81"",""10y"":""184""}","[{""label"":""management_fee"",""value"":""0.1000""},{""label"":""trustee_fee"",""value"":""0.0300""},{""label"":""admin_fee"",""value"":""0.0140""}]","[38,37,39]",detail_table_cross_validated,0.7,"[상세표 보강] [(1, '0.1000'), (2, '0.0000'), (3, '0.0300'), (4, '0.0140'), (5, '0.1440'), (7, '0.1440')]"
FUND000091,KR5113470031,C-e,CLASS001062,EXACT_NORMALIZED_MATCH,수수료미징구-온라인,미징구,온라인,,True,,없음,없음,없음,,0.6440,0.5000,1.0100,0.6717,"{""1y"":""69"",""2y"":""141"",""3y"":""216"",""5y"":""375"",""10y"":""839""}","[{""label"":""management_fee"",""value"":""0.1000""},{""label"":""trustee_fee"",""value"":""0.0300""},{""label"":""admin_fee"",""value"":""0.0140""},{""label"":""other_expense"",""value"":""0.0277""},{""label"":""transaction_cost"",""value"":""0.0970""}]","[6,38]",cell_grid,1.0,클래스명: 수수료미 징구-온 라인 (C-e) | 없음 수수료미 징구-온 라인 (C-e) 없음 0.6440 0.5000 1.0100 0.6717 69 141 216 375 839
FUND000091,KR5113470031,S,CLASS001067,EXACT_NORMALIZED_MATCH,수수료후취-온라인슈퍼,후취,온라인슈퍼,,True,,없음,3년 미만 환매시 : 환 매금액의 0.15% 이내,없음,,0.3340,0.1900,-,0.3610,"{""1y"":""37"",""2y"":""76"",""3y"":""116"",""5y"":""203"",""10y"":""457""}","[{""label"":""management_fee"",""value"":""0.1000""},{""label"":""trustee_fee"",""value"":""0.0300""},{""label"":""admin_fee"",""value"":""0.0140""},{""label"":""other_expense"",""value"":""0.0270""},{""label"":""transaction_cost"",""value"":""0.0927""}]","[38,37,39]",detail_table_cross_validated,0.7,"[상세표 보강] [(1, '0.1000'), (2, '0.1900'), (3, '0.0300'), (4, '0.0140'), (5, '0.3340'), (6, '0.0270'), (7, '0.3610'), (9, '0.0927')]"
FUND000091,KR5113470031,S-P,CLASS001068,EXACT_NORMALIZED_MATCH,수수료미징구-온라인슈퍼-개인연금,미징구,온라인슈퍼,개인연금,True,,없음,없음,없음,,0.2910,0.1470,-,0.3169,"{""1y"":""32"",""2y"":""66"",""3y"":""102"",""5y"":""178"",""10y"":""402""}","[{""label"":""management_fee"",""value"":""0.1000""},{""label"":""trustee_fee"",""value"":""0.0300""},{""label"":""admin_fee"",""value"":""0.0140""},{""label"":""other_expense"",""value"":""0.0259""},{""label"":""transaction_cost"",""value"":""0.0913""}]","[38,37,40]",detail_table_cross_validated,0.7,"[상세표 보강] [(1, '0.1000'), (2, '0.1470'), (3, '0.0300'), (4, '0.0140'), (5, '0.2910'), (6, '0.0259'), (7, '0.3169'), (9, '0.0913')]"
FUND000046,KR5114420016,A,CLASS000639,EXACT_NORMALIZED_MATCH,수수료미징구-오프라인-기관,미징구,오프라인,,False,국제금융기구 또 는 기금 및 조합,없음,없음,없음,없음,0.2350,0.050,0.34,0.2863,"{""1y"":""29"",""2y"":""58"",""3y"":""89"",""5y"":""155"",""10y"":""353""}","[{""label"":""management_fee"",""value"":""0.14""},{""label"":""trustee_fee"",""value"":""0.045""}]","[7,18]",cell_grid,1.0,클래스명: 수수료미징 구 - 오 프라인-기 관 ( A ) | 없음 수수료미징 구 - 오 프라인-기 관 ( A ) 없음 0.2350% 0.050% 0.34% 0.2863% 29 58 89 155 353
FUND000046,KR5114420016,Ag,CLASS000640,EXACT_NORMALIZED_MATCH,수수료선취-오프라인-무권유저비용,선취,오프라인,,True,투자자문을 받거 나 투자권유 없이 수익증권을 매수 하는 고객 전용으 로 선취판매수수 료가 징구되는 수 익증권,납입금액 의 0.210% 이내,없음,없음,없음,0.3350,0.15,-,0.335,"{""1y"":""54"",""2y"":""89"",""3y"":""125"",""5y"":""202"",""10y"":""433""}","[{""label"":""management_fee"",""value"":""0.14""},{""label"":""trustee_fee"",""value"":""0.045""}]","[19,35,39]",detail_table_cross_validated,0.7,"[상세표 보강] [(4, '0.14'), (5, '0.15'), (6, '0.045')]"
FUND000046,KR5114420016,C-P,CLASS000644,EXACT_NORMALIZED_MATCH,수수료미징구-오프라인-개인연금,미징구,오프라인,개인연금,True,연금저축 전용,없음,없음,없음,없음,0.5590,0.374,,0.6099,"{""1y"":""61"",""2y"":""124"",""3y"":""189"",""5y"":""331"",""10y"":""752""}","[{""label"":""management_fee"",""value"":""0.14""},{""label"":""trustee_fee"",""value"":""0.045""}]","[7,19]",cell_grid,1.0,클래스명: 수수료미 징 구 - 오 프 라인-개 인 연 금 ( C- P) | 없음 수수료미 징 구 - 오 프 라인-개 인 연 금 ( C- P) 없음 0.5590% 0.374% 0.6099% 61 124 189 331 752
FUND000046,KR5114420016,C-Pe,CLASS000645,EXACT_NORMALIZED_MATCH,수수료미징구-온라인-개인연금,미징구,온라인,개인연금,True,연금저축 온라인 용,없음,없음,없음,없음,0.3720,0.187,-,0.4253,"{""1y"":""43"",""2y"":""86"",""3y"":""132"",""5y"":""231"",""10y"":""524""}","[{""label"":""management_fee"",""value"":""0.14""},{""label"":""trustee_fee"",""value"":""0.045""}]","[19,36,39]",detail_table_cross_validated,0.7,"[상세표 보강] [(4, '0.14'), (5, '0.187'), (6, '0.045')]"
FUND000046,KR5114420016,Cf,CLASS000642,EXACT_NORMALIZED_MATCH,수수료미징구-오프라인-기관,미징구,오프라인,,False,집합투자기구,없음,없음,없음,없음,0.2050,0.02,-,0.2522,"{""1y"":""25"",""2y"":""51"",""3y"":""78"",""5y"":""137"",""10y"":""311""}","[{""label"":""management_fee"",""value"":""0.14""},{""label"":""trustee_fee"",""value"":""0.045""}]","[19,35,39]",detail_table_cross_validated,0.7,"[상세표 보강] [(4, '0.14'), (5, '0.02'), (6, '0.045')]"
FUND000046,KR5114420016,Cg,CLASS000641,EXACT_NORMALIZED_MATCH,수수료미징구-오프라인-무권유저비용,미징구,오프라인,,True,투자자문을 받거 나 투자권유 없이 수익증권을 매수 하는 고객 전용 수익증권,없음,없음,없음,없음,0.4650,0.28,-,0.465,"{""1y"":""46"",""2y"":""94"",""3y"":""144"",""5y"":""252"",""10y"":""573""}","[{""label"":""management_fee"",""value"":""0.14""},{""label"":""trustee_fee"",""value"":""0.045""}]","[19,35,39]",detail_table_cross_validated,0.7,"[상세표 보강] [(4, '0.14'), (5, '0.28'), (6, '0.045')]"
FUND000046,KR5114420016,Cp(퇴직연금),CLASS000646,EXACT_NORMALIZED_MATCH,수수료미징구-오프라인-퇴직연금,미징구,오프라인,퇴직연금,True,퇴직연금 전용,없음,없음,없음,없음,0.5050,0.32,-,0.5563,"{""1y"":""56"",""2y"":""113"",""3y"":""173"",""5y"":""302"",""10y"":""685""}","[{""label"":""management_fee"",""value"":""0.14""},{""label"":""trustee_fee"",""value"":""0.045""}]","[19,39]",detail_table_cross_validated,0.7,"[상세표 보강] [(4, '0.14'), (5, '0.32'), (6, '0.045')]"
FUND000046,KR5114420016,Cp-f(퇴직연금),CLASS000648,EXACT_NORMALIZED_MATCH,"수수료미징구-오프라인-기관,퇴직연금",미징구,오프라인,퇴직연금,False,퇴직연금 전용 집 합투자기구,없음,없음,없음,없음,0.1950,0.01,-,0.197,"{""1y"":""20"",""2y"":""40"",""3y"":""61"",""5y"":""107"",""10y"":""243""}","[{""label"":""management_fee"",""value"":""0.14""},{""label"":""trustee_fee"",""value"":""0.045""}]","[19,40]",detail_table_cross_validated,0.7,"[상세표 보강] [(4, '0.14'), (5, '0.01'), (6, '0.045')]"
FUND000046,KR5114420016,Cpe(퇴직연금),CLASS000647,EXACT_NORMALIZED_MATCH,수수료미징구-온라인-퇴직연금,미징구,온라인,퇴직연금,True,퇴직연금 온라인 용,없음,없음,없음,없음,0.3450,0.16,-,0.4005,"{""1y"":""40"",""2y"":""81"",""3y"":""124"",""5y"":""217"",""10y"":""493""}","[{""label"":""management_fee"",""value"":""0.14""},{""label"":""trustee_fee"",""value"":""0.045""}]","[19,39]",detail_table_cross_validated,0.7,"[상세표 보강] [(4, '0.14'), (5, '0.16'), (6, '0.045')]"
FUND000046,KR5114420016,Cw,CLASS000643,EXACT_NORMALIZED_MATCH,수수료미징구-오프라인-랩,미징구,오프라인,,False,Wrap 계좌전용 등,없음,없음,없음,없음,0.1850,0.00,-,0.2326,"{""1y"":""23"",""2y"":""47"",""3y"":""72"",""5y"":""126"",""10y"":""287""}","[{""label"":""management_fee"",""value"":""0.14""},{""label"":""trustee_fee"",""value"":""0.045""}]","[19,35,39]",detail_table_cross_validated,0.7,"[상세표 보강] [(4, '0.14'), (5, '0.00'), (6, '0.045')]"
FUND000046,KR5114420016,I,CLASS000649,EXACT_NORMALIZED_MATCH,수수료미징구-오프라인-기관,미징구,오프라인,,False,법인전용,없음,없음,없음,없음,0.2350,0.05,-,0.2948,"{""1y"":""29"",""2y"":""60"",""3y"":""92"",""5y"":""160"",""10y"":""363""}","[{""label"":""management_fee"",""value"":""0.14""},{""label"":""trustee_fee"",""value"":""0.045""}]","[19,36,40]",detail_table_cross_validated,0.7,"[상세표 보강] [(4, '0.14'), (5, '0.05'), (6, '0.045')]"
FUND000046,KR5114420016,R,CLASS000650,EXACT_NORMALIZED_MATCH,수수료미징구-오프라인,미징구,오프라인,,True,개인전용,없음,없음,없음,없음,0.6000,0.415,,0.6488,"{""1y"":""65"",""2y"":""132"",""3y"":""201"",""5y"":""352"",""10y"":""800""}","[{""label"":""management_fee"",""value"":""0.14""},{""label"":""trustee_fee"",""value"":""0.045""}]","[7,19]",cell_grid,1.0,클래스명: 투자비용 수수료미징구-오프라인(R) 1 | 없음 수수료미징구-오프라인(R) 없음 0.6000% 0.415% 0.6488% 65 132 201 352 800 1
FUND000046,KR5114420016,R-A,CLASS000651,EXACT_NORMALIZED_MATCH,수수료선취-오프라인,선취,오프라인,,True,제한없음,납입금액 의 0.3% 이내,없음,없음,없음,0.4000,0.215,,0.4566,"{""1y"":""76"",""2y"":""122"",""3y"":""171"",""5y"":""277"",""10y"":""591""}","[{""label"":""management_fee"",""value"":""0.14""},{""label"":""trustee_fee"",""value"":""0.045""}]","[7,19]",cell_grid,1.0,클래스명: 수수료선취-오프라인(R-A) | 납입금액의 0.3% 이내 수수료선취-오프라인(R-A) 납입금액의 0.3% 이내 0.4000% 0.215% 0.4566% 76 122 171 277 591
FUND000046,KR5114420016,R-Ae,CLASS000638,EXACT_NORMALIZED_MATCH,수수료선취-온라인,선취,온라인,,True,온라인 전용(선취 판매수수료 징구),납입금액 의 0.15%이내,없음,없음,없음,0.2930,0.108,-,0.3481,"{""1y"":""50"",""2y"":""85"",""3y"":""123"",""5y"":""204"",""10y"":""443""}","[{""label"":""management_fee"",""value"":""0.14""},{""label"":""trustee_fee"",""value"":""0.045""}]","[18,35,38]",detail_table_cross_validated,0.7,"[상세표 보강] [(4, '0.14'), (5, '0.108'), (6, '0.045')]"
FUND000046,KR5114420016,Re,CLASS000637,EXACT_NORMALIZED_MATCH,수수료미징구-온라인,미징구,온라인,,True,개인투자자 온라 인 전용,없음,없음,없음,없음,0.3930,0.208,-,0.4522,"{""1y"":""45"",""2y"":""92"",""3y"":""140"",""5y"":""245"",""10y"":""557""}","[{""label"":""management_fee"",""value"":""0.14""},{""label"":""trustee_fee"",""value"":""0.045""}]","[18,35,38]",detail_table_cross_validated,0.7,"[상세표 보강] [(4, '0.14'), (5, '0.208'), (6, '0.045')]"
FUND000046,KR5114420016,S,CLASS000652,EXACT_NORMALIZED_MATCH,수수료후취-온라인슈퍼,후취,온라인슈퍼,,True,온라인판매시스템 통해 매수하는 투 자자 전용,없음,3년 미만 환매시: 환매금액 의 0.15% 이내,없음,없음,0.3350,0.150,,0.3862,"{""1y"":""54"",""2y"":""93"",""3y"":""135"",""5y"":""224"",""10y"":""490""}","[{""label"":""management_fee"",""value"":""0.14""},{""label"":""trustee_fee"",""value"":""0.045""}]","[7,19]",cell_grid,1.0,클래스명: 수수료후취-온라인슈퍼(S) | 3년 미만 환 매 시 : 환매금액의 0 .1 5% 이 내 수수료후취-온라인슈퍼(S) 3년 미만 환 매 시 : 환매금액의 0 .1 5% 이 내 0.3350% 0.150% 0.3862% 54 93 135 224 490
FUND000046,KR5114420016,S-P,CLASS000653,EXACT_NORMALIZED_MATCH,수수료미징구-온라인슈퍼-개인연금,미징구,온라인슈퍼,개인연금,True,온라인판매시스템 통해 매수하는 투 자자 전용(연금저 축 전용),없음,없음,없음,없음,0.3050,0.12,-,0.3575,"{""1y"":""36"",""2y"":""72"",""3y"":""111"",""5y"":""194"",""10y"":""441""}","[{""label"":""management_fee"",""value"":""0.14""},{""label"":""trustee_fee"",""value"":""0.045""}]","[19,36,40]",detail_table_cross_validated,0.7,"[상세표 보강] [(4, '0.14'), (5, '0.12'), (6, '0.045')]"
FUND000046,KR5114420016,S-P(퇴직연금),CLASS000654,EXACT_NORMALIZED_MATCH,수수료미징구-온라인슈퍼-퇴직연금,미징구,온라인슈퍼,퇴직연금,True,온라인판매시스템 통해 매수하는 투 자자 전용(퇴직연 금 전용),없음,없음,없음,없음,0.2950,0.11,-,0.3467,"{""1y"":""35"",""2y"":""70"",""3y"":""108"",""5y"":""188"",""10y"":""427""}","[{""label"":""management_fee"",""value"":""0.14""},{""label"":""trustee_fee"",""value"":""0.045""}]","[19,40]",detail_table_cross_validated,0.7,"[상세표 보강] [(4, '0.14'), (5, '0.11'), (6, '0.045')]"
FUND000046,KR5114420016,직판,CLASS000655,EXACT_NORMALIZED_MATCH,수수료미징구-직판,미징구,직판,,True,직판 전용,없음,없음,없음,없음,0.1900,0.005,-,0.2291,"{""1y"":""23"",""2y"":""46"",""3y"":""71"",""5y"":""124"",""10y"":""282""}","[{""label"":""management_fee"",""value"":""0.14""},{""label"":""trustee_fee"",""value"":""0.045""}]","[19,36,41]",detail_table_cross_validated,0.7,"[상세표 보강] [(4, '0.14'), (5, '0.005'), (6, '0.045')]"
FUND000047,KR5114420022,C,CLASS000656,EXACT_NORMALIZED_MATCH,수수료미징구-오프라인-개인연금,미징구,오프라인,개인연금,True,제한없음,없음,없음,없음,없음,0.9500,0.650,0.39,0.9607,"{""1y"":""96"",""2y"":""195"",""3y"":""298"",""5y"":""521"",""10y"":""1184""}","[{""label"":""management_fee"",""value"":""0.26""},{""label"":""trustee_fee"",""value"":""0.04""}]","[7,16]",cell_grid,1.0,"클래스명: 수수료미 징 구 -오 프 라인-개 인 연 금 (C ) | 없음 수수료미 징 구 -오 프 라인-개 인 연 금 (C ) 없음 0.9500% 0.650% 0.39% 0.9607% 96 195 298 521 1,184 1"
FUND000047,KR5114420022,Ce,CLASS000657,EXACT_NORMALIZED_MATCH,수수료미징구-온라인-개인연금,미징구,온라인,개인연금,True,온라인용,없음,없음,없음,없음,0.6250,0.325,0.25,0.6356,"{""1y"":""64"",""2y"":""129"",""3y"":""197"",""5y"":""345"",""10y"":""783""}","[{""label"":""management_fee"",""value"":""0.26""},{""label"":""trustee_fee"",""value"":""0.04""}]","[7,16]",cell_grid,1.0,클래스명: 투자비용 1 수수료미징 구 - 온 라 인-개인 연 금 ( Ce ) | 없음 수수료미징 구 - 온 라 인-개인 연 금 ( Ce ) 없음 0.6250% 0.325% 0.25% 0.6356% 64 129 197 345 1 783
FUND000047,KR5114420022,S-P,CLASS000658,EXACT_NORMALIZED_MATCH,수수료미징구-온라인슈퍼-개인연금,미징구,온라인슈퍼,개인연금,True,온라인 판매시스 템 통해 매수하는 투자자 전용(연금 저축 전용),없음,없음,없음,없음,0.4200,0.12,-,0.4283,"{""1y"":""43"",""2y"":""87"",""3y"":""133"",""5y"":""232"",""10y"":""528""}","[{""label"":""management_fee"",""value"":""0.26""},{""label"":""trustee_fee"",""value"":""0.04""}]","[16,36,38]",detail_table_cross_validated,0.7,"[상세표 보강] [(4, '0.26'), (5, '0.12'), (6, '0.04')]"
FUND000048,KR5114420027,A,CLASS000659,EXACT_NORMALIZED_MATCH,수수료선취-오프라인,선취,오프라인,,True,제한없음,납입금액의 100분의0.3 이내,없음,없음,없음,0.3000,0.170,0.34,0.3144,"{""1y"":""61"",""2y"":""94"",""3y"":""127"",""5y"":""200"",""10y"":""416""}","[{""label"":""management_fee"",""value"":""0.12""},{""label"":""trustee_fee"",""value"":""0.01""}]","[7,18]",cell_grid,1.0,클래스명: 수수료선취-오프라인(A) | 납입금액의 100분의 0.3 이내 수수료선취-오프라인(A) 납입금액의 100분의 0.3 이내 0.3000% 0.170% 0.34% 0.3144% 61 94 127 200 416
FUND000048,KR5114420027,Ae,CLASS000660,EXACT_NORMALIZED_MATCH,수수료선취-온라인,선취,온라인,,True,선취징구 온라인 용,납입금액의 100분의0.15 이내,없음,없음,없음,0.2150,0.085,0.25,0.2295,"{""1y"":""38"",""2y"":""61"",""3y"":""86"",""5y"":""139"",""10y"":""297""}","[{""label"":""management_fee"",""value"":""0.12""},{""label"":""trustee_fee"",""value"":""0.01""}]","[7,19]",cell_grid,1.0,클래스명: 수수료선취-온라인(Ae) | 납입금액의 10 0분의 0.15 이 내 수수료선취-온라인(Ae) 납입금액의 10 0분의 0.15 이 내 0.2150% 0.085% 0.25% 0.2295% 38 61 86 139 297
FUND000048,KR5114420027,C,CLASS000661,EXACT_NORMALIZED_MATCH,수수료미징구-오프라인,미징구,오프라인,,True,제한없음,없음,없음,없음,없음,0.4500,0.320,0.4,0.4618,"{""1y"":""46"",""2y"":""94"",""3y"":""143"",""5y"":""251"",""10y"":""569""}","[{""label"":""management_fee"",""value"":""0.12""},{""label"":""trustee_fee"",""value"":""0.01""}]","[7,19]",cell_grid,1.0,클래스명: 수수료미징구-오프라인(C) | 없음 수수료미징구-오프라인(C) 없음 0.4500% 0.320% 0.4% 0.4618% 46 94 143 251 569
FUND000048,KR5114420027,C-P,CLASS000666,EXACT_NORMALIZED_MATCH,수수료미징구-오프라인-개인연금,미징구,오프라인,개인연금,True,연금저축 전용,없음,없음,없음,없음,0.4300,0.300,,0.4444,"{""1y"":""44"",""2y"":""90"",""3y"":""138"",""5y"":""241"",""10y"":""548""}","[{""label"":""management_fee"",""value"":""0.12""},{""label"":""trustee_fee"",""value"":""0.01""}]","[7,19]",cell_grid,1.0,클래스명: 수수료미 징 구 - 오 프 라인-개 투자비용 1 인 연 금 ( C- P) | 없음 수수료미 징 구 - 오 프 라인-개 인 연 금 ( C- P) 없음 0.4300% 0.300% 0.4444% 44 90 138 241 548 1
FUND000048,KR5114420027,C-Pe,CLASS000667,EXACT_NORMALIZED_MATCH,수수료미징구-온라인-개인연금,미징구,온라인,개인연금,True,연금저축 온라인 용,없음,없음,없음,없음,0.2900,0.160,,0.3047,"{""1y"":""30"",""2y"":""62"",""3y"":""95"",""5y"":""165"",""10y"":""375""}","[{""label"":""management_fee"",""value"":""0.12""},{""label"":""trustee_fee"",""value"":""0.01""}]","[7,19]",cell_grid,1.0,클래스명: 수수료미 징 구 - 온 라 인-개인 연 금 ( C -P e) | 없음 수수료미 징 구 - 온 라 인-개인 연 금 ( C -P e) 없음 0.2900% 0.160% 0.3047% 30 62 95 165 375
FUND000048,KR5114420027,CYe,CLASS000670,EXACT_NORMALIZED_MATCH,"수수료미징구-온라인-무권유저비용,개인연금",미징구,온라인,개인연금,True,투자자문을 받거 나 투자권유 없이 수익증권을 매수 하는 고객 전용 연금저축 온라인 수익증권,없음,없음,없음,없음,0.2500,0.12,-,0.2641,"{""1y"":""26"",""2y"":""54"",""3y"":""82"",""5y"":""143"",""10y"":""325""}","[{""label"":""management_fee"",""value"":""0.12""},{""label"":""trustee_fee"",""value"":""0.01""}]","[19,34,37]",detail_table_cross_validated,0.7,"[상세표 보강] [(4, '0.12'), (5, '0.12'), (6, '0.01')]"
FUND000048,KR5114420027,Ce,CLASS000662,EXACT_NORMALIZED_MATCH,수수료미징구-온라인,미징구,온라인,,True,온라인용,없음,없음,없음,없음,0.2890,0.159,0.26,0.3035,"{""1y"":""30"",""2y"":""62"",""3y"":""94"",""5y"":""165"",""10y"":""374""}","[{""label"":""management_fee"",""value"":""0.12""},{""label"":""trustee_fee"",""value"":""0.01""}]","[7,19]",cell_grid,1.0,클래스명: 수수료미징구-온라인(Ce) | 없음 수수료미징구-온라인(Ce) 없음 0.2890% 0.159% 0.26% 0.3035% 30 62 94 165 374
FUND000048,KR5114420027,Cf,CLASS000663,EXACT_NORMALIZED_MATCH,수수료미징구-오프라인-기관,미징구,오프라인,,False,집합투자기구 등,없음,없음,없음,없음,0.1500,0.02,-,0.1643,"{""1y"":""16"",""2y"":""33"",""3y"":""51"",""5y"":""89"",""10y"":""203""}","[{""label"":""management_fee"",""value"":""0.12""},{""label"":""trustee_fee"",""value"":""0.01""}]","[19,33,36]",detail_table_cross_validated,0.7,"[상세표 보강] [(4, '0.12'), (5, '0.02'), (6, '0.01')]"
FUND000048,KR5114420027,Ci,CLASS000664,EXACT_NORMALIZED_MATCH,수수료미징구-오프라인-고액,미징구,오프라인,,False,100억 이상 법인,없음,없음,없음,없음,0.1600,0.03,-,0.16,"{""1y"":""16"",""2y"":""32"",""3y"":""50"",""5y"":""87"",""10y"":""197""}","[{""label"":""management_fee"",""value"":""0.12""},{""label"":""trustee_fee"",""value"":""0.01""}]","[19,33,37]",detail_table_cross_validated,0.7,"[상세표 보강] [(4, '0.12'), (5, '0.03'), (6, '0.01')]"
FUND000048,KR5114420027,Cp(퇴직연금),CLASS000668,EXACT_NORMALIZED_MATCH,수수료미징구-오프라인-퇴직연금,미징구,오프라인,퇴직연금,True,퇴직연금 전용,없음,없음,없음,없음,0.3500,0.220,,0.3500,"{""1y"":""35"",""2y"":""71"",""3y"":""109"",""5y"":""190"",""10y"":""431""}","[{""label"":""management_fee"",""value"":""0.12""},{""label"":""trustee_fee"",""value"":""0.01""}]","[7,19]",cell_grid,1.0,클래스명: 수수 료 미 징 구 - 오 프 라 인 - 퇴 직 연 금 (C p( 퇴 직 연 금 ) ) | 없음 수수 료 미 징 구 - 오 프 라 인 - 퇴 직 연 금 (C p( 퇴 직 연 금 ) ) 없음 0.3500% 0.220% 0.3500% 35 71 109 190 431
FUND000048,KR5114420027,Cpe(퇴직연금),CLASS000669,EXACT_NORMALIZED_MATCH,수수료미징구-온라인-퇴직연금,미징구,온라인,퇴직연금,True,퇴직연금 온라인 용,없음,없음,없음,없음,0.2400,0.110,,0.2545,"{""1y"":""25"",""2y"":""52"",""3y"":""79"",""5y"":""138"",""10y"":""314""}","[{""label"":""management_fee"",""value"":""0.12""},{""label"":""trustee_fee"",""value"":""0.01""}]","[7,19]",cell_grid,1.0,클래스명: 수수 료 미 징 구 -온 라 인 - 퇴 직 연 금 (C pe (퇴 직 연 금 ) ) | 없음 수수 료 미 징 구 -온 라 인 - 퇴 직 연 금 (C pe (퇴 직 연 금 ) ) 없음 0.2400% 0.110% 0.2545% 25 52 79 138 314
FUND000048,KR5114420027,Cw,CLASS000665,EXACT_NORMALIZED_MATCH,수수료미징구-오프라인-랩,미징구,오프라인,,False,Wrap 계좌전용 등,없음,없음,없음,없음,0.1300,0.00,-,0.13,"{""1y"":""13"",""2y"":""26"",""3y"":""40"",""5y"":""71"",""10y"":""160""}","[{""label"":""management_fee"",""value"":""0.12""},{""label"":""trustee_fee"",""value"":""0.01""}]","[19,33,37]",detail_table_cross_validated,0.7,"[상세표 보강] [(4, '0.12'), (5, '0.00'), (6, '0.01')]"
FUND000048,KR5114420027,S,CLASS000671,EXACT_NORMALIZED_MATCH,수수료후취-온라인슈퍼,후취,온라인슈퍼,,True,온라인 판매시스 템 통해 매수하는 투자자 전용,없음,3년 미만 환매시 환 매금액의 100분의 0.15 이내,없음,없음,0.2800,0.150,,0.2918,"{""1y"":""44"",""2y"":""74"",""3y"":""105"",""5y"":""173"",""10y"":""374""}","[{""label"":""management_fee"",""value"":""0.12""},{""label"":""trustee_fee"",""value"":""0.01""}]","[7,19]",cell_grid,1.0,클래스명: 수수료후취-온라인슈퍼(S) | 3년 미 만 환 매 시 환 매 금액의 10 0분 의 0 .1 5 이 내 수수료후취-온라인슈퍼(S) 3년 미 만 환 매 시 환 매 금액의 10 0분 의 0 .1 5 이 내 0.2800% 0.150% 0.2918% 44 74 105 173 374
FUND000048,KR5114420027,S-P,CLASS000672,EXACT_NORMALIZED_MATCH,수수료미징구-온라인슈퍼-개인연금,미징구,온라인슈퍼,개인연금,True,온라인 판매시스 템 통해 매수하는 투자자 전용(연금 저축 전용),없음,없음,없음,없음,0.2300,0.10,-,0.2423,"{""1y"":""24"",""2y"":""49"",""3y"":""75"",""5y"":""131"",""10y"":""299""}","[{""label"":""management_fee"",""value"":""0.12""},{""label"":""trustee_fee"",""value"":""0.01""}]","[19,34,38]",detail_table_cross_validated,0.7,"[상세표 보강] [(4, '0.12'), (5, '0.10'), (6, '0.01')]"
FUND000048,KR5114420027,직판,CLASS000673,EXACT_NORMALIZED_MATCH,수수료미징구-직판,미징구,직판,,True,직판 전용,없음,없음,없음,없음,0.1350,0.005,-,0.1472,"{""1y"":""15"",""2y"":""30"",""3y"":""46"",""5y"":""80"",""10y"":""181""}","[{""label"":""management_fee"",""value"":""0.12""},{""label"":""trustee_fee"",""value"":""0.01""}]","[19,34,38]",detail_table_cross_validated,0.7,"[상세표 보강] [(4, '0.12'), (5, '0.005'), (6, '0.01')]"
FUND000048,KR5114420027,직판f,CLASS000674,EXACT_NORMALIZED_MATCH,수수료미징구-직판-기관,미징구,직판,,False,직판 전용(법인 전용),없음,없음,없음,없음,0.1300,0.00,-,0.13,"{""1y"":""13"",""2y"":""26"",""3y"":""40"",""5y"":""71"",""10y"":""160""}","[{""label"":""management_fee"",""value"":""0.12""},{""label"":""trustee_fee"",""value"":""0.01""}]","[19,34]",detail_table_cross_validated,0.7,"[상세표 보강] [(4, '0.12'), (5, '0.00'), (6, '0.01')]"
FUND000049,KR5114420046,C,CLASS000675,EXACT_NORMALIZED_MATCH,수수료미징구-오프라인-퇴직연금,미징구,오프라인,퇴직연금,True,제한없음,없음,없음,"90일미만 이익금의 30%. 다만 , 2013년 1월17일 이후 환매 청구하는 경우에는 환매수수 료를 부과 하지 않음",없음,0.4200,0.280,0.4,0.4313,"{""1y"":""43"",""2y"":""87"",""3y"":""134"",""5y"":""234"",""10y"":""532""}","[{""label"":""management_fee"",""value"":""0.12""},{""label"":""trustee_fee"",""value"":""0.02""}]","[7,16]",cell_grid,1.0,클래스명: 수수료미 징 구 -오 프 라인-퇴 직 연 금 (C ) | 없음 수수료미 징 구 -오 프 라인-퇴 직 연 금 (C ) 없음 0.4200% 0.280% 0.4% 0.4313% 43 87 134 234 532
FUND000049,KR5114420046,Ce,CLASS000676,EXACT_NORMALIZED_MATCH,수수료미징구-온라인-퇴직연금,미징구,온라인,퇴직연금,True,온라인용,없음,없음,"90일미만 이익금의 30%. 다만 , 2013년 1월17일 이후 환매 청구하는 경우에는 환매수수 료를 부과 하지 않음",없음,0.2800,0.140,0.26,0.2913,"{""1y"":""29"",""2y"":""59"",""3y"":""90"",""5y"":""158"",""10y"":""359""}","[{""label"":""management_fee"",""value"":""0.12""},{""label"":""trustee_fee"",""value"":""0.02""}]","[7,16]",cell_grid,1.0,클래스명: 수수료미징 구 - 온 라 인-퇴직 투자비용 1 연 금 ( Ce ) | 없음 수수료미징 구 - 온 라 인-퇴직 연 금 ( Ce ) 없음 0.2800% 0.140% 0.26% 0.2913% 29 59 90 158 359 1
FUND000049,KR5114420046,Cf,CLASS000677,EXACT_NORMALIZED_MATCH,"수수료미징구-오프라인-기관,퇴직연금",미징구,오프라인,퇴직연금,False,집합투자기구 등,없음,없음,"90일미만 이익금의 30%. 다만 , 2013년 1월17일 이후 환매 청구하는 경우에는 환매수수 료를 부과 하지 않음",없음,0.1700,0.030,,0.1700,"{""1y"":""17"",""2y"":""34"",""3y"":""53"",""5y"":""92"",""10y"":""209""}","[{""label"":""management_fee"",""value"":""0.12""},{""label"":""trustee_fee"",""value"":""0.02""}]","[7,16]",cell_grid,1.0,"클래스명: 수수료 미 징 구 -오 프 라 인-기 관 ,퇴 직 연 금 (C f) | 없음 수수료 미 징 구 -오 프 라 인-기 관 ,퇴 직 연 금 (C f) 없음 0.1700% 0.030% 0.1700% 17 34 53 92 209"
FUND000050,KR5114450222,C,CLASS000678,EXACT_NORMALIZED_MATCH,수수료미징구-오프라인-개인연금,미징구,오프라인,개인연금,True,제한없음,없음,없음,없음,없음,1.4700,0.950,1.59,1.4742,"{""1y"":""147"",""2y"":""299"",""3y"":""458"",""5y"":""800"",""10y"":""1817""}","[{""label"":""management_fee"",""value"":""0.50""},{""label"":""trustee_fee"",""value"":""0.02""}]","[7,17]",cell_grid,1.0,"클래스명: 수수료미 징 구 -오 프 라인-개 인 연 금 (C ) | 없음 수수료미 징 구 -오 프 라인-개 인 연 금 (C ) 없음 1.4700% 0.950% 1.59% 1.4742% 147 299 458 800 1,817"
FUND000050,KR5114450222,Ce,CLASS000679,EXACT_NORMALIZED_MATCH,수수료미징구-온라인-개인연금,미징구,온라인,개인연금,True,온라인용,없음,없음,없음,없음,0.9950,0.475,1.17,0.9990,"{""1y"":""100"",""2y"":""202"",""3y"":""310"",""5y"":""542"",""10y"":""1231""}","[{""label"":""management_fee"",""value"":""0.50""},{""label"":""trustee_fee"",""value"":""0.02""}]","[7,17]",cell_grid,1.0,"클래스명: 투자비용 수수료미징 구 - 온 라 인-개인 1 연 금 ( Ce ) | 없음 수수료미징 구 - 온 라 인-개인 연 금 ( Ce ) 없음 0.9950% 0.475% 1.17% 0.9990% 100 202 310 542 1,231 1"
FUND000050,KR5114450222,S-P,CLASS000680,EXACT_NORMALIZED_MATCH,수수료미징구-온라인슈퍼-개인연금,미징구,온라인슈퍼,개인연금,True,온라인 판매시스 템 통해 매수하는 투자자 전용(연금 전용),없음,없음,없음,없음,0.8000,0.280,,0.8022,"{""1y"":""80"",""2y"":""163"",""3y"":""249"",""5y"":""435"",""10y"":""989""}","[{""label"":""management_fee"",""value"":""0.50""},{""label"":""trustee_fee"",""value"":""0.02""}]","[7,17]",cell_grid,1.0,클래스명: 수수료 미 징 구 -온 라 인 슈퍼- 개 인 연 금 (S -P ) | 없음 수수료 미 징 구 -온 라 인 슈퍼- 개 인 연 금 (S -P ) 없음 0.8000% 0.280% 0.8022% 80 163 249 435 989
FUND000051,KR5114450270,C,CLASS000681,EXACT_NORMALIZED_MATCH,수수료미징구-오프라인-퇴직연금,미징구,오프라인,퇴직연금,True,제한없음,없음,없음,없음,없음,0.5900,0.400,1.6,0.6146,"{""1y"":""61"",""2y"":""125"",""3y"":""191"",""5y"":""333"",""10y"":""757""}","[{""label"":""management_fee"",""value"":""0.17""},{""label"":""trustee_fee"",""value"":""0.02""}]","[7,16]",cell_grid,1.0,클래스명: 수수료미 징 구 -오 프 라인-퇴 직 연 금 (C ) | 없음 수수료미 징 구 -오 프 라인-퇴 직 연 금 (C ) 없음 0.5900% 0.400% 1.6% 0.6146% 61 125 191 333 757
FUND000051,KR5114450270,Ce,CLASS000682,EXACT_NORMALIZED_MATCH,수수료미징구-온라인-퇴직연금,미징구,온라인,퇴직연금,True,온라인용,없음,없음,없음,없음,0.3900,0.200,1.14,0.4148,"{""1y"":""41"",""2y"":""84"",""3y"":""129"",""5y"":""225"",""10y"":""511""}","[{""label"":""management_fee"",""value"":""0.17""},{""label"":""trustee_fee"",""value"":""0.02""}]","[7,16]",cell_grid,1.0,클래스명: 수수료미징 구 - 온 라 인-퇴직 연 금 ( Ce ) | 없음 수수료미징 구 - 온 라 인-퇴직 연 금 ( Ce ) 없음 0.3900% 0.200% 1.14% 0.4148% 41 84 129 225 511 1
FUND000051,KR5114450270,Cf,CLASS000683,EXACT_NORMALIZED_MATCH,"수수료미징구-오프라인-기관,퇴직연금",미징구,오프라인,퇴직연금,False,집합투자기구 등,없음,없음,없음,없음,0.2200,0.030,,0.2200,"{""1y"":""22"",""2y"":""45"",""3y"":""68"",""5y"":""119"",""10y"":""271""}","[{""label"":""management_fee"",""value"":""0.17""},{""label"":""trustee_fee"",""value"":""0.02""}]","[7,16]",cell_grid,1.0,"클래스명: 투자비용 1 수수료 미 징 구 -오 프 라 인-기 관 ,퇴 직 연 금 (C f) | 없음 수수료 미 징 구 -오 프 라 인-기 관 ,퇴 직 연 금 (C f) 없음 0.2200% 0.030% 0.2200% 22 45 68 119 1 271"
FUND000051,KR5114450270,Sp,CLASS000684,EXACT_NORMALIZED_MATCH,수수료미징구-온라인슈퍼-퇴직연금,미징구,온라인슈퍼,퇴직연금,True,온라인 판매시스 템 통해 매수하는 투자자 전용,없음,없음,없음,없음,0.3500,0.160,,0.3741,"{""1y"":""37"",""2y"":""76"",""3y"":""116"",""5y"":""203"",""10y"":""461""}","[{""label"":""management_fee"",""value"":""0.17""},{""label"":""trustee_fee"",""value"":""0.02""}]","[7,16]",cell_grid,1.0,클래스명: 수수료미 징 구 - 온 라 인 슈퍼- 퇴 직 연 금 ( Sp ) | 없음 수수료미 징 구 - 온 라 인 슈퍼- 퇴 직 연 금 ( Sp ) 없음 0.3500% 0.160% 0.3741% 37 76 116 203 461
FUND000018,KR5116501001,C-P,CLASS000239,EXACT_NORMALIZED_MATCH,수수료미징구-오프라인-퇴직연금,미징구,오프라인,퇴직연금,True,,없음,없음,없음,,0.535,0.3,-,0.5518,"{""1y"":""57"",""2y"":""116"",""3y"":""177"",""5y"":""309"",""10y"":""693""}","[{""label"":""management_fee"",""value"":""0.2""},{""label"":""trustee_fee"",""value"":""0.02""},{""label"":""admin_fee"",""value"":""0.015""},{""label"":""other_expense"",""value"":""0.0070""},{""label"":""transaction_cost"",""value"":""0.0016""}]","[5,36]",cell_grid,1.0,클래스명: 수수료미징구- 오프라인- 퇴직연금(C-P) | - 수수료미징구- 오프라인- 퇴직연금(C-P) - 0.535 0.3 - 57 116 177 309 693
FUND000018,KR5116501001,C-Pe,CLASS000240,EXACT_NORMALIZED_MATCH,수수료미징구-온라인-퇴직연금,미징구,온라인,퇴직연금,True,,없음,없음,없음,,0.385,0.15,-,0.3850,"{""1y"":""39"",""2y"":""81"",""3y"":""124"",""5y"":""216"",""10y"":""487""}","[{""label"":""management_fee"",""value"":""0.2""},{""label"":""trustee_fee"",""value"":""0.02""},{""label"":""admin_fee"",""value"":""0.015""},{""label"":""other_expense"",""value"":""0.0000""},{""label"":""transaction_cost"",""value"":""0.0000""}]","[5,36]",cell_grid,1.0,클래스명: 수수료미징구- 온라인- 퇴직연금(C-Pe) | - 수수료미징구- 온라인- - 0.385 0.15 - 39 81 124 216 487
FUND000038,KR5117420097,A-e,CLASS000529,EXACT_NORMALIZED_MATCH,수수료선취-온라인,선취,온라인,,True,,납입금액의 0.150% 이내,없음,없음,,0.1300,0.0500,0.2300,0.1384,"{""1y"":""29"",""2y"":""44"",""3y"":""60"",""5y"":""93"",""10y"":""192""}","[{""label"":""management_fee"",""value"":""0.060""},{""label"":""trustee_fee"",""value"":""0.010""},{""label"":""admin_fee"",""value"":""0.010""},{""label"":""other_expense"",""value"":""0.0084""},{""label"":""transaction_cost"",""value"":""0.0041""}]","[4,29]",cell_grid,1.0,클래스명: 수수료선취 - 온라인(A-e) | 납입금액 의 0.150% 이내 수수료선취 - 온라인(A-e) 납입금액 의 0.150% 이내 0.1300 0.0500 0.2300 0.1384 29 44 60 93 192
FUND000038,KR5117420097,A-g,CLASS000530,EXACT_NORMALIZED_MATCH,수수료선취-오프라인-무권유저비용,선취,오프라인,,True,,납입금액의 0.210% 이내,없음,없음,,0.150,0.070,-,0.150,"{""1y"":""36"",""2y"":""52"",""3y"":""69"",""5y"":""105"",""10y"":""212""}","[{""label"":""management_fee"",""value"":""0.060""},{""label"":""trustee_fee"",""value"":""0.010""},{""label"":""admin_fee"",""value"":""0.010""}]","[29,31]",detail_table_cross_validated,0.7,"[상세표 보강] [(2, '0.060'), (3, '0.070'), (4, '0.010'), (5, '0.010'), (6, '0.150'), (9, '0.150'), (10, '0.150')]"
FUND000038,KR5117420097,A1,CLASS000528,EXACT_NORMALIZED_MATCH,수수료선취-오프라인,선취,오프라인,,True,,납입금액의 0.300% 이내,없음,없음,,0.1800,0.1000,0.3100,0.1882,"{""1y"":""49"",""2y"":""69"",""3y"":""90"",""5y"":""136"",""10y"":""269""}","[{""label"":""management_fee"",""value"":""0.060""},{""label"":""trustee_fee"",""value"":""0.010""},{""label"":""admin_fee"",""value"":""0.010""},{""label"":""other_expense"",""value"":""0.0082""},{""label"":""transaction_cost"",""value"":""0.0044""}]","[4,29]",cell_grid,1.0,클래스명: 수수료선취 - 오프라인(A1) | 납입금액 의 0.300% 이내 수수료선취 - 오프라인(A1) 납입금액 의 0.300% 이내 0.1800 0.1000 0.3100 0.1882 49 69 90 136 269
FUND000038,KR5117420097,C-e,CLASS000532,EXACT_NORMALIZED_MATCH,수수료미징구-온라인,미징구,온라인,,True,,없음,없음,없음,,0.2300,0.1500,0.2500,0.2388,"{""1y"":""24"",""2y"":""50"",""3y"":""77"",""5y"":""134"",""10y"":""304""}","[{""label"":""management_fee"",""value"":""0.060""},{""label"":""trustee_fee"",""value"":""0.010""},{""label"":""admin_fee"",""value"":""0.010""},{""label"":""other_expense"",""value"":""0.0088""},{""label"":""transaction_cost"",""value"":""0.004""}]","[4,29]",cell_grid,1.0,클래스명: 수수료미징구 - 온라인(C-e) | 없음 수수료미징구 - 온라인(C-e) 없음 0.2300 0.1500 0.2500 0.2388 24 50 77 134 304
FUND000038,KR5117420097,C-f,CLASS000533,EXACT_NORMALIZED_MATCH,"수수료미징구-오프라인-고액,기관",미징구,오프라인,,False,,없음,없음,없음,,0.095,0.015,-,0.1035,"{""1y"":""11"",""2y"":""22"",""3y"":""33"",""5y"":""58"",""10y"":""133""}","[{""label"":""management_fee"",""value"":""0.060""},{""label"":""trustee_fee"",""value"":""0.010""},{""label"":""admin_fee"",""value"":""0.010""},{""label"":""other_expense"",""value"":""0.0085""},{""label"":""transaction_cost"",""value"":""0.0043""}]","[29,31]",detail_table_cross_validated,0.7,"[상세표 보강] [(2, '0.060'), (3, '0.015'), (4, '0.010'), (5, '0.010'), (6, '0.095'), (8, '0.0085'), (9, '0.1035'), (10, '0.1035'), (11, '0.0043')]"
FUND000038,KR5117420097,C-g,CLASS000534,EXACT_NORMALIZED_MATCH,수수료미징구-오프라인-무권유저비용,미징구,오프라인,,True,,없음,없음,없음,,0.290,0.210,-,0.290,"{""1y"":""30"",""2y"":""61"",""3y"":""93"",""5y"":""163"",""10y"":""368""}","[{""label"":""management_fee"",""value"":""0.060""},{""label"":""trustee_fee"",""value"":""0.010""},{""label"":""admin_fee"",""value"":""0.010""}]","[30,29,31]",detail_table_cross_validated,0.7,"[상세표 보강] [(1, '0.060'), (2, '0.210'), (3, '0.010'), (4, '0.010'), (5, '0.290'), (8, '0.290'), (9, '0.290')]"
FUND000038,KR5117420097,C-i,CLASS000535,EXACT_NORMALIZED_MATCH,수수료미징구-오프라인-고액,미징구,오프라인,,False,,없음,없음,없음,,0.140,0.060,-,0.1432,"{""1y"":""15"",""2y"":""30"",""3y"":""46"",""5y"":""81"",""10y"":""183""}","[{""label"":""management_fee"",""value"":""0.060""},{""label"":""trustee_fee"",""value"":""0.010""},{""label"":""admin_fee"",""value"":""0.010""},{""label"":""other_expense"",""value"":""0.0032""},{""label"":""transaction_cost"",""value"":""0.0078""}]","[30,29,31]",detail_table_cross_validated,0.7,"[상세표 보강] [(1, '0.060'), (2, '0.060'), (3, '0.010'), (4, '0.010'), (5, '0.140'), (7, '0.0032'), (8, '0.1432'), (9, '0.1432'), (10, '0.0078')]"
FUND000038,KR5117420097,C-p,CLASS000536,EXACT_NORMALIZED_MATCH,수수료미징구-오프라인-개인연금,미징구,오프라인,개인연금,True,,없음,없음,없음,,0.330,0.250,-,0.3376,"{""1y"":""35"",""2y"":""71"",""3y"":""109"",""5y"":""190"",""10y"":""427""}","[{""label"":""management_fee"",""value"":""0.060""},{""label"":""trustee_fee"",""value"":""0.010""},{""label"":""admin_fee"",""value"":""0.010""},{""label"":""other_expense"",""value"":""0.0076""},{""label"":""transaction_cost"",""value"":""0.0047""}]","[30,29,31]",detail_table_cross_validated,0.7,"[상세표 보강] [(1, '0.060'), (2, '0.250'), (3, '0.010'), (4, '0.010'), (5, '0.330'), (7, '0.0076'), (8, '0.3376'), (9, '0.3376'), (10, '0.0047')]"
FUND000038,KR5117420097,C-pe,CLASS000537,EXACT_NORMALIZED_MATCH,수수료미징구-온라인-개인연금,미징구,온라인,개인연금,True,,없음,없음,없음,,0.205,0.125,-,0.2137,"{""1y"":""22"",""2y"":""45"",""3y"":""69"",""5y"":""120"",""10y"":""272""}","[{""label"":""management_fee"",""value"":""0.060""},{""label"":""trustee_fee"",""value"":""0.010""},{""label"":""admin_fee"",""value"":""0.010""},{""label"":""other_expense"",""value"":""0.0087""},{""label"":""transaction_cost"",""value"":""0.0042""}]","[30,29,31]",detail_table_cross_validated,0.7,"[상세표 보강] [(1, '0.060'), (2, '0.125'), (3, '0.010'), (4, '0.010'), (5, '0.205'), (7, '0.0087'), (8, '0.2137'), (9, '0.2137'), (10, '0.0042')]"
FUND000038,KR5117420097,C-r,CLASS000538,EXACT_NORMALIZED_MATCH,수수료미징구-오프라인-퇴직연금,미징구,오프라인,퇴직연금,True,,없음,없음,없음,,0.310,0.230,-,0.3172,"{""1y"":""32"",""2y"":""66"",""3y"":""102"",""5y"":""178"",""10y"":""402""}","[{""label"":""management_fee"",""value"":""0.060""},{""label"":""trustee_fee"",""value"":""0.010""},{""label"":""admin_fee"",""value"":""0.010""},{""label"":""other_expense"",""value"":""0.0072""},{""label"":""transaction_cost"",""value"":""0.0044""}]","[30,29,31]",detail_table_cross_validated,0.7,"[상세표 보강] [(1, '0.060'), (2, '0.230'), (3, '0.010'), (4, '0.010'), (5, '0.310'), (7, '0.0072'), (8, '0.3172'), (9, '0.3172'), (10, '0.0044')]"
FUND000038,KR5117420097,C-re,CLASS000539,EXACT_NORMALIZED_MATCH,수수료미징구-온라인-퇴직연금,미징구,온라인,퇴직연금,True,,없음,없음,없음,,0.195,0.115,-,0.2037,"{""1y"":""21"",""2y"":""43"",""3y"":""66"",""5y"":""115"",""10y"":""260""}","[{""label"":""management_fee"",""value"":""0.060""},{""label"":""trustee_fee"",""value"":""0.010""},{""label"":""admin_fee"",""value"":""0.010""},{""label"":""other_expense"",""value"":""0.0087""},{""label"":""transaction_cost"",""value"":""0.0044""}]","[30,29,31]",detail_table_cross_validated,0.7,"[상세표 보강] [(1, '0.060'), (2, '0.115'), (3, '0.010'), (4, '0.010'), (5, '0.195'), (7, '0.0087'), (8, '0.2037'), (9, '0.2037'), (10, '0.0044')]"
FUND000038,KR5117420097,C-s,CLASS000540,EXACT_NORMALIZED_MATCH,수수료미징구-오프라인-고유재산,미징구,오프라인,,False,,없음,없음,없음,,0.090,0.010,-,0.0992,"{""1y"":""10"",""2y"":""21"",""3y"":""32"",""5y"":""56"",""10y"":""127""}","[{""label"":""management_fee"",""value"":""0.060""},{""label"":""trustee_fee"",""value"":""0.010""},{""label"":""admin_fee"",""value"":""0.010""},{""label"":""other_expense"",""value"":""0.0092""},{""label"":""transaction_cost"",""value"":""0.0032""}]","[30,29,31]",detail_table_cross_validated,0.7,"[상세표 보강] [(1, '0.060'), (2, '0.010'), (3, '0.010'), (4, '0.010'), (5, '0.090'), (7, '0.0092'), (8, '0.0992'), (9, '0.0992'), (10, '0.0032')]"
FUND000038,KR5117420097,C-w,CLASS000541,EXACT_NORMALIZED_MATCH,수수료미징구-오프라인-랩,미징구,오프라인,,False,,없음,없음,없음,,0.080,-,-,0.0802,"{""1y"":""8"",""2y"":""17"",""3y"":""26"",""5y"":""45"",""10y"":""103""}","[{""label"":""management_fee"",""value"":""0.060""},{""label"":""trustee_fee"",""value"":""0.010""},{""label"":""admin_fee"",""value"":""0.010""},{""label"":""other_expense"",""value"":""0.0002""},{""label"":""transaction_cost"",""value"":""0.0082""}]","[30,29,31]",detail_table_cross_validated,0.7,"[상세표 보강] [(1, '0.060'), (3, '0.010'), (4, '0.010'), (5, '0.080'), (7, '0.0002'), (8, '0.0802'), (9, '0.0802'), (10, '0.0082')]"
FUND000038,KR5117420097,C1,CLASS000531,EXACT_NORMALIZED_MATCH,수수료미징구-오프라인,미징구,오프라인,,True,,없음,없음,없음,,0.3800,0.3000,0.3900,0.3888,"{""1y"":""40"",""2y"":""81"",""3y"":""125"",""5y"":""218"",""10y"":""491""}","[{""label"":""management_fee"",""value"":""0.060""},{""label"":""trustee_fee"",""value"":""0.010""},{""label"":""admin_fee"",""value"":""0.010""},{""label"":""other_expense"",""value"":""0.0088""},{""label"":""transaction_cost"",""value"":""0.0041""}]","[4,29]",cell_grid,1.0,클래스명: 수수료미징구 - 오프라인(C1) | 없음 수수료미징구 - 오프라인(C1) 없음 0.3800 0.3000 0.3900 0.3888 40 81 125 218 491
FUND000076,KR5118201004,A,CLASS000887,EXACT_NORMALIZED_MATCH,수수료미징구-오프라인,미징구,오프라인,,True,제한없음,없음,없음,없음,,0.5900,0.3980,0.4000,0.5997,"{""1y"":""61"",""2y"":""125"",""3y"":""192"",""5y"":""335"",""10y"":""749""}","[{""label"":""other_expense"",""value"":""0.0023""},{""label"":""transaction_cost"",""value"":""0.0106""}]",[4],cell_grid,1.0,클래스명: 수수료미징구- 오프라인(A) | 없음 수수료미징구- 오프라인(A) 없음 0.5900 0.3980 0.4000 0.5997 61 125 192 335 749
FUND000076,KR5118201004,A-G,CLASS000889,EXACT_NORMALIZED_MATCH,수수료미징구-오프라인-무권유저비용,미징구,오프라인,,True,을 받고 창 설명 없이 직접 가입하는,없음,없음,없음,,0.4905,0.2985,-,0.4905,"{""1y"":""51"",""2y"":""104"",""3y"":""160"",""5y"":""279"",""10y"":""625""}","[{""label"":""other_expense"",""value"":""0.0000""},{""label"":""transaction_cost"",""value"":""0.0105""}]","[38,39]",transposed_detail_table_cross_validated,0.7,[뒤집힌 상세표 보강] 열4
FUND000076,KR5118201004,A-e,CLASS000888,EXACT_NORMALIZED_MATCH,수수료미징구-온라인,미징구,온라인,,True,징구되지 않는 투자 자문업자,없음,없음,없음,,0.3910,0.1990,0.2700,0.4007,"{""1y"":""41"",""2y"":""84"",""3y"":""129"",""5y"":""225"",""10y"":""506""}","[{""label"":""other_expense"",""value"":""0.0023""},{""label"":""transaction_cost"",""value"":""0.0109""}]",[4],cell_grid,1.0,클래스명: 수수료미징구- 온라인(A-e) | 없음 수수료미징구- 온라인(A-e) 없음 0.3910 0.1990 0.2700 0.4007 41 84 129 225 506
FUND000076,KR5118201004,B,CLASS000890,EXACT_NORMALIZED_MATCH,수수료선취-오프라인,선취,오프라인,,True,,납입금액의 0.3%이내,없음,없음,,0.3920,0.2000,0.3400,0.4017,"{""1y"":""71"",""2y"":""114"",""3y"":""159"",""5y"":""255"",""10y"":""536""}","[{""label"":""other_expense"",""value"":""0.0023""},{""label"":""transaction_cost"",""value"":""0.0108""}]",[4],cell_grid,1.0,클래스명: 수수료선취- 오프라인(B) | 납입금액의 0.3%이내 수수료선취- 오프라인(B) 납입금액의 0.3%이내 0.3920 0.2000 0.3400 0.4017 71 114 159 255 536
FUND000076,KR5118201004,B-G,CLASS000893,EXACT_NORMALIZED_MATCH,수수료선취-오프라인-무권유저비용,선취,오프라인,,True,받고 창구에 없이 직접 펀드 가입하는 투자,납입금액의 0.225%이내,없음,없음,,0.3420,0.1500,-,0.3443,"{""1y"":""58"",""2y"":""96"",""3y"":""135"",""5y"":""220"",""10y"":""467""}","[{""label"":""other_expense"",""value"":""0.0023""},{""label"":""transaction_cost"",""value"":""0.0106""}]","[38,40]",transposed_detail_table_cross_validated,0.7,[뒤집힌 상세표 보강] 열12
FUND000076,KR5118201004,B-e,CLASS000892,EXACT_NORMALIZED_MATCH,수수료선취-온라인,선취,온라인,,True,징구되는 수익 업자로부,납입금액의 0.15%이내,없음,없음,,0.2920,0.1000,0.2500,0.3018,"{""1y"":""46"",""2y"":""78"",""3y"":""112"",""5y"":""184"",""10y"":""397""}","[{""label"":""other_expense"",""value"":""0.0024""},{""label"":""transaction_cost"",""value"":""0.0112""}]",[4],cell_grid,1.0,클래스명: 수수료선취- 온라인(B-e) | 납입금액의 0.15%이내 수수료선취- 온라인(B-e) 납입금액의 0.15%이내 0.2920 0.1000 0.2500 0.3018 46 78 112 184 397
FUND000076,KR5118201004,B2,CLASS000891,EXACT_NORMALIZED_MATCH,수수료선취-오프라인,선취,오프라인,,True,,납입금액의 0.4%이내,없음,없음,,0.2920,0.1000,0.3400,0.2941,"{""1y"":""71"",""2y"":""103"",""3y"":""137"",""5y"":""209"",""10y"":""421""}","[{""label"":""other_expense"",""value"":""0.0021""},{""label"":""transaction_cost"",""value"":""0.0101""}]","[38,40]",transposed_detail_table_cross_validated,0.7,[뒤집힌 상세표 보강] 열8
FUND000076,KR5118201004,C-I,CLASS000895,EXACT_NORMALIZED_MATCH,수수료미징구-오프라인-고액,미징구,오프라인,,False,이상 일임형 종합자산,없음,없음,없음,,0.2120,0.0200,-,0.2143,"{""1y"":""23"",""2y"":""46"",""3y"":""71"",""5y"":""125"",""10y"":""283""}","[{""label"":""other_expense"",""value"":""0.0023""},{""label"":""transaction_cost"",""value"":""0.0101""}]","[38,40]",transposed_detail_table_cross_validated,0.7,[뒤집힌 상세표 보강] 열16
FUND000076,KR5118201004,C-P,CLASS000897,EXACT_NORMALIZED_MATCH,수수료미징구-오프라인-퇴직연금,미징구,오프라인,퇴직연금,True,,없음,없음,없음,,0.3520,0.1600,-,0.3617,"{""1y"":""37"",""2y"":""76"",""3y"":""116"",""5y"":""203"",""10y"":""458""}","[{""label"":""management_fee"",""value"":""0.1600""},{""label"":""trustee_fee"",""value"":""0.0200""},{""label"":""admin_fee"",""value"":""0.0120""},{""label"":""other_expense"",""value"":""0.0023""},{""label"":""transaction_cost"",""value"":""0.0105""}]",[4],cell_grid,1.0,클래스명: 수수료미징구- 오프라인- 퇴직연금(C-P) | 없음 수수료미징구- 오프라인- 퇴직연금(C-P) 없음 0.3520 0.1600 - 0.3617 37 76 116 203 458
FUND000076,KR5118201004,C-P1,CLASS000900,EXACT_NORMALIZED_MATCH,수수료미징구-오프라인-개인연금,미징구,오프라인,개인연금,True,제20조의3 및 소 제40조의2에,없음,없음,없음,,0.4710,0.2790,,0.4734,"{""1y"":""49"",""2y"":""101"",""3y"":""154"",""5y"":""269"",""10y"":""604""}","[{""label"":""management_fee"",""value"":""0.1600""},{""label"":""trustee_fee"",""value"":""0.0200""},{""label"":""admin_fee"",""value"":""0.0120""},{""label"":""other_expense"",""value"":""0.0024""},{""label"":""transaction_cost"",""value"":""0.0105""}]","[38,40]",transposed_detail_table_cross_validated,0.7,[뒤집힌 상세표 보강] 열9
FUND000076,KR5118201004,C-P1e,CLASS000901,EXACT_NORMALIZED_MATCH,수수료미징구-온라인-개인연금,미징구,온라인,개인연금,True,"통하여 있으며, 판매수수 않는 전자매 전용 수익증권",없음,없음,없음,,0.3315,0.1395,,0.3339,"{""1y"":""35"",""2y"":""71"",""3y"":""110"",""5y"":""192"",""10y"":""432""}","[{""label"":""management_fee"",""value"":""0.1600""},{""label"":""trustee_fee"",""value"":""0.0200""},{""label"":""admin_fee"",""value"":""0.0120""},{""label"":""other_expense"",""value"":""0.0024""},{""label"":""transaction_cost"",""value"":""0.0106""}]","[38,40]",transposed_detail_table_cross_validated,0.7,[뒤집힌 상세표 보강] 열11
FUND000076,KR5118201004,C-Pe,CLASS000898,EXACT_NORMALIZED_MATCH,수수료미징구-온라인-퇴직연금,미징구,온라인,퇴직연금,True,,없음,없음,없음,,0.2720,0.0800,,0.2744,"{""1y"":""29"",""2y"":""59"",""3y"":""91"",""5y"":""158"",""10y"":""358""}","[{""label"":""management_fee"",""value"":""0.1600""},{""label"":""trustee_fee"",""value"":""0.0200""},{""label"":""admin_fee"",""value"":""0.0120""},{""label"":""other_expense"",""value"":""0.0024""},{""label"":""transaction_cost"",""value"":""0.0109""}]","[38,40]",transposed_detail_table_cross_validated,0.7,[뒤집힌 상세표 보강] 열5
FUND000076,KR5118201004,C-W,CLASS000896,EXACT_NORMALIZED_MATCH,수수료미징구-오프라인-랩,미징구,오프라인,,False,개인종합자산관리 의한 신탁업자,없음,없음,없음,,0.1920,0.0000,,0.1943,"{""1y"":""21"",""2y"":""42"",""3y"":""65"",""5y"":""114"",""10y"":""257""}","[{""label"":""management_fee"",""value"":""0.1600""},{""label"":""trustee_fee"",""value"":""0.0200""},{""label"":""admin_fee"",""value"":""0.0120""},{""label"":""other_expense"",""value"":""0.0023""},{""label"":""transaction_cost"",""value"":""0.0106""}]","[38,40]",transposed_detail_table_cross_validated,0.7,[뒤집힌 상세표 보강] 열1
FUND000076,KR5118201004,I,CLASS000894,EXACT_NORMALIZED_MATCH,수수료미징구-오프라인-펀드등,미징구,오프라인,,False,일임형 종합자산 보유 또는 집합투,없음,없음,없음,,0.1920,0.0000,-,0.1943,"{""1y"":""21"",""2y"":""42"",""3y"":""65"",""5y"":""114"",""10y"":""257""}","[{""label"":""other_expense"",""value"":""0.0023""},{""label"":""transaction_cost"",""value"":""0.0104""}]","[38,40]",transposed_detail_table_cross_validated,0.7,[뒤집힌 상세표 보강] 열14
FUND000076,KR5118201004,S,CLASS000899,EXACT_NORMALIZED_MATCH,수수료후취-온라인슈퍼,후취,온라인슈퍼,,True,,없음,3년 미 만: 환매 금액의 0.15% 이내,없음,,0.2920,0.1000,,0.2939,"{""1y"":""31"",""2y"":""63"",""3y"":""97"",""5y"":""169"",""10y"":""382""}","[{""label"":""management_fee"",""value"":""0.1600""},{""label"":""trustee_fee"",""value"":""0.0200""},{""label"":""admin_fee"",""value"":""0.0120""},{""label"":""other_expense"",""value"":""0.0019""},{""label"":""transaction_cost"",""value"":""0.0109""}]","[38,40]",transposed_detail_table_cross_validated,0.7,[뒤집힌 상세표 보강] 열7
FUND000076,KR5118201004,S-P,CLASS000902,EXACT_NORMALIZED_MATCH,수수료미징구-온라인슈퍼-개인연금,미징구,온라인슈퍼,개인연금,True,회원으 자로서 연금저축,없음,없음,없음,,0.2757,0.0837,,0.2778,"{""1y"":""29"",""2y"":""60"",""3y"":""92"",""5y"":""160"",""10y"":""362""}","[{""label"":""management_fee"",""value"":""0.1600""},{""label"":""trustee_fee"",""value"":""0.0200""},{""label"":""admin_fee"",""value"":""0.0120""},{""label"":""other_expense"",""value"":""0.0021""},{""label"":""transaction_cost"",""value"":""0.0106""}]","[38,40]",transposed_detail_table_cross_validated,0.7,[뒤집힌 상세표 보강] 열13
FUND000076,KR5118201004,S-P(퇴직),CLASS000903,EXACT_NORMALIZED_MATCH,수수료미징구-온라인슈퍼-퇴직연금,미징구,온라인슈퍼,퇴직연금,True,회원으 자로서 퇴직연금,없음,없음,없음,,0.2657,0.0737,,0.2671,"{""1y"":""28"",""2y"":""58"",""3y"":""88"",""5y"":""154"",""10y"":""349""}","[{""label"":""management_fee"",""value"":""0.1600""},{""label"":""trustee_fee"",""value"":""0.0200""},{""label"":""admin_fee"",""value"":""0.0120""},{""label"":""other_expense"",""value"":""0.0014""},{""label"":""transaction_cost"",""value"":""0.0107""}]",[38],transposed_detail_table_cross_validated,0.7,[뒤집힌 상세표 보강] 열15
FUND000077,KR5118420006,A-e,CLASS000906,EXACT_NORMALIZED_MATCH,수수료선취-온라인,선취,온라인,,True,,납입금액의 0.15% 이내,없음,없음,,0.1500,0.0500,0.2500,0.1595,"{""1y"":""31"",""2y"":""48"",""3y"":""66"",""5y"":""105"",""10y"":""219""}","[{""label"":""management_fee"",""value"":""0.0750""},{""label"":""trustee_fee"",""value"":""0.0150""},{""label"":""admin_fee"",""value"":""0.0100""},{""label"":""other_expense"",""value"":""0.0095""},{""label"":""transaction_cost"",""value"":""0.0030""}]","[5,32]",cell_grid,1.0,클래스명: 수수료선취- 온라인(A-e) | 납입금액의 0.15% 이내 수수료선취- 온라인(A-e) 납입금액의 0.15% 이내 0.1500 0.0500 0.2500 0.1595 31 48 66 105 219
FUND000077,KR5118420006,A1,CLASS000904,EXACT_NORMALIZED_MATCH,수수료선취-오프라인,선취,오프라인,,True,,납입금액의 0.30% 이내,없음,없음,,0.2000,0.1000,0.3400,0.2095,"{""1y"":""51"",""2y"":""74"",""3y"":""97"",""5y"":""148"",""10y"":""296""}","[{""label"":""management_fee"",""value"":""0.0750""},{""label"":""trustee_fee"",""value"":""0.0150""},{""label"":""admin_fee"",""value"":""0.0100""},{""label"":""other_expense"",""value"":""0.0095""},{""label"":""transaction_cost"",""value"":""0.0029""}]","[4,31]",cell_grid,1.0,클래스명: 수수료선취- 오프라인(A1) | 납입금액의 0.30% 이내 수수료선취- 오프라인(A1) 납입금액의 0.30% 이내 0.2000 0.1000 0.3400 0.2095 51 74 97 148 296
FUND000077,KR5118420006,A2,CLASS000905,EXACT_NORMALIZED_MATCH,수수료선취-오프라인,선취,오프라인,,True,,납입금액의 0.20% 이내,없음,없음,,0.3000,0.2000,0.3400,0.3095,"{""1y"":""52"",""2y"":""85"",""3y"":""119"",""5y"":""194"",""10y"":""412""}","[{""label"":""management_fee"",""value"":""0.0750""},{""label"":""trustee_fee"",""value"":""0.0150""},{""label"":""admin_fee"",""value"":""0.0100""},{""label"":""other_expense"",""value"":""0.0095""},{""label"":""transaction_cost"",""value"":""0.0028""}]","[4,32]",cell_grid,1.0,클래스명: 수수료선취- 오프라인(A2) | 납입금액의 0.20% 이내 수수료선취- 오프라인(A2) 납입금액의 0.20% 이내 0.3000 0.2000 0.3400 0.3095 52 85 119 194 412
FUND000077,KR5118420006,C,CLASS000907,EXACT_NORMALIZED_MATCH,수수료미징구-오프라인,미징구,오프라인,,True,,없음,없음,없음,,0.4000,0.3000,0.4000,0.4095,"{""1y"":""42"",""2y"":""86"",""3y"":""132"",""5y"":""230"",""10y"":""517""}","[{""label"":""management_fee"",""value"":""0.0750""},{""label"":""trustee_fee"",""value"":""0.0150""},{""label"":""admin_fee"",""value"":""0.0100""},{""label"":""other_expense"",""value"":""0.0095""},{""label"":""transaction_cost"",""value"":""0.0030""}]","[4,32]",cell_grid,1.0,클래스명: 수수료미징구- 오프라인(C) | 없음 수수료미징구- 오프라인(C) 없음 0.4000 0.3000 0.4000 0.4095 42 86 132 230 517
FUND000077,KR5118420006,C-F,CLASS000909,EXACT_NORMALIZED_MATCH,"수수료미징구-오프라인-고액,기관",미징구,오프라인,,False,,없음,없음,없음,,0.1100,0.0100,-,0.1195,"{""1y"":""12"",""2y"":""25"",""3y"":""39"",""5y"":""67"",""10y"":""153""}","[{""label"":""management_fee"",""value"":""0.0750""},{""label"":""trustee_fee"",""value"":""0.0150""},{""label"":""admin_fee"",""value"":""0.0100""},{""label"":""other_expense"",""value"":""0.0095""},{""label"":""transaction_cost"",""value"":""0.0028""}]","[32,34]",detail_table_cross_validated,0.7,"[상세표 보강] [(3, '0.0750'), (4, '0.0100'), (5, '0.0150'), (6, '0.0100'), (7, '0.1100'), (8, '0.0095'), (9, '0.1195'), (11, '0.1195'), (12, '0.0028')]"
FUND000077,KR5118420006,C-I,CLASS000910,EXACT_NORMALIZED_MATCH,수수료미징구-오프라인-고액,미징구,오프라인,,False,,없음,없음,없음,,0.1300,0.0300,-,0.1395,"{""1y"":""14"",""2y"":""29"",""3y"":""45"",""5y"":""79"",""10y"":""179""}","[{""label"":""management_fee"",""value"":""0.0750""},{""label"":""trustee_fee"",""value"":""0.0150""},{""label"":""admin_fee"",""value"":""0.0100""},{""label"":""other_expense"",""value"":""0.0095""},{""label"":""transaction_cost"",""value"":""0.0028""}]","[32,34]",detail_table_cross_validated,0.7,"[상세표 보강] [(3, '0.0750'), (4, '0.0300'), (5, '0.0150'), (6, '0.0100'), (7, '0.1300'), (8, '0.0095'), (9, '0.1395'), (11, '0.1395'), (12, '0.0028')]"
FUND000077,KR5118420006,C-P,CLASS000913,EXACT_NORMALIZED_MATCH,수수료미징구-오프라인-퇴직연금,미징구,오프라인,퇴직연금,True,,없음,없음,없음,,0.3000,0.2000,-,0.3095,"{""1y"":""32"",""2y"":""65"",""3y"":""100"",""5y"":""174"",""10y"":""393""}","[{""label"":""management_fee"",""value"":""0.0750""},{""label"":""trustee_fee"",""value"":""0.0150""},{""label"":""admin_fee"",""value"":""0.0100""},{""label"":""other_expense"",""value"":""0.0095""},{""label"":""transaction_cost"",""value"":""0.0030""}]","[5,32]",cell_grid,1.0,클래스명: 수수료미징구- 오프라인- 퇴직연금(C-P) | 없음 수수료미징구- 오프라인- 퇴직연금(C-P) 없음 0.3000 0.2000 - 0.3095 32 65 100 174 393
FUND000077,KR5118420006,C-P1,CLASS000917,EXACT_NORMALIZED_MATCH,수수료미징구-오프라인-개인연금,미징구,오프라인,개인연금,True,,없음,없음,없음,,0.2400,0.1400,-,0.2495,"{""1y"":""26"",""2y"":""52"",""3y"":""80"",""5y"":""140"",""10y"":""318""}","[{""label"":""management_fee"",""value"":""0.0750""},{""label"":""trustee_fee"",""value"":""0.0150""},{""label"":""admin_fee"",""value"":""0.0100""},{""label"":""other_expense"",""value"":""0.0095""},{""label"":""transaction_cost"",""value"":""0.0032""}]","[32,34]",detail_table_cross_validated,0.7,"[상세표 보강] [(3, '0.0750'), (4, '0.1400'), (5, '0.0150'), (6, '0.0100'), (7, '0.2400'), (8, '0.0095'), (9, '0.2495'), (11, '0.2495'), (12, '0.0032')]"
FUND000077,KR5118420006,C-P1e,CLASS000918,EXACT_NORMALIZED_MATCH,수수료미징구-온라인-개인연금,미징구,온라인,개인연금,True,,없음,없음,없음,,0.1700,0.0700,-,0.1795,"{""1y"":""18"",""2y"":""38"",""3y"":""58"",""5y"":""101"",""10y"":""229""}","[{""label"":""management_fee"",""value"":""0.0750""},{""label"":""trustee_fee"",""value"":""0.0150""},{""label"":""admin_fee"",""value"":""0.0100""},{""label"":""other_expense"",""value"":""0.0095""},{""label"":""transaction_cost"",""value"":""0.0031""}]","[32,34]",detail_table_cross_validated,0.7,"[상세표 보강] [(3, '0.0750'), (4, '0.0700'), (5, '0.0150'), (6, '0.0100'), (7, '0.1700'), (8, '0.0095'), (9, '0.1795'), (11, '0.1795'), (12, '0.0031')]"
FUND000077,KR5118420006,C-Pe,CLASS000914,EXACT_NORMALIZED_MATCH,수수료미징구-온라인-퇴직연금,미징구,온라인,퇴직연금,True,,없음,없음,없음,,0.2000,0.1000,-,0.2095,"{""1y"":""21"",""2y"":""44"",""3y"":""67"",""5y"":""118"",""10y"":""267""}","[{""label"":""management_fee"",""value"":""0.0750""},{""label"":""trustee_fee"",""value"":""0.0150""},{""label"":""admin_fee"",""value"":""0.0100""},{""label"":""other_expense"",""value"":""0.0095""},{""label"":""transaction_cost"",""value"":""0.0031""}]","[32,34]",detail_table_cross_validated,0.7,"[상세표 보강] [(3, '0.0750'), (4, '0.1000'), (5, '0.0150'), (6, '0.0100'), (7, '0.2000'), (8, '0.0095'), (9, '0.2095'), (11, '0.2095'), (12, '0.0031')]"
FUND000077,KR5118420006,C-Pi,CLASS000915,EXACT_NORMALIZED_MATCH,수수료미징구-오프라인-퇴직연금(고액),미징구,오프라인,퇴직연금,False,,없음,없음,없음,,0.1400,0.0400,-,0.1400,"{""1y"":""14"",""2y"":""29"",""3y"":""45"",""5y"":""79"",""10y"":""179""}","[{""label"":""management_fee"",""value"":""0.0750""},{""label"":""trustee_fee"",""value"":""0.0150""},{""label"":""admin_fee"",""value"":""0.0100""}]","[32,34]",detail_table_cross_validated,0.7,"[상세표 보강] [(3, '0.0750'), (4, '0.0400'), (5, '0.0150'), (6, '0.0100'), (7, '0.1400'), (9, '0.1400'), (11, '0.1400')]"
FUND000077,KR5118420006,C-W,CLASS000911,EXACT_NORMALIZED_MATCH,수수료미징구-오프라인-랩,미징구,오프라인,,False,,없음,없음,없음,,0.1000,0.0000,-,0.1095,"{""1y"":""11"",""2y"":""23"",""3y"":""35"",""5y"":""62"",""10y"":""140""}","[{""label"":""management_fee"",""value"":""0.0750""},{""label"":""trustee_fee"",""value"":""0.0150""},{""label"":""admin_fee"",""value"":""0.0100""},{""label"":""other_expense"",""value"":""0.0095""},{""label"":""transaction_cost"",""value"":""0.0023""}]","[32,34]",detail_table_cross_validated,0.7,"[상세표 보강] [(3, '0.0750'), (4, '0.0000'), (5, '0.0150'), (6, '0.0100'), (7, '0.1000'), (8, '0.0095'), (9, '0.1095'), (11, '0.1095'), (12, '0.0023')]"
FUND000077,KR5118420006,C-e,CLASS000908,EXACT_NORMALIZED_MATCH,수수료미징구-온라인,미징구,온라인,,True,,없음,없음,없음,,0.2500,0.1500,0.2700,0.2595,"{""1y"":""27"",""2y"":""54"",""3y"":""84"",""5y"":""146"",""10y"":""330""}","[{""label"":""management_fee"",""value"":""0.0750""},{""label"":""trustee_fee"",""value"":""0.0150""},{""label"":""admin_fee"",""value"":""0.0100""},{""label"":""other_expense"",""value"":""0.0095""},{""label"":""transaction_cost"",""value"":""0.0031""}]","[5,32]",cell_grid,1.0,클래스명: 수수료미징구- 온라인(C-e) | 없음 수수료미징구- 온라인(C-e) 없음 0.2500 0.1500 0.2700 0.2595 27 54 84 146 330
FUND000077,KR5118420006,S,CLASS000912,EXACT_NORMALIZED_MATCH,수수료후취-온라인슈퍼,후취,온라인슈퍼,,True,,없음,없음,없음,,0.1400,0.0400,-,0.1495,"{""1y"":""15"",""2y"":""31"",""3y"":""48"",""5y"":""84"",""10y"":""191""}","[{""label"":""management_fee"",""value"":""0.0750""},{""label"":""trustee_fee"",""value"":""0.0150""},{""label"":""admin_fee"",""value"":""0.0100""},{""label"":""other_expense"",""value"":""0.0095""},{""label"":""transaction_cost"",""value"":""0.0031""}]",[32],detail_table_cross_validated,0.7,"[상세표 보강] [(3, '0.0750'), (4, '0.0400'), (5, '0.0150'), (6, '0.0100'), (7, '0.1400'), (8, '0.0095'), (9, '0.1495'), (11, '0.1495'), (12, '0.0031')]"
FUND000077,KR5118420006,S-P,CLASS000919,EXACT_NORMALIZED_MATCH,수수료미징구-온라인슈퍼-개인연금,미징구,온라인슈퍼,개인연금,True,,없음,없음,없음,,0.1550,0.0550,-,0.1645,"{""1y"":""16"",""2y"":""33"",""3y"":""51"",""5y"":""90"",""10y"":""204""}","[{""label"":""management_fee"",""value"":""0.0750""},{""label"":""trustee_fee"",""value"":""0.0150""},{""label"":""admin_fee"",""value"":""0.0100""},{""label"":""other_expense"",""value"":""0.0095""},{""label"":""transaction_cost"",""value"":""0.0033""}]","[32,34]",detail_table_cross_validated,0.7,"[상세표 보강] [(3, '0.0750'), (4, '0.0550'), (5, '0.0150'), (6, '0.0100'), (7, '0.1550'), (8, '0.0095'), (9, '0.1645'), (11, '0.1645'), (12, '0.0033')]"
FUND000077,KR5118420006,S-P(퇴직),CLASS000916,EXACT_NORMALIZED_MATCH,수수료미징구-온라인슈퍼-퇴직연금,미징구,온라인슈퍼,퇴직연금,True,,없음,없음,,,0.1500,0.0500,-,0.1595,"{""1y"":""16"",""2y"":""33"",""3y"":""51"",""5y"":""90"",""10y"":""204""}","[{""label"":""management_fee"",""value"":""0.0750""},{""label"":""trustee_fee"",""value"":""0.0150""},{""label"":""admin_fee"",""value"":""0.0100""},{""label"":""other_expense"",""value"":""0.0095""},{""label"":""transaction_cost"",""value"":""0.0031""}]",[32],detail_table_cross_validated,0.7,"[상세표 보강] [(3, '0.0750'), (4, '0.0500'), (5, '0.0150'), (6, '0.0100'), (7, '0.1500'), (8, '0.0095'), (9, '0.1595'), (11, '0.1595'), (12, '0.0031')]"
FUND000078,KR5118420036,A,CLASS000925,EXACT_NORMALIZED_MATCH,수수료선취-오프라인,선취,오프라인,,True,,0.2%,없음,없음,,0.2200,0.0500,0.3400,0.2284,"{""1y"":""43"",""2y"":""68"",""3y"":""93"",""5y"":""148"",""10y"":""310""}","[{""label"":""management_fee"",""value"":""0.1500""},{""label"":""trustee_fee"",""value"":""0.0100""},{""label"":""admin_fee"",""value"":""0.0100""},{""label"":""other_expense"",""value"":""0.0023""},{""label"":""transaction_cost"",""value"":""0.0059""}]",[5],cell_grid,1.0,클래스명: 수수료선취- 오프라인(A) | 납입금액의 0.2% 이내 수수료선취- 오프라인(A) 납입금액의 0.2% 이내 0.2200 0.0500 0.3400 0.2284 43 68 93 148 310
FUND000078,KR5118420036,A-G,CLASS000927,EXACT_NORMALIZED_MATCH,수수료선취-오프라인-무권유저비용,선취,오프라인,,True,,0.15%,없음,없음,,0.2075,0.0375,-,0.2075,"{""1y"":""37"",""2y"":""60"",""3y"":""84"",""5y"":""135"",""10y"":""287""}","[{""label"":""management_fee"",""value"":""0.1500""},{""label"":""trustee_fee"",""value"":""0.0100""},{""label"":""admin_fee"",""value"":""0.0100""},{""label"":""other_expense"",""value"":""-""},{""label"":""transaction_cost"",""value"":""-""}]","[40,43]",transposed_detail_table_cross_validated,0.7,[뒤집힌 상세표 보강] 열8
FUND000078,KR5118420036,A-e,CLASS000926,EXACT_NORMALIZED_MATCH,수수료선취-온라인,선취,온라인,,True,,0.1%,없음,없음,,0.2000,0.0300,0.2400,0.2084,"{""1y"":""31"",""2y"":""54"",""3y"":""77"",""5y"":""127"",""10y"":""276""}","[{""label"":""management_fee"",""value"":""0.1500""},{""label"":""trustee_fee"",""value"":""0.0100""},{""label"":""admin_fee"",""value"":""0.0100""},{""label"":""other_expense"",""value"":""0.0023""},{""label"":""transaction_cost"",""value"":""0.0073""}]",[5],cell_grid,1.0,클래스명: 수수료선취- 온라인(A-e) | 납입금액의 0.1%이내 수수료선취- 온라인(A-e) 납입금액의 0.1%이내 0.2000 0.0300 0.2400 0.2084 31 54 77 127 276
FUND000078,KR5118420036,C,CLASS000920,EXACT_NORMALIZED_MATCH,수수료미징구-오프라인,미징구,오프라인,,True,,없음,없음,없음,,0.5680,0.3980,0.3900,0.5764,"{""1y"":""59"",""2y"":""120"",""3y"":""185"",""5y"":""322"",""10y"":""721""}","[{""label"":""management_fee"",""value"":""0.1500""},{""label"":""trustee_fee"",""value"":""0.0100""},{""label"":""admin_fee"",""value"":""0.0100""},{""label"":""other_expense"",""value"":""0.0023""},{""label"":""transaction_cost"",""value"":""0.0074""}]",[5],cell_grid,1.0,클래스명: 수수료미징구- 오프라인(C) | 없음 수수료미징구- 오프라인(C) 없음 0.5680 0.3980 0.3900 0.5764 59 120 185 322 721
FUND000078,KR5118420036,C-F,CLASS000923,EXACT_NORMALIZED_MATCH,"수수료미징구-오프라인-랩,펀드등",미징구,오프라인,,False,,없음,없음,없음,,0.1700,0.0000,-,0.1723,"{""1y"":""18"",""2y"":""37"",""3y"":""58"",""5y"":""101"",""10y"":""228""}","[{""label"":""management_fee"",""value"":""0.1500""},{""label"":""trustee_fee"",""value"":""0.0100""},{""label"":""admin_fee"",""value"":""0.0100""},{""label"":""other_expense"",""value"":""0.0023""},{""label"":""transaction_cost"",""value"":""0.0059""}]","[40,42]",transposed_detail_table_cross_validated,0.7,[뒤집힌 상세표 보강] 열4
FUND000078,KR5118420036,C-G,CLASS000922,EXACT_NORMALIZED_MATCH,수수료미징구-오프라인-무권유저비용,미징구,오프라인,,True,,없음,없음,없음,,0.4685,0.2985,-,0.4685,"{""1y"":""49"",""2y"":""99"",""3y"":""152"",""5y"":""266"",""10y"":""597""}","[{""label"":""management_fee"",""value"":""0.1500""},{""label"":""trustee_fee"",""value"":""0.0100""},{""label"":""admin_fee"",""value"":""0.0100""},{""label"":""other_expense"",""value"":""-""},{""label"":""transaction_cost"",""value"":""-""}]","[40,42]",transposed_detail_table_cross_validated,0.7,[뒤집힌 상세표 보강] 열3
FUND000078,KR5118420036,C-I,CLASS000924,EXACT_NORMALIZED_MATCH,수수료미징구-오프라인-고액,미징구,오프라인,,False,,없음,없음,없음,,0.1800,0.0100,-,0.1823,"{""1y"":""19"",""2y"":""40"",""3y"":""61"",""5y"":""106"",""10y"":""241""}","[{""label"":""management_fee"",""value"":""0.1500""},{""label"":""trustee_fee"",""value"":""0.0100""},{""label"":""admin_fee"",""value"":""0.0100""},{""label"":""other_expense"",""value"":""0.0023""},{""label"":""transaction_cost"",""value"":""0.0059""}]","[40,42]",transposed_detail_table_cross_validated,0.7,[뒤집힌 상세표 보강] 열5
FUND000078,KR5118420036,C-P,CLASS000928,EXACT_NORMALIZED_MATCH,수수료미징구-오프라인-퇴직연금,미징구,오프라인,퇴직연금,True,,없음,없음,없음,,0.3300,0.1600,-,0.3383,"{""1y"":""35"",""2y"":""71"",""3y"":""109"",""5y"":""190"",""10y"":""428""}","[{""label"":""management_fee"",""value"":""0.1500""},{""label"":""trustee_fee"",""value"":""0.0100""},{""label"":""admin_fee"",""value"":""0.0100""},{""label"":""other_expense"",""value"":""0.0022""},{""label"":""transaction_cost"",""value"":""0.0075""}]",[5],cell_grid,1.0,클래스명: 수수료미징구- 오프라인- 퇴직연금(C-P) | 없음 수수료미징구- 오프라인- 퇴직연금(C-P) 없음 0.3300 0.1600 - 0.3383 35 71 109 190 428
FUND000078,KR5118420036,C-P1,CLASS000930,EXACT_NORMALIZED_MATCH,수수료미징구-오프라인-개인연금,미징구,오프라인,개인연금,True,,없음,없음,없음,,0.4490,0.2790,,0.4490,"{""1y"":""47"",""2y"":""95"",""3y"":""146"",""5y"":""255"",""10y"":""573""}","[{""label"":""management_fee"",""value"":""0.1500""},{""label"":""trustee_fee"",""value"":""0.0100""},{""label"":""admin_fee"",""value"":""0.0100""},{""label"":""other_expense"",""value"":""0.0000""},{""label"":""transaction_cost"",""value"":""0.0073""}]","[41,43]",transposed_detail_table_cross_validated,0.7,[뒤집힌 상세표 보강] 열3
FUND000078,KR5118420036,C-P1e,CLASS000931,EXACT_NORMALIZED_MATCH,수수료미징구-온라인-개인연금,미징구,온라인,개인연금,True,,없음,없음,없음,,0.3095,0.1395,,0.3095,"{""1y"":""32"",""2y"":""66"",""3y"":""102"",""5y"":""177"",""10y"":""400""}","[{""label"":""management_fee"",""value"":""0.1500""},{""label"":""trustee_fee"",""value"":""0.0100""},{""label"":""admin_fee"",""value"":""0.0100""},{""label"":""other_expense"",""value"":""0.0000""},{""label"":""transaction_cost"",""value"":""0.0077""}]","[41,43]",transposed_detail_table_cross_validated,0.7,[뒤집힌 상세표 보강] 열4
FUND000078,KR5118420036,C-Pe,CLASS000929,EXACT_NORMALIZED_MATCH,수수료미징구-온라인-퇴직연금,미징구,온라인,퇴직연금,True,,없음,없음,없음,,0.2500,0.0800,,0.2520,"{""1y"":""26"",""2y"":""54"",""3y"":""83"",""5y"":""145"",""10y"":""328""}","[{""label"":""management_fee"",""value"":""0.1500""},{""label"":""trustee_fee"",""value"":""0.0100""},{""label"":""admin_fee"",""value"":""0.0100""},{""label"":""other_expense"",""value"":""0.0020""},{""label"":""transaction_cost"",""value"":""0.0074""}]","[41,43]",transposed_detail_table_cross_validated,0.7,[뒤집힌 상세표 보강] 열2
FUND000078,KR5118420036,C-e,CLASS000921,EXACT_NORMALIZED_MATCH,수수료미징구-온라인,미징구,온라인,,True,,없음,없음,없음,,0.4900,0.3200,0.2500,0.4984,"{""1y"":""51"",""2y"":""104"",""3y"":""160"",""5y"":""279"",""10y"":""626""}","[{""label"":""management_fee"",""value"":""0.1500""},{""label"":""trustee_fee"",""value"":""0.0100""},{""label"":""admin_fee"",""value"":""0.0100""},{""label"":""other_expense"",""value"":""0.0023""},{""label"":""transaction_cost"",""value"":""0.0072""}]",[5],cell_grid,1.0,클래스명: 수수료미징구- 온라인(C-e) | 없음 수수료미징구- 온라인(C-e) 없음 0.4900 0.3200 0.2500 0.4984 51 104 160 279 626
FUND000078,KR5118420036,S,CLASS000932,EXACT_NORMALIZED_MATCH,수수료후취-온라인슈퍼,후취,온라인슈퍼,,True,,,없음,없음,,0.2000,0.0300,,0.2000,"{""1y"":""21"",""2y"":""43"",""3y"":""66"",""5y"":""116"",""10y"":""263""}","[{""label"":""management_fee"",""value"":""0.1500""},{""label"":""trustee_fee"",""value"":""0.0100""},{""label"":""admin_fee"",""value"":""0.0100""},{""label"":""other_expense"",""value"":""0.0000""},{""label"":""transaction_cost"",""value"":""0.0072""}]","[41,43]",transposed_detail_table_cross_validated,0.7,[뒤집힌 상세표 보강] 열5
FUND000078,KR5118420036,S-P,CLASS000933,EXACT_NORMALIZED_MATCH,수수료미징구-온라인슈퍼-개인연금,미징구,온라인슈퍼,개인연금,True,,없음,없음,없음,,0.1940,0.0240,,0.1940,"{""1y"":""20"",""2y"":""42"",""3y"":""64"",""5y"":""113"",""10y"":""255""}","[{""label"":""management_fee"",""value"":""0.1500""},{""label"":""trustee_fee"",""value"":""0.0100""},{""label"":""admin_fee"",""value"":""0.0100""},{""label"":""other_expense"",""value"":""0.0000""},{""label"":""transaction_cost"",""value"":""0.0076""}]","[41,43]",transposed_detail_table_cross_validated,0.7,[뒤집힌 상세표 보강] 열6
FUND000078,KR5118420036,S-P(퇴직),CLASS000934,EXACT_NORMALIZED_MATCH,수수료미징구-온라인슈퍼-퇴직연금,미징구,온라인슈퍼,퇴직연금,True,,없음,없음,없음,,0.1900,0.0200,,0.1900,"{""1y"":""20"",""2y"":""41"",""3y"":""63"",""5y"":""111"",""10y"":""250""}","[{""label"":""management_fee"",""value"":""0.1500""},{""label"":""trustee_fee"",""value"":""0.0100""},{""label"":""admin_fee"",""value"":""0.0100""},{""label"":""other_expense"",""value"":""0.0000""},{""label"":""transaction_cost"",""value"":""0.0083""}]","[41,43]",transposed_detail_table_cross_validated,0.7,[뒤집힌 상세표 보강] 열7
FUND000079,KR5118420062,A,CLASS000935,EXACT_NORMALIZED_MATCH,수수료선취-오프라인,선취,오프라인,,True,,납입금액의 0.05%,없음,없음,,0.2500,0.1500,0.3400,0.2594,"{""1y"":""32"",""2y"":""59"",""3y"":""88"",""5y"":""151"",""10y"":""335""}","[{""label"":""management_fee"",""value"":""0.0750""},{""label"":""trustee_fee"",""value"":""0.0150""},{""label"":""admin_fee"",""value"":""0.0100""},{""label"":""other_expense"",""value"":""0.0094""},{""label"":""transaction_cost"",""value"":""0.0060""}]",[4],cell_grid,1.0,클래스명: 수수료선취- 오프라인(A) | 납입금액의 0.05%이내 수수료선취- 오프라인(A) 납입금액의 0.05%이내 0.2500 0.1500 0.3400 0.2594 32 59 88 151 335
FUND000079,KR5118420062,A-G,CLASS000938,EXACT_NORMALIZED_MATCH,수수료선취-오프라인-무권유저비용,선취,오프라인,,True,,납입금액의 0.0375%,없음,없음,,0.2125,0.1125,-,0.2195,"{""1y"":""26"",""2y"":""50"",""3y"":""74"",""5y"":""127"",""10y"":""283""}","[{""label"":""management_fee"",""value"":""0.0750""},{""label"":""trustee_fee"",""value"":""0.0150""},{""label"":""admin_fee"",""value"":""0.0100""},{""label"":""other_expense"",""value"":""0.0070""},{""label"":""transaction_cost"",""value"":""0.0061""}]","[30,32]",transposed_detail_table_cross_validated,0.7,[뒤집힌 상세표 보강] 열6
FUND000079,KR5118420062,A-e,CLASS000937,EXACT_NORMALIZED_MATCH,수수료선취-온라인,선취,온라인,,True,,납입금액의 0.03%,없음,없음,,0.2000,0.1000,0.2500,0.2094,"{""1y"":""24"",""2y"":""47"",""3y"":""70"",""5y"":""121"",""10y"":""270""}","[{""label"":""management_fee"",""value"":""0.0750""},{""label"":""trustee_fee"",""value"":""0.0150""},{""label"":""admin_fee"",""value"":""0.0100""},{""label"":""other_expense"",""value"":""0.0094""},{""label"":""transaction_cost"",""value"":""0.0061""}]",[4],cell_grid,1.0,클래스명: 수수료선취- 온라인(A-e) | 납입금액의 0.03%이내 수수료선취- 온라인(A-e) 납입금액의 0.03%이내 0.2000 0.1000 0.2500 0.2094 24 47 70 121 270
FUND000079,KR5118420062,A2,CLASS000936,EXACT_NORMALIZED_MATCH,수수료선취-오프라인,선취,오프라인,,True,,납입금액의 0.15%,없음,없음,,0.1000,0.0000,0.3400,0.1095,"{""1y"":""26"",""2y"":""38"",""3y"":""50"",""5y"":""77"",""10y"":""155""}","[{""label"":""management_fee"",""value"":""0.0750""},{""label"":""trustee_fee"",""value"":""0.0150""},{""label"":""admin_fee"",""value"":""0.0100""},{""label"":""other_expense"",""value"":""0.0095""},{""label"":""transaction_cost"",""value"":""0.0058""}]",[30],transposed_detail_table_cross_validated,0.7,[뒤집힌 상세표 보강] 열2
FUND000079,KR5118420062,C,CLASS000939,EXACT_NORMALIZED_MATCH,수수료미징구-오프라인,미징구,오프라인,,True,,없음,없음,없음,,0.4500,0.3500,0.4000,0.4594,"{""1y"":""47"",""2y"":""96"",""3y"":""147"",""5y"":""257"",""10y"":""578""}","[{""label"":""management_fee"",""value"":""0.0750""},{""label"":""trustee_fee"",""value"":""0.0150""},{""label"":""admin_fee"",""value"":""0.0100""},{""label"":""other_expense"",""value"":""0.0094""},{""label"":""transaction_cost"",""value"":""0.0059""}]",[4],cell_grid,1.0,클래스명: 수수료미징구- 오프라인(C) | 없음 수수료미징구- 오프라인(C) 없음 0.4500 0.3500 0.4000 0.4594 47 96 147 257 578
FUND000079,KR5118420062,C-F,CLASS000942,EXACT_NORMALIZED_MATCH,"수수료미징구-오프라인-고액,기관",미징구,오프라인,,False,,없음,없음,없음,,0.1180,0.0180,,0.1275,"{""1y"":""13"",""2y"":""27"",""3y"":""41"",""5y"":""72"",""10y"":""163""}","[{""label"":""management_fee"",""value"":""0.0750""},{""label"":""trustee_fee"",""value"":""0.0150""},{""label"":""admin_fee"",""value"":""0.0100""}]","[30,33]",transposed_detail_table_cross_validated,0.7,[뒤집힌 상세표 보강] 열1
FUND000079,KR5118420062,C-G,CLASS000941,EXACT_NORMALIZED_MATCH,수수료미징구-오프라인-무권유저비용,미징구,오프라인,,True,,없음,없음,없음,,0.3625,0.2625,-,0.3701,"{""1y"":""38"",""2y"":""77"",""3y"":""119"",""5y"":""208"",""10y"":""468""}","[{""label"":""management_fee"",""value"":""0.0750""},{""label"":""trustee_fee"",""value"":""0.0150""},{""label"":""admin_fee"",""value"":""0.0100""},{""label"":""other_expense"",""value"":""0.0076""},{""label"":""transaction_cost"",""value"":""0.0059""}]","[30,32]",transposed_detail_table_cross_validated,0.7,[뒤집힌 상세표 보강] 열12
FUND000079,KR5118420062,C-P,CLASS000943,EXACT_NORMALIZED_MATCH,수수료미징구-오프라인-퇴직연금,미징구,오프라인,퇴직연금,True,,없음,없음,없음,,0.3300,0.2300,-,0.3394,"{""1y"":""35"",""2y"":""71"",""3y"":""109"",""5y"":""191"",""10y"":""430""}","[{""label"":""management_fee"",""value"":""0.0750""},{""label"":""trustee_fee"",""value"":""0.0150""},{""label"":""admin_fee"",""value"":""0.0100""}]",[4],cell_grid,1.0,클래스명: 수수료미징구- 오프라인- 퇴직연금(C-P) | 없음 수수료미징구- 오프라인- 퇴직연금(C-P) 없음 0.3300 0.2300 - 0.3394 35 71 109 191 430
FUND000079,KR5118420062,C-P1,CLASS000946,EXACT_NORMALIZED_MATCH,수수료미징구-오프라인-개인연금,미징구,오프라인,개인연금,True,,없음,없음,없음,,0.3800,0.2800,,0.3895,"{""1y"":""40"",""2y"":""82"",""3y"":""125"",""5y"":""218"",""10y"":""492""}","[{""label"":""management_fee"",""value"":""0.0750""},{""label"":""trustee_fee"",""value"":""0.0150""},{""label"":""admin_fee"",""value"":""0.0100""}]","[30,33]",transposed_detail_table_cross_validated,0.7,[뒤집힌 상세표 보강] 열8
FUND000079,KR5118420062,C-P1e,CLASS000947,EXACT_NORMALIZED_MATCH,수수료미징구-온라인-개인연금,미징구,온라인,개인연금,True,,없음,없음,없음,,0.2400,0.1400,,0.2495,"{""1y"":""26"",""2y"":""52"",""3y"":""80"",""5y"":""140"",""10y"":""317""}","[{""label"":""management_fee"",""value"":""0.0750""},{""label"":""trustee_fee"",""value"":""0.0150""},{""label"":""admin_fee"",""value"":""0.0100""}]","[30,33]",transposed_detail_table_cross_validated,0.7,[뒤집힌 상세표 보강] 열11
FUND000079,KR5118420062,C-Pe,CLASS000944,EXACT_NORMALIZED_MATCH,수수료미징구-온라인-퇴직연금,미징구,온라인,퇴직연금,True,,없음,없음,없음,,0.2150,0.1150,,0.2245,"{""1y"":""23"",""2y"":""47"",""3y"":""72"",""5y"":""126"",""10y"":""286""}","[{""label"":""management_fee"",""value"":""0.0750""},{""label"":""trustee_fee"",""value"":""0.0150""},{""label"":""admin_fee"",""value"":""0.0100""}]","[30,33]",transposed_detail_table_cross_validated,0.7,[뒤집힌 상세표 보강] 열5
FUND000079,KR5118420062,C-W,CLASS000945,EXACT_NORMALIZED_MATCH,수수료미징구-오프라인-랩,미징구,오프라인,,False,,없음,없음,없음,,0.1000,0.0000,,0.1094,"{""1y"":""11"",""2y"":""23"",""3y"":""35"",""5y"":""62"",""10y"":""140""}","[{""label"":""management_fee"",""value"":""0.0750""},{""label"":""trustee_fee"",""value"":""0.0150""},{""label"":""admin_fee"",""value"":""0.0100""}]",[30],transposed_detail_table_cross_validated,0.7,[뒤집힌 상세표 보강] 열6
FUND000079,KR5118420062,C-e,CLASS000940,EXACT_NORMALIZED_MATCH,수수료미징구-온라인,미징구,온라인,,True,,없음,없음,없음,,0.2750,0.1750,0.2700,0.2844,"{""1y"":""29"",""2y"":""60"",""3y"":""92"",""5y"":""160"",""10y"":""361""}","[{""label"":""management_fee"",""value"":""0.0750""},{""label"":""trustee_fee"",""value"":""0.0150""},{""label"":""admin_fee"",""value"":""0.0100""},{""label"":""other_expense"",""value"":""0.0094""},{""label"":""transaction_cost"",""value"":""0.0061""}]",[4],cell_grid,1.0,클래스명: 수수료미징구- 온라인(C-e) | 없음 수수료미징구- 온라인(C-e) 없음 0.2750 0.1750 0.2700 0.2844 29 60 92 160 361
FUND000079,KR5118420062,S,CLASS000948,EXACT_NORMALIZED_MATCH,수수료후취-온라인슈퍼,후취,온라인슈퍼,,True,,없음,3년미만 : 환매금액의 0.15%이내,없음,,0.1900,0.0900,,0.1994,"{""1y"":""20"",""2y"":""42"",""3y"":""64"",""5y"":""112"",""10y"":""254""}","[{""label"":""management_fee"",""value"":""0.0750""},{""label"":""trustee_fee"",""value"":""0.0150""},{""label"":""admin_fee"",""value"":""0.0100""}]",[30],transposed_detail_table_cross_validated,0.7,[뒤집힌 상세표 보강] 열12
FUND000079,KR5118420062,S-P,CLASS000949,EXACT_NORMALIZED_MATCH,수수료미징구-온라인슈퍼-개인연금,미징구,온라인슈퍼,개인연금,True,,없음,없음,없음,,0.1700,0.0700,,0.1794,"{""1y"":""18"",""2y"":""38"",""3y"":""58"",""5y"":""101"",""10y"":""229""}","[{""label"":""trustee_fee"",""value"":""0.0150""},{""label"":""admin_fee"",""value"":""0.0100""},{""label"":""other_expense"",""value"":""0.0094""},{""label"":""transaction_cost"",""value"":""0.0081""}]","[31,33]",transposed_detail_table_cross_validated,0.7,[뒤집힌 상세표 보강] 열1
FUND000079,KR5118420062,S-P(퇴직),CLASS000950,EXACT_NORMALIZED_MATCH,수수료미징구-온라인슈퍼-퇴직연금,미징구,온라인슈퍼,퇴직연금,True,,없음,없음,,,0.1600,0.0600,,0.1692,"{""1y"":""17"",""2y"":""35"",""3y"":""55"",""5y"":""95"",""10y"":""216""}","[{""label"":""trustee_fee"",""value"":""0.0150""},{""label"":""admin_fee"",""value"":""0.0100""},{""label"":""other_expense"",""value"":""0.0092""},{""label"":""transaction_cost"",""value"":""0.0060""}]",[31],transposed_detail_table_cross_validated,0.7,[뒤집힌 상세표 보강] 열3
FUND000039,KR5119450058,A-e,CLASS000543,EXACT_NORMALIZED_MATCH,수수료선취-온라인,선취,온라인,,True,,납입금액의 0.500% 이내,없음,없음,,1.0400,0.3500,1.0500,1.1044,"{""1y"":""162"",""2y"":""278"",""3y"":""399"",""5y"":""655"",""10y"":""1386""}","[{""label"":""management_fee"",""value"":""0.650""},{""label"":""trustee_fee"",""value"":""0.025""},{""label"":""admin_fee"",""value"":""0.015""},{""label"":""other_expense"",""value"":""0.0016""},{""label"":""transaction_cost"",""value"":""1.7486""}]","[6,36]",cell_grid,1.0,"클래스명: 수수료선취 - 온라인(A-e) | 납입금액 의 0.500% 이내 수수료선취 - 온라인(A-e) 납입금액 의 0.500% 이내 1.0400 0.3500 1.0500 1.1044 162 278 399 655 1,386"
FUND000039,KR5119450058,A1,CLASS000542,EXACT_NORMALIZED_MATCH,수수료선취-오프라인,선취,오프라인,,True,,납입금액의 1.000% 이내,없음,없음,,1.3900,0.7000,1.4000,1.4540,"{""1y"":""247"",""2y"":""398"",""3y"":""555"",""5y"":""886"",""10y"":""1819""}","[{""label"":""management_fee"",""value"":""0.650""},{""label"":""trustee_fee"",""value"":""0.025""},{""label"":""admin_fee"",""value"":""0.015""},{""label"":""other_expense"",""value"":""0.0012""},{""label"":""transaction_cost"",""value"":""1.7397""}]","[6,36]",cell_grid,1.0,"클래스명: 수수료선취 - 오프라인(A1) | 납입금액 의 1.000% 이내 수수료선취 - 오프라인(A1) 납입금액 의 1.000% 이내 1.3900 0.7000 1.4000 1.4540 247 398 555 886 1,819"
FUND000039,KR5119450058,C-e,CLASS000548,EXACT_NORMALIZED_MATCH,수수료미징구-온라인,미징구,온라인,,True,,없음,없음,없음,,1.1900,0.5000,1.1900,1.2544,"{""1y"":""128"",""2y"":""260"",""3y"":""398"",""5y"":""688"",""10y"":""1514""}","[{""label"":""management_fee"",""value"":""0.650""},{""label"":""trustee_fee"",""value"":""0.025""},{""label"":""admin_fee"",""value"":""0.015""},{""label"":""other_expense"",""value"":""0.0016""},{""label"":""transaction_cost"",""value"":""1.7521""}]","[6,37]",cell_grid,1.0,"클래스명: 수수료미징구 - 온라인(C-e) | 없음 수수료미징구 - 온라인(C-e) 없음 1.1900 0.5000 1.1900 1.2544 128 260 398 688 1,514"
FUND000039,KR5119450058,C-i,CLASS000549,EXACT_NORMALIZED_MATCH,"수수료미징구-오프라인-고액,기관",미징구,오프라인,,False,,없음,없음,없음,,0.720,0.030,-,0.7828,"{""1y"":""80"",""2y"":""163"",""3y"":""250"",""5y"":""435"",""10y"":""968""}","[{""label"":""management_fee"",""value"":""0.650""},{""label"":""trustee_fee"",""value"":""0.025""},{""label"":""admin_fee"",""value"":""0.015""}]","[37,36,38]",detail_table_cross_validated,0.7,"[상세표 보강] [(1, '0.650'), (2, '0.030'), (3, '0.025'), (4, '0.015'), (5, '0.720'), (8, '0.720'), (9, '0.7828')]"
FUND000039,KR5119450058,C-p,CLASS000550,EXACT_NORMALIZED_MATCH,수수료미징구-오프라인-개인연금,미징구,오프라인,개인연금,True,,없음,없음,없음,,1.530,0.840,-,1.5928,"{""1y"":""162"",""2y"":""330"",""3y"":""503"",""5y"":""867"",""10y"":""1888""}","[{""label"":""management_fee"",""value"":""0.650""},{""label"":""trustee_fee"",""value"":""0.025""},{""label"":""admin_fee"",""value"":""0.015""},{""label"":""transaction_cost"",""value"":""2.1903""}]","[37,36,38]",detail_table_cross_validated,0.7,"[상세표 보강] [(1, '0.650'), (2, '0.840'), (3, '0.025'), (4, '0.015'), (5, '1.530'), (8, '1.530'), (9, '1.5928'), (10, '2.1903')]"
FUND000039,KR5119450058,C-pe,CLASS000551,EXACT_NORMALIZED_MATCH,수수료미징구-온라인-개인연금,미징구,온라인,개인연금,True,,없음,없음,없음,,1.110,0.420,-,1.1745,"{""1y"":""120"",""2y"":""244"",""3y"":""373"",""5y"":""646"",""10y"":""1423""}","[{""label"":""management_fee"",""value"":""0.650""},{""label"":""trustee_fee"",""value"":""0.025""},{""label"":""admin_fee"",""value"":""0.015""},{""label"":""other_expense"",""value"":""0.0017""},{""label"":""transaction_cost"",""value"":""1.7326""}]","[37,36,38]",detail_table_cross_validated,0.7,"[상세표 보강] [(1, '0.650'), (2, '0.420'), (3, '0.025'), (4, '0.015'), (5, '1.110'), (7, '0.0017'), (8, '1.1117'), (9, '1.1745'), (10, '1.7326')]"
FUND000039,KR5119450058,C-r,CLASS000552,EXACT_NORMALIZED_MATCH,수수료미징구-오프라인-퇴직연금,미징구,오프라인,퇴직연금,True,,없음,없음,없음,,1.470,0.780,-,1.5344,"{""1y"":""156"",""2y"":""318"",""3y"":""485"",""5y"":""836"",""10y"":""1825""}","[{""label"":""management_fee"",""value"":""0.650""},{""label"":""trustee_fee"",""value"":""0.025""},{""label"":""admin_fee"",""value"":""0.015""},{""label"":""other_expense"",""value"":""0.0016""},{""label"":""transaction_cost"",""value"":""1.756""}]","[37,36,38]",detail_table_cross_validated,0.7,"[상세표 보강] [(1, '0.650'), (2, '0.780'), (3, '0.025'), (4, '0.015'), (5, '1.470'), (7, '0.0016'), (8, '1.4716'), (9, '1.5344'), (10, '1.756')]"
FUND000039,KR5119450058,C-re,CLASS000553,EXACT_NORMALIZED_MATCH,수수료미징구-온라인-퇴직연금,미징구,온라인,퇴직연금,True,,없음,없음,없음,,1.080,0.390,-,1.1449,"{""1y"":""117"",""2y"":""238"",""3y"":""364"",""5y"":""630"",""10y"":""1389""}","[{""label"":""management_fee"",""value"":""0.650""},{""label"":""trustee_fee"",""value"":""0.025""},{""label"":""admin_fee"",""value"":""0.015""},{""label"":""other_expense"",""value"":""0.0021""},{""label"":""transaction_cost"",""value"":""1.7553""}]","[37,36,38]",detail_table_cross_validated,0.7,"[상세표 보강] [(1, '0.650'), (2, '0.390'), (3, '0.025'), (4, '0.015'), (5, '1.080'), (7, '0.0021'), (8, '1.0821'), (9, '1.1449'), (10, '1.7553')]"
FUND000039,KR5119450058,C-w,CLASS000554,EXACT_NORMALIZED_MATCH,수수료미징구-오프라인-랩,미징구,오프라인,,False,,없음,없음,없음,,0.690,-,-,0.7528,"{""1y"":""77"",""2y"":""157"",""3y"":""241"",""5y"":""418"",""10y"":""933""}","[{""label"":""management_fee"",""value"":""0.650""},{""label"":""trustee_fee"",""value"":""0.025""},{""label"":""admin_fee"",""value"":""0.015""},{""label"":""transaction_cost"",""value"":""2.1138""}]","[37,36,39]",detail_table_cross_validated,0.7,"[상세표 보강] [(1, '0.650'), (3, '0.025'), (4, '0.015'), (5, '0.690'), (8, '0.690'), (9, '0.7528'), (10, '2.1138')]"
FUND000039,KR5119450058,C1,CLASS000544,EXACT_NORMALIZED_MATCH,수수료미징구-오프라인-보수체감,미징구,오프라인,,True,,없음,없음,없음,,1.8900,1.2000,1.5900,1.9534,"{""1y"":""199"",""2y"":""393"",""3y"":""571"",""5y"":""924"",""10y"":""1915""}","[{""label"":""management_fee"",""value"":""0.650""},{""label"":""trustee_fee"",""value"":""0.025""},{""label"":""admin_fee"",""value"":""0.015""},{""label"":""other_expense"",""value"":""0.0006""},{""label"":""transaction_cost"",""value"":""1.8115""}]","[6,37]",cell_grid,1.0,"클래스명: 수수료미징구 - 오프라인 - 보수체감(C1) | 없음 수수료미징구 - 오프라인 - 보수체감(C1) 없음 1.8900 1.2000 1.5900 1.9534 199 393 571 924 1,915"
FUND000039,KR5119450058,C2,CLASS000545,EXACT_NORMALIZED_MATCH,수수료미징구-오프라인-보수체감,미징구,오프라인,,True,,없음,없음,없음,,1.790,1.100,-,1.8533,{},"[{""label"":""management_fee"",""value"":""0.650""},{""label"":""trustee_fee"",""value"":""0.025""},{""label"":""admin_fee"",""value"":""0.015""},{""label"":""other_expense"",""value"":""0.0005""},{""label"":""transaction_cost"",""value"":""1.7152""}]","[37,36]",detail_table_cross_validated,0.7,"[상세표 보강] [(1, '0.650'), (2, '1.100'), (3, '0.025'), (4, '0.015'), (5, '1.790'), (7, '0.0005'), (8, '1.7905'), (9, '1.8533'), (10, '1.7152')]"
FUND000039,KR5119450058,C3,CLASS000546,EXACT_NORMALIZED_MATCH,수수료미징구-오프라인-보수체감,미징구,오프라인,,True,,없음,없음,없음,,1.590,0.900,-,1.6528,{},"[{""label"":""management_fee"",""value"":""0.650""},{""label"":""trustee_fee"",""value"":""0.025""},{""label"":""admin_fee"",""value"":""0.015""}]","[37,36]",detail_table_cross_validated,0.7,"[상세표 보강] [(1, '0.650'), (2, '0.900'), (3, '0.025'), (4, '0.015'), (5, '1.590'), (8, '1.590'), (9, '1.6528')]"
FUND000039,KR5119450058,C4,CLASS000547,EXACT_NORMALIZED_MATCH,수수료미징구-오프라인-보수체감,미징구,오프라인,,True,,없음,없음,없음,,1.490,0.800,-,1.5528,{},"[{""label"":""management_fee"",""value"":""0.650""},{""label"":""trustee_fee"",""value"":""0.025""},{""label"":""admin_fee"",""value"":""0.015""},{""label"":""transaction_cost"",""value"":""1.7401""}]","[37,36]",detail_table_cross_validated,0.7,"[상세표 보강] [(1, '0.650'), (2, '0.800'), (3, '0.025'), (4, '0.015'), (5, '1.490'), (8, '1.490'), (9, '1.5528'), (10, '1.7401')]"
FUND000039,KR5119450058,S,CLASS000555,EXACT_NORMALIZED_MATCH,수수료후취-온라인슈퍼,후취,온라인슈퍼,,True,,없음,3년 미만 환매시 환매금액의 0.150%이내,없음,,1.030,0.340,-,1.0928,"{""1y"":""111"",""2y"":""227"",""3y"":""348"",""5y"":""602"",""10y"":""1330""}","[{""label"":""management_fee"",""value"":""0.650""},{""label"":""trustee_fee"",""value"":""0.025""},{""label"":""admin_fee"",""value"":""0.015""},{""label"":""transaction_cost"",""value"":""1.7665""}]","[37,36,39]",detail_table_cross_validated,0.7,"[상세표 보강] [(1, '0.650'), (2, '0.340'), (3, '0.025'), (4, '0.015'), (5, '1.030'), (8, '1.030'), (9, '1.0928'), (10, '1.7665')]"
FUND000039,KR5119450058,S-P,CLASS000556,EXACT_NORMALIZED_MATCH,수수료미징구-온라인슈퍼-개인연금,미징구,온라인슈퍼,개인연금,True,,없음,없음,없음,,0.940,0.250,-,1.0028,"{""1y"":""102"",""2y"":""209"",""3y"":""319"",""5y"":""554"",""10y"":""1226""}","[{""label"":""management_fee"",""value"":""0.650""},{""label"":""trustee_fee"",""value"":""0.025""},{""label"":""admin_fee"",""value"":""0.015""},{""label"":""transaction_cost"",""value"":""1.7427""}]","[37,36,39]",detail_table_cross_validated,0.7,"[상세표 보강] [(1, '0.650'), (2, '0.250'), (3, '0.025'), (4, '0.015'), (5, '0.940'), (8, '0.940'), (9, '1.0028'), (10, '1.7427')]"
FUND000040,KR5119501001,C-e,CLASS000558,EXACT_NORMALIZED_MATCH,수수료미징구-온라인-퇴직연금,미징구,온라인,퇴직연금,True,,없음,없음,없음,,0.3150,0.1350,0.2500,0.3222,"{""1y"":""33"",""2y"":""67"",""3y"":""104"",""5y"":""181"",""10y"":""408""}","[{""label"":""management_fee"",""value"":""0.150""},{""label"":""trustee_fee"",""value"":""0.030""},{""label"":""other_expense"",""value"":""0.001""},{""label"":""transaction_cost"",""value"":""0.0038""}]","[4,25]",cell_grid,1.0,클래스명: 수수료미징구 - 온라인 - 퇴직연금 (C-e) | 없음 수수료미징구 - 온라인 - 퇴직연금 (C-e) 없음 0.3150 0.1350 0.2500 0.3222 33 67 104 181 408
FUND000040,KR5119501001,C1,CLASS000557,EXACT_NORMALIZED_MATCH,수수료미징구-오프라인-퇴직연금,미징구,오프라인,퇴직연금,True,,없음,없음,없음,,0.4500,0.2700,0.3900,0.4586,"{""1y"":""47"",""2y"":""96"",""3y"":""147"",""5y"":""257"",""10y"":""577""}","[{""label"":""management_fee"",""value"":""0.150""},{""label"":""trustee_fee"",""value"":""0.030""},{""label"":""other_expense"",""value"":""0.0023""},{""label"":""transaction_cost"",""value"":""0.004""}]","[4,25]",cell_grid,1.0,클래스명: 수수료미징구 - 오프라인 - 퇴직연금 (C1) | 없음 수수료미징구 - 오프라인 - 퇴직연금 (C1) 없음 0.4500 0.2700 0.3900 0.4586 47 96 147 257 577
FUND000041,KR5119520012,A-e,CLASS000560,EXACT_NORMALIZED_MATCH,수수료선취-온라인,선취,온라인,,True,,납입금액의 0.150% 이내,없음,없음,,0.3500,0.1000,0.2300,0.3523,"{""1y"":""51"",""2y"":""89"",""3y"":""128"",""5y"":""212"",""10y"":""460""}","[{""label"":""management_fee"",""value"":""0.220""},{""label"":""trustee_fee"",""value"":""0.030""}]","[5,37]",cell_grid,1.0,클래스명: 수수료선취 - 온라인(A-e) | 납입금액 의 0.150% 이내 수수료선취 - 온라인(A-e) 납입금액 의 0.150% 이내 0.3500 0.1000 0.2300 0.3523 51 89 128 212 460
FUND000041,KR5119520012,A-g,CLASS000561,EXACT_NORMALIZED_MATCH,수수료선취-오프라인-무권유저비용,선취,오프라인,,True,,납입금액의 0.210% 이내,없음,없음,,0.390,0.140,-,0.3923,"{""1y"":""61"",""2y"":""103"",""3y"":""147"",""5y"":""241"",""10y"":""515""}","[{""label"":""management_fee"",""value"":""0.220""},{""label"":""trustee_fee"",""value"":""0.030""}]","[37,36,39]",detail_table_cross_validated,0.7,"[상세표 보강] [(2, '0.220'), (3, '0.140'), (4, '0.030'), (6, '0.390'), (9, '0.390'), (10, '0.3923')]"
FUND000041,KR5119520012,A1,CLASS000559,EXACT_NORMALIZED_MATCH,수수료선취-오프라인,선취,오프라인,,True,,납입금액의 0.300% 이내,없음,없음,,0.4500,0.2000,0.3100,0.4523,"{""1y"":""76"",""2y"":""124"",""3y"":""175"",""5y"":""282"",""10y"":""598""}","[{""label"":""management_fee"",""value"":""0.220""},{""label"":""trustee_fee"",""value"":""0.030""}]","[5,37]",cell_grid,1.0,클래스명: 수수료선취 - 오프라인(A1) | 납입금액 의 0.300% 이내 수수료선취 - 오프라인(A1) 납입금액 의 0.300% 이내 0.4500 0.2000 0.3100 0.4523 76 124 175 282 598
FUND000041,KR5119520012,C-e,CLASS000563,EXACT_NORMALIZED_MATCH,수수료미징구-온라인,미징구,온라인,,True,,없음,없음,없음,,0.4400,0.1900,0.2500,0.4423,"{""1y"":""45"",""2y"":""93"",""3y"":""142"",""5y"":""248"",""10y"":""557""}","[{""label"":""management_fee"",""value"":""0.220""},{""label"":""trustee_fee"",""value"":""0.030""}]","[5,37]",cell_grid,1.0,클래스명: 수수료미징구 - 투자비용 온라인(C-e) | 없음 수수료미징구 - 온라인(C-e) 없음 0.4400 0.1900 0.2500 0.4423 45 93 142 248 557
FUND000041,KR5119520012,C-g,CLASS000564,EXACT_NORMALIZED_MATCH,수수료미징구-오프라인-무권유저비용,미징구,오프라인,,True,,없음,없음,없음,,0.530,0.280,-,0.5323,"{""1y"":""54"",""2y"":""111"",""3y"":""171"",""5y"":""297"",""10y"":""667""}","[{""label"":""management_fee"",""value"":""0.220""},{""label"":""trustee_fee"",""value"":""0.030""}]","[37,36,39]",detail_table_cross_validated,0.7,"[상세표 보강] [(2, '0.220'), (3, '0.280'), (4, '0.030'), (6, '0.530'), (9, '0.530'), (10, '0.5323')]"
FUND000041,KR5119520012,C-i,CLASS000565,EXACT_NORMALIZED_MATCH,"수수료미징구-오프라인-고액,기관",미징구,오프라인,,False,,없음,없음,없음,,0.280,0.030,-,0.2823,"{""1y"":""29"",""2y"":""59"",""3y"":""91"",""5y"":""159"",""10y"":""358""}","[{""label"":""management_fee"",""value"":""0.220""},{""label"":""trustee_fee"",""value"":""0.030""}]","[37,36,39]",detail_table_cross_validated,0.7,"[상세표 보강] [(2, '0.220'), (3, '0.030'), (4, '0.030'), (6, '0.280'), (9, '0.280'), (10, '0.2823')]"
FUND000041,KR5119520012,C-i2,CLASS000566,EXACT_NORMALIZED_MATCH,"수수료미징구-오프라인-퇴직연금,고액",미징구,오프라인,퇴직연금,False,,없음,없음,없음,,0.260,0.010,-,0.2623,"{""1y"":""27"",""2y"":""55"",""3y"":""84"",""5y"":""148"",""10y"":""333""}","[{""label"":""management_fee"",""value"":""0.220""},{""label"":""trustee_fee"",""value"":""0.030""}]","[37,36]",detail_table_cross_validated,0.7,"[상세표 보강] [(2, '0.220'), (3, '0.010'), (4, '0.030'), (6, '0.260'), (9, '0.260'), (10, '0.2623')]"
FUND000041,KR5119520012,C-p,CLASS000567,EXACT_NORMALIZED_MATCH,수수료미징구-오프라인-개인연금,미징구,오프라인,개인연금,True,,없음,없음,없음,,0.550,0.300,-,0.5523,"{""1y"":""56"",""2y"":""115"",""3y"":""177"",""5y"":""308"",""10y"":""691""}","[{""label"":""management_fee"",""value"":""0.220""},{""label"":""trustee_fee"",""value"":""0.030""}]","[37,36,39]",detail_table_cross_validated,0.7,"[상세표 보강] [(2, '0.220'), (3, '0.300'), (4, '0.030'), (6, '0.550'), (9, '0.550'), (10, '0.5523')]"
FUND000041,KR5119520012,C-pe,CLASS000568,EXACT_NORMALIZED_MATCH,수수료미징구-온라인-개인연금,미징구,온라인,개인연금,True,,없음,없음,없음,,0.400,0.150,-,0.4023,"{""1y"":""41"",""2y"":""84"",""3y"":""129"",""5y"":""226"",""10y"":""508""}","[{""label"":""management_fee"",""value"":""0.220""},{""label"":""trustee_fee"",""value"":""0.030""}]","[37,36,39]",detail_table_cross_validated,0.7,"[상세표 보강] [(2, '0.220'), (3, '0.150'), (4, '0.030'), (6, '0.400'), (9, '0.400'), (10, '0.4023')]"
FUND000041,KR5119520012,C-r,CLASS000569,EXACT_NORMALIZED_MATCH,수수료미징구-오프라인-퇴직연금,미징구,오프라인,퇴직연금,True,,없음,없음,없음,,0.450,0.200,-,0.463,"{""1y"":""47"",""2y"":""97"",""3y"":""149"",""5y"":""259"",""10y"":""582""}","[{""label"":""management_fee"",""value"":""0.220""},{""label"":""trustee_fee"",""value"":""0.030""},{""label"":""other_expense"",""value"":""0.0035""},{""label"":""transaction_cost"",""value"":""0.0032""}]","[37,36,39]",detail_table_cross_validated,0.7,"[상세표 보강] [(2, '0.220'), (3, '0.200'), (4, '0.030'), (6, '0.450'), (8, '0.0035'), (9, '0.4535'), (10, '0.463'), (11, '0.0032')]"
FUND000041,KR5119520012,C-re,CLASS000570,EXACT_NORMALIZED_MATCH,수수료미징구-온라인-퇴직연금,미징구,온라인,퇴직연금,True,,없음,없음,없음,,0.350,0.100,-,0.3631,"{""1y"":""37"",""2y"":""76"",""3y"":""117"",""5y"":""204"",""10y"":""459""}","[{""label"":""management_fee"",""value"":""0.220""},{""label"":""trustee_fee"",""value"":""0.030""},{""label"":""other_expense"",""value"":""0.0036""},{""label"":""transaction_cost"",""value"":""0.0032""}]","[37,36,39]",detail_table_cross_validated,0.7,"[상세표 보강] [(2, '0.220'), (3, '0.100'), (4, '0.030'), (6, '0.350'), (8, '0.0036'), (9, '0.3536'), (10, '0.3631'), (11, '0.0032')]"
FUND000041,KR5119520012,C-w,CLASS000571,EXACT_NORMALIZED_MATCH,수수료미징구-오프라인-랩,미징구,오프라인,,False,,없음,없음,없음,,0.250,-,-,0.2523,"{""1y"":""26"",""2y"":""53"",""3y"":""81"",""5y"":""142"",""10y"":""321""}","[{""label"":""management_fee"",""value"":""0.220""},{""label"":""trustee_fee"",""value"":""0.030""}]","[37,36,39]",detail_table_cross_validated,0.7,"[상세표 보강] [(2, '0.220'), (4, '0.030'), (6, '0.250'), (9, '0.250'), (10, '0.2523')]"
FUND000041,KR5119520012,C1,CLASS000562,EXACT_NORMALIZED_MATCH,수수료미징구-오프라인,미징구,오프라인,,True,,없음,없음,없음,,0.6500,0.4000,0.3900,0.6523,"{""1y"":""67"",""2y"":""136"",""3y"":""209"",""5y"":""363"",""10y"":""812""}","[{""label"":""management_fee"",""value"":""0.220""},{""label"":""trustee_fee"",""value"":""0.030""}]","[5,37]",cell_grid,1.0,클래스명: 수수료미징구 - 오프라인(C1) | 없음 수수료미징구 - 오프라인(C1) 없음 0.6500 0.4000 0.3900 0.6523 67 136 209 363 812
FUND000041,KR5119520012,S,CLASS000572,EXACT_NORMALIZED_MATCH,수수료후취-온라인슈퍼,후취,온라인슈퍼,,True,,없음,3년 미만 환매시 환매금액의 0.150%이내,없음,,0.345,0.095,-,0.3541,"{""1y"":""36"",""2y"":""74"",""3y"":""114"",""5y"":""199"",""10y"":""448""}","[{""label"":""management_fee"",""value"":""0.220""},{""label"":""trustee_fee"",""value"":""0.030""},{""label"":""transaction_cost"",""value"":""0.0019""}]","[37,36,39]",detail_table_cross_validated,0.7,"[상세표 보강] [(2, '0.220'), (3, '0.095'), (4, '0.030'), (6, '0.345'), (9, '0.345'), (10, '0.3541'), (11, '0.0019')]"
FUND000041,KR5119520012,S-P,CLASS000573,EXACT_NORMALIZED_MATCH,수수료미징구-온라인슈퍼-개인연금,미징구,온라인슈퍼,개인연금,True,,없음,없음,없음,,0.334,0.084,-,0.3431,"{""1y"":""35"",""2y"":""72"",""3y"":""110"",""5y"":""193"",""10y"":""434""}","[{""label"":""management_fee"",""value"":""0.220""},{""label"":""trustee_fee"",""value"":""0.030""},{""label"":""transaction_cost"",""value"":""0.0008""}]","[38,37,39]",detail_table_cross_validated,0.7,"[상세표 보강] [(1, '0.220'), (2, '0.084'), (3, '0.030'), (5, '0.334'), (8, '0.334'), (9, '0.3431'), (10, '0.0008')]"
FUND000041,KR5119520012,S-R,CLASS000574,EXACT_NORMALIZED_MATCH,수수료미징구-온라인슈퍼-퇴직연금,미징구,온라인슈퍼,퇴직연금,True,,없음,없음,없음,,0.324,0.074,-,0.3331,"{""1y"":""34"",""2y"":""70"",""3y"":""107"",""5y"":""187"",""10y"":""422""}","[{""label"":""management_fee"",""value"":""0.220""},{""label"":""trustee_fee"",""value"":""0.030""},{""label"":""transaction_cost"",""value"":""0.0011""}]","[38,37,39]",detail_table_cross_validated,0.7,"[상세표 보강] [(1, '0.220'), (2, '0.074'), (3, '0.030'), (5, '0.324'), (8, '0.324'), (9, '0.3331'), (10, '0.0011')]"
FUND000042,KR5120420039,A,CLASS000575,EXACT_NORMALIZED_MATCH,수수료선취-오프라인-고액,선취,오프라인,,False,최초 납입금액이 3억원 이상인 경우로 선 취판매수수료가 징구되는 수익증권,납입금액의 0.02%,없음,없음,없음,0.1195,0.00,-,0.1301,"{""1y"":""15"",""2y"":""29"",""3y"":""44"",""5y"":""76"",""10y"":""170""}","[{""label"":""management_fee"",""value"":""0.10""},{""label"":""trustee_fee"",""value"":""0.0095""},{""label"":""admin_fee"",""value"":""0.01""},{""label"":""other_expense"",""value"":""0.0106""},{""label"":""transaction_cost"",""value"":""0.012""}]","[40,37,42]",detail_table_cross_validated,0.7,"[상세표 보강] [(1, '0.10'), (2, '0.00'), (3, '0.0095'), (4, '0.01'), (5, '0.1195'), (6, '0.0106'), (7, '0.1301'), (9, '0.13'), (10, '0.012')]"
FUND000042,KR5120420039,A-i,CLASS000582,EXACT_NORMALIZED_MATCH,수수료선취-오프라인-고액,선취,오프라인,,False,- 20억원 이상 매입한 개인이거나 50억원,납입금액의 0.1%이내,없음,없음,없음,0.1495,0.03,-,0.1601,"{""1y"":""26"",""2y"":""44"",""3y"":""62"",""5y"":""101"",""10y"":""217""}","[{""label"":""management_fee"",""value"":""0.10""},{""label"":""trustee_fee"",""value"":""0.0095""},{""label"":""admin_fee"",""value"":""0.01""},{""label"":""other_expense"",""value"":""0.0106""},{""label"":""transaction_cost"",""value"":""0.0136""}]","[40,38,43]",detail_table_cross_validated,0.7,"[상세표 보강] [(1, '0.10'), (2, '0.03'), (3, '0.0095'), (4, '0.01'), (5, '0.1495'), (6, '0.0106'), (7, '0.1601'), (9, '0.1606'), (10, '0.0136')]"
FUND000042,KR5120420039,A2,CLASS000584,EXACT_NORMALIZED_MATCH,수수료선취-오프라인,선취,오프라인,,True,제한없음,납입금액의 0.3% 이내,없음,없음,없음,0.3195,0.2000,0.34,0.3298,"{""1y"":""64"",""2y"":""99"",""3y"":""136"",""5y"":""216"",""10y"":""454""}","[{""label"":""management_fee"",""value"":""0.10""},{""label"":""trustee_fee"",""value"":""0.0095""},{""label"":""admin_fee"",""value"":""0.01""},{""label"":""other_expense"",""value"":""0.01""},{""label"":""transaction_cost"",""value"":""0.0116""}]","[5,40]",cell_grid,1.0,클래스명: 수수료선취-오프라 인(A2) | 납입금액의 0.3% 이내 납입금액의 0.3% 이내 0.3195 0.2000 0.34 0.3298 64 99 136 216 454
FUND000042,KR5120420039,AG,CLASS000592,EXACT_NORMALIZED_MATCH,수수료선취-오프라인-무권유저비용,선취,오프라인,,True,수익자가 투자자문업자로부터 투자자문을 받고 그 결과에 따라 펀드 매수를 요청하 는 등 금융기관등으로부터 별도의 투자권,납입금액의 0.21%이내,없음,없음,없음,0.2595,0.14,-,0.2595,"{""1y"":""47"",""2y"":""75"",""3y"":""105"",""5y"":""168"",""10y"":""355""}","[{""label"":""management_fee"",""value"":""0.10""},{""label"":""trustee_fee"",""value"":""0.0095""},{""label"":""admin_fee"",""value"":""0.01""}]","[41,44]",detail_table_cross_validated,0.7,"[상세표 보강] [(1, '0.10'), (2, '0.14'), (3, '0.0095'), (4, '0.01'), (5, '0.2595'), (7, '0.2595'), (9, '0.2595')]"
FUND000042,KR5120420039,Ae,CLASS000588,EXACT_NORMALIZED_MATCH,수수료선취-온라인,선취,온라인,,True,"수 있으며 다른 클래스(가입자격(기관 및 고액거래자 등)에 제한이 있는 클래스 제 외)보다 판매보수가 낮고, 판매수수료를 징구하지 않는 집합투자증권 판매회사 등이 제공하는 전자매체(On- line)을 통하여 가입한 자 전용으로 선취",납입금액의 0.15%이내,없음,없음,없음,0.2195,0.1000,0.25,0.2299,"{""1y"":""39"",""2y"":""63"",""3y"":""89"",""5y"":""145"",""10y"":""311""}","[{""label"":""management_fee"",""value"":""0.10""},{""label"":""trustee_fee"",""value"":""0.0095""},{""label"":""admin_fee"",""value"":""0.01""},{""label"":""other_expense"",""value"":""0.0103""},{""label"":""transaction_cost"",""value"":""0.0117""}]","[5,41]",cell_grid,1.0,클래스명: 수수료선취- 온라인형(Ae) | 납입금액의 0.15% 이내 납입금액의 0.15% 이내 0.2195 0.1000 0.25 0.2299 39 63 89 145 311
FUND000042,KR5120420039,C-E,CLASS000585,EXACT_NORMALIZED_MATCH,수수료미징구-온라인,미징구,온라인,,True,,없음,없음,없음,없음,0.2695,0.1500,0.27,0.2799,"{""1y"":""29"",""2y"":""59"",""3y"":""90"",""5y"":""159"",""10y"":""361""}","[{""label"":""management_fee"",""value"":""0.10""},{""label"":""trustee_fee"",""value"":""0.0095""},{""label"":""admin_fee"",""value"":""0.01""},{""label"":""other_expense"",""value"":""0.0101""},{""label"":""transaction_cost"",""value"":""0.0115""}]","[5,40]",cell_grid,1.0,클래스명: 투자비용 수수료미징구- 온라인형(C-E) | 없음 없음 0.2695 0.1500 0.27 0.2799 29 59 90 159 361
FUND000042,KR5120420039,C-P2,CLASS000583,EXACT_NORMALIZED_MATCH,수수료미징구-오프라인-개인연금,미징구,오프라인,개인연금,True,"소득세법 제20조의3 및 소득세법시행령 제40조의2에 따른 연금저축계좌를통하여 가입할 수 있으며, 판매수수료가 징구되지",없음,없음,없음,없음,0.3695,0.25,-,0.3802,"{""1y"":""39"",""2y"":""80"",""3y"":""123"",""5y"":""215"",""10y"":""490""}","[{""label"":""management_fee"",""value"":""0.10""},{""label"":""trustee_fee"",""value"":""0.0095""},{""label"":""admin_fee"",""value"":""0.01""},{""label"":""other_expense"",""value"":""0.0107""},{""label"":""transaction_cost"",""value"":""0.0122""}]","[40,38,43]",detail_table_cross_validated,0.7,"[상세표 보강] [(1, '0.10'), (2, '0.25'), (3, '0.0095'), (4, '0.01'), (5, '0.3695'), (6, '0.0107'), (7, '0.3802'), (9, '0.3801'), (10, '0.0122')]"
FUND000042,KR5120420039,C-P2e,CLASS000591,EXACT_NORMALIZED_MATCH,수수료미징구-온라인-개인연금,미징구,온라인,개인연금,True,"판매회사 등이 제공하는 전자매체(On- line)을 통하여 가입하며, 연금저축계좌를 통해 가입한 자",없음,없음,없음,없음,0.2395,0.12,-,0.25,"{""1y"":""26"",""2y"":""53"",""3y"":""81"",""5y"":""142"",""10y"":""322""}","[{""label"":""management_fee"",""value"":""0.10""},{""label"":""trustee_fee"",""value"":""0.0095""},{""label"":""admin_fee"",""value"":""0.01""},{""label"":""other_expense"",""value"":""0.0105""},{""label"":""transaction_cost"",""value"":""0.0119""}]","[41,43]",detail_table_cross_validated,0.7,"[상세표 보강] [(1, '0.10'), (2, '0.12'), (3, '0.0095'), (4, '0.01'), (5, '0.2395'), (6, '0.0105'), (7, '0.25'), (9, '0.25'), (10, '0.0119')]"
FUND000042,KR5120420039,C-Pe,CLASS000590,EXACT_NORMALIZED_MATCH,수수료미징구-온라인-퇴직연금,미징구,온라인,퇴직연금,True,"판매회사 등이 제공하는 전자매체(On- line)을 통하여 가입하며, 근로자퇴직급여 보장법률에 따른 퇴직연금 전용 수익증권",없음,없음,없음,없음,0.2195,0.10,-,0.2299,"{""1y"":""24"",""2y"":""48"",""3y"":""74"",""5y"":""130"",""10y"":""297""}","[{""label"":""management_fee"",""value"":""0.10""},{""label"":""trustee_fee"",""value"":""0.0095""},{""label"":""admin_fee"",""value"":""0.01""},{""label"":""other_expense"",""value"":""0.0104""},{""label"":""transaction_cost"",""value"":""0.0118""}]","[41,43]",detail_table_cross_validated,0.7,"[상세표 보강] [(1, '0.10'), (2, '0.10'), (3, '0.0095'), (4, '0.01'), (5, '0.2195'), (6, '0.0104'), (7, '0.2299'), (9, '0.23'), (10, '0.0118')]"
FUND000042,KR5120420039,C1,CLASS000576,EXACT_NORMALIZED_MATCH,수수료미징구-오프라인,미징구,오프라인,,True,가입제한 없음,없음,없음,없음,없음,0.4195,0.3000,0.40,0.4299,"{""1y"":""44"",""2y"":""90"",""3y"":""139"",""5y"":""243"",""10y"":""554""}","[{""label"":""management_fee"",""value"":""0.10""},{""label"":""trustee_fee"",""value"":""0.0095""},{""label"":""admin_fee"",""value"":""0.01""},{""label"":""other_expense"",""value"":""0.0102""},{""label"":""transaction_cost"",""value"":""0.0117""}]","[5,40]",cell_grid,1.0,클래스명: 수수료미징구- 오프라인형(C1) | 없음 없음 0.4195 0.3000 0.40 0.4299 44 90 139 243 554
FUND000042,KR5120420039,C2,CLASS000577,EXACT_NORMALIZED_MATCH,수수료미징구-오프라인-고액,미징구,오프라인,,False,최초 납입금액이 3억원 이상인 경우,없음,없음,없음,없음,0.3195,0.20,-,0.3289,"{""1y"":""34"",""2y"":""69"",""3y"":""107"",""5y"":""187"",""10y"":""425""}","[{""label"":""management_fee"",""value"":""0.10""},{""label"":""trustee_fee"",""value"":""0.0095""},{""label"":""admin_fee"",""value"":""0.01""},{""label"":""other_expense"",""value"":""0.0094""},{""label"":""transaction_cost"",""value"":""0.0113""}]","[40,38,42]",detail_table_cross_validated,0.7,"[상세표 보강] [(1, '0.10'), (2, '0.20'), (3, '0.0095'), (4, '0.01'), (5, '0.3195'), (6, '0.0094'), (7, '0.3289'), (9, '0.3298'), (10, '0.0113')]"
FUND000042,KR5120420039,C4(장마),,NEW_CLASS,수수료미징구-오프라인-주택마련,미징구,오프라인,주택마련,True,만18세 이상으로서 가입 당시 아래 각 목 의 어느 하나에 해당될 것 - 주택을 소유하지 아니한 세대의 세대주 - 「소득세법」 제99조제1항의 규정에 따른 주택의 기준시가가 5천만원 이하인 주,없음,없음,없음,없음,0.3195,0.20,-,0.3195,"{""1y"":""33"",""2y"":""67"",""3y"":""103"",""5y"":""181"",""10y"":""412""}","[{""label"":""management_fee"",""value"":""0.10""},{""label"":""trustee_fee"",""value"":""0.0095""},{""label"":""admin_fee"",""value"":""0.01""},{""label"":""other_expense"",""value"":""0.00""},{""label"":""transaction_cost"",""value"":""0.00""}]","[40,42]",detail_table_cross_validated,0.7,"[상세표 보강] [(1, '0.10'), (2, '0.20'), (3, '0.0095'), (4, '0.01'), (5, '0.3195'), (6, '0.00'), (7, '0.3195'), (9, '0.3195'), (10, '0.00')]"
FUND000042,KR5120420039,CF,CLASS000580,EXACT_NORMALIZED_MATCH,수수료미징구-오프라인-기관,미징구,오프라인,,False,준시가가 3억원 이하인 주택을 한 채만 소유한 세대주 - 법에서 규정한 전문투자자 (변액보험을 포함한다) - 금융투자업규정 제1-4조에서 정하는 기 관투자가(외국의 법령상 이에 준하는 자 를 포함한다) - 최초납입금액이 100억원 이상인 개인,없음,없음,없음,없음,0.1695,0.05,-,0.1801,"{""1y"":""18"",""2y"":""38"",""3y"":""58"",""5y"":""102"",""10y"":""232""}","[{""label"":""management_fee"",""value"":""0.10""},{""label"":""trustee_fee"",""value"":""0.0095""},{""label"":""admin_fee"",""value"":""0.01""},{""label"":""other_expense"",""value"":""0.0106""},{""label"":""transaction_cost"",""value"":""0.0119""}]","[40,38,43]",detail_table_cross_validated,0.7,"[상세표 보강] [(1, '0.10'), (2, '0.05'), (3, '0.0095'), (4, '0.01'), (5, '0.1695'), (6, '0.0106'), (7, '0.1801'), (9, '0.18'), (10, '0.0119')]"
FUND000042,KR5120420039,CG,CLASS000589,EXACT_NORMALIZED_MATCH,수수료미징구-오프라인-무권유저비용,미징구,오프라인,,True,수익자가 투자자문업자로부터 투자자문을 받고 그 결과에 따라 펀드 매수를 요청하 는 등 금융기관 등으로부터 별도의 투자,없음,없음,없음,없음,0.3295,0.21,-,0.3295,"{""1y"":""34"",""2y"":""69"",""3y"":""106"",""5y"":""187"",""10y"":""425""}","[{""label"":""management_fee"",""value"":""0.10""},{""label"":""trustee_fee"",""value"":""0.0095""},{""label"":""admin_fee"",""value"":""0.01""}]","[41,43]",detail_table_cross_validated,0.7,"[상세표 보강] [(1, '0.10'), (2, '0.21'), (3, '0.0095'), (4, '0.01'), (5, '0.3295'), (7, '0.3295'), (9, '0.3295')]"
FUND000042,KR5120420039,CP,CLASS000581,EXACT_NORMALIZED_MATCH,수수료미징구-오프라인-퇴직연금,미징구,오프라인,퇴직연금,True,- 법에 의한 집합투자기구 (외국의 법령에 의한 것으로서 집합투자기구의 성질을 가진 것을 포함한다) 근로자퇴직급여보장법률에 따른 퇴직연금 전용 수익증권,없음,없음,없음,없음,0.3195,0.20,-,0.3299,"{""1y"":""34"",""2y"":""69"",""3y"":""107"",""5y"":""187"",""10y"":""425""}","[{""label"":""management_fee"",""value"":""0.10""},{""label"":""trustee_fee"",""value"":""0.0095""},{""label"":""admin_fee"",""value"":""0.01""},{""label"":""other_expense"",""value"":""0.0104""},{""label"":""transaction_cost"",""value"":""0.0118""}]","[40,38,43]",detail_table_cross_validated,0.7,"[상세표 보강] [(1, '0.10'), (2, '0.20'), (3, '0.0095'), (4, '0.01'), (5, '0.3195'), (6, '0.0104'), (7, '0.3299'), (9, '0.33'), (10, '0.0118')]"
FUND000042,KR5120420039,CW,CLASS000578,EXACT_NORMALIZED_MATCH,수수료미징구-오프라인-랩,미징구,오프라인,,False,자 또는 법시행령 제103조의 규정에 따른,없음,없음,없음,없음,0.1195,0.00,-,0.1301,"{""1y"":""13"",""2y"":""27"",""3y"":""42"",""5y"":""74"",""10y"":""168""}","[{""label"":""management_fee"",""value"":""0.10""},{""label"":""trustee_fee"",""value"":""0.0095""},{""label"":""admin_fee"",""value"":""0.01""},{""label"":""other_expense"",""value"":""0.0106""},{""label"":""transaction_cost"",""value"":""0.0121""}]","[40,38,42]",detail_table_cross_validated,0.7,"[상세표 보강] [(1, '0.10'), (2, '0.00'), (3, '0.0095'), (4, '0.01'), (5, '0.1195'), (6, '0.0106'), (7, '0.1301'), (9, '0.13'), (10, '0.0121')]"
FUND000042,KR5120420039,S,CLASS000586,EXACT_NORMALIZED_MATCH,수수료후취-온라인슈퍼,후취,온라인슈퍼,,True,,없음,없음,없음,없음,0.2095,0.09,-,0.2198,"{""1y"":""23"",""2y"":""46"",""3y"":""71"",""5y"":""124"",""10y"":""283""}","[{""label"":""management_fee"",""value"":""0.10""},{""label"":""trustee_fee"",""value"":""0.0095""},{""label"":""admin_fee"",""value"":""0.01""},{""label"":""other_expense"",""value"":""0.0103""},{""label"":""transaction_cost"",""value"":""0.0118""}]","[40,43]",detail_table_cross_validated,0.7,"[상세표 보강] [(1, '0.10'), (2, '0.09'), (3, '0.0095'), (4, '0.01'), (5, '0.2095'), (6, '0.0103'), (7, '0.2198'), (9, '0.2198'), (10, '0.0118')]"
FUND000042,KR5120420039,S-P,CLASS000587,EXACT_NORMALIZED_MATCH,수수료미징구-온라인슈퍼-개인연금,미징구,온라인슈퍼,개인연금,True,에 따른 연금저축계좌를 통하여 가입할,없음,없음,없음,없음,0.1995,0.08,-,0.2102,"{""1y"":""22"",""2y"":""44"",""3y"":""68"",""5y"":""119"",""10y"":""271""}","[{""label"":""management_fee"",""value"":""0.10""},{""label"":""trustee_fee"",""value"":""0.0095""},{""label"":""admin_fee"",""value"":""0.01""},{""label"":""other_expense"",""value"":""0.0107""},{""label"":""transaction_cost"",""value"":""0.0121""}]","[40,43]",detail_table_cross_validated,0.7,"[상세표 보강] [(1, '0.10'), (2, '0.08'), (3, '0.0095'), (4, '0.01'), (5, '0.1995'), (6, '0.0107'), (7, '0.2102'), (9, '0.21'), (10, '0.0121')]"
FUND000043,KR5120420091,A,CLASS000593,EXACT_NORMALIZED_MATCH,수수료선취-오프라인,선취,오프라인,,True,"가입제한이 없으며, 선취판매수수 료가 징구되는 집합투자증권",납입금액의 0.10% 이내,없음,없음,없음,0.345,0.22,0.35,0.3568,"{""1y"":""45"",""2y"":""82"",""3y"":""121"",""5y"":""205"",""10y"":""454""}","[{""label"":""management_fee"",""value"":""0.10""},{""label"":""trustee_fee"",""value"":""0.015""},{""label"":""admin_fee"",""value"":""0.010""},{""label"":""other_expense"",""value"":""0.0021""},{""label"":""transaction_cost"",""value"":""0.0195""}]","[5,41]",cell_grid,1.0,클래스명: 수수료선취-오 프라인(A) | 납입금액의 0.1%이내 납입금액의 0.1%이내 0.345 0.22 0.35 0.3568 45 82 121 205 454
FUND000043,KR5120420091,AG,CLASS000603,EXACT_NORMALIZED_MATCH,수수료선취-오프라인-무권유저비용,선취,오프라인,,True,증권으로 수익자가 투자자문업자 로부터 투자자문을 받고 그 결과 에 따라 펀드 매수를 요청하는,납입금액의 0.05% 이내,없음,없음,없음,0.264,0.139,-,0.264,"{""1y"":""32"",""2y"":""60"",""3y"":""90"",""5y"":""154"",""10y"":""345""}","[{""label"":""management_fee"",""value"":""0.10""},{""label"":""trustee_fee"",""value"":""0.015""},{""label"":""admin_fee"",""value"":""0.010""}]","[41,39,43]",detail_table_cross_validated,0.7,"[상세표 보강] [(1, '0.10'), (2, '0.139'), (3, '0.015'), (4, '0.010'), (5, '0.264'), (8, '0.264'), (9, '0.264')]"
FUND000043,KR5120420091,Ae,CLASS000594,EXACT_NORMALIZED_MATCH,수수료선취-온라인,선취,온라인,,True,선취판매수수료가 징구되는 수익 증권으로 판매회사 등이 제공하 는 전자매체(On-line)을 통하여 가입한 자,납입금액의 0.05% 이내,없음,없음,없음,0.235,0.11,0.25,0.2462,"{""1y"":""29"",""2y"":""54"",""3y"":""81"",""5y"":""138"",""10y"":""308""}","[{""label"":""management_fee"",""value"":""0.10""},{""label"":""trustee_fee"",""value"":""0.015""},{""label"":""admin_fee"",""value"":""0.010""},{""label"":""other_expense"",""value"":""0.0015""},{""label"":""transaction_cost"",""value"":""0.0191""}]","[5,41]",cell_grid,1.0,클래스명: 비용 수수료선취- 온라인형(Ae) | 납입금액의 0.05%이내 납입금액의 0.05%이내 0.235 0.11 0.25 0.2462 29 54 81 138 308
FUND000043,KR5120420091,C,CLASS000595,EXACT_NORMALIZED_MATCH,수수료미징구-오프라인,미징구,오프라인,,True,가입제한 없음,없음,없음,없음,없음,0.425,0.30,0.39,0.4372,"{""1y"":""44"",""2y"":""89"",""3y"":""137"",""5y"":""241"",""10y"":""548""}","[{""label"":""management_fee"",""value"":""0.10""},{""label"":""trustee_fee"",""value"":""0.015""},{""label"":""admin_fee"",""value"":""0.010""},{""label"":""other_expense"",""value"":""0.0024""},{""label"":""transaction_cost"",""value"":""0.0194""}]","[5,41]",cell_grid,1.0,클래스명: 수수료미징구- 투자 오프라인형(C) | 없음 없음 0.425 0.30 0.39 0.4372 44 89 137 241 548
FUND000043,KR5120420091,C-F,CLASS000597,EXACT_NORMALIZED_MATCH,수수료미징구-오프라인-기관등,미징구,오프라인,,False,"법에서 정하는 집합투자기구(외국 법령에 의한 것으로서 집합투자 기구의 성질을 가진 것을 포함한 다), 보험업법에서 규정한 변액보 험, 법 시행령 제10조제2항 및 금 융투자업규정 제1-4조에서 정하 는 기관투자자 또는 국가재정법 에 따른 기금을 관리, 운용하는 법인(외국의 법령상 이에 준하는 자를 포함한다) 및 법에서 규정한 전문투자자(변액보험을 포함한다), 이 집합투자기구의 수익증권을 50억원 이상 매입한 개인 또는 법인",없음,없음,없음,없음,0.155,0.030,-,0.1669,"{""1y"":""16"",""2y"":""33"",""3y"":""50"",""5y"":""88"",""10y"":""200""}","[{""label"":""management_fee"",""value"":""0.10""},{""label"":""trustee_fee"",""value"":""0.015""},{""label"":""admin_fee"",""value"":""0.010""},{""label"":""other_expense"",""value"":""0.0024""},{""label"":""transaction_cost"",""value"":""0.016""}]","[41,38,43]",detail_table_cross_validated,0.7,"[상세표 보강] [(1, '0.10'), (2, '0.030'), (3, '0.015'), (4, '0.010'), (5, '0.155'), (7, '0.0024'), (8, '0.1574'), (9, '0.1669'), (10, '0.016')]"
FUND000043,KR5120420091,C-I,CLASS000608,EXACT_NORMALIZED_MATCH,수수료미징구-오프라인-고액,미징구,오프라인,,False,"클래스(가입자격(기관 및 고액거 래자 등)에 제한이 있는 종류 수 익증권 제외)보다 판매보수가 낮 고, 판매수수료를 징구하지 않는 집합투자증권 최초 납입금액이 20억원 이상인 개인 또는 법인",없음,없음,없음,없음,0.185,0.060,-,0.185,"{""1y"":""19"",""2y"":""39"",""3y"":""60"",""5y"":""105"",""10y"":""238""}","[{""label"":""management_fee"",""value"":""0.10""},{""label"":""trustee_fee"",""value"":""0.015""},{""label"":""admin_fee"",""value"":""0.010""}]","[41,44]",detail_table_cross_validated,0.7,"[상세표 보강] [(1, '0.10'), (2, '0.060'), (3, '0.015'), (4, '0.010'), (5, '0.185'), (8, '0.185'), (9, '0.185')]"
FUND000043,KR5120420091,C-P(연금),,NEW_CLASS,수수료미징구-오프라인-개인연금,미징구,오프라인,개인연금,True,"자기구의 수익증권에 가입하고자 하는 법인투자자, 법시행령 제103 조의 규정에 따른 금전신탁 소득세법 제20조의3 및 소득세법 시행령 제40조의2에 따른 연금저 축계좌를 통하여 가입한 자",없음,없음,없음,없음,0.290,0.165,-,0.2998,"{""1y"":""30"",""2y"":""61"",""3y"":""94"",""5y"":""164"",""10y"":""374""}","[{""label"":""management_fee"",""value"":""0.10""},{""label"":""trustee_fee"",""value"":""0.015""},{""label"":""admin_fee"",""value"":""0.010""},{""label"":""other_expense"",""value"":""0.00""},{""label"":""transaction_cost"",""value"":""0.0174""}]","[41,43]",detail_table_cross_validated,0.7,"[상세표 보강] [(1, '0.10'), (2, '0.165'), (3, '0.015'), (4, '0.010'), (5, '0.290'), (7, '0.00'), (8, '0.29'), (9, '0.2998'), (10, '0.0174')]"
FUND000043,KR5120420091,C-Pe(연금),,NEW_CLASS,수수료미징구-온라인-개인연금,미징구,온라인,개인연금,True,"체(On-line)을 통하여 가입하며, 소득세법 제20조의3 및 소득세법 시행령 제40조의2에 따른 연금저",없음,없음,없음,없음,0.208,0.083,-,0.2197,"{""1y"":""21"",""2y"":""44"",""3y"":""67"",""5y"":""118"",""10y"":""268""}","[{""label"":""management_fee"",""value"":""0.10""},{""label"":""trustee_fee"",""value"":""0.015""},{""label"":""admin_fee"",""value"":""0.010""},{""label"":""other_expense"",""value"":""0.0021""},{""label"":""transaction_cost"",""value"":""0.0163""}]","[41,43]",detail_table_cross_validated,0.7,"[상세표 보강] [(1, '0.10'), (2, '0.083'), (3, '0.015'), (4, '0.010'), (5, '0.208'), (7, '0.0021'), (8, '0.2101'), (9, '0.2197'), (10, '0.0163')]"
FUND000043,KR5120420091,C-R(퇴직연금),,NEW_CLASS,수수료미징구-오프라인-퇴직연금,미징구,오프라인,퇴직연금,True,근로자퇴직급여보장법률에 따른 퇴직연금 전용 수익증권,없음,없음,없음,없음,0.275,0.150,-,0.2871,"{""1y"":""28"",""2y"":""58"",""3y"":""89"",""5y"":""156"",""10y"":""355""}","[{""label"":""management_fee"",""value"":""0.10""},{""label"":""trustee_fee"",""value"":""0.015""},{""label"":""admin_fee"",""value"":""0.010""},{""label"":""other_expense"",""value"":""0.0023""},{""label"":""transaction_cost"",""value"":""0.0194""}]",[41],detail_table_cross_validated,0.7,"[상세표 보강] [(1, '0.10'), (2, '0.150'), (3, '0.015'), (4, '0.010'), (5, '0.275'), (7, '0.0023'), (8, '0.2773'), (9, '0.2871'), (10, '0.0194')]"
FUND000043,KR5120420091,C-Re(퇴직연금),,NEW_CLASS,수수료미징구-온라인-퇴직연금,미징구,온라인,퇴직연금,True,"판매회사 등이 제공하는 전자매 체(On-line)을 통하여 가입하며, 근로자퇴직급여보장법률에 따른 퇴직연금 전용 수익증권",없음,없음,없음,없음,0.200,0.075,-,0.2113,"{""1y"":""20"",""2y"":""42"",""3y"":""65"",""5y"":""113"",""10y"":""258""}","[{""label"":""management_fee"",""value"":""0.10""},{""label"":""trustee_fee"",""value"":""0.015""},{""label"":""admin_fee"",""value"":""0.010""},{""label"":""other_expense"",""value"":""0.0016""},{""label"":""transaction_cost"",""value"":""0.0177""}]","[41,43]",detail_table_cross_validated,0.7,"[상세표 보강] [(1, '0.10'), (2, '0.075'), (3, '0.015'), (4, '0.010'), (5, '0.200'), (7, '0.0016'), (8, '0.2016'), (9, '0.2113'), (10, '0.0177')]"
FUND000043,KR5120420091,C-W,CLASS000598,EXACT_NORMALIZED_MATCH,수수료미징구-오프라인-랩,미징구,오프라인,,False,"특별계정의 신탁업자, 이 집합투",없음,없음,없음,없음,0.125,0.000,-,0.125,"{""1y"":""13"",""2y"":""26"",""3y"":""40"",""5y"":""71"",""10y"":""161""}","[{""label"":""management_fee"",""value"":""0.10""},{""label"":""trustee_fee"",""value"":""0.015""},{""label"":""admin_fee"",""value"":""0.010""}]","[41,43]",detail_table_cross_validated,0.7,"[상세표 보강] [(1, '0.10'), (2, '0.000'), (3, '0.015'), (4, '0.010'), (5, '0.125'), (8, '0.125'), (9, '0.125')]"
FUND000043,KR5120420091,CG,CLASS000604,EXACT_NORMALIZED_MATCH,수수료미징구-오프라인-무권유저비용,미징구,오프라인,,True,투자권유 없이 가입하는 경우 수익자가 투자자문업자로부터 투 자자문을 받고 그 결과에 따라 펀드 매수를 요청하는 등 금융기 관 등으로부터 별도의 투자권유,없음,없음,없음,없음,0.314,0.189,-,0.314,"{""1y"":""32"",""2y"":""66"",""3y"":""101"",""5y"":""178"",""10y"":""405""}","[{""label"":""management_fee"",""value"":""0.10""},{""label"":""trustee_fee"",""value"":""0.015""},{""label"":""admin_fee"",""value"":""0.010""}]","[41,39,43]",detail_table_cross_validated,0.7,"[상세표 보강] [(1, '0.10'), (2, '0.189'), (3, '0.015'), (4, '0.010'), (5, '0.314'), (8, '0.314'), (9, '0.314')]"
FUND000043,KR5120420091,Ce,CLASS000596,EXACT_NORMALIZED_MATCH,수수료미징구-온라인,미징구,온라인,,True,판매회사 등이 제공하는 전자매 체(On-line)을 통하여 가입한 자,없음,없음,없음,없음,0.275,0.15,0.25,0.2871,"{""1y"":""28"",""2y"":""58"",""3y"":""89"",""5y"":""156"",""10y"":""355""}","[{""label"":""management_fee"",""value"":""0.10""},{""label"":""trustee_fee"",""value"":""0.015""},{""label"":""admin_fee"",""value"":""0.010""},{""label"":""other_expense"",""value"":""0.0024""},{""label"":""transaction_cost"",""value"":""0.0192""}]","[5,41]",cell_grid,1.0,클래스명: 수수료미징구- 온라인형(Ce) | 없음 없음 0.275 0.15 0.25 0.2871 28 58 89 156 355
FUND000043,KR5120420091,S,CLASS000605,EXACT_NORMALIZED_MATCH,수수료후취-온라인슈퍼,후취,온라인슈퍼,,True,"집합투자업자의 공동판매채널로 서의 역할 수행을 위해 모든 공 모 S클래스(S-T 및 S-P클래스 포 함)를 취급하고, 객관적 지표를 기준으로 상품을 노출 및 배열하 는 온라인판매시스템을 통하여 투자권유 및 상담서비스 없이 판",없음,없음,없음,없음,0.225,0.100,-,0.2367,"{""1y"":""23"",""2y"":""47"",""3y"":""73"",""5y"":""127"",""10y"":""290""}","[{""label"":""management_fee"",""value"":""0.10""},{""label"":""trustee_fee"",""value"":""0.015""},{""label"":""admin_fee"",""value"":""0.010""},{""label"":""other_expense"",""value"":""0.0022""},{""label"":""transaction_cost"",""value"":""0.0155""}]","[41,39,43]",detail_table_cross_validated,0.7,"[상세표 보강] [(1, '0.10'), (2, '0.100'), (3, '0.015'), (4, '0.010'), (5, '0.225'), (7, '0.0022'), (8, '0.2272'), (9, '0.2367'), (10, '0.0155')]"
FUND000043,KR5120420091,S-P,CLASS000606,EXACT_NORMALIZED_MATCH,수수료미징구-온라인슈퍼-개인연금,미징구,온라인슈퍼,개인연금,True,조의2에 따른 연금저축계좌를 통,없음,없음,없음,없음,0.205,0.080,-,0.2168,"{""1y"":""21"",""2y"":""43"",""3y"":""66"",""5y"":""116"",""10y"":""264""}","[{""label"":""management_fee"",""value"":""0.10""},{""label"":""trustee_fee"",""value"":""0.015""},{""label"":""admin_fee"",""value"":""0.010""},{""label"":""other_expense"",""value"":""0.0023""},{""label"":""transaction_cost"",""value"":""0.0152""}]","[41,43]",detail_table_cross_validated,0.7,"[상세표 보강] [(1, '0.10'), (2, '0.080'), (3, '0.015'), (4, '0.010'), (5, '0.205'), (7, '0.0023'), (8, '0.2073'), (9, '0.2168'), (10, '0.0152')]"
FUND000043,KR5120420091,S-R(퇴직연금),,NEW_CLASS,수수료미징구-온라인슈퍼-퇴직연금,미징구,온라인슈퍼,퇴직연금,True,퇴직연금사업자에 한하며 다른,없음,없음,없음,없음,0.195,0.070,-,0.2066,"{""1y"":""20"",""2y"":""41"",""3y"":""63"",""5y"":""110"",""10y"":""251""}","[{""label"":""management_fee"",""value"":""0.10""},{""label"":""trustee_fee"",""value"":""0.015""},{""label"":""admin_fee"",""value"":""0.010""},{""label"":""other_expense"",""value"":""0.0021""},{""label"":""transaction_cost"",""value"":""0.0156""}]","[41,44]",detail_table_cross_validated,0.7,"[상세표 보강] [(1, '0.10'), (2, '0.070'), (3, '0.015'), (4, '0.010'), (5, '0.195'), (7, '0.0021'), (8, '0.1971'), (9, '0.2066'), (10, '0.0156')]"
FUND000044,KR5120450015,A1,CLASS000609,EXACT_NORMALIZED_MATCH,수수료선취-오프라인,선취,오프라인,,True,,0.8%,없음,없음,없음,0.645,0.48,1.38,0.6644,"{""1y"":""147"",""2y"":""218"",""3y"":""292"",""5y"":""452"",""10y"":""929""}","[{""label"":""management_fee"",""value"":""0.15""},{""label"":""trustee_fee"",""value"":""0.01""},{""label"":""admin_fee"",""value"":""0.005""},{""label"":""other_expense"",""value"":""0.0017""},{""label"":""transaction_cost"",""value"":""0.0481""}]","[5,45]",cell_grid,1.0,클래스명: 수수료선취- 오프라인(A1) | 납입금액이 0.8% 납입금액이 0.8% 0.645 0.48 1.38 0.6644 147 218 292 452 929
FUND000044,KR5120450015,AG,CLASS000621,EXACT_NORMALIZED_MATCH,수수료선취-오프라인-무권유저비용,선취,오프라인,,True,,납입금액의 0.4% 이내,없음,없음,없음,0.515,0.35,-,0.5327,"{""1y"":""94"",""2y"":""151"",""3y"":""211"",""5y"":""340"",""10y"":""723""}","[{""label"":""management_fee"",""value"":""0.15""},{""label"":""trustee_fee"",""value"":""0.01""},{""label"":""admin_fee"",""value"":""0.005""},{""label"":""other_expense"",""value"":""0.00""},{""label"":""transaction_cost"",""value"":""0.0482""}]","[45,48]",detail_table_cross_validated,0.7,"[상세표 보강] [(1, '0.15'), (2, '0.35'), (3, '0.01'), (4, '0.005'), (5, '0.515'), (6, '0.00'), (7, '0.515'), (9, '0.5327'), (10, '0.0482')]"
FUND000044,KR5120450015,Ae,CLASS000623,EXACT_NORMALIZED_MATCH,수수료선취-온라인,선취,온라인,,True,,납입금액의 0.4% 이내,없음,없음,없음,0.405,0.24,1.03,0.425,"{""1y"":""83"",""2y"":""129"",""3y"":""176"",""5y"":""279"",""10y"":""585""}","[{""label"":""management_fee"",""value"":""0.15""},{""label"":""trustee_fee"",""value"":""0.01""},{""label"":""admin_fee"",""value"":""0.005""},{""label"":""other_expense"",""value"":""0.0022""},{""label"":""transaction_cost"",""value"":""0.0466""}]","[5,46]",cell_grid,1.0,클래스명: 수수료선취- 온라인(Ae) | 납입금액이 0.4% 이내 납입금액이 0.4% 이내 0.405 0.24 1.03 0.425 83 129 176 279 585
FUND000044,KR5120450015,Af,CLASS000617,EXACT_NORMALIZED_MATCH,수수료선취-오프라인-기관,선취,오프라인,,False,,0.03%,없음,없음,없음,0.165,0.00,-,0.1844,"{""1y"":""22"",""2y"":""42"",""3y"":""62"",""5y"":""107"",""10y"":""240""}","[{""label"":""management_fee"",""value"":""0.15""},{""label"":""trustee_fee"",""value"":""0.01""},{""label"":""admin_fee"",""value"":""0.005""},{""label"":""other_expense"",""value"":""0.0017""},{""label"":""transaction_cost"",""value"":""0.048""}]","[45,42,48]",detail_table_cross_validated,0.7,"[상세표 보강] [(1, '0.15'), (2, '0.00'), (3, '0.01'), (4, '0.005'), (5, '0.165'), (6, '0.0017'), (7, '0.1667'), (9, '0.1844'), (10, '0.048')]"
FUND000044,KR5120450015,C(장마),CLASS000616,EXACT_NORMALIZED_MATCH,수수료미징구-오프라인-주택마련,미징구,오프라인,주택마련,True,,없음,없음,없음,없음,1.165,1.00,-,1.1827,"{""1y"":""121"",""2y"":""248"",""3y"":""382"",""5y"":""669"",""10y"":""1524""}","[{""label"":""management_fee"",""value"":""0.15""},{""label"":""trustee_fee"",""value"":""0.01""},{""label"":""admin_fee"",""value"":""0.005""},{""label"":""other_expense"",""value"":""0.00""},{""label"":""transaction_cost"",""value"":""0.0469""}]","[45,48]",detail_table_cross_validated,0.7,"[상세표 보강] [(1, '0.15'), (2, '1.00'), (3, '0.01'), (4, '0.005'), (5, '1.165'), (6, '0.00'), (7, '1.165'), (9, '1.1827'), (10, '0.0469')]"
FUND000044,KR5120450015,C-P2,CLASS000625,EXACT_NORMALIZED_MATCH,수수료미징구-오프라인-개인연금,미징구,오프라인,개인연금,True,,없음,없음,없음,없음,0.785,0.62,-,0.8047,"{""1y"":""82"",""2y"":""169"",""3y"":""260"",""5y"":""455"",""10y"":""1037""}","[{""label"":""management_fee"",""value"":""0.15""},{""label"":""trustee_fee"",""value"":""0.01""},{""label"":""admin_fee"",""value"":""0.005""},{""label"":""other_expense"",""value"":""0.0019""},{""label"":""transaction_cost"",""value"":""0.0491""}]","[46,49]",detail_table_cross_validated,0.7,"[상세표 보강] [(1, '0.15'), (2, '0.62'), (3, '0.01'), (4, '0.005'), (5, '0.785'), (6, '0.0019'), (7, '0.7869'), (9, '0.8047'), (10, '0.0491')]"
FUND000044,KR5120450015,C-P2e,CLASS000626,EXACT_NORMALIZED_MATCH,수수료미징구-온라인-개인연금,미징구,온라인,개인연금,True,,없음,없음,없음,없음,0.475,0.31,-,0.4948,{},"[{""label"":""management_fee"",""value"":""0.15""},{""label"":""trustee_fee"",""value"":""0.01""},{""label"":""admin_fee"",""value"":""0.005""},{""label"":""other_expense"",""value"":""0.0021""},{""label"":""transaction_cost"",""value"":""0.048""}]",[46],detail_table_cross_validated,0.7,"[상세표 보강] [(1, '0.15'), (2, '0.31'), (3, '0.01'), (4, '0.005'), (5, '0.475'), (6, '0.0021'), (7, '0.4771'), (9, '0.4948'), (10, '0.048')]"
FUND000044,KR5120450015,C-Pe,CLASS000624,EXACT_NORMALIZED_MATCH,수수료미징구-온라인-퇴직연금,미징구,온라인,퇴직연금,True,,없음,없음,없음,없음,0.465,0.30,-,0.4847,"{""1y"":""50"",""2y"":""102"",""3y"":""156"",""5y"":""274"",""10y"":""624""}","[{""label"":""management_fee"",""value"":""0.15""},{""label"":""trustee_fee"",""value"":""0.01""},{""label"":""admin_fee"",""value"":""0.005""},{""label"":""other_expense"",""value"":""0.002""},{""label"":""transaction_cost"",""value"":""0.0481""}]","[46,49]",detail_table_cross_validated,0.7,"[상세표 보강] [(1, '0.15'), (2, '0.30'), (3, '0.01'), (4, '0.005'), (5, '0.465'), (6, '0.002'), (7, '0.467'), (9, '0.4847'), (10, '0.0481')]"
FUND000044,KR5120450015,C1,CLASS000610,EXACT_NORMALIZED_MATCH,수수료미징구-오프라인-보수체감,미징구,오프라인,,True,,없음,없음,없음,없음,1.285,1.12,1.59,1.3036,"{""1y"":""134"",""2y"":""274"",""3y"":""421"",""5y"":""738"",""10y"":""1681""}","[{""label"":""management_fee"",""value"":""0.15""},{""label"":""trustee_fee"",""value"":""0.01""},{""label"":""admin_fee"",""value"":""0.005""},{""label"":""other_expense"",""value"":""0.0008""},{""label"":""transaction_cost"",""value"":""0.0483""}]","[5,45]",cell_grid,1.0,"클래스명: 수수료미징구 -오프라인-보 수체감 (C1) | 없음 없음 1.285 1.12 1.59 1.3036 134 274 421 738 1,681"
FUND000044,KR5120450015,C2,CLASS000611,EXACT_NORMALIZED_MATCH,수수료미징구-오프라인-보수체감,미징구,오프라인,,True,,없음,없음,없음,없음,1.175,1.01,1.59,1.1942,"{""1y"":""134"",""2y"":""274"",""3y"":""421"",""5y"":""738"",""10y"":""1681""}","[{""label"":""management_fee"",""value"":""0.15""},{""label"":""trustee_fee"",""value"":""0.01""},{""label"":""admin_fee"",""value"":""0.005""},{""label"":""other_expense"",""value"":""0.0016""},{""label"":""transaction_cost"",""value"":""0.0428""}]","[45,42,48]",detail_table_cross_validated,0.7,"[상세표 보강] [(1, '0.15'), (2, '1.01'), (3, '0.01'), (4, '0.005'), (5, '1.175'), (6, '0.0016'), (7, '1.1766'), (8, '1.59'), (9, '1.1942'), (10, '0.0428')]"
FUND000044,KR5120450015,C3,CLASS000612,EXACT_NORMALIZED_MATCH,수수료미징구-오프라인-보수체감,미징구,오프라인,,True,,없음,없음,없음,없음,1.075,0.91,1.59,1.0944,"{""1y"":""134"",""2y"":""274"",""3y"":""421"",""5y"":""738"",""10y"":""1681""}","[{""label"":""management_fee"",""value"":""0.15""},{""label"":""trustee_fee"",""value"":""0.01""},{""label"":""admin_fee"",""value"":""0.005""},{""label"":""other_expense"",""value"":""0.0017""},{""label"":""transaction_cost"",""value"":""0.0485""}]","[45,42,48]",detail_table_cross_validated,0.7,"[상세표 보강] [(1, '0.15'), (2, '0.91'), (3, '0.01'), (4, '0.005'), (5, '1.075'), (6, '0.0017'), (7, '1.0767'), (8, '1.59'), (9, '1.0944'), (10, '0.0485')]"
FUND000044,KR5120450015,C4,CLASS000613,EXACT_NORMALIZED_MATCH,수수료미징구-오프라인-보수체감,미징구,오프라인,,True,,없음,없음,없음,없음,0.985,0.82,1.59,1.0044,"{""1y"":""134"",""2y"":""274"",""3y"":""421"",""5y"":""738"",""10y"":""1681""}","[{""label"":""management_fee"",""value"":""0.15""},{""label"":""trustee_fee"",""value"":""0.01""},{""label"":""admin_fee"",""value"":""0.005""},{""label"":""other_expense"",""value"":""0.0017""},{""label"":""transaction_cost"",""value"":""0.0483""}]","[45,42,48]",detail_table_cross_validated,0.7,"[상세표 보강] [(1, '0.15'), (2, '0.82'), (3, '0.01'), (4, '0.005'), (5, '0.985'), (6, '0.0017'), (7, '0.9867'), (8, '1.59'), (9, '1.0044'), (10, '0.0483')]"
FUND000044,KR5120450015,CG,CLASS000622,EXACT_NORMALIZED_MATCH,수수료미징구-오프라인-무권유저비용,미징구,오프라인,,True,,없음,없음,없음,없음,0.945,0.78,-,0.945,"{""1y"":""97"",""2y"":""198"",""3y"":""302"",""5y"":""525"",""10y"":""1165""}","[{""label"":""management_fee"",""value"":""0.15""},{""label"":""trustee_fee"",""value"":""0.01""},{""label"":""admin_fee"",""value"":""0.005""}]","[45,48]",detail_table_cross_validated,0.7,"[상세표 보강] [(1, '0.15'), (2, '0.78'), (3, '0.01'), (4, '0.005'), (5, '0.945'), (7, '0.945'), (9, '0.945')]"
FUND000044,KR5120450015,CP,CLASS000618,EXACT_NORMALIZED_MATCH,수수료미징구-오프라인-퇴직연금,미징구,오프라인,퇴직연금,True,,없음,없음,없음,없음,0.765,0.60,-,0.7844,"{""1y"":""80"",""2y"":""165"",""3y"":""253"",""5y"":""444"",""10y"":""1011""}","[{""label"":""management_fee"",""value"":""0.15""},{""label"":""trustee_fee"",""value"":""0.01""},{""label"":""admin_fee"",""value"":""0.005""},{""label"":""other_expense"",""value"":""0.0017""},{""label"":""transaction_cost"",""value"":""0.0482""}]","[45,48]",detail_table_cross_validated,0.7,"[상세표 보강] [(1, '0.15'), (2, '0.60'), (3, '0.01'), (4, '0.005'), (5, '0.765'), (6, '0.0017'), (7, '0.7667'), (9, '0.7844'), (10, '0.0482')]"
FUND000044,KR5120450015,CW,CLASS000620,EXACT_NORMALIZED_MATCH,수수료미징구-오프라인-랩,미징구,오프라인,,False,,없음,없음,없음,없음,0.165,0.00,-,0.1844,"{""1y"":""19"",""2y"":""39"",""3y"":""59"",""5y"":""104"",""10y"":""237""}","[{""label"":""management_fee"",""value"":""0.15""},{""label"":""trustee_fee"",""value"":""0.01""},{""label"":""admin_fee"",""value"":""0.005""},{""label"":""other_expense"",""value"":""0.0017""},{""label"":""transaction_cost"",""value"":""0.0456""}]","[45,48]",detail_table_cross_validated,0.7,"[상세표 보강] [(1, '0.15'), (2, '0.00'), (3, '0.01'), (4, '0.005'), (5, '0.165'), (6, '0.0017'), (7, '0.1667'), (9, '0.1844'), (10, '0.0456')]"
FUND000044,KR5120450015,Ce,CLASS000615,EXACT_NORMALIZED_MATCH,수수료미징구-온라인,미징구,온라인,,True,,없음,없음,없음,없음,0.365,0.20,1.18,0.3844,"{""1y"":""39"",""2y"":""81"",""3y"":""124"",""5y"":""217"",""10y"":""495""}","[{""label"":""management_fee"",""value"":""0.15""},{""label"":""trustee_fee"",""value"":""0.01""},{""label"":""admin_fee"",""value"":""0.005""},{""label"":""other_expense"",""value"":""0.0017""},{""label"":""transaction_cost"",""value"":""0.0477""}]","[5,45]",cell_grid,1.0,클래스명: 수수료미징구- 온라인형(Ce) | 없음 없음 0.365 0.20 1.18 0.3844 39 81 124 217 495
FUND000044,KR5120450015,Cf,CLASS000627,EXACT_NORMALIZED_MATCH,수수료미징구-오프라인-기관,미징구,오프라인,,False,,없음,없음,없음,없음,0.195,0.03,-,0.195,"{""1y"":""20"",""2y"":""41"",""3y"":""63"",""5y"":""110"",""10y"":""249""}","[{""label"":""management_fee"",""value"":""0.15""},{""label"":""trustee_fee"",""value"":""0.01""},{""label"":""admin_fee"",""value"":""0.005""}]","[46,49]",detail_table_cross_validated,0.7,"[상세표 보강] [(1, '0.15'), (2, '0.03'), (3, '0.01'), (4, '0.005'), (5, '0.195'), (7, '0.195'), (9, '0.195')]"
FUND000044,KR5120450015,Ch,CLASS000614,EXACT_NORMALIZED_MATCH,수수료미징구-오프라인-고액,미징구,오프라인,,False,,없음,없음,없음,없음,0.415,0.25,-,0.415,"{""1y"":""45"",""2y"":""92"",""3y"":""140"",""5y"":""245"",""10y"":""551""}","[{""label"":""management_fee"",""value"":""0.15""},{""label"":""trustee_fee"",""value"":""0.01""},{""label"":""admin_fee"",""value"":""0.005""}]","[45,42,48]",detail_table_cross_validated,0.7,"[상세표 보강] [(1, '0.15'), (2, '0.25'), (3, '0.01'), (4, '0.005'), (5, '0.415'), (7, '0.415'), (9, '0.415')]"
FUND000044,KR5120450015,S,CLASS000619,EXACT_NORMALIZED_MATCH,수수료후취-온라인슈퍼,후취,온라인슈퍼,,True,,없음,3년 미만 환매시 환매금액의 0.15% 이내,없음,없음,0.315,0.15,-,0.3343,"{""1y"":""34"",""2y"":""70"",""3y"":""108"",""5y"":""189"",""10y"":""430""}","[{""label"":""management_fee"",""value"":""0.15""},{""label"":""trustee_fee"",""value"":""0.01""},{""label"":""admin_fee"",""value"":""0.005""},{""label"":""other_expense"",""value"":""0.0016""},{""label"":""transaction_cost"",""value"":""0.0481""}]","[45,48]",detail_table_cross_validated,0.7,"[상세표 보강] [(1, '0.15'), (2, '0.15'), (3, '0.01'), (4, '0.005'), (5, '0.315'), (6, '0.0016'), (7, '0.3166'), (9, '0.3343'), (10, '0.0481')]"
FUND000044,KR5120450015,S-P,CLASS000628,EXACT_NORMALIZED_MATCH,수수료미징구-온라인슈퍼-퇴직연금,미징구,온라인슈퍼,퇴직연금,True,,없음,없음,없음,없음,0.295,0.13,-,0.3144,"{""1y"":""32"",""2y"":""66"",""3y"":""101"",""5y"":""178"",""10y"":""405""}","[{""label"":""management_fee"",""value"":""0.15""},{""label"":""trustee_fee"",""value"":""0.01""},{""label"":""admin_fee"",""value"":""0.005""},{""label"":""other_expense"",""value"":""0.0016""},{""label"":""transaction_cost"",""value"":""0.0481""}]","[46,49]",detail_table_cross_validated,0.7,"[상세표 보강] [(1, '0.15'), (2, '0.13'), (3, '0.01'), (4, '0.005'), (5, '0.295'), (6, '0.0016'), (7, '0.2966'), (9, '0.3144'), (10, '0.0481')]"
FUND000044,KR5120450018,A1,CLASS000609,EXACT_NORMALIZED_MATCH,수수료선취-오프라인,선취,오프라인,,True,,0.8%,없음,없음,없음,0.645,0.48,1.38,0.6644,"{""1y"":""147"",""2y"":""218"",""3y"":""292"",""5y"":""452"",""10y"":""929""}","[{""label"":""management_fee"",""value"":""0.15""},{""label"":""trustee_fee"",""value"":""0.01""},{""label"":""admin_fee"",""value"":""0.005""},{""label"":""other_expense"",""value"":""0.0017""},{""label"":""transaction_cost"",""value"":""0.0481""}]","[5,45]",cell_grid,1.0,클래스명: 수수료선취- 오프라인(A1) | 납입금액이 0.8% 납입금액이 0.8% 0.645 0.48 1.38 0.6644 147 218 292 452 929
FUND000044,KR5120450018,AG,CLASS000621,EXACT_NORMALIZED_MATCH,수수료선취-오프라인-무권유저비용,선취,오프라인,,True,,납입금액의 0.4% 이내,없음,없음,없음,0.515,0.35,-,0.5327,"{""1y"":""94"",""2y"":""151"",""3y"":""211"",""5y"":""340"",""10y"":""723""}","[{""label"":""management_fee"",""value"":""0.15""},{""label"":""trustee_fee"",""value"":""0.01""},{""label"":""admin_fee"",""value"":""0.005""},{""label"":""other_expense"",""value"":""0.00""},{""label"":""transaction_cost"",""value"":""0.0482""}]","[45,48]",detail_table_cross_validated,0.7,"[상세표 보강] [(1, '0.15'), (2, '0.35'), (3, '0.01'), (4, '0.005'), (5, '0.515'), (6, '0.00'), (7, '0.515'), (9, '0.5327'), (10, '0.0482')]"
FUND000044,KR5120450018,Ae,CLASS000623,EXACT_NORMALIZED_MATCH,수수료선취-온라인,선취,온라인,,True,,납입금액의 0.4% 이내,없음,없음,없음,0.405,0.24,1.03,0.425,"{""1y"":""83"",""2y"":""129"",""3y"":""176"",""5y"":""279"",""10y"":""585""}","[{""label"":""management_fee"",""value"":""0.15""},{""label"":""trustee_fee"",""value"":""0.01""},{""label"":""admin_fee"",""value"":""0.005""},{""label"":""other_expense"",""value"":""0.0022""},{""label"":""transaction_cost"",""value"":""0.0466""}]","[5,46]",cell_grid,1.0,클래스명: 수수료선취- 온라인(Ae) | 납입금액이 0.4% 이내 납입금액이 0.4% 이내 0.405 0.24 1.03 0.425 83 129 176 279 585
FUND000044,KR5120450018,Af,CLASS000617,EXACT_NORMALIZED_MATCH,수수료선취-오프라인-기관,선취,오프라인,,False,,0.03%,없음,없음,없음,0.165,0.00,-,0.1844,"{""1y"":""22"",""2y"":""42"",""3y"":""62"",""5y"":""107"",""10y"":""240""}","[{""label"":""management_fee"",""value"":""0.15""},{""label"":""trustee_fee"",""value"":""0.01""},{""label"":""admin_fee"",""value"":""0.005""},{""label"":""other_expense"",""value"":""0.0017""},{""label"":""transaction_cost"",""value"":""0.048""}]","[45,42,48]",detail_table_cross_validated,0.7,"[상세표 보강] [(1, '0.15'), (2, '0.00'), (3, '0.01'), (4, '0.005'), (5, '0.165'), (6, '0.0017'), (7, '0.1667'), (9, '0.1844'), (10, '0.048')]"
FUND000044,KR5120450018,C(장마),CLASS000616,EXACT_NORMALIZED_MATCH,수수료미징구-오프라인-주택마련,미징구,오프라인,주택마련,True,,없음,없음,없음,없음,1.165,1.00,-,1.1827,"{""1y"":""121"",""2y"":""248"",""3y"":""382"",""5y"":""669"",""10y"":""1524""}","[{""label"":""management_fee"",""value"":""0.15""},{""label"":""trustee_fee"",""value"":""0.01""},{""label"":""admin_fee"",""value"":""0.005""},{""label"":""other_expense"",""value"":""0.00""},{""label"":""transaction_cost"",""value"":""0.0469""}]","[45,48]",detail_table_cross_validated,0.7,"[상세표 보강] [(1, '0.15'), (2, '1.00'), (3, '0.01'), (4, '0.005'), (5, '1.165'), (6, '0.00'), (7, '1.165'), (9, '1.1827'), (10, '0.0469')]"
FUND000044,KR5120450018,C-P2,CLASS000625,EXACT_NORMALIZED_MATCH,수수료미징구-오프라인-개인연금,미징구,오프라인,개인연금,True,,없음,없음,없음,없음,0.785,0.62,-,0.8047,"{""1y"":""82"",""2y"":""169"",""3y"":""260"",""5y"":""455"",""10y"":""1037""}","[{""label"":""management_fee"",""value"":""0.15""},{""label"":""trustee_fee"",""value"":""0.01""},{""label"":""admin_fee"",""value"":""0.005""},{""label"":""other_expense"",""value"":""0.0019""},{""label"":""transaction_cost"",""value"":""0.0491""}]","[46,49]",detail_table_cross_validated,0.7,"[상세표 보강] [(1, '0.15'), (2, '0.62'), (3, '0.01'), (4, '0.005'), (5, '0.785'), (6, '0.0019'), (7, '0.7869'), (9, '0.8047'), (10, '0.0491')]"
FUND000044,KR5120450018,C-P2e,CLASS000626,EXACT_NORMALIZED_MATCH,수수료미징구-온라인-개인연금,미징구,온라인,개인연금,True,,없음,없음,없음,없음,0.475,0.31,-,0.4948,{},"[{""label"":""management_fee"",""value"":""0.15""},{""label"":""trustee_fee"",""value"":""0.01""},{""label"":""admin_fee"",""value"":""0.005""},{""label"":""other_expense"",""value"":""0.0021""},{""label"":""transaction_cost"",""value"":""0.048""}]",[46],detail_table_cross_validated,0.7,"[상세표 보강] [(1, '0.15'), (2, '0.31'), (3, '0.01'), (4, '0.005'), (5, '0.475'), (6, '0.0021'), (7, '0.4771'), (9, '0.4948'), (10, '0.048')]"
FUND000044,KR5120450018,C-Pe,CLASS000624,EXACT_NORMALIZED_MATCH,수수료미징구-온라인-퇴직연금,미징구,온라인,퇴직연금,True,,없음,없음,없음,없음,0.465,0.30,-,0.4847,"{""1y"":""50"",""2y"":""102"",""3y"":""156"",""5y"":""274"",""10y"":""624""}","[{""label"":""management_fee"",""value"":""0.15""},{""label"":""trustee_fee"",""value"":""0.01""},{""label"":""admin_fee"",""value"":""0.005""},{""label"":""other_expense"",""value"":""0.002""},{""label"":""transaction_cost"",""value"":""0.0481""}]","[46,49]",detail_table_cross_validated,0.7,"[상세표 보강] [(1, '0.15'), (2, '0.30'), (3, '0.01'), (4, '0.005'), (5, '0.465'), (6, '0.002'), (7, '0.467'), (9, '0.4847'), (10, '0.0481')]"
FUND000044,KR5120450018,C1,CLASS000610,EXACT_NORMALIZED_MATCH,수수료미징구-오프라인-보수체감,미징구,오프라인,,True,,없음,없음,없음,없음,1.285,1.12,1.59,1.3036,"{""1y"":""134"",""2y"":""274"",""3y"":""421"",""5y"":""738"",""10y"":""1681""}","[{""label"":""management_fee"",""value"":""0.15""},{""label"":""trustee_fee"",""value"":""0.01""},{""label"":""admin_fee"",""value"":""0.005""},{""label"":""other_expense"",""value"":""0.0008""},{""label"":""transaction_cost"",""value"":""0.0483""}]","[5,45]",cell_grid,1.0,"클래스명: 수수료미징구 -오프라인-보 수체감 (C1) | 없음 없음 1.285 1.12 1.59 1.3036 134 274 421 738 1,681"
FUND000044,KR5120450018,C2,CLASS000611,EXACT_NORMALIZED_MATCH,수수료미징구-오프라인-보수체감,미징구,오프라인,,True,,없음,없음,없음,없음,1.175,1.01,1.59,1.1942,"{""1y"":""134"",""2y"":""274"",""3y"":""421"",""5y"":""738"",""10y"":""1681""}","[{""label"":""management_fee"",""value"":""0.15""},{""label"":""trustee_fee"",""value"":""0.01""},{""label"":""admin_fee"",""value"":""0.005""},{""label"":""other_expense"",""value"":""0.0016""},{""label"":""transaction_cost"",""value"":""0.0428""}]","[45,42,48]",detail_table_cross_validated,0.7,"[상세표 보강] [(1, '0.15'), (2, '1.01'), (3, '0.01'), (4, '0.005'), (5, '1.175'), (6, '0.0016'), (7, '1.1766'), (8, '1.59'), (9, '1.1942'), (10, '0.0428')]"
FUND000044,KR5120450018,C3,CLASS000612,EXACT_NORMALIZED_MATCH,수수료미징구-오프라인-보수체감,미징구,오프라인,,True,,없음,없음,없음,없음,1.075,0.91,1.59,1.0944,"{""1y"":""134"",""2y"":""274"",""3y"":""421"",""5y"":""738"",""10y"":""1681""}","[{""label"":""management_fee"",""value"":""0.15""},{""label"":""trustee_fee"",""value"":""0.01""},{""label"":""admin_fee"",""value"":""0.005""},{""label"":""other_expense"",""value"":""0.0017""},{""label"":""transaction_cost"",""value"":""0.0485""}]","[45,42,48]",detail_table_cross_validated,0.7,"[상세표 보강] [(1, '0.15'), (2, '0.91'), (3, '0.01'), (4, '0.005'), (5, '1.075'), (6, '0.0017'), (7, '1.0767'), (8, '1.59'), (9, '1.0944'), (10, '0.0485')]"
FUND000044,KR5120450018,C4,CLASS000613,EXACT_NORMALIZED_MATCH,수수료미징구-오프라인-보수체감,미징구,오프라인,,True,,없음,없음,없음,없음,0.985,0.82,1.59,1.0044,"{""1y"":""134"",""2y"":""274"",""3y"":""421"",""5y"":""738"",""10y"":""1681""}","[{""label"":""management_fee"",""value"":""0.15""},{""label"":""trustee_fee"",""value"":""0.01""},{""label"":""admin_fee"",""value"":""0.005""},{""label"":""other_expense"",""value"":""0.0017""},{""label"":""transaction_cost"",""value"":""0.0483""}]","[45,42,48]",detail_table_cross_validated,0.7,"[상세표 보강] [(1, '0.15'), (2, '0.82'), (3, '0.01'), (4, '0.005'), (5, '0.985'), (6, '0.0017'), (7, '0.9867'), (8, '1.59'), (9, '1.0044'), (10, '0.0483')]"
FUND000044,KR5120450018,CG,CLASS000622,EXACT_NORMALIZED_MATCH,수수료미징구-오프라인-무권유저비용,미징구,오프라인,,True,,없음,없음,없음,없음,0.945,0.78,-,0.945,"{""1y"":""97"",""2y"":""198"",""3y"":""302"",""5y"":""525"",""10y"":""1165""}","[{""label"":""management_fee"",""value"":""0.15""},{""label"":""trustee_fee"",""value"":""0.01""},{""label"":""admin_fee"",""value"":""0.005""}]","[45,48]",detail_table_cross_validated,0.7,"[상세표 보강] [(1, '0.15'), (2, '0.78'), (3, '0.01'), (4, '0.005'), (5, '0.945'), (7, '0.945'), (9, '0.945')]"
FUND000044,KR5120450018,CP,CLASS000618,EXACT_NORMALIZED_MATCH,수수료미징구-오프라인-퇴직연금,미징구,오프라인,퇴직연금,True,,없음,없음,없음,없음,0.765,0.60,-,0.7844,"{""1y"":""80"",""2y"":""165"",""3y"":""253"",""5y"":""444"",""10y"":""1011""}","[{""label"":""management_fee"",""value"":""0.15""},{""label"":""trustee_fee"",""value"":""0.01""},{""label"":""admin_fee"",""value"":""0.005""},{""label"":""other_expense"",""value"":""0.0017""},{""label"":""transaction_cost"",""value"":""0.0482""}]","[45,48]",detail_table_cross_validated,0.7,"[상세표 보강] [(1, '0.15'), (2, '0.60'), (3, '0.01'), (4, '0.005'), (5, '0.765'), (6, '0.0017'), (7, '0.7667'), (9, '0.7844'), (10, '0.0482')]"
FUND000044,KR5120450018,CW,CLASS000620,EXACT_NORMALIZED_MATCH,수수료미징구-오프라인-랩,미징구,오프라인,,False,,없음,없음,없음,없음,0.165,0.00,-,0.1844,"{""1y"":""19"",""2y"":""39"",""3y"":""59"",""5y"":""104"",""10y"":""237""}","[{""label"":""management_fee"",""value"":""0.15""},{""label"":""trustee_fee"",""value"":""0.01""},{""label"":""admin_fee"",""value"":""0.005""},{""label"":""other_expense"",""value"":""0.0017""},{""label"":""transaction_cost"",""value"":""0.0456""}]","[45,48]",detail_table_cross_validated,0.7,"[상세표 보강] [(1, '0.15'), (2, '0.00'), (3, '0.01'), (4, '0.005'), (5, '0.165'), (6, '0.0017'), (7, '0.1667'), (9, '0.1844'), (10, '0.0456')]"
FUND000044,KR5120450018,Ce,CLASS000615,EXACT_NORMALIZED_MATCH,수수료미징구-온라인,미징구,온라인,,True,,없음,없음,없음,없음,0.365,0.20,1.18,0.3844,"{""1y"":""39"",""2y"":""81"",""3y"":""124"",""5y"":""217"",""10y"":""495""}","[{""label"":""management_fee"",""value"":""0.15""},{""label"":""trustee_fee"",""value"":""0.01""},{""label"":""admin_fee"",""value"":""0.005""},{""label"":""other_expense"",""value"":""0.0017""},{""label"":""transaction_cost"",""value"":""0.0477""}]","[5,45]",cell_grid,1.0,클래스명: 수수료미징구- 온라인형(Ce) | 없음 없음 0.365 0.20 1.18 0.3844 39 81 124 217 495
FUND000044,KR5120450018,Cf,CLASS000627,EXACT_NORMALIZED_MATCH,수수료미징구-오프라인-기관,미징구,오프라인,,False,,없음,없음,없음,없음,0.195,0.03,-,0.195,"{""1y"":""20"",""2y"":""41"",""3y"":""63"",""5y"":""110"",""10y"":""249""}","[{""label"":""management_fee"",""value"":""0.15""},{""label"":""trustee_fee"",""value"":""0.01""},{""label"":""admin_fee"",""value"":""0.005""}]","[46,49]",detail_table_cross_validated,0.7,"[상세표 보강] [(1, '0.15'), (2, '0.03'), (3, '0.01'), (4, '0.005'), (5, '0.195'), (7, '0.195'), (9, '0.195')]"
FUND000044,KR5120450018,Ch,CLASS000614,EXACT_NORMALIZED_MATCH,수수료미징구-오프라인-고액,미징구,오프라인,,False,,없음,없음,없음,없음,0.415,0.25,-,0.415,"{""1y"":""45"",""2y"":""92"",""3y"":""140"",""5y"":""245"",""10y"":""551""}","[{""label"":""management_fee"",""value"":""0.15""},{""label"":""trustee_fee"",""value"":""0.01""},{""label"":""admin_fee"",""value"":""0.005""}]","[45,42,48]",detail_table_cross_validated,0.7,"[상세표 보강] [(1, '0.15'), (2, '0.25'), (3, '0.01'), (4, '0.005'), (5, '0.415'), (7, '0.415'), (9, '0.415')]"
FUND000044,KR5120450018,S,CLASS000619,EXACT_NORMALIZED_MATCH,수수료후취-온라인슈퍼,후취,온라인슈퍼,,True,,없음,3년 미만 환매시 환매금액의 0.15% 이내,없음,없음,0.315,0.15,-,0.3343,"{""1y"":""34"",""2y"":""70"",""3y"":""108"",""5y"":""189"",""10y"":""430""}","[{""label"":""management_fee"",""value"":""0.15""},{""label"":""trustee_fee"",""value"":""0.01""},{""label"":""admin_fee"",""value"":""0.005""},{""label"":""other_expense"",""value"":""0.0016""},{""label"":""transaction_cost"",""value"":""0.0481""}]","[45,48]",detail_table_cross_validated,0.7,"[상세표 보강] [(1, '0.15'), (2, '0.15'), (3, '0.01'), (4, '0.005'), (5, '0.315'), (6, '0.0016'), (7, '0.3166'), (9, '0.3343'), (10, '0.0481')]"
FUND000044,KR5120450018,S-P,CLASS000628,EXACT_NORMALIZED_MATCH,수수료미징구-온라인슈퍼-퇴직연금,미징구,온라인슈퍼,퇴직연금,True,,없음,없음,없음,없음,0.295,0.13,-,0.3144,"{""1y"":""32"",""2y"":""66"",""3y"":""101"",""5y"":""178"",""10y"":""405""}","[{""label"":""management_fee"",""value"":""0.15""},{""label"":""trustee_fee"",""value"":""0.01""},{""label"":""admin_fee"",""value"":""0.005""},{""label"":""other_expense"",""value"":""0.0016""},{""label"":""transaction_cost"",""value"":""0.0481""}]","[46,49]",detail_table_cross_validated,0.7,"[상세표 보강] [(1, '0.15'), (2, '0.13'), (3, '0.01'), (4, '0.005'), (5, '0.295'), (6, '0.0016'), (7, '0.2966'), (9, '0.3144'), (10, '0.0481')]"
FUND000045,KR5120451001,A1,CLASS000629,EXACT_NORMALIZED_MATCH,수수료선취-오프라인,선취,오프라인,,True,제한없음,납입금액의 0.8%,없음,없음,없음,0.385,0.22,1.37,0.3868,"{""1y"":""121"",""2y"":""164"",""3y"":""209"",""5y"":""307"",""10y"":""597""}","[{""label"":""management_fee"",""value"":""0.15""},{""label"":""trustee_fee"",""value"":""0.01""},{""label"":""admin_fee"",""value"":""0.005""},{""label"":""other_expense"",""value"":""0.0018""},{""label"":""transaction_cost"",""value"":""0.0479""}]","[5,40]",cell_grid,1.0,클래스명: 수수료선취- 오프라인형(A1) | 납입금액 의 0.8% 수수료선취- 오프라인형(A1) 납입금액 의 0.8% 0.385 0.22 1.37 0.3868 121 164 209 307 597
FUND000045,KR5120451001,Ae,CLASS000633,EXACT_NORMALIZED_MATCH,수수료선취-온라인,선취,온라인,,True,판매회사 등이 제공하는 전자 매체(On-line)을 통하여 가입 한 자 전용으로 선취판매수수 료가 징구되는 수익증권,납입금액의 0.4%,없음,없음,없음,0.275,0.11,1.02,0.2753,"{""1y"":""70"",""2y"":""101"",""3y"":""134"",""5y"":""205"",""10y"":""417""}","[{""label"":""management_fee"",""value"":""0.15""},{""label"":""trustee_fee"",""value"":""0.01""},{""label"":""admin_fee"",""value"":""0.005""},{""label"":""other_expense"",""value"":""0.0003""},{""label"":""transaction_cost"",""value"":""0.0483""}]","[5,40]",cell_grid,1.0,클래스명: 수수료선취- 온라인형(Ae) | 납입금액 의 0.4% 수수료선취- 온라인형(Ae) 납입금액 의 0.4% 0.275 0.11 1.02 0.2753 70 101 134 205 417
FUND000045,KR5120451001,C-H,CLASS000632,EXACT_NORMALIZED_MATCH,수수료미징구-오프라인-주택마련,미징구,오프라인,주택마련,True,만 18세 이상의 거주자로서 가입 당시 아래 각 목의 어느 하나에 해당될 것 - 주택을 소유하지 아니한 세 대의 세대주 -「소득세법」 제99조제1항에 따른 주택의 기준시가가 5 천만원 이하인 주택 또는 대통령령으로 정하는 규모 이하의 주택으로서 기준시 가가 3억원 이하인 주택을 한 채만 소유한 세대의 세 대주,없음,없음,없음,없음,0.985,0.82,-,0.985,"{""1y"":""101"",""2y"":""206"",""3y"":""315"",""5y"":""547"",""10y"":""1212""}","[{""label"":""management_fee"",""value"":""0.15""},{""label"":""trustee_fee"",""value"":""0.01""},{""label"":""admin_fee"",""value"":""0.005""}]","[40,39,42]",detail_table_cross_validated,0.7,"[상세표 보강] [(1, '0.15'), (2, '0.82'), (3, '0.01'), (4, '0.005'), (5, '0.985'), (7, '0.985'), (9, '0.985')]"
FUND000045,KR5120451001,C-R,CLASS000635,EXACT_NORMALIZED_MATCH,수수료미징구-오프라인-퇴직연금,미징구,오프라인,퇴직연금,True,근로자퇴직급여보장법률에 따 른 퇴직연금 전용 수익증권,없음,없음,없음,없음,0.865,0.70,-,0.8671,"{""1y"":""91"",""2y"":""186"",""3y"":""286"",""5y"":""501"",""10y"":""1141""}","[{""label"":""management_fee"",""value"":""0.15""},{""label"":""trustee_fee"",""value"":""0.01""},{""label"":""admin_fee"",""value"":""0.005""},{""label"":""other_expense"",""value"":""0.0021""},{""label"":""transaction_cost"",""value"":""0.0483""}]","[40,39,42]",detail_table_cross_validated,0.7,"[상세표 보강] [(1, '0.15'), (2, '0.70'), (3, '0.01'), (4, '0.005'), (5, '0.865'), (6, '0.0021'), (7, '0.8671'), (9, '0.8851'), (10, '0.0483')]"
FUND000045,KR5120451001,C-Re,CLASS000636,EXACT_NORMALIZED_MATCH,수수료미징구-온라인-퇴직연금,미징구,온라인,퇴직연금,True,,없음,없음,없음,없음,0.515,0.35,-,0.5171,"{""1y"":""55"",""2y"":""112"",""3y"":""173"",""5y"":""303"",""10y"":""690""}","[{""label"":""management_fee"",""value"":""0.15""},{""label"":""trustee_fee"",""value"":""0.01""},{""label"":""admin_fee"",""value"":""0.005""},{""label"":""other_expense"",""value"":""0.0021""},{""label"":""transaction_cost"",""value"":""0.0483""}]","[40,43]",detail_table_cross_validated,0.7,"[상세표 보강] [(1, '0.15'), (2, '0.35'), (3, '0.01'), (4, '0.005'), (5, '0.515'), (6, '0.0021'), (7, '0.5171'), (9, '0.5352'), (10, '0.0483')]"
FUND000045,KR5120451001,C1,CLASS000630,EXACT_NORMALIZED_MATCH,수수료미징구-오프라인,미징구,오프라인,,True,제한없음,없음,없음,없음,없음,1.165,1.00,1.59,1.1668,"{""1y"":""121"",""2y"":""249"",""3y"":""383"",""5y"":""671"",""10y"":""1528""}","[{""label"":""management_fee"",""value"":""0.15""},{""label"":""trustee_fee"",""value"":""0.01""},{""label"":""admin_fee"",""value"":""0.005""},{""label"":""other_expense"",""value"":""0.0018""},{""label"":""transaction_cost"",""value"":""0.0483""}]","[5,40]",cell_grid,1.0,"클래스명: 수수료미징구- 오프라인형(C1) | 없음 수수료미징구- 오프라인형(C1) 없음 1.165 1.00 1.59 1.1668 121 249 383 671 1,528"
FUND000045,KR5120451001,Ce,CLASS000634,EXACT_NORMALIZED_MATCH,수수료미징구-온라인,미징구,온라인,,True,판매회사 등이 제공하는 전자 매체(On-line)을 통하여 가입 한 자,없음,없음,없음,없음,0.665,0.50,1.16,0.665,"{""1y"":""70"",""2y"":""144"",""3y"":""221"",""5y"":""387"",""10y"":""881""}","[{""label"":""management_fee"",""value"":""0.15""},{""label"":""trustee_fee"",""value"":""0.01""},{""label"":""admin_fee"",""value"":""0.005""},{""label"":""other_expense"",""value"":""0.00""},{""label"":""transaction_cost"",""value"":""0.0487""}]","[5,40]",cell_grid,1.0,클래스명: 수수료미징구- 온라인형(Ce) | 없음 수수료미징구- 온라인형(Ce) 없음 0.665 0.50 1.16 0.665 70 144 221 387 881
FUND000045,KR5120451001,Cw,CLASS000631,EXACT_NORMALIZED_MATCH,수수료미징구-오프라인-랩,미징구,오프라인,,False,판매회사의 일임형 Wrap계좌 를 보유한 자,없음,없음,없음,없음,0.165,0.00,-,0.165,"{""1y"":""17"",""2y"":""35"",""3y"":""53"",""5y"":""93"",""10y"":""211""}","[{""label"":""management_fee"",""value"":""0.15""},{""label"":""trustee_fee"",""value"":""0.01""},{""label"":""admin_fee"",""value"":""0.005""}]","[40,39,42]",detail_table_cross_validated,0.7,"[상세표 보강] [(1, '0.15'), (2, '0.00'), (3, '0.01'), (4, '0.005'), (5, '0.165'), (7, '0.165'), (9, '0.165')]"
FUND000012,KR5122420005,A,CLASS000152,EXACT_NORMALIZED_MATCH,수수료선취-오프라인,선취,오프라인,,True,,0.10%,없음,없음,없음,0.3000,0.2000,0.3400,0.3089,"{""1y"":""41"",""2y"":""73"",""3y"":""107"",""5y"":""180"",""10y"":""394""}","[{""label"":""management_fee"",""value"":""0.0750""},{""label"":""trustee_fee"",""value"":""0.0150""},{""label"":""admin_fee"",""value"":""0.0100""},{""label"":""other_expense"",""value"":""0.0023""},{""label"":""transaction_cost"",""value"":""0.0468""}]","[4,37]",cell_grid,1.0,클래스명: 수수료선취- 오프라인형(A) | 납입금액의 0.10% 납입금액의 0.10% 0.3000 0.2000 0.3400 0.3089 41 73 107 180 394
FUND000012,KR5122420005,A-E,CLASS000153,EXACT_NORMALIZED_MATCH,수수료선취-온라인,선취,온라인,,True,,0.05%,없음,없음,없음,0.2000,0.1000,0.2600,0.2089,"{""1y"":""26"",""2y"":""47"",""3y"":""70"",""5y"":""119"",""10y"":""263""}","[{""label"":""management_fee"",""value"":""0.0750""},{""label"":""trustee_fee"",""value"":""0.0150""},{""label"":""admin_fee"",""value"":""0.0100""},{""label"":""other_expense"",""value"":""0.0023""},{""label"":""transaction_cost"",""value"":""0.0474""}]","[4,37]",cell_grid,1.0,클래스명: 투자비용 수수료선취- 온라인형(A-E) | 납입금액의 0.05% 납입금액의 0.05% 0.2000 0.1000 0.2600 0.2089 26 47 70 119 263
FUND000012,KR5122420005,A-G,CLASS000169,EXACT_NORMALIZED_MATCH,수수료선취-오프라인-무권유저비용형,선취,오프라인,,True,,0.07% 이내,없음,없음,없음,0.2500,0.150,-,0.2500,"{""1y"":""33"",""2y"":""59"",""3y"":""88"",""5y"":""148"",""10y"":""329""}","[{""label"":""management_fee"",""value"":""0.0750""},{""label"":""trustee_fee"",""value"":""0.0150""},{""label"":""admin_fee"",""value"":""0.0100""}]","[37,36,39]",detail_table_cross_validated,0.7,"[상세표 보강] [(1, '0.0750'), (2, '0.150'), (3, '0.0150'), (4, '0.0100'), (6, '0.2500'), (7, '0.2500')]"
FUND000012,KR5122420005,A2,CLASS000166,EXACT_NORMALIZED_MATCH,수수료선취-오프라인,선취,오프라인,,True,,0.30%이내,없음,없음,없음,0.1500,0.0500,0.3400,0.1590,"{""1y"":""46"",""2y"":""62"",""3y"":""79"",""5y"":""116"",""10y"":""224""}","[{""label"":""management_fee"",""value"":""0.0750""},{""label"":""trustee_fee"",""value"":""0.0150""},{""label"":""admin_fee"",""value"":""0.0100""},{""label"":""other_expense"",""value"":""0.0024""},{""label"":""transaction_cost"",""value"":""0.0477""}]","[4,37]",cell_grid,1.0,클래스명: 수수료선취- 오프라인형 (A2) | 납입금액의 0.30% 이내 납입금액의 0.30% 이내 0.1500 0.0500 0.3400 0.1590 46 62 79 116 224
FUND000012,KR5122420005,C,CLASS000154,EXACT_NORMALIZED_MATCH,수수료미징구-오프라인,미징구,오프라인,,True,,없음,없음,없음,없음,0.3900,0.2900,0.4000,0.3989,"{""1y"":""40"",""2y"":""82"",""3y"":""126"",""5y"":""220"",""10y"":""496""}","[{""label"":""management_fee"",""value"":""0.0750""},{""label"":""trustee_fee"",""value"":""0.0150""},{""label"":""admin_fee"",""value"":""0.0100""},{""label"":""other_expense"",""value"":""0.0023""},{""label"":""transaction_cost"",""value"":""0.0478""}]","[4,37]",cell_grid,1.0,클래스명: 수수료미징구- 오프라인형(C) | 없음 없음 0.3900 0.2900 0.4000 0.3989 40 82 126 220 496
FUND000012,KR5122420005,C-E,CLASS000155,EXACT_NORMALIZED_MATCH,수수료미징구-온라인,미징구,온라인,,True,,없음,없음,없음,없음,0.2450,0.1450,0.2800,0.2539,"{""1y"":""25"",""2y"":""52"",""3y"":""80"",""5y"":""139"",""10y"":""315""}","[{""label"":""management_fee"",""value"":""0.0750""},{""label"":""trustee_fee"",""value"":""0.0150""},{""label"":""admin_fee"",""value"":""0.0100""},{""label"":""other_expense"",""value"":""0.0023""},{""label"":""transaction_cost"",""value"":""0.0471""}]","[4,37]",cell_grid,1.0,클래스명: 수수료미징구- 온라인형(C-E) | 없음 없음 0.2450 0.1450 0.2800 0.2539 25 52 80 139 315
FUND000012,KR5122420005,C-F,CLASS000156,EXACT_NORMALIZED_MATCH,수수료미징구-오프라인-기관형,미징구,오프라인,,False,,없음,없음,없음,없음,0.1150,0.0150,-,0.1238,"{""1y"":""13"",""2y"":""26"",""3y"":""40"",""5y"":""70"",""10y"":""159""}","[{""label"":""management_fee"",""value"":""0.0750""},{""label"":""trustee_fee"",""value"":""0.0150""},{""label"":""admin_fee"",""value"":""0.0100""},{""label"":""other_expense"",""value"":""0.0022""},{""label"":""transaction_cost"",""value"":""0.0457""}]","[37,36,39]",detail_table_cross_validated,0.7,"[상세표 보강] [(1, '0.0750'), (2, '0.0150'), (3, '0.0150'), (4, '0.0100'), (5, '0.0022'), (6, '0.1172'), (7, '0.1238'), (8, '0.0457')]"
FUND000012,KR5122420005,C-G,CLASS000170,EXACT_NORMALIZED_MATCH,수수료미징구-오프라인-무권유저비용형,미징구,오프라인,,True,,없음,없음,없음,없음,0.3100,0.210,-,0.3100,"{""1y"":""32"",""2y"":""65"",""3y"":""100"",""5y"":""176"",""10y"":""400""}","[{""label"":""management_fee"",""value"":""0.0750""},{""label"":""trustee_fee"",""value"":""0.0150""},{""label"":""admin_fee"",""value"":""0.0100""}]","[37,36,39]",detail_table_cross_validated,0.7,"[상세표 보강] [(1, '0.0750'), (2, '0.210'), (3, '0.0150'), (4, '0.0100'), (6, '0.3100'), (7, '0.3100')]"
FUND000012,KR5122420005,C-I,CLASS000157,EXACT_NORMALIZED_MATCH,수수료미징구-오프라인-고액형,미징구,오프라인,,False,,없음,없음,없음,없음,0.1900,0.0900,-,0.1992,"{""1y"":""20"",""2y"":""42"",""3y"":""64"",""5y"":""112"",""10y"":""254""}","[{""label"":""management_fee"",""value"":""0.0750""},{""label"":""trustee_fee"",""value"":""0.0150""},{""label"":""admin_fee"",""value"":""0.0100""},{""label"":""other_expense"",""value"":""0.0022""},{""label"":""transaction_cost"",""value"":""0.0624""}]","[37,36,39]",detail_table_cross_validated,0.7,"[상세표 보강] [(1, '0.0750'), (2, '0.0900'), (3, '0.0150'), (4, '0.0100'), (5, '0.0022'), (6, '0.1922'), (7, '0.1992'), (8, '0.0624')]"
FUND000012,KR5122420005,C-I2,CLASS000158,EXACT_NORMALIZED_MATCH,수수료미징구-오프라인-고액형,미징구,오프라인,,False,,없음,없음,없음,없음,0.1500,0.0500,-,0.1500,"{""1y"":""15"",""2y"":""31"",""3y"":""48"",""5y"":""85"",""10y"":""192""}","[{""label"":""management_fee"",""value"":""0.0750""},{""label"":""trustee_fee"",""value"":""0.0150""},{""label"":""admin_fee"",""value"":""0.0100""}]","[37,36,39]",detail_table_cross_validated,0.7,"[상세표 보강] [(1, '0.0750'), (2, '0.0500'), (3, '0.0150'), (4, '0.0100'), (6, '0.1500'), (7, '0.1500')]"
FUND000012,KR5122420005,C-P1,CLASS000160,EXACT_NORMALIZED_MATCH,수수료미징구-오프라인-개인연금형,미징구,오프라인,개인연금,True,,없음,없음,없음,없음,0.3300,0.2300,-,0.3390,"{""1y"":""35"",""2y"":""71"",""3y"":""109"",""5y"":""191"",""10y"":""430""}","[{""label"":""management_fee"",""value"":""0.0750""},{""label"":""trustee_fee"",""value"":""0.0150""},{""label"":""admin_fee"",""value"":""0.0100""},{""label"":""other_expense"",""value"":""0.0024""},{""label"":""transaction_cost"",""value"":""0.0468""}]","[37,36,39]",detail_table_cross_validated,0.7,"[상세표 보강] [(1, '0.0750'), (2, '0.2300'), (3, '0.0150'), (4, '0.0100'), (5, '0.0024'), (6, '0.3324'), (7, '0.3390'), (8, '0.0468')]"
FUND000012,KR5122420005,C-P2,CLASS000162,EXACT_NORMALIZED_MATCH,수수료미징구-오프라인-퇴직연금형,미징구,오프라인,퇴직연금,True,,없음,없음,없음,없음,0.3200,0.2200,-,0.3290,"{""1y"":""34"",""2y"":""69"",""3y"":""106"",""5y"":""185"",""10y"":""417""}","[{""label"":""management_fee"",""value"":""0.0750""},{""label"":""trustee_fee"",""value"":""0.0150""},{""label"":""admin_fee"",""value"":""0.0100""},{""label"":""other_expense"",""value"":""0.0024""},{""label"":""transaction_cost"",""value"":""0.0468""}]","[37,36,39]",detail_table_cross_validated,0.7,"[상세표 보강] [(1, '0.0750'), (2, '0.2200'), (3, '0.0150'), (4, '0.0100'), (5, '0.0024'), (6, '0.3224'), (7, '0.3290'), (8, '0.0468')]"
FUND000012,KR5122420005,C-Pe,CLASS000161,EXACT_NORMALIZED_MATCH,수수료미징구-온라인-개인연금형,미징구,온라인,개인연금,True,,없음,없음,없음,없음,0.2100,0.1100,-,0.2189,"{""1y"":""22"",""2y"":""46"",""3y"":""71"",""5y"":""123"",""10y"":""279""}","[{""label"":""management_fee"",""value"":""0.0750""},{""label"":""trustee_fee"",""value"":""0.0150""},{""label"":""admin_fee"",""value"":""0.0100""},{""label"":""other_expense"",""value"":""0.0024""},{""label"":""transaction_cost"",""value"":""0.0467""}]","[37,36,39]",detail_table_cross_validated,0.7,"[상세표 보강] [(1, '0.0750'), (2, '0.1100'), (3, '0.0150'), (4, '0.0100'), (5, '0.0024'), (6, '0.2124'), (7, '0.2189'), (8, '0.0467')]"
FUND000012,KR5122420005,C-Pe2,CLASS000163,EXACT_NORMALIZED_MATCH,수수료미징구-온라인-퇴직연금형,미징구,온라인,퇴직연금,True,,없음,없음,없음,없음,0.2050,0.1050,-,0.2139,"{""1y"":""22"",""2y"":""45"",""3y"":""69"",""5y"":""121"",""10y"":""273""}","[{""label"":""management_fee"",""value"":""0.0750""},{""label"":""trustee_fee"",""value"":""0.0150""},{""label"":""admin_fee"",""value"":""0.0100""},{""label"":""other_expense"",""value"":""0.0024""},{""label"":""transaction_cost"",""value"":""0.0468""}]","[37,36,39]",detail_table_cross_validated,0.7,"[상세표 보강] [(1, '0.0750'), (2, '0.1050'), (3, '0.0150'), (4, '0.0100'), (5, '0.0024'), (6, '0.2074'), (7, '0.2139'), (8, '0.0468')]"
FUND000012,KR5122420005,C-W,CLASS000159,EXACT_NORMALIZED_MATCH,수수료미징구-오프라인-랩형,미징구,오프라인,,False,,없음,없음,없음,없음,0.1000,0.0000,-,0.1089,"{""1y"":""11"",""2y"":""23"",""3y"":""35"",""5y"":""62"",""10y"":""140""}","[{""label"":""management_fee"",""value"":""0.0750""},{""label"":""trustee_fee"",""value"":""0.0150""},{""label"":""admin_fee"",""value"":""0.0100""},{""label"":""other_expense"",""value"":""0.0023""},{""label"":""transaction_cost"",""value"":""0.0463""}]","[37,36,39]",detail_table_cross_validated,0.7,"[상세표 보강] [(1, '0.0750'), (2, '0.0000'), (3, '0.0150'), (4, '0.0100'), (5, '0.0023'), (6, '0.1023'), (7, '0.1089'), (8, '0.0463')]"
FUND000012,KR5122420005,O,CLASS000168,EXACT_NORMALIZED_MATCH,수수료미징구-디폴트옵션-퇴직연금,미징구,디폴트옵션,퇴직연금,True,,없음,없음,없음,없음,0.2020,0.102,-,0.2020,"{""1y"":""21"",""2y"":""42"",""3y"":""65"",""5y"":""114"",""10y"":""260""}","[{""label"":""management_fee"",""value"":""0.0750""},{""label"":""trustee_fee"",""value"":""0.0150""},{""label"":""admin_fee"",""value"":""0.0100""}]","[37,36,39]",detail_table_cross_validated,0.7,"[상세표 보강] [(1, '0.0750'), (2, '0.102'), (3, '0.0150'), (4, '0.0100'), (6, '0.2020'), (7, '0.2020')]"
FUND000012,KR5122420005,S,CLASS000164,EXACT_NORMALIZED_MATCH,수수료후취-온라인슈퍼,후취,온라인슈퍼,,True,,없음,없음,없음,없음,0.1800,0.0800,-,0.1889,"{""1y"":""19"",""2y"":""40"",""3y"":""61"",""5y"":""107"",""10y"":""241""}","[{""label"":""management_fee"",""value"":""0.0750""},{""label"":""trustee_fee"",""value"":""0.0150""},{""label"":""admin_fee"",""value"":""0.0100""},{""label"":""other_expense"",""value"":""0.0023""},{""label"":""transaction_cost"",""value"":""0.0468""}]","[37,36,39]",detail_table_cross_validated,0.7,"[상세표 보강] [(1, '0.0750'), (2, '0.0800'), (3, '0.0150'), (4, '0.0100'), (5, '0.0023'), (6, '0.1823'), (7, '0.1889'), (8, '0.0468')]"
FUND000012,KR5122420005,S-P,CLASS000165,EXACT_NORMALIZED_MATCH,수수료미징구-온라인슈퍼-개인연금형,미징구,온라인슈퍼,개인연금,True,,없음,없음,없음,없음,0.1600,0.0600,-,0.1688,"{""1y"":""17"",""2y"":""35"",""3y"":""54"",""5y"":""95"",""10y"":""216""}","[{""label"":""management_fee"",""value"":""0.0750""},{""label"":""trustee_fee"",""value"":""0.0150""},{""label"":""admin_fee"",""value"":""0.0100""},{""label"":""other_expense"",""value"":""0.0022""},{""label"":""transaction_cost"",""value"":""0.0467""}]","[37,36,39]",detail_table_cross_validated,0.7,"[상세표 보강] [(1, '0.0750'), (2, '0.0600'), (3, '0.0150'), (4, '0.0100'), (5, '0.0022'), (6, '0.1622'), (7, '0.1688'), (8, '0.0467')]"
FUND000012,KR5122420005,S-R,CLASS000167,EXACT_NORMALIZED_MATCH,수수료미징구-온라인슈퍼-퇴직연금형,미징구,온라인슈퍼,퇴직연금,True,,없음,없음,없음,없음,0.1400,0.0400,-,0.1489,"{""1y"":""15"",""2y"":""31"",""3y"":""48"",""5y"":""84"",""10y"":""191""}","[{""label"":""management_fee"",""value"":""0.0750""},{""label"":""trustee_fee"",""value"":""0.0150""},{""label"":""admin_fee"",""value"":""0.0100""},{""label"":""other_expense"",""value"":""0.0023""},{""label"":""transaction_cost"",""value"":""0.0463""}]","[37,36,39]",detail_table_cross_validated,0.7,"[상세표 보강] [(1, '0.0750'), (2, '0.0400'), (3, '0.0150'), (4, '0.0100'), (5, '0.0023'), (6, '0.1423'), (7, '0.1489'), (8, '0.0463')]"
FUND000080,KR5123365001,투자신탁,CLASS000951,EXACT_NORMALIZED_MATCH,"1) 집합투자기구의 종류 및 형태 투자신탁, 증권(채권형), 개방형, 추가형, 모",,,,True,,없음,없음,없음,없음,0.310,0.200,0.39,0.317,"{""1y"":""33"",""2y"":""67"",""3y"":""103"",""5y"":""180"",""10y"":""409""}","[{""label"":""management_fee"",""value"":""0.0900""},{""label"":""trustee_fee"",""value"":""0.0200""},{""label"":""admin_fee"",""value"":""0.0000""},{""label"":""other_expense"",""value"":""0.0074""},{""label"":""transaction_cost"",""value"":""0.0040""}]","[3,23]",cell_grid,1.0,"클래스명: 투자신탁 투자비용 주1) ‘1,000만원 했을 경우 의미합니다. 가정하였습니다. 주2) 집합투자기구의 바랍니다. 주3) ‘동종유형 다. 클래스 종류 | 없음 투자신탁 없음 0.310 0.200 0.39 0.317 33 67 103 180 409"
FUND000081,KR5123420015,A-e,CLASS000955,EXACT_NORMALIZED_MATCH,수수료선취-온라인,선취,온라인,,True,판매회사의 전자매체 (온라인)를 통하여 가입(선취판매수수료 부과),납입금액의 0.05% 이내,없음,없음,없음,0.200,0.075,0.24,0.213,"{""1y"":""27"",""2y"":""50"",""3y"":""74"",""5y"":""126"",""10y"":""279""}","[{""label"":""management_fee"",""value"":""0.1000""},{""label"":""trustee_fee"",""value"":""0.0150""},{""label"":""admin_fee"",""value"":""0.0100""},{""label"":""other_expense"",""value"":""0.0129""},{""label"":""transaction_cost"",""value"":""0.0080""}]","[3,27]",cell_grid,1.0,클래스명: 수수료선취- 온라인(A-e) 투자비용 | 납입금액 의 0.05% 이내 납입금액 의 0.05% 이내 0.200 0.075 0.24 0.213 27 50 74 126 279
FUND000081,KR5123420015,A1,CLASS000952,EXACT_NORMALIZED_MATCH,수수료선취-오프라인,선취,오프라인,,True,가입제한 없음 (선취판매수수료 징구),납입금액의 0.1% 이내,없음,없음,없음,0.275,0.150,0.35,0.288,"{""1y"":""39"",""2y"":""70"",""3y"":""103"",""5y"":""173"",""10y"":""381""}","[{""label"":""management_fee"",""value"":""0.1000""},{""label"":""trustee_fee"",""value"":""0.0150""},{""label"":""admin_fee"",""value"":""0.0100""},{""label"":""other_expense"",""value"":""0.0130""},{""label"":""transaction_cost"",""value"":""0.0074""}]","[3,27]",cell_grid,1.0,클래스명: 수수료선취- 오프라인(A1) | 납입금액 의 0.1% 이내 납입금액 의 0.1% 이내 0.275 0.150 0.35 0.288 39 70 103 173 381
FUND000081,KR5123420015,C-F,CLASS000954,EXACT_NORMALIZED_MATCH,수수료미징구-오프라인-기관,미징구,오프라인,,False,,없음,없음,없음,없음,0.1450,0.0200,-,0.1580,"{""1y"":""16"",""2y"":""33"",""3y"":""51"",""5y"":""89"",""10y"":""204""}","[{""label"":""management_fee"",""value"":""0.1000""},{""label"":""trustee_fee"",""value"":""0.0150""},{""label"":""admin_fee"",""value"":""0.0100""},{""label"":""other_expense"",""value"":""0.0130""},{""label"":""transaction_cost"",""value"":""0.0076""}]","[27,26,29]",detail_table_cross_validated,0.7,"[상세표 보강] [(1, '0.1000'), (2, '0.0200'), (3, '0.0150'), (4, '0.0100'), (5, '0.1450'), (7, '0.0130'), (8, '0.1580'), (9, '0.1580'), (10, '0.0076')]"
FUND000081,KR5123420015,C-I,CLASS000961,EXACT_NORMALIZED_MATCH,수수료미징구-오프라인-고액,미징구,오프라인,,False,납입금액이 30억원 이상인 자,없음,없음,없음,없음,0.1550,0.0300,-,0.1550,"{""1y"":""16"",""2y"":""34"",""3y"":""52"",""5y"":""91"",""10y"":""207""}","[{""label"":""management_fee"",""value"":""0.1000""},{""label"":""trustee_fee"",""value"":""0.0150""},{""label"":""admin_fee"",""value"":""0.0100""}]","[27,26,29]",detail_table_cross_validated,0.7,"[상세표 보강] [(1, '0.1000'), (2, '0.0300'), (3, '0.0150'), (4, '0.0100'), (5, '0.1550'), (8, '0.1550'), (9, '0.1550')]"
FUND000081,KR5123420015,C-I2,CLASS000962,EXACT_NORMALIZED_MATCH,수수료미징구-오프라인-고액,미징구,오프라인,,False,납입금액이 1억원 이상인 자,없음,없음,없음,없음,0.1850,0.0600,-,0.1850,"{""1y"":""20"",""2y"":""40"",""3y"":""62"",""5y"":""108"",""10y"":""246""}","[{""label"":""management_fee"",""value"":""0.1000""},{""label"":""trustee_fee"",""value"":""0.0150""},{""label"":""admin_fee"",""value"":""0.0100""}]","[27,26,29]",detail_table_cross_validated,0.7,"[상세표 보강] [(1, '0.1000'), (2, '0.0600'), (3, '0.0150'), (4, '0.0100'), (5, '0.1850'), (8, '0.1850'), (9, '0.1850')]"
FUND000081,KR5123420015,C-P,CLASS000959,EXACT_NORMALIZED_MATCH,수수료미징구-오프라인-개인연금,미징구,오프라인,개인연금,True,소득세법 제20조의3 및 소득세법 시행령 제40조의2에 따른 연금 저축계좌를 통하여 가입한 투자자 (판매수수료가 징구되지 않는 수익 증권),없음,없음,없음,없음,0.3350,0.2100,-,0.3481,"{""1y"":""36"",""2y"":""73"",""3y"":""112"",""5y"":""197"",""10y"":""449""}","[{""label"":""management_fee"",""value"":""0.1000""},{""label"":""trustee_fee"",""value"":""0.0150""},{""label"":""admin_fee"",""value"":""0.0100""},{""label"":""other_expense"",""value"":""0.0131""},{""label"":""transaction_cost"",""value"":""0.0083""}]","[27,26,29]",detail_table_cross_validated,0.7,"[상세표 보강] [(1, '0.1000'), (2, '0.2100'), (3, '0.0150'), (4, '0.0100'), (5, '0.3350'), (7, '0.0131'), (8, '0.3481'), (9, '0.3481'), (10, '0.0083')]"
FUND000081,KR5123420015,C-P2(퇴직연금),CLASS000960,EXACT_NORMALIZED_MATCH,수수료미징구-오프라인-퇴직연금,미징구,오프라인,퇴직연금,True,"근로자퇴직급여보장법에 의한 퇴직 연금 및 개인퇴직계좌, 퇴직연금사 업자",없음,없음,없음,없음,0.3250,0.2000,-,0.3373,"{""1y"":""35"",""2y"":""71"",""3y"":""109"",""5y"":""191"",""10y"":""435""}","[{""label"":""management_fee"",""value"":""0.1000""},{""label"":""trustee_fee"",""value"":""0.0150""},{""label"":""admin_fee"",""value"":""0.0100""},{""label"":""other_expense"",""value"":""0.0123""},{""label"":""transaction_cost"",""value"":""0.0104""}]","[27,29]",detail_table_cross_validated,0.7,"[상세표 보강] [(1, '0.1000'), (2, '0.2000'), (3, '0.0150'), (4, '0.0100'), (5, '0.3250'), (7, '0.0123'), (8, '0.3373'), (9, '0.3373'), (10, '0.0104')]"
FUND000081,KR5123420015,C-P2e(퇴직연금),CLASS000964,EXACT_NORMALIZED_MATCH,수수료미징구-온라인-퇴직연금,미징구,온라인,퇴직연금,True,"좌를 통하여 가입한 자 판매회사의 전자매체(온라인)를 이 용하여 가입한 자로서, 근로자퇴직 급여보장법에 의한 퇴직연금 및 개 인퇴직계좌, 퇴직연금사업자",없음,없음,없음,없음,0.2250,0.1000,-,0.2381,"{""1y"":""24"",""2y"":""50"",""3y"":""77"",""5y"":""135"",""10y"":""307""}","[{""label"":""management_fee"",""value"":""0.1000""},{""label"":""trustee_fee"",""value"":""0.0150""},{""label"":""admin_fee"",""value"":""0.0100""},{""label"":""other_expense"",""value"":""0.0131""},{""label"":""transaction_cost"",""value"":""0.0081""}]","[28,29]",detail_table_cross_validated,0.7,"[상세표 보강] [(1, '0.1000'), (2, '0.1000'), (3, '0.0150'), (4, '0.0100'), (5, '0.2250'), (7, '0.0131'), (8, '0.2381'), (9, '0.2381'), (10, '0.0081')]"
FUND000081,KR5123420015,C-Pe,CLASS000963,EXACT_NORMALIZED_MATCH,수수료미징구-온라인-개인연금,미징구,온라인,개인연금,True,판매회사의 전자매체(온라인)를 이 용하여 가입한 자로서 소득세법 제 20 조의 3 및 소득세법 시행령,없음,없음,없음,없음,0.2300,0.1050,-,0.2424,"{""1y"":""25"",""2y"":""51"",""3y"":""78"",""5y"":""137"",""10y"":""313""}","[{""label"":""management_fee"",""value"":""0.1000""},{""label"":""trustee_fee"",""value"":""0.0150""},{""label"":""admin_fee"",""value"":""0.0100""},{""label"":""other_expense"",""value"":""0.0124""},{""label"":""transaction_cost"",""value"":""0.0084""}]","[28,29]",detail_table_cross_validated,0.7,"[상세표 보강] [(1, '0.1000'), (2, '0.1050'), (3, '0.0150'), (4, '0.0100'), (5, '0.2300'), (7, '0.0124'), (8, '0.2424'), (9, '0.2424'), (10, '0.0084')]"
FUND000081,KR5123420015,C-W,CLASS000957,EXACT_NORMALIZED_MATCH,수수료미징구-오프라인-랩,미징구,오프라인,,False,판매회사의 일임형 wrap계좌를 보 유한 자,없음,없음,없음,없음,0.1250,0.0000,-,0.1380,"{""1y"":""14"",""2y"":""29"",""3y"":""45"",""5y"":""78"",""10y"":""178""}","[{""label"":""management_fee"",""value"":""0.1000""},{""label"":""trustee_fee"",""value"":""0.0150""},{""label"":""admin_fee"",""value"":""0.0100""},{""label"":""other_expense"",""value"":""0.0130""},{""label"":""transaction_cost"",""value"":""0.0091""}]","[27,26,29]",detail_table_cross_validated,0.7,"[상세표 보강] [(1, '0.1000'), (2, '0.0000'), (3, '0.0150'), (4, '0.0100'), (5, '0.1250'), (7, '0.0130'), (8, '0.1380'), (9, '0.1380'), (10, '0.0091')]"
FUND000081,KR5123420015,C-e,CLASS000956,EXACT_NORMALIZED_MATCH,수수료미징구-온라인,미징구,온라인,,True,판매회사의 전자매체 (온라인)를 통하여 가입,없음,없음,없음,없음,0.250,0.125,0.25,0.263,"{""1y"":""27"",""2y"":""55"",""3y"":""85"",""5y"":""149"",""10y"":""339""}","[{""label"":""management_fee"",""value"":""0.1000""},{""label"":""trustee_fee"",""value"":""0.0150""},{""label"":""admin_fee"",""value"":""0.0100""},{""label"":""other_expense"",""value"":""0.0130""},{""label"":""transaction_cost"",""value"":""0.0081""}]","[3,27]",cell_grid,1.0,클래스명: 수수료미징구 -온라인(C- e) | 없음 수수료미징구 -온라인(C- e) 없음 0.250 0.125 0.25 0.263 27 55 85 149 339
FUND000081,KR5123420015,C1,CLASS000953,EXACT_NORMALIZED_MATCH,수수료미징구-오프라인,미징구,오프라인,,True,가입제한 없음,없음,없음,없음,없음,0.375,0.250,0.39,0.388,"{""1y"":""40"",""2y"":""82"",""3y"":""125"",""5y"":""220"",""10y"":""500""}","[{""label"":""management_fee"",""value"":""0.1000""},{""label"":""trustee_fee"",""value"":""0.0150""},{""label"":""admin_fee"",""value"":""0.0100""},{""label"":""other_expense"",""value"":""0.0130""},{""label"":""transaction_cost"",""value"":""0.0090""}]","[3,27]",cell_grid,1.0,클래스명: 수수료미징구 -오프라인 (C1) | 없음 수수료미징구 -오프라인 (C1) 없음 0.375 0.250 0.39 0.388 40 82 125 220 500
FUND000081,KR5123420015,S,CLASS000958,EXACT_NORMALIZED_MATCH,수수료후취-온라인슈퍼,후취,온라인슈퍼,,True,"자산운용사의 공동판매채널로서의 역할 수행을 위해 모든 공모 S클 래스(S-T 및 S-P클래스 포함)를 취급하고, 객관적 지표를 기준으로 상품을 노출 및 배열하는 온라인판 매시스템을 통하여 가입한 자 (후 취판매수수료 징구)",없음,3년 미만: 환매금액의 0.15%이내,없음,없음,0.2000,0.0750,-,0.2107,"{""1y"":""22"",""2y"":""44"",""3y"":""68"",""5y"":""119"",""10y"":""272""}","[{""label"":""management_fee"",""value"":""0.1000""},{""label"":""trustee_fee"",""value"":""0.0150""},{""label"":""admin_fee"",""value"":""0.0100""},{""label"":""other_expense"",""value"":""0.0107""},{""label"":""transaction_cost"",""value"":""0.0081""}]","[27,26,29]",detail_table_cross_validated,0.7,"[상세표 보강] [(1, '0.1000'), (2, '0.0750'), (3, '0.0150'), (4, '0.0100'), (5, '0.2000'), (7, '0.0107'), (8, '0.2107'), (9, '0.2107'), (10, '0.0081')]"
FUND000082,KR5123420039,C,CLASS000965,EXACT_NORMALIZED_MATCH,수수료미징구-오프라인-퇴직연금,미징구,오프라인,퇴직연금,True,근로자퇴직급여보장법에 의한 퇴직 연금사업자,없음,없음,없음,없음,0.370,0.200,0.39,0.384,"{""1y"":""39"",""2y"":""81"",""3y"":""124"",""5y"":""218"",""10y"":""495""}","[{""label"":""management_fee"",""value"":""0.15""},{""label"":""trustee_fee"",""value"":""0.02""},{""label"":""admin_fee"",""value"":""0.00""}]","[4,16]",cell_grid,1.0,클래스명: 수수료미징구 -오프라인- 퇴직연금(C) | 없음 수수료미징구 -오프라인- 퇴직연금(C) 없음 0.370 0.200 0.39 0.384 39 81 124 218 495
FUND000082,KR5123420039,C-I,CLASS000967,EXACT_NORMALIZED_MATCH,"수수료미징구-오프라인-퇴직연금,고액",미징구,오프라인,퇴직연금,False,"근로자퇴직급여보장법에 의한 퇴직 연금 및 개인퇴직계좌, 퇴직연금사업 자로서 납입금액이 30억 이상인 투 자자",없음,없음,없음,없음,0.2200,0.05,-,0.2222,"{""1y"":""23"",""2y"":""46"",""3y"":""71"",""5y"":""125"",""10y"":""284""}","[{""label"":""management_fee"",""value"":""0.15""},{""label"":""trustee_fee"",""value"":""0.02""},{""label"":""admin_fee"",""value"":""0.00""}]","[16,30,32]",detail_table_cross_validated,0.7,"[상세표 보강] [(4, '0.05'), (6, '0.15'), (8, '0.02'), (10, '0.00')]"
FUND000082,KR5123420039,C-e,CLASS000966,EXACT_NORMALIZED_MATCH,수수료미징구-온라인-퇴직연금,미징구,온라인,퇴직연금,True,판매회사의 전자매체(온라인)를 이용 하여 가입한 자로서 근로자퇴직급여 보장법에 의한 퇴직연금사업자,없음,없음,없음,없음,0.270,0.100,0.25,0.284,"{""1y"":""29"",""2y"":""60"",""3y"":""92"",""5y"":""161"",""10y"":""366""}","[{""label"":""management_fee"",""value"":""0.15""},{""label"":""trustee_fee"",""value"":""0.02""},{""label"":""admin_fee"",""value"":""0.00""}]","[4,16]",cell_grid,1.0,클래스명: 수수료미징구 -온라인-퇴 직연금 (C- e) | 없음 수수료미징구 -온라인-퇴 직연금 (C- e) 없음 0.270 0.100 0.25 0.284 29 60 92 161 366
FUND000083,KR5123420049,A,CLASS000968,EXACT_NORMALIZED_MATCH,수수료선취-오프라인,선취,오프라인,,True,가입제한 없음 (선취판매수수료 징구),납입금액의 0.1% 이내,없음,없음,없음,0.275,0.200,0.34,0.289,"{""1y"":""40"",""2y"":""71"",""3y"":""103"",""5y"":""174"",""10y"":""382""}","[{""label"":""management_fee"",""value"":""0.05""},{""label"":""trustee_fee"",""value"":""0.015""},{""label"":""admin_fee"",""value"":""0.01""},{""label"":""other_expense"",""value"":""0.0097""},{""label"":""transaction_cost"",""value"":""0.0074""}]","[3,25]",cell_grid,1.0,클래스명: 수수료선취- 오프라인(A) | 납입금액 의 0.1% 이내 납입금액 의 0.1% 이내 0.275 0.200 0.34 0.289 40 71 103 174 382
FUND000083,KR5123420049,A-e,CLASS000969,EXACT_NORMALIZED_MATCH,수수료선취-온라인,선취,온라인,,True,판매회사의 전자매체(온라인)를 이용하여 가입한 자 (선취판매수수료 징구),납입금액의 0.05% 이내,없음,없음,없음,0.175,0.100,0.25,0.189,"{""1y"":""24"",""2y"":""45"",""3y"":""66"",""5y"":""112"",""10y"":""249""}","[{""label"":""management_fee"",""value"":""0.05""},{""label"":""trustee_fee"",""value"":""0.015""},{""label"":""admin_fee"",""value"":""0.01""},{""label"":""other_expense"",""value"":""0.0097""},{""label"":""transaction_cost"",""value"":""0.0076""}]","[3,25]",cell_grid,1.0,클래스명: 수수료선취- 온라인(A-e) 투자비용 | 납입금액 의 0.05%이 내 납입금액 의 0.05%이 내 0.175 0.100 0.25 0.189 24 45 66 112 249
FUND000083,KR5123420049,AG,CLASS000980,EXACT_NORMALIZED_MATCH,수수료선취-오프라인-무권유저비용,선취,오프라인,,True,,,없음,없음,없음,0.2250,0.15,-,0.2250,"{""1y"":""31"",""2y"":""57"",""3y"":""83"",""5y"":""141"",""10y"":""311""}","[{""label"":""management_fee"",""value"":""0.05""},{""label"":""trustee_fee"",""value"":""0.015""},{""label"":""admin_fee"",""value"":""0.01""}]","[26,27]",detail_table_cross_validated,0.7,"[상세표 보강] [(1, '0.05'), (2, '0.15'), (3, '0.015'), (4, '0.01'), (5, '0.2250'), (8, '0.2250'), (9, '0.2250')]"
FUND000083,KR5123420049,C,CLASS000970,EXACT_NORMALIZED_MATCH,수수료미징구-오프라인,미징구,오프라인,,True,가입제한 없음,없음,없음,없음,없음,0.325,0.250,0.39,0.339,"{""1y"":""35"",""2y"":""71"",""3y"":""110"",""5y"":""192"",""10y"":""437""}","[{""label"":""management_fee"",""value"":""0.05""},{""label"":""trustee_fee"",""value"":""0.015""},{""label"":""admin_fee"",""value"":""0.01""},{""label"":""other_expense"",""value"":""0.0097""},{""label"":""transaction_cost"",""value"":""0.0074""}]","[3,25]",cell_grid,1.0,클래스명: 수수료미징 구-오프라인 (C) | 없음 없음 0.325 0.250 0.39 0.339 35 71 110 192 437
FUND000083,KR5123420049,C-F,CLASS000973,EXACT_NORMALIZED_MATCH,수수료미징구-오프라인-기관,미징구,오프라인,,False,,없음,없음,없음,없음,0.0950,0.02,-,0.1091,"{""1y"":""11"",""2y"":""23"",""3y"":""35"",""5y"":""62"",""10y"":""141""}","[{""label"":""management_fee"",""value"":""0.05""},{""label"":""trustee_fee"",""value"":""0.015""},{""label"":""admin_fee"",""value"":""0.01""},{""label"":""other_expense"",""value"":""0.0097""},{""label"":""transaction_cost"",""value"":""0.0072""}]","[25,27]",detail_table_cross_validated,0.7,"[상세표 보강] [(1, '0.05'), (2, '0.02'), (3, '0.015'), (4, '0.01'), (5, '0.0950'), (7, '0.0097'), (8, '0.1047'), (9, '0.1091'), (10, '0.0072')]"
FUND000083,KR5123420049,C-I,CLASS000972,EXACT_NORMALIZED_MATCH,수수료미징구-오프라인-고액,미징구,오프라인,,False,납입금액이 30억원 이상인 자,없음,없음,없음,없음,0.1250,0.05,-,0.1391,"{""1y"":""14"",""2y"":""29"",""3y"":""45"",""5y"":""79"",""10y"":""179""}","[{""label"":""management_fee"",""value"":""0.05""},{""label"":""trustee_fee"",""value"":""0.015""},{""label"":""admin_fee"",""value"":""0.01""},{""label"":""other_expense"",""value"":""0.0097""},{""label"":""transaction_cost"",""value"":""0.0059""}]","[25,27]",detail_table_cross_validated,0.7,"[상세표 보강] [(1, '0.05'), (2, '0.05'), (3, '0.015'), (4, '0.01'), (5, '0.1250'), (7, '0.0097'), (8, '0.1347'), (9, '0.1391'), (10, '0.0059')]"
FUND000083,KR5123420049,C-P,CLASS000975,EXACT_NORMALIZED_MATCH,수수료미징구-오프라인-개인연금,미징구,오프라인,개인연금,True,소득세법 제20조의3 및 소득세 법시행령 제40조의2에 따른 연 금저축계좌를 통하여 가입한 투자자 (판매수수료가 징구되 지 않는 수익증권),없음,없음,없음,없음,0.2950,0.22,-,0.3090,"{""1y"":""32"",""2y"":""65"",""3y"":""100"",""5y"":""175"",""10y"":""398""}","[{""label"":""management_fee"",""value"":""0.05""},{""label"":""trustee_fee"",""value"":""0.015""},{""label"":""admin_fee"",""value"":""0.01""},{""label"":""other_expense"",""value"":""0.0096""},{""label"":""transaction_cost"",""value"":""0.0077""}]","[25,27]",detail_table_cross_validated,0.7,"[상세표 보강] [(1, '0.05'), (2, '0.22'), (3, '0.015'), (4, '0.01'), (5, '0.2950'), (7, '0.0096'), (8, '0.3046'), (9, '0.3090'), (10, '0.0077')]"
FUND000083,KR5123420049,C-P2(퇴직연금),CLASS000976,EXACT_NORMALIZED_MATCH,수수료미징구-오프라인-퇴직연금,미징구,오프라인,퇴직연금,True,"근로자퇴직급여보장법에 의한 퇴직연금 및 개인퇴직계좌, 퇴 직연금사업자",없음,없음,없음,없음,0.2850,0.21,-,0.2991,"{""1y"":""31"",""2y"":""63"",""3y"":""97"",""5y"":""169"",""10y"":""386""}","[{""label"":""management_fee"",""value"":""0.05""},{""label"":""trustee_fee"",""value"":""0.015""},{""label"":""admin_fee"",""value"":""0.01""},{""label"":""other_expense"",""value"":""0.0097""},{""label"":""transaction_cost"",""value"":""0.0077""}]",[25],detail_table_cross_validated,0.7,"[상세표 보강] [(1, '0.05'), (2, '0.21'), (3, '0.015'), (4, '0.01'), (5, '0.2850'), (7, '0.0097'), (8, '0.2947'), (9, '0.2991'), (10, '0.0077')]"
FUND000083,KR5123420049,C-P2e(퇴직연금),CLASS000979,EXACT_NORMALIZED_MATCH,수수료미징구-온라인-퇴직연금,미징구,온라인,퇴직연금,True,"판매회사의 전자매체(온라인)를 이용하여 가입한 자로서 근로 자퇴직급여보장법에 의한 퇴직 연금 및 개인퇴직계좌, 퇴직연 금사업자",없음,없음,없음,없음,0.1750,0.10,-,0.1891,"{""1y"":""19"",""2y"":""40"",""3y"":""61"",""5y"":""107"",""10y"":""244""}","[{""label"":""management_fee"",""value"":""0.05""},{""label"":""trustee_fee"",""value"":""0.015""},{""label"":""admin_fee"",""value"":""0.01""},{""label"":""other_expense"",""value"":""0.0097""},{""label"":""transaction_cost"",""value"":""0.0077""}]",[26],detail_table_cross_validated,0.7,"[상세표 보강] [(1, '0.05'), (2, '0.10'), (3, '0.015'), (4, '0.01'), (5, '0.1750'), (7, '0.0097'), (8, '0.1847'), (9, '0.1891'), (10, '0.0077')]"
FUND000083,KR5123420049,C-Pe,CLASS000978,EXACT_NORMALIZED_MATCH,수수료미징구-온라인-개인연금,미징구,온라인,개인연금,True,판매회사의 전자매체(온라인)를 이용하여 가입한 자로서 소득 세법 제20조의3 및 소득세법시 행령 제40조의2에 따른 연금저 축계좌를 통하여 가입한 투자 자,없음,없음,없음,없음,0.1850,0.11,-,0.1991,"{""1y"":""20"",""2y"":""42"",""3y"":""64"",""5y"":""113"",""10y"":""257""}","[{""label"":""management_fee"",""value"":""0.05""},{""label"":""trustee_fee"",""value"":""0.015""},{""label"":""admin_fee"",""value"":""0.01""},{""label"":""other_expense"",""value"":""0.0097""},{""label"":""transaction_cost"",""value"":""0.0078""}]","[26,27]",detail_table_cross_validated,0.7,"[상세표 보강] [(1, '0.05'), (2, '0.11'), (3, '0.015'), (4, '0.01'), (5, '0.1850'), (7, '0.0097'), (8, '0.1947'), (9, '0.1991'), (10, '0.0078')]"
FUND000083,KR5123420049,C-W,CLASS000974,EXACT_NORMALIZED_MATCH,수수료미징구-오프라인-랩,미징구,오프라인,,False,,없음,없음,없음,없음,0.0750,0.00,-,0.0888,"{""1y"":""9"",""2y"":""19"",""3y"":""29"",""5y"":""50"",""10y"":""114""}","[{""label"":""management_fee"",""value"":""0.05""},{""label"":""trustee_fee"",""value"":""0.015""},{""label"":""admin_fee"",""value"":""0.01""},{""label"":""other_expense"",""value"":""0.0094""},{""label"":""transaction_cost"",""value"":""0.0070""}]","[25,27]",detail_table_cross_validated,0.7,"[상세표 보강] [(1, '0.05'), (2, '0.00'), (3, '0.015'), (4, '0.01'), (5, '0.0750'), (7, '0.0094'), (8, '0.0844'), (9, '0.0888'), (10, '0.0070')]"
FUND000083,KR5123420049,C-e,CLASS000971,EXACT_NORMALIZED_MATCH,수수료미징구-온라인,미징구,온라인,,True,판매회사의 전자매체(온라인)를 이용하여 가입한 자,없음,없음,없음,없음,0.200,0.125,0.25,0.214,"{""1y"":""22"",""2y"":""45"",""3y"":""69"",""5y"":""121"",""10y"":""276""}","[{""label"":""management_fee"",""value"":""0.05""},{""label"":""trustee_fee"",""value"":""0.015""},{""label"":""admin_fee"",""value"":""0.01""},{""label"":""other_expense"",""value"":""0.0097""},{""label"":""transaction_cost"",""value"":""0.0076""}]","[3,25]",cell_grid,1.0,클래스명: 수수료미징 구-온라인 (C-e) | 없음 없음 0.200 0.125 0.25 0.214 22 45 69 121 276
FUND000083,KR5123420049,CG,CLASS000981,EXACT_NORMALIZED_MATCH,수수료미징구-오프라인-무권유저비용,미징구,오프라인,,True,투자자문업자로부터 투자자문 을 받고 그 결과에 따라 펀드 매수를 요청하는 등 금융기관 등으로부터 별도의 투자권유 없이 가입한 자,없음,없음,없음,없음,0.2550,0.18,-,0.2550,"{""1y"":""27"",""2y"":""56"",""3y"":""86"",""5y"":""151"",""10y"":""343""}","[{""label"":""management_fee"",""value"":""0.05""},{""label"":""trustee_fee"",""value"":""0.015""},{""label"":""admin_fee"",""value"":""0.01""}]","[26,27]",detail_table_cross_validated,0.7,"[상세표 보강] [(1, '0.05'), (2, '0.18'), (3, '0.015'), (4, '0.01'), (5, '0.2550'), (8, '0.2550'), (9, '0.2550')]"
FUND000083,KR5123420049,S,CLASS000977,EXACT_NORMALIZED_MATCH,수수료후취-온라인슈퍼,후취,온라인슈퍼,,True,"자산운용사의 공동판매채널로 서의 역할 수행을 위해 모든 공모 S클래스(S-T 및 S-P클래 스 포함)를 취급하고, 객관적 지표를 기준으로 상품을 노출 및 배열하는 온라인판매시스템 을 통하여 가입한 자 (후취판 매수수료 징구)",없음,3년 미만 환매시 환매금액의 0.15% 이내,없음,없음,0.1550,0.08,-,0.1687,"{""1y"":""17"",""2y"":""35"",""3y"":""55"",""5y"":""96"",""10y"":""218""}","[{""label"":""management_fee"",""value"":""0.05""},{""label"":""trustee_fee"",""value"":""0.015""},{""label"":""admin_fee"",""value"":""0.01""},{""label"":""other_expense"",""value"":""0.0094""},{""label"":""transaction_cost"",""value"":""0.0076""}]","[25,27]",detail_table_cross_validated,0.7,"[상세표 보강] [(1, '0.05'), (2, '0.08'), (3, '0.015'), (4, '0.01'), (5, '0.1550'), (7, '0.0094'), (8, '0.1644'), (9, '0.1687'), (10, '0.0076')]"
FUND000084,KR5123490013,A1,CLASS000982,EXACT_NORMALIZED_MATCH,수수료선취-오프라인,선취,오프라인,,True,가입제한 없음(선취판매수수료 징구),납입금액의 0.8% 이내,없음,없음,없음,0.845,0.40,0.75,0.868,"{""1y"":""168"",""2y"":""260"",""3y"":""358"",""5y"":""567"",""10y"":""1190""}","[{""label"":""management_fee"",""value"":""0.4000""},{""label"":""trustee_fee"",""value"":""0.0300""},{""label"":""admin_fee"",""value"":""0.015""},{""label"":""other_expense"",""value"":""0.0020""},{""label"":""transaction_cost"",""value"":""0.0219""}]","[5,35]",cell_grid,1.0,"클래스명: 수수료선취- 오프라인(A1) | 납입금액 의 0.8% 이내 수수료선취- 오프라인(A1) 납입금액 의 0.8% 이내 0.845 0.40 0.75 0.868 168 260 358 567 1,190"
FUND000084,KR5123490013,AG,CLASS000993,EXACT_NORMALIZED_MATCH,수수료선취-오프라인-무권유저비용,선취,오프라인,,True,투자자문업자로부터 투자자문을 받고 그 결과에 따라 펀드 매수를 요청하는 등 금융기관등으로부터 별도의 투자권,납입금액의 0.60% 이내,없음,없음,없음,0.7450,0.3000,-,0.7665,"{""1y"":""138"",""2y"":""220"",""3y"":""306"",""5y"":""491"",""10y"":""1042""}","[{""label"":""management_fee"",""value"":""0.4000""},{""label"":""trustee_fee"",""value"":""0.0300""},{""label"":""admin_fee"",""value"":""0.015""}]","[36,38]",detail_table_cross_validated,0.7,"[상세표 보강] [(1, '0.4000'), (2, '0.3000'), (3, '0.0300'), (4, '0.015'), (5, '0.7450'), (8, '0.7450'), (9, '0.7665')]"
FUND000084,KR5123490013,Ae,CLASS000983,EXACT_NORMALIZED_MATCH,수수료선취-온라인,선취,온라인,,True,판매회사의 전자매체(온라인)를 이용하 여 가입한 자(선취판매수수료 징구),납입금액의 0.40% 이내,없음,없음,없음,0.645,0.20,0.45,0.668,"{""1y"":""108"",""2y"":""180"",""3y"":""255"",""5y"":""417"",""10y"":""898""}","[{""label"":""management_fee"",""value"":""0.4000""},{""label"":""trustee_fee"",""value"":""0.0300""},{""label"":""admin_fee"",""value"":""0.015""},{""label"":""other_expense"",""value"":""0.0019""},{""label"":""transaction_cost"",""value"":""0.0226""}]","[5,35]",cell_grid,1.0,클래스명: 수수료선취- 온라인(Ae) | 납입금액 의 0.4% 이내 수수료선취- 온라인(Ae) 납입금액 의 0.4% 이내 0.645 0.20 0.45 0.668 108 180 255 417 898
FUND000084,KR5123490013,C-F,CLASS000986,EXACT_NORMALIZED_MATCH,수수료미징구-오프라인-기관등,미징구,오프라인,,False,,없음,없음,없음,없음,0.4750,0.0300,-,0.4965,"{""1y"":""51"",""2y"":""104"",""3y"":""160"",""5y"":""281"",""10y"":""640""}","[{""label"":""management_fee"",""value"":""0.4000""},{""label"":""trustee_fee"",""value"":""0.0300""},{""label"":""admin_fee"",""value"":""0.015""},{""label"":""transaction_cost"",""value"":""0.0000""}]","[36,37]",detail_table_cross_validated,0.7,"[상세표 보강] [(1, '0.4000'), (2, '0.0300'), (3, '0.0300'), (4, '0.015'), (5, '0.4750'), (8, '0.4750'), (9, '0.4965'), (10, '0.0000')]"
FUND000084,KR5123490013,C-P,CLASS000988,EXACT_NORMALIZED_MATCH,수수료미징구-오프라인-개인연금,미징구,오프라인,개인연금,True,소득세법 제20조의3 및 소득세법시행 령 제 40 조의 2 에 따른 연금저축계좌 를 통하여 가입한 투자자 (판매수수료 가 징구되지 않는 수익증권),없음,없음,없음,없음,0.9450,0.5000,-,0.9682,"{""1y"":""99"",""2y"":""203"",""3y"":""313"",""5y"":""548"",""10y"":""1248""}","[{""label"":""management_fee"",""value"":""0.4000""},{""label"":""trustee_fee"",""value"":""0.0300""},{""label"":""admin_fee"",""value"":""0.015""},{""label"":""other_expense"",""value"":""0.0018""},{""label"":""transaction_cost"",""value"":""0.0213""}]","[36,37]",detail_table_cross_validated,0.7,"[상세표 보강] [(1, '0.4000'), (2, '0.5000'), (3, '0.0300'), (4, '0.015'), (5, '0.9450'), (7, '0.0018'), (8, '0.9468'), (9, '0.9682'), (10, '0.0213')]"
FUND000084,KR5123490013,C-P2(퇴직연금),CLASS000990,EXACT_NORMALIZED_MATCH,수수료미징구-오프라인-퇴직연금,미징구,오프라인,퇴직연금,True,"근로자퇴직급여보장법에 의한 퇴직연금 및 개인퇴직계좌, 퇴직연금사업자",없음,없음,없음,없음,0.8950,0.4500,-,0.9185,"{""1y"":""94"",""2y"":""193"",""3y"":""297"",""5y"":""520"",""10y"":""1184""}","[{""label"":""management_fee"",""value"":""0.4000""},{""label"":""trustee_fee"",""value"":""0.0300""},{""label"":""admin_fee"",""value"":""0.015""},{""label"":""other_expense"",""value"":""0.0021""},{""label"":""transaction_cost"",""value"":""0.0209""}]","[36,38]",detail_table_cross_validated,0.7,"[상세표 보강] [(1, '0.4000'), (2, '0.4500'), (3, '0.0300'), (4, '0.015'), (5, '0.8950'), (7, '0.0021'), (8, '0.8971'), (9, '0.9185'), (10, '0.0209')]"
FUND000084,KR5123490013,C-P2e(퇴직연금),CLASS000992,EXACT_NORMALIZED_MATCH,수수료미징구-온라인-퇴직연금,미징구,온라인,퇴직연금,True,"판매회사의 전자매체(온라인)를 이용하 여 가입한 자로서 근로자퇴직급여보장 법에 의한 퇴직연금 및 개인퇴직계좌, 퇴직연금사업자",없음,없음,없음,없음,0.6650,0.2200,-,0.6887,"{""1y"":""71"",""2y"":""145"",""3y"":""223"",""5y"":""390"",""10y"":""888""}","[{""label"":""management_fee"",""value"":""0.4000""},{""label"":""trustee_fee"",""value"":""0.0300""},{""label"":""admin_fee"",""value"":""0.015""},{""label"":""other_expense"",""value"":""0.0022""},{""label"":""transaction_cost"",""value"":""0.0217""}]","[36,38]",detail_table_cross_validated,0.7,"[상세표 보강] [(1, '0.4000'), (2, '0.2200'), (3, '0.0300'), (4, '0.015'), (5, '0.6650'), (7, '0.0022'), (8, '0.6672'), (9, '0.6887'), (10, '0.0217')]"
FUND000084,KR5123490013,C-Pe,CLASS000991,EXACT_NORMALIZED_MATCH,수수료미징구-온라인-개인연금,미징구,온라인,개인연금,True,판매회사의 전자매체(온라인)를 이용하 여 가입한 자로서 소득세법 제20조의3 및 소득세법시행령 제40조의2에 따른 연금저축계좌를 통하여 가입한 투자자 (판매수수료가 징구되지 않는 수익증 권),없음,없음,없음,없음,0.6950,0.2500,-,0.7180,"{""1y"":""74"",""2y"":""151"",""3y"":""232"",""5y"":""407"",""10y"":""926""}","[{""label"":""management_fee"",""value"":""0.4000""},{""label"":""trustee_fee"",""value"":""0.0300""},{""label"":""admin_fee"",""value"":""0.015""},{""label"":""other_expense"",""value"":""0.0016""},{""label"":""transaction_cost"",""value"":""0.0211""}]","[36,38]",detail_table_cross_validated,0.7,"[상세표 보강] [(1, '0.4000'), (2, '0.2500'), (3, '0.0300'), (4, '0.015'), (5, '0.6950'), (7, '0.0016'), (8, '0.6966'), (9, '0.7180'), (10, '0.0211')]"
FUND000084,KR5123490013,C-W,CLASS000987,EXACT_NORMALIZED_MATCH,수수료미징구-오프라인-랩,미징구,오프라인,,False,판매회사의 일임형 종합자산관리계좌를 보유한 자,없음,없음,없음,없음,0.5450,0.1000,-,0.5665,"{""1y"":""58"",""2y"":""119"",""3y"":""183"",""5y"":""321"",""10y"":""730""}","[{""label"":""management_fee"",""value"":""0.4000""},{""label"":""trustee_fee"",""value"":""0.0300""},{""label"":""admin_fee"",""value"":""0.015""},{""label"":""transaction_cost"",""value"":""0.0219""}]","[36,37]",detail_table_cross_validated,0.7,"[상세표 보강] [(1, '0.4000'), (2, '0.1000'), (3, '0.0300'), (4, '0.015'), (5, '0.5450'), (8, '0.5450'), (9, '0.5665'), (10, '0.0219')]"
FUND000084,KR5123490013,C1,CLASS000984,EXACT_NORMALIZED_MATCH,수수료미징구-오프라인,미징구,오프라인,,True,가입제한 없음,없음,없음,없음,없음,1.245,0.80,1.00,1.268,"{""1y"":""130"",""2y"":""267"",""3y"":""410"",""5y"":""718"",""10y"":""1635""}","[{""label"":""management_fee"",""value"":""0.4000""},{""label"":""trustee_fee"",""value"":""0.0300""},{""label"":""admin_fee"",""value"":""0.015""},{""label"":""other_expense"",""value"":""0.0018""},{""label"":""transaction_cost"",""value"":""0.0213""}]","[5,35]",cell_grid,1.0,"클래스명: 수수료미징구- 오프라인 (C1) | 없음 없음 1.245 0.80 1.00 1.268 130 267 410 718 1,635"
FUND000084,KR5123490013,CG,CLASS000994,EXACT_NORMALIZED_MATCH,수수료미징구-오프라인-무권유저비용,미징구,오프라인,,True,유 없이 가입한 자,없음,없음,없음,없음,1.0450,0.6000,-,1.0665,"{""1y"":""109"",""2y"":""224"",""3y"":""345"",""5y"":""604"",""10y"":""1375""}","[{""label"":""management_fee"",""value"":""0.4000""},{""label"":""trustee_fee"",""value"":""0.0300""},{""label"":""admin_fee"",""value"":""0.015""}]","[36,38]",detail_table_cross_validated,0.7,"[상세표 보강] [(1, '0.4000'), (2, '0.6000'), (3, '0.0300'), (4, '0.015'), (5, '1.0450'), (8, '1.0450'), (9, '1.0665')]"
FUND000084,KR5123490013,Ce,CLASS000985,EXACT_NORMALIZED_MATCH,수수료미징구-온라인,미징구,온라인,,True,판매회사의 전자매체(온라인)를 이용하 여 가입한 자,없음,없음,없음,없음,0.845,0.40,0.57,0.868,"{""1y"":""89"",""2y"":""182"",""3y"":""281"",""5y"":""492"",""10y"":""1120""}","[{""label"":""management_fee"",""value"":""0.4000""},{""label"":""trustee_fee"",""value"":""0.0300""},{""label"":""admin_fee"",""value"":""0.015""},{""label"":""other_expense"",""value"":""0.0018""},{""label"":""transaction_cost"",""value"":""0.0216""}]","[5,35]",cell_grid,1.0,"클래스명: 투자비용 수수료미징구- 온라인(Ce) | 없음 없음 0.845 0.40 0.57 0.868 89 182 281 492 1,120"
FUND000084,KR5123490013,S,CLASS000989,EXACT_NORMALIZED_MATCH,수수료후취-온라인슈퍼,후취,온라인슈퍼,,True,"자산운용사의 공동판매채널로서의 역할 수행을 위해 모든 공모 S 클래스(S-T 및 S-P 클래스 포함)를 취급하고, 객관 적 지표를 기준으로 상품을 노출 및 배 열하는 온라인판매시스템을 통하여 가 입한 자 (후취판매수수료 징구)",없음,3년 미만 환매 시 환매금액의 0.15%이내,없음,없음,0.6450,0.2000,-,0.6678,"{""1y"":""68"",""2y"":""140"",""3y"":""216"",""5y"":""378"",""10y"":""861""}","[{""label"":""management_fee"",""value"":""0.4000""},{""label"":""trustee_fee"",""value"":""0.0300""},{""label"":""admin_fee"",""value"":""0.015""},{""label"":""other_expense"",""value"":""0.0013""},{""label"":""transaction_cost"",""value"":""0.0217""}]","[36,37]",detail_table_cross_validated,0.7,"[상세표 보강] [(1, '0.4000'), (2, '0.2000'), (3, '0.0300'), (4, '0.015'), (5, '0.6450'), (7, '0.0013'), (8, '0.6463'), (9, '0.6678'), (10, '0.0217')]"
FUND000084,KR5123490013,S-P,CLASS000995,EXACT_NORMALIZED_MATCH,수수료미징구-온라인슈퍼-개인연금,미징구,온라인슈퍼,개인연금,True,"자산운용사의 공동판매채널로서의 역할 수행을 위해 모든 공모 S클래스(S-T 및 S-P클래스 포함)를 취급하고, 객관 적 지표를 기준으로 상품을 노출 및 배 열하는 온라인판매시스템을 통하여 판 매되는 것으로서 소득세법 제20조의3",없음,없음,없음,없음,0.5950,0.1500,-,0.6165,"{""1y"":""63"",""2y"":""130"",""3y"":""199"",""5y"":""349"",""10y"":""795""}","[{""label"":""management_fee"",""value"":""0.4000""},{""label"":""trustee_fee"",""value"":""0.0300""},{""label"":""admin_fee"",""value"":""0.015""}]","[36,38]",detail_table_cross_validated,0.7,"[상세표 보강] [(1, '0.4000'), (2, '0.1500'), (3, '0.0300'), (4, '0.015'), (5, '0.5950'), (8, '0.5950'), (9, '0.6165')]"
FUND000084,KR5123490013,S-P2(퇴직연금),CLASS000996,EXACT_NORMALIZED_MATCH,수수료미징구-온라인슈퍼-퇴직연금,미징구,온라인슈퍼,퇴직연금,True,,없음,없음,없음,없음,0.5850,0.1400,-,0.6065,"{""1y"":""62"",""2y"":""127"",""3y"":""196"",""5y"":""344"",""10y"":""782""}","[{""label"":""management_fee"",""value"":""0.4000""},{""label"":""trustee_fee"",""value"":""0.0300""},{""label"":""admin_fee"",""value"":""0.015""},{""label"":""transaction_cost"",""value"":""0.0210""}]","[36,38]",detail_table_cross_validated,0.7,"[상세표 보강] [(1, '0.4000'), (2, '0.1400'), (3, '0.0300'), (4, '0.015'), (5, '0.5850'), (8, '0.5850'), (9, '0.6065'), (10, '0.0210')]"
FUND000084,KR5123490016,A1,CLASS000982,EXACT_NORMALIZED_MATCH,수수료선취-오프라인,선취,오프라인,,True,가입제한 없음(선취판매수수료 징구),납입금액의 0.8% 이내,없음,없음,없음,0.845,0.40,0.75,0.868,"{""1y"":""168"",""2y"":""260"",""3y"":""358"",""5y"":""567"",""10y"":""1190""}","[{""label"":""management_fee"",""value"":""0.4000""},{""label"":""trustee_fee"",""value"":""0.0300""},{""label"":""admin_fee"",""value"":""0.015""},{""label"":""other_expense"",""value"":""0.0020""},{""label"":""transaction_cost"",""value"":""0.0219""}]","[5,35]",cell_grid,1.0,"클래스명: 수수료선취- 오프라인(A1) | 납입금액 의 0.8% 이내 수수료선취- 오프라인(A1) 납입금액 의 0.8% 이내 0.845 0.40 0.75 0.868 168 260 358 567 1,190"
FUND000084,KR5123490016,AG,CLASS000993,EXACT_NORMALIZED_MATCH,수수료선취-오프라인-무권유저비용,선취,오프라인,,True,투자자문업자로부터 투자자문을 받고 그 결과에 따라 펀드 매수를 요청하는 등 금융기관등으로부터 별도의 투자권,납입금액의 0.60% 이내,없음,없음,없음,0.7450,0.3000,-,0.7665,"{""1y"":""138"",""2y"":""220"",""3y"":""306"",""5y"":""491"",""10y"":""1042""}","[{""label"":""management_fee"",""value"":""0.4000""},{""label"":""trustee_fee"",""value"":""0.0300""},{""label"":""admin_fee"",""value"":""0.015""}]","[36,38]",detail_table_cross_validated,0.7,"[상세표 보강] [(1, '0.4000'), (2, '0.3000'), (3, '0.0300'), (4, '0.015'), (5, '0.7450'), (8, '0.7450'), (9, '0.7665')]"
FUND000084,KR5123490016,Ae,CLASS000983,EXACT_NORMALIZED_MATCH,수수료선취-온라인,선취,온라인,,True,판매회사의 전자매체(온라인)를 이용하 여 가입한 자(선취판매수수료 징구),납입금액의 0.40% 이내,없음,없음,없음,0.645,0.20,0.45,0.668,"{""1y"":""108"",""2y"":""180"",""3y"":""255"",""5y"":""417"",""10y"":""898""}","[{""label"":""management_fee"",""value"":""0.4000""},{""label"":""trustee_fee"",""value"":""0.0300""},{""label"":""admin_fee"",""value"":""0.015""},{""label"":""other_expense"",""value"":""0.0019""},{""label"":""transaction_cost"",""value"":""0.0226""}]","[5,35]",cell_grid,1.0,클래스명: 수수료선취- 온라인(Ae) | 납입금액 의 0.4% 이내 수수료선취- 온라인(Ae) 납입금액 의 0.4% 이내 0.645 0.20 0.45 0.668 108 180 255 417 898
FUND000084,KR5123490016,C-F,CLASS000986,EXACT_NORMALIZED_MATCH,수수료미징구-오프라인-기관등,미징구,오프라인,,False,,없음,없음,없음,없음,0.4750,0.0300,-,0.4965,"{""1y"":""51"",""2y"":""104"",""3y"":""160"",""5y"":""281"",""10y"":""640""}","[{""label"":""management_fee"",""value"":""0.4000""},{""label"":""trustee_fee"",""value"":""0.0300""},{""label"":""admin_fee"",""value"":""0.015""},{""label"":""transaction_cost"",""value"":""0.0000""}]","[36,37]",detail_table_cross_validated,0.7,"[상세표 보강] [(1, '0.4000'), (2, '0.0300'), (3, '0.0300'), (4, '0.015'), (5, '0.4750'), (8, '0.4750'), (9, '0.4965'), (10, '0.0000')]"
FUND000084,KR5123490016,C-P,CLASS000988,EXACT_NORMALIZED_MATCH,수수료미징구-오프라인-개인연금,미징구,오프라인,개인연금,True,소득세법 제20조의3 및 소득세법시행 령 제 40 조의 2 에 따른 연금저축계좌 를 통하여 가입한 투자자 (판매수수료 가 징구되지 않는 수익증권),없음,없음,없음,없음,0.9450,0.5000,-,0.9682,"{""1y"":""99"",""2y"":""203"",""3y"":""313"",""5y"":""548"",""10y"":""1248""}","[{""label"":""management_fee"",""value"":""0.4000""},{""label"":""trustee_fee"",""value"":""0.0300""},{""label"":""admin_fee"",""value"":""0.015""},{""label"":""other_expense"",""value"":""0.0018""},{""label"":""transaction_cost"",""value"":""0.0213""}]","[36,37]",detail_table_cross_validated,0.7,"[상세표 보강] [(1, '0.4000'), (2, '0.5000'), (3, '0.0300'), (4, '0.015'), (5, '0.9450'), (7, '0.0018'), (8, '0.9468'), (9, '0.9682'), (10, '0.0213')]"
FUND000084,KR5123490016,C-P2(퇴직연금),CLASS000990,EXACT_NORMALIZED_MATCH,수수료미징구-오프라인-퇴직연금,미징구,오프라인,퇴직연금,True,"근로자퇴직급여보장법에 의한 퇴직연금 및 개인퇴직계좌, 퇴직연금사업자",없음,없음,없음,없음,0.8950,0.4500,-,0.9185,"{""1y"":""94"",""2y"":""193"",""3y"":""297"",""5y"":""520"",""10y"":""1184""}","[{""label"":""management_fee"",""value"":""0.4000""},{""label"":""trustee_fee"",""value"":""0.0300""},{""label"":""admin_fee"",""value"":""0.015""},{""label"":""other_expense"",""value"":""0.0021""},{""label"":""transaction_cost"",""value"":""0.0209""}]","[36,38]",detail_table_cross_validated,0.7,"[상세표 보강] [(1, '0.4000'), (2, '0.4500'), (3, '0.0300'), (4, '0.015'), (5, '0.8950'), (7, '0.0021'), (8, '0.8971'), (9, '0.9185'), (10, '0.0209')]"
FUND000084,KR5123490016,C-P2e(퇴직연금),CLASS000992,EXACT_NORMALIZED_MATCH,수수료미징구-온라인-퇴직연금,미징구,온라인,퇴직연금,True,"판매회사의 전자매체(온라인)를 이용하 여 가입한 자로서 근로자퇴직급여보장 법에 의한 퇴직연금 및 개인퇴직계좌, 퇴직연금사업자",없음,없음,없음,없음,0.6650,0.2200,-,0.6887,"{""1y"":""71"",""2y"":""145"",""3y"":""223"",""5y"":""390"",""10y"":""888""}","[{""label"":""management_fee"",""value"":""0.4000""},{""label"":""trustee_fee"",""value"":""0.0300""},{""label"":""admin_fee"",""value"":""0.015""},{""label"":""other_expense"",""value"":""0.0022""},{""label"":""transaction_cost"",""value"":""0.0217""}]","[36,38]",detail_table_cross_validated,0.7,"[상세표 보강] [(1, '0.4000'), (2, '0.2200'), (3, '0.0300'), (4, '0.015'), (5, '0.6650'), (7, '0.0022'), (8, '0.6672'), (9, '0.6887'), (10, '0.0217')]"
FUND000084,KR5123490016,C-Pe,CLASS000991,EXACT_NORMALIZED_MATCH,수수료미징구-온라인-개인연금,미징구,온라인,개인연금,True,판매회사의 전자매체(온라인)를 이용하 여 가입한 자로서 소득세법 제20조의3 및 소득세법시행령 제40조의2에 따른 연금저축계좌를 통하여 가입한 투자자 (판매수수료가 징구되지 않는 수익증 권),없음,없음,없음,없음,0.6950,0.2500,-,0.7180,"{""1y"":""74"",""2y"":""151"",""3y"":""232"",""5y"":""407"",""10y"":""926""}","[{""label"":""management_fee"",""value"":""0.4000""},{""label"":""trustee_fee"",""value"":""0.0300""},{""label"":""admin_fee"",""value"":""0.015""},{""label"":""other_expense"",""value"":""0.0016""},{""label"":""transaction_cost"",""value"":""0.0211""}]","[36,38]",detail_table_cross_validated,0.7,"[상세표 보강] [(1, '0.4000'), (2, '0.2500'), (3, '0.0300'), (4, '0.015'), (5, '0.6950'), (7, '0.0016'), (8, '0.6966'), (9, '0.7180'), (10, '0.0211')]"
FUND000084,KR5123490016,C-W,CLASS000987,EXACT_NORMALIZED_MATCH,수수료미징구-오프라인-랩,미징구,오프라인,,False,판매회사의 일임형 종합자산관리계좌를 보유한 자,없음,없음,없음,없음,0.5450,0.1000,-,0.5665,"{""1y"":""58"",""2y"":""119"",""3y"":""183"",""5y"":""321"",""10y"":""730""}","[{""label"":""management_fee"",""value"":""0.4000""},{""label"":""trustee_fee"",""value"":""0.0300""},{""label"":""admin_fee"",""value"":""0.015""},{""label"":""transaction_cost"",""value"":""0.0219""}]","[36,37]",detail_table_cross_validated,0.7,"[상세표 보강] [(1, '0.4000'), (2, '0.1000'), (3, '0.0300'), (4, '0.015'), (5, '0.5450'), (8, '0.5450'), (9, '0.5665'), (10, '0.0219')]"
FUND000084,KR5123490016,C1,CLASS000984,EXACT_NORMALIZED_MATCH,수수료미징구-오프라인,미징구,오프라인,,True,가입제한 없음,없음,없음,없음,없음,1.245,0.80,1.00,1.268,"{""1y"":""130"",""2y"":""267"",""3y"":""410"",""5y"":""718"",""10y"":""1635""}","[{""label"":""management_fee"",""value"":""0.4000""},{""label"":""trustee_fee"",""value"":""0.0300""},{""label"":""admin_fee"",""value"":""0.015""},{""label"":""other_expense"",""value"":""0.0018""},{""label"":""transaction_cost"",""value"":""0.0213""}]","[5,35]",cell_grid,1.0,"클래스명: 수수료미징구- 오프라인 (C1) | 없음 없음 1.245 0.80 1.00 1.268 130 267 410 718 1,635"
FUND000084,KR5123490016,CG,CLASS000994,EXACT_NORMALIZED_MATCH,수수료미징구-오프라인-무권유저비용,미징구,오프라인,,True,유 없이 가입한 자,없음,없음,없음,없음,1.0450,0.6000,-,1.0665,"{""1y"":""109"",""2y"":""224"",""3y"":""345"",""5y"":""604"",""10y"":""1375""}","[{""label"":""management_fee"",""value"":""0.4000""},{""label"":""trustee_fee"",""value"":""0.0300""},{""label"":""admin_fee"",""value"":""0.015""}]","[36,38]",detail_table_cross_validated,0.7,"[상세표 보강] [(1, '0.4000'), (2, '0.6000'), (3, '0.0300'), (4, '0.015'), (5, '1.0450'), (8, '1.0450'), (9, '1.0665')]"
FUND000084,KR5123490016,Ce,CLASS000985,EXACT_NORMALIZED_MATCH,수수료미징구-온라인,미징구,온라인,,True,판매회사의 전자매체(온라인)를 이용하 여 가입한 자,없음,없음,없음,없음,0.845,0.40,0.57,0.868,"{""1y"":""89"",""2y"":""182"",""3y"":""281"",""5y"":""492"",""10y"":""1120""}","[{""label"":""management_fee"",""value"":""0.4000""},{""label"":""trustee_fee"",""value"":""0.0300""},{""label"":""admin_fee"",""value"":""0.015""},{""label"":""other_expense"",""value"":""0.0018""},{""label"":""transaction_cost"",""value"":""0.0216""}]","[5,35]",cell_grid,1.0,"클래스명: 투자비용 수수료미징구- 온라인(Ce) | 없음 없음 0.845 0.40 0.57 0.868 89 182 281 492 1,120"
FUND000084,KR5123490016,S,CLASS000989,EXACT_NORMALIZED_MATCH,수수료후취-온라인슈퍼,후취,온라인슈퍼,,True,"자산운용사의 공동판매채널로서의 역할 수행을 위해 모든 공모 S 클래스(S-T 및 S-P 클래스 포함)를 취급하고, 객관 적 지표를 기준으로 상품을 노출 및 배 열하는 온라인판매시스템을 통하여 가 입한 자 (후취판매수수료 징구)",없음,3년 미만 환매 시 환매금액의 0.15%이내,없음,없음,0.6450,0.2000,-,0.6678,"{""1y"":""68"",""2y"":""140"",""3y"":""216"",""5y"":""378"",""10y"":""861""}","[{""label"":""management_fee"",""value"":""0.4000""},{""label"":""trustee_fee"",""value"":""0.0300""},{""label"":""admin_fee"",""value"":""0.015""},{""label"":""other_expense"",""value"":""0.0013""},{""label"":""transaction_cost"",""value"":""0.0217""}]","[36,37]",detail_table_cross_validated,0.7,"[상세표 보강] [(1, '0.4000'), (2, '0.2000'), (3, '0.0300'), (4, '0.015'), (5, '0.6450'), (7, '0.0013'), (8, '0.6463'), (9, '0.6678'), (10, '0.0217')]"
FUND000084,KR5123490016,S-P,CLASS000995,EXACT_NORMALIZED_MATCH,수수료미징구-온라인슈퍼-개인연금,미징구,온라인슈퍼,개인연금,True,"자산운용사의 공동판매채널로서의 역할 수행을 위해 모든 공모 S클래스(S-T 및 S-P클래스 포함)를 취급하고, 객관 적 지표를 기준으로 상품을 노출 및 배 열하는 온라인판매시스템을 통하여 판 매되는 것으로서 소득세법 제20조의3",없음,없음,없음,없음,0.5950,0.1500,-,0.6165,"{""1y"":""63"",""2y"":""130"",""3y"":""199"",""5y"":""349"",""10y"":""795""}","[{""label"":""management_fee"",""value"":""0.4000""},{""label"":""trustee_fee"",""value"":""0.0300""},{""label"":""admin_fee"",""value"":""0.015""}]","[36,38]",detail_table_cross_validated,0.7,"[상세표 보강] [(1, '0.4000'), (2, '0.1500'), (3, '0.0300'), (4, '0.015'), (5, '0.5950'), (8, '0.5950'), (9, '0.6165')]"
FUND000084,KR5123490016,S-P2(퇴직연금),CLASS000996,EXACT_NORMALIZED_MATCH,수수료미징구-온라인슈퍼-퇴직연금,미징구,온라인슈퍼,퇴직연금,True,,없음,없음,없음,없음,0.5850,0.1400,-,0.6065,"{""1y"":""62"",""2y"":""127"",""3y"":""196"",""5y"":""344"",""10y"":""782""}","[{""label"":""management_fee"",""value"":""0.4000""},{""label"":""trustee_fee"",""value"":""0.0300""},{""label"":""admin_fee"",""value"":""0.015""},{""label"":""transaction_cost"",""value"":""0.0210""}]","[36,38]",detail_table_cross_validated,0.7,"[상세표 보강] [(1, '0.4000'), (2, '0.1400'), (3, '0.0300'), (4, '0.015'), (5, '0.5850'), (8, '0.5850'), (9, '0.6065'), (10, '0.0210')]"
FUND000084,KR5123490017,A1,CLASS000982,EXACT_NORMALIZED_MATCH,수수료선취-오프라인,선취,오프라인,,True,가입제한 없음(선취판매수수료 징구),납입금액의 0.8% 이내,없음,없음,없음,0.845,0.40,0.75,0.868,"{""1y"":""168"",""2y"":""260"",""3y"":""358"",""5y"":""567"",""10y"":""1190""}","[{""label"":""management_fee"",""value"":""0.4000""},{""label"":""trustee_fee"",""value"":""0.0300""},{""label"":""admin_fee"",""value"":""0.015""},{""label"":""other_expense"",""value"":""0.0020""},{""label"":""transaction_cost"",""value"":""0.0219""}]","[5,35]",cell_grid,1.0,"클래스명: 수수료선취- 오프라인(A1) | 납입금액 의 0.8% 이내 수수료선취- 오프라인(A1) 납입금액 의 0.8% 이내 0.845 0.40 0.75 0.868 168 260 358 567 1,190"
FUND000084,KR5123490017,AG,CLASS000993,EXACT_NORMALIZED_MATCH,수수료선취-오프라인-무권유저비용,선취,오프라인,,True,투자자문업자로부터 투자자문을 받고 그 결과에 따라 펀드 매수를 요청하는 등 금융기관등으로부터 별도의 투자권,납입금액의 0.60% 이내,없음,없음,없음,0.7450,0.3000,-,0.7665,"{""1y"":""138"",""2y"":""220"",""3y"":""306"",""5y"":""491"",""10y"":""1042""}","[{""label"":""management_fee"",""value"":""0.4000""},{""label"":""trustee_fee"",""value"":""0.0300""},{""label"":""admin_fee"",""value"":""0.015""}]","[36,38]",detail_table_cross_validated,0.7,"[상세표 보강] [(1, '0.4000'), (2, '0.3000'), (3, '0.0300'), (4, '0.015'), (5, '0.7450'), (8, '0.7450'), (9, '0.7665')]"
FUND000084,KR5123490017,Ae,CLASS000983,EXACT_NORMALIZED_MATCH,수수료선취-온라인,선취,온라인,,True,판매회사의 전자매체(온라인)를 이용하 여 가입한 자(선취판매수수료 징구),납입금액의 0.40% 이내,없음,없음,없음,0.645,0.20,0.45,0.668,"{""1y"":""108"",""2y"":""180"",""3y"":""255"",""5y"":""417"",""10y"":""898""}","[{""label"":""management_fee"",""value"":""0.4000""},{""label"":""trustee_fee"",""value"":""0.0300""},{""label"":""admin_fee"",""value"":""0.015""},{""label"":""other_expense"",""value"":""0.0019""},{""label"":""transaction_cost"",""value"":""0.0226""}]","[5,35]",cell_grid,1.0,클래스명: 수수료선취- 온라인(Ae) | 납입금액 의 0.4% 이내 수수료선취- 온라인(Ae) 납입금액 의 0.4% 이내 0.645 0.20 0.45 0.668 108 180 255 417 898
FUND000084,KR5123490017,C-F,CLASS000986,EXACT_NORMALIZED_MATCH,수수료미징구-오프라인-기관등,미징구,오프라인,,False,,없음,없음,없음,없음,0.4750,0.0300,-,0.4965,"{""1y"":""51"",""2y"":""104"",""3y"":""160"",""5y"":""281"",""10y"":""640""}","[{""label"":""management_fee"",""value"":""0.4000""},{""label"":""trustee_fee"",""value"":""0.0300""},{""label"":""admin_fee"",""value"":""0.015""},{""label"":""transaction_cost"",""value"":""0.0000""}]","[36,37]",detail_table_cross_validated,0.7,"[상세표 보강] [(1, '0.4000'), (2, '0.0300'), (3, '0.0300'), (4, '0.015'), (5, '0.4750'), (8, '0.4750'), (9, '0.4965'), (10, '0.0000')]"
FUND000084,KR5123490017,C-P,CLASS000988,EXACT_NORMALIZED_MATCH,수수료미징구-오프라인-개인연금,미징구,오프라인,개인연금,True,소득세법 제20조의3 및 소득세법시행 령 제 40 조의 2 에 따른 연금저축계좌 를 통하여 가입한 투자자 (판매수수료 가 징구되지 않는 수익증권),없음,없음,없음,없음,0.9450,0.5000,-,0.9682,"{""1y"":""99"",""2y"":""203"",""3y"":""313"",""5y"":""548"",""10y"":""1248""}","[{""label"":""management_fee"",""value"":""0.4000""},{""label"":""trustee_fee"",""value"":""0.0300""},{""label"":""admin_fee"",""value"":""0.015""},{""label"":""other_expense"",""value"":""0.0018""},{""label"":""transaction_cost"",""value"":""0.0213""}]","[36,37]",detail_table_cross_validated,0.7,"[상세표 보강] [(1, '0.4000'), (2, '0.5000'), (3, '0.0300'), (4, '0.015'), (5, '0.9450'), (7, '0.0018'), (8, '0.9468'), (9, '0.9682'), (10, '0.0213')]"
FUND000084,KR5123490017,C-P2(퇴직연금),CLASS000990,EXACT_NORMALIZED_MATCH,수수료미징구-오프라인-퇴직연금,미징구,오프라인,퇴직연금,True,"근로자퇴직급여보장법에 의한 퇴직연금 및 개인퇴직계좌, 퇴직연금사업자",없음,없음,없음,없음,0.8950,0.4500,-,0.9185,"{""1y"":""94"",""2y"":""193"",""3y"":""297"",""5y"":""520"",""10y"":""1184""}","[{""label"":""management_fee"",""value"":""0.4000""},{""label"":""trustee_fee"",""value"":""0.0300""},{""label"":""admin_fee"",""value"":""0.015""},{""label"":""other_expense"",""value"":""0.0021""},{""label"":""transaction_cost"",""value"":""0.0209""}]","[36,38]",detail_table_cross_validated,0.7,"[상세표 보강] [(1, '0.4000'), (2, '0.4500'), (3, '0.0300'), (4, '0.015'), (5, '0.8950'), (7, '0.0021'), (8, '0.8971'), (9, '0.9185'), (10, '0.0209')]"
FUND000084,KR5123490017,C-P2e(퇴직연금),CLASS000992,EXACT_NORMALIZED_MATCH,수수료미징구-온라인-퇴직연금,미징구,온라인,퇴직연금,True,"판매회사의 전자매체(온라인)를 이용하 여 가입한 자로서 근로자퇴직급여보장 법에 의한 퇴직연금 및 개인퇴직계좌, 퇴직연금사업자",없음,없음,없음,없음,0.6650,0.2200,-,0.6887,"{""1y"":""71"",""2y"":""145"",""3y"":""223"",""5y"":""390"",""10y"":""888""}","[{""label"":""management_fee"",""value"":""0.4000""},{""label"":""trustee_fee"",""value"":""0.0300""},{""label"":""admin_fee"",""value"":""0.015""},{""label"":""other_expense"",""value"":""0.0022""},{""label"":""transaction_cost"",""value"":""0.0217""}]","[36,38]",detail_table_cross_validated,0.7,"[상세표 보강] [(1, '0.4000'), (2, '0.2200'), (3, '0.0300'), (4, '0.015'), (5, '0.6650'), (7, '0.0022'), (8, '0.6672'), (9, '0.6887'), (10, '0.0217')]"
FUND000084,KR5123490017,C-Pe,CLASS000991,EXACT_NORMALIZED_MATCH,수수료미징구-온라인-개인연금,미징구,온라인,개인연금,True,판매회사의 전자매체(온라인)를 이용하 여 가입한 자로서 소득세법 제20조의3 및 소득세법시행령 제40조의2에 따른 연금저축계좌를 통하여 가입한 투자자 (판매수수료가 징구되지 않는 수익증 권),없음,없음,없음,없음,0.6950,0.2500,-,0.7180,"{""1y"":""74"",""2y"":""151"",""3y"":""232"",""5y"":""407"",""10y"":""926""}","[{""label"":""management_fee"",""value"":""0.4000""},{""label"":""trustee_fee"",""value"":""0.0300""},{""label"":""admin_fee"",""value"":""0.015""},{""label"":""other_expense"",""value"":""0.0016""},{""label"":""transaction_cost"",""value"":""0.0211""}]","[36,38]",detail_table_cross_validated,0.7,"[상세표 보강] [(1, '0.4000'), (2, '0.2500'), (3, '0.0300'), (4, '0.015'), (5, '0.6950'), (7, '0.0016'), (8, '0.6966'), (9, '0.7180'), (10, '0.0211')]"
FUND000084,KR5123490017,C-W,CLASS000987,EXACT_NORMALIZED_MATCH,수수료미징구-오프라인-랩,미징구,오프라인,,False,판매회사의 일임형 종합자산관리계좌를 보유한 자,없음,없음,없음,없음,0.5450,0.1000,-,0.5665,"{""1y"":""58"",""2y"":""119"",""3y"":""183"",""5y"":""321"",""10y"":""730""}","[{""label"":""management_fee"",""value"":""0.4000""},{""label"":""trustee_fee"",""value"":""0.0300""},{""label"":""admin_fee"",""value"":""0.015""},{""label"":""transaction_cost"",""value"":""0.0219""}]","[36,37]",detail_table_cross_validated,0.7,"[상세표 보강] [(1, '0.4000'), (2, '0.1000'), (3, '0.0300'), (4, '0.015'), (5, '0.5450'), (8, '0.5450'), (9, '0.5665'), (10, '0.0219')]"
FUND000084,KR5123490017,C1,CLASS000984,EXACT_NORMALIZED_MATCH,수수료미징구-오프라인,미징구,오프라인,,True,가입제한 없음,없음,없음,없음,없음,1.245,0.80,1.00,1.268,"{""1y"":""130"",""2y"":""267"",""3y"":""410"",""5y"":""718"",""10y"":""1635""}","[{""label"":""management_fee"",""value"":""0.4000""},{""label"":""trustee_fee"",""value"":""0.0300""},{""label"":""admin_fee"",""value"":""0.015""},{""label"":""other_expense"",""value"":""0.0018""},{""label"":""transaction_cost"",""value"":""0.0213""}]","[5,35]",cell_grid,1.0,"클래스명: 수수료미징구- 오프라인 (C1) | 없음 없음 1.245 0.80 1.00 1.268 130 267 410 718 1,635"
FUND000084,KR5123490017,CG,CLASS000994,EXACT_NORMALIZED_MATCH,수수료미징구-오프라인-무권유저비용,미징구,오프라인,,True,유 없이 가입한 자,없음,없음,없음,없음,1.0450,0.6000,-,1.0665,"{""1y"":""109"",""2y"":""224"",""3y"":""345"",""5y"":""604"",""10y"":""1375""}","[{""label"":""management_fee"",""value"":""0.4000""},{""label"":""trustee_fee"",""value"":""0.0300""},{""label"":""admin_fee"",""value"":""0.015""}]","[36,38]",detail_table_cross_validated,0.7,"[상세표 보강] [(1, '0.4000'), (2, '0.6000'), (3, '0.0300'), (4, '0.015'), (5, '1.0450'), (8, '1.0450'), (9, '1.0665')]"
FUND000084,KR5123490017,Ce,CLASS000985,EXACT_NORMALIZED_MATCH,수수료미징구-온라인,미징구,온라인,,True,판매회사의 전자매체(온라인)를 이용하 여 가입한 자,없음,없음,없음,없음,0.845,0.40,0.57,0.868,"{""1y"":""89"",""2y"":""182"",""3y"":""281"",""5y"":""492"",""10y"":""1120""}","[{""label"":""management_fee"",""value"":""0.4000""},{""label"":""trustee_fee"",""value"":""0.0300""},{""label"":""admin_fee"",""value"":""0.015""},{""label"":""other_expense"",""value"":""0.0018""},{""label"":""transaction_cost"",""value"":""0.0216""}]","[5,35]",cell_grid,1.0,"클래스명: 투자비용 수수료미징구- 온라인(Ce) | 없음 없음 0.845 0.40 0.57 0.868 89 182 281 492 1,120"
FUND000084,KR5123490017,S,CLASS000989,EXACT_NORMALIZED_MATCH,수수료후취-온라인슈퍼,후취,온라인슈퍼,,True,"자산운용사의 공동판매채널로서의 역할 수행을 위해 모든 공모 S 클래스(S-T 및 S-P 클래스 포함)를 취급하고, 객관 적 지표를 기준으로 상품을 노출 및 배 열하는 온라인판매시스템을 통하여 가 입한 자 (후취판매수수료 징구)",없음,3년 미만 환매 시 환매금액의 0.15%이내,없음,없음,0.6450,0.2000,-,0.6678,"{""1y"":""68"",""2y"":""140"",""3y"":""216"",""5y"":""378"",""10y"":""861""}","[{""label"":""management_fee"",""value"":""0.4000""},{""label"":""trustee_fee"",""value"":""0.0300""},{""label"":""admin_fee"",""value"":""0.015""},{""label"":""other_expense"",""value"":""0.0013""},{""label"":""transaction_cost"",""value"":""0.0217""}]","[36,37]",detail_table_cross_validated,0.7,"[상세표 보강] [(1, '0.4000'), (2, '0.2000'), (3, '0.0300'), (4, '0.015'), (5, '0.6450'), (7, '0.0013'), (8, '0.6463'), (9, '0.6678'), (10, '0.0217')]"
FUND000084,KR5123490017,S-P,CLASS000995,EXACT_NORMALIZED_MATCH,수수료미징구-온라인슈퍼-개인연금,미징구,온라인슈퍼,개인연금,True,"자산운용사의 공동판매채널로서의 역할 수행을 위해 모든 공모 S클래스(S-T 및 S-P클래스 포함)를 취급하고, 객관 적 지표를 기준으로 상품을 노출 및 배 열하는 온라인판매시스템을 통하여 판 매되는 것으로서 소득세법 제20조의3",없음,없음,없음,없음,0.5950,0.1500,-,0.6165,"{""1y"":""63"",""2y"":""130"",""3y"":""199"",""5y"":""349"",""10y"":""795""}","[{""label"":""management_fee"",""value"":""0.4000""},{""label"":""trustee_fee"",""value"":""0.0300""},{""label"":""admin_fee"",""value"":""0.015""}]","[36,38]",detail_table_cross_validated,0.7,"[상세표 보강] [(1, '0.4000'), (2, '0.1500'), (3, '0.0300'), (4, '0.015'), (5, '0.5950'), (8, '0.5950'), (9, '0.6165')]"
FUND000084,KR5123490017,S-P2(퇴직연금),CLASS000996,EXACT_NORMALIZED_MATCH,수수료미징구-온라인슈퍼-퇴직연금,미징구,온라인슈퍼,퇴직연금,True,,없음,없음,없음,없음,0.5850,0.1400,-,0.6065,"{""1y"":""62"",""2y"":""127"",""3y"":""196"",""5y"":""344"",""10y"":""782""}","[{""label"":""management_fee"",""value"":""0.4000""},{""label"":""trustee_fee"",""value"":""0.0300""},{""label"":""admin_fee"",""value"":""0.015""},{""label"":""transaction_cost"",""value"":""0.0210""}]","[36,38]",detail_table_cross_validated,0.7,"[상세표 보강] [(1, '0.4000'), (2, '0.1400'), (3, '0.0300'), (4, '0.015'), (5, '0.5850'), (8, '0.5850'), (9, '0.6065'), (10, '0.0210')]"
FUND000032,KR5125450023,A,CLASS000430,EXACT_NORMALIZED_MATCH,수수료선취-오프라인,선취,오프라인,,True,가입제한 없음,납입금액의 1% 이내,없음,없음,없음,1.18,0.74,1.36,1.183,"{""1y"":""217"",""2y"":""340"",""3y"":""469"",""5y"":""747"",""10y"":""1572""}","[{""label"":""management_fee"",""value"":""0.39""},{""label"":""trustee_fee"",""value"":""0.03""},{""label"":""admin_fee"",""value"":""0.02""},{""label"":""other_expense"",""value"":""0.002""},{""label"":""transaction_cost"",""value"":""0.058""}]",[3],cell_grid,1.0,"클래스명: A(수수료선취- 오프라인) | 납입금액의 1.0% 이내 A(수수료선취- 오프라인) 납입금액의 1.0% 이내 1.18% 0.74% 1.36% 1.183% 217 340 469 747 1,572"
FUND000032,KR5125450023,A-G,CLASS000432,EXACT_NORMALIZED_MATCH,수수료선취-오프라인-무권유저비용,선취,오프라인,,True,투자자가 투자자문업자로부터 투자자문을 받고 그 결과에 따라 펀드 가입을 요청하는 등 금융기관 등으로부터 별도의 투자권유 없이 펀드에 가입한 자,납입금액의 0.5% 이내,없음,없음,없음,1.11,0.67,-,1.110,"{""1y"":""160"",""2y"":""277"",""3y"":""398"",""5y"":""661"",""10y"":""1440""}","[{""label"":""management_fee"",""value"":""0.39""},{""label"":""trustee_fee"",""value"":""0.03""},{""label"":""admin_fee"",""value"":""0.02""},{""label"":""other_expense"",""value"":""0.000""},{""label"":""transaction_cost"",""value"":""0.058""}]","[29,31]",transposed_detail_table_cross_validated,0.7,[뒤집힌 상세표 보강] 열3
FUND000032,KR5125450023,Ae,CLASS000431,EXACT_NORMALIZED_MATCH,수수료선취-온라인,선취,온라인,,True,판매회사의 온라인 판매체계를 통해 가입한 자,납입금액의 0.5% 이내,없음,없음,없음,0.81,0.37,1.01,0.813,"{""1y"":""131"",""2y"":""216"",""3y"":""305"",""5y"":""497"",""10y"":""1067""}","[{""label"":""management_fee"",""value"":""0.39""},{""label"":""trustee_fee"",""value"":""0.03""},{""label"":""admin_fee"",""value"":""0.02""},{""label"":""other_expense"",""value"":""0.002""},{""label"":""transaction_cost"",""value"":""0.058""}]",[3],cell_grid,1.0,"클래스명: Ae(수수료선취- 온라인) | 납입금액의 0.5% 이내 Ae(수수료선취- 온라인) 납입금액의 0.5% 이내 0.81% 0.37% 1.01% 0.813% 131 216 305 497 1,067"
FUND000032,KR5125450023,C,CLASS000433,EXACT_NORMALIZED_MATCH,수수료미징구-오프라인,미징구,오프라인,,True,가입제한 없음,없음,없음,없음,없음,1.35,0.91,1.58,1.353,"{""1y"":""135"",""2y"":""277"",""3y"":""426"",""5y"":""747"",""10y"":""1701""}","[{""label"":""management_fee"",""value"":""0.39""},{""label"":""trustee_fee"",""value"":""0.03""},{""label"":""admin_fee"",""value"":""0.02""},{""label"":""other_expense"",""value"":""0.002""},{""label"":""transaction_cost"",""value"":""0.059""}]",[3],cell_grid,1.0,"클래스명: C(수수료미징구 | 없음 C(수수료미징구 - 오프라인) 없음 1.35% 0.91% 1.58% 1.353% 135 277 426 747 1,701"
FUND000032,KR5125450023,C-G,CLASS000440,EXACT_NORMALIZED_MATCH,수수료미징구-오프라인-무권유저비용,미징구,오프라인,,True,투자자가 투자자문업자로부터 투자자문을 받고 그 결과에 따라 펀드 가입을 요청하는 등 금융기관 등으로부터 별도의 투자권유 없이 펀드에 가입한 자,없음,없음,없음,없음,1.32,0.88,,1.322,"{""1y"":""132"",""2y"":""271"",""3y"":""417"",""5y"":""731"",""10y"":""1663""}","[{""label"":""management_fee"",""value"":""0.39""},{""label"":""trustee_fee"",""value"":""0.03""},{""label"":""admin_fee"",""value"":""0.02""},{""label"":""other_expense"",""value"":""0.002""},{""label"":""transaction_cost"",""value"":""0.059""}]","[30,31]",transposed_detail_table_cross_validated,0.7,[뒤집힌 상세표 보강] 열3
FUND000032,KR5125450023,C-P,CLASS000438,EXACT_NORMALIZED_MATCH,수수료미징구-오프라인-개인연금,미징구,오프라인,개인연금,True,소득세법 제20조의3 및 소득세법시행령 제40조의2에 따른 연금저축계좌를 통하여 가입가능,없음,없음,없음,없음,1.34,0.90,,1.343,"{""1y"":""134"",""2y"":""275"",""3y"":""423"",""5y"":""742"",""10y"":""1689""}","[{""label"":""management_fee"",""value"":""0.39""},{""label"":""trustee_fee"",""value"":""0.03""},{""label"":""admin_fee"",""value"":""0.02""},{""label"":""other_expense"",""value"":""0.002""},{""label"":""transaction_cost"",""value"":""0.059""}]","[30,31]",transposed_detail_table_cross_validated,0.7,[뒤집힌 상세표 보강] 열1
FUND000032,KR5125450023,C-P2,CLASS000441,EXACT_NORMALIZED_MATCH,수수료미징구-오프라인-퇴직연금,미징구,오프라인,퇴직연금,True,근로자퇴직급여보장법에 따른 퇴직연금 및 개인퇴직계좌의 사용자 및 가입자에 한하여 가입할 수 있는 수익증권,없음,없음,없음,없음,1.24,0.80,,1.242,"{""1y"":""124"",""2y"":""255"",""3y"":""392"",""5y"":""686"",""10y"":""1562""}","[{""label"":""management_fee"",""value"":""0.39""},{""label"":""trustee_fee"",""value"":""0.03""},{""label"":""admin_fee"",""value"":""0.02""},{""label"":""other_expense"",""value"":""0.002""},{""label"":""transaction_cost"",""value"":""0.059""}]","[30,31]",transposed_detail_table_cross_validated,0.7,[뒤집힌 상세표 보강] 열4
FUND000032,KR5125450023,C-P2e,CLASS000442,EXACT_NORMALIZED_MATCH,수수료미징구-온라인-퇴직연금,미징구,온라인,퇴직연금,True,"판매회사의 온라인 판매체계를 통해 가입한 자에 한하며, 근로자퇴직급여보장법에 따른 퇴직연금 및 개인퇴직계좌의 사용자 및 가입자에 한하여 가입할 수 있는 수익증권 집합투자업자의 공동판매채널로서의 역할 수행을 위해 모든 공모 S클래스(S-T 및 S-P클래스 포함)를",없음,없음,없음,없음,0.84,0.40,,0.842,"{""1y"":""84"",""2y"":""173"",""3y"":""266"",""5y"":""465"",""10y"":""1059""}","[{""label"":""management_fee"",""value"":""0.39""},{""label"":""trustee_fee"",""value"":""0.03""},{""label"":""admin_fee"",""value"":""0.02""},{""label"":""other_expense"",""value"":""0.002""},{""label"":""transaction_cost"",""value"":""0.058""}]","[30,31]",transposed_detail_table_cross_validated,0.7,[뒤집힌 상세표 보강] 열5
FUND000032,KR5125450023,C-Pe,CLASS000439,EXACT_NORMALIZED_MATCH,수수료미징구-온라인-개인연금,미징구,온라인,개인연금,True,판매회사의 온라인 판매체계을 통하여 가입한 자로서 소득세법 제 20조의 3 및 소득세법시행령 제 40조의 2에 따른 연금저축계좌를 통하여 가입가능,없음,없음,없음,없음,0.89,0.45,,0.892,"{""1y"":""89"",""2y"":""183"",""3y"":""281"",""5y"":""493"",""10y"":""1123""}","[{""label"":""management_fee"",""value"":""0.39""},{""label"":""trustee_fee"",""value"":""0.03""},{""label"":""admin_fee"",""value"":""0.02""},{""label"":""other_expense"",""value"":""0.002""},{""label"":""transaction_cost"",""value"":""0.058""}]","[30,31]",transposed_detail_table_cross_validated,0.7,[뒤집힌 상세표 보강] 열2
FUND000032,KR5125450023,Cy,CLASS000436,EXACT_NORMALIZED_MATCH,수수료미징구-오프라인-기타,미징구,오프라인,,False,사원복지연기금(근로자의 복리후생을 위해 현직 임직원에 한하여 매월 지급되는 일정액) 수령자,없음,없음,없음,없음,0.94,0.50,-,0.942,"{""1y"":""94"",""2y"":""193"",""3y"":""297"",""5y"":""521"",""10y"":""1185""}","[{""label"":""management_fee"",""value"":""0.39""},{""label"":""trustee_fee"",""value"":""0.03""},{""label"":""admin_fee"",""value"":""0.02""},{""label"":""other_expense"",""value"":""0.002""},{""label"":""transaction_cost"",""value"":""0.059""}]","[29,31]",transposed_detail_table_cross_validated,0.7,[뒤집힌 상세표 보강] 열7
FUND000032,KR5125450023,I,CLASS000437,EXACT_NORMALIZED_MATCH,수수료미징구-오프라인-기관,미징구,오프라인,,False,"법 시행령 제10조 제2항 및 금융투자업규정 제1- 4조에서 정하는 기관투자자, 국가재정법에 따른 기금 (외국의 법령상 이에 준하는자를 포함)에 한함",,,,,0.47,0.03,-,0.472,"{""1y"":""47"",""2y"":""97"",""3y"":""149"",""5y"":""261"",""10y"":""594""}","[{""label"":""management_fee"",""value"":""0.39""},{""label"":""trustee_fee"",""value"":""0.03""},{""label"":""admin_fee"",""value"":""0.02""},{""label"":""other_expense"",""value"":""0.002""},{""label"":""transaction_cost"",""value"":""0.058""}]","[29,31]",transposed_detail_table_cross_validated,0.7,[뒤집힌 상세표 보강] 열8
FUND000032,KR5125450023,S,CLASS000443,EXACT_NORMALIZED_MATCH,수수료후취-온라인슈퍼,후취,온라인슈퍼,,True,,,미만 환매 시 환매금액의 0.15% 이내,,,0.77,0.33,,0.770,"{""1y"":""77"",""2y"":""158"",""3y"":""243"",""5y"":""426"",""10y"":""969""}","[{""label"":""management_fee"",""value"":""0.39""},{""label"":""trustee_fee"",""value"":""0.03""},{""label"":""admin_fee"",""value"":""0.02""},{""label"":""other_expense"",""value"":""0.000""},{""label"":""transaction_cost"",""value"":""0.057""}]","[30,31]",transposed_detail_table_cross_validated,0.7,[뒤집힌 상세표 보강] 열6
FUND000032,KR5125450023,S-P,CLASS000444,EXACT_NORMALIZED_MATCH,수수료미징구-온라인슈퍼-개인연금,미징구,온라인슈퍼,개인연금,True,,없음,없음,,,0.71,0.27,,0.712,"{""1y"":""71"",""2y"":""146"",""3y"":""224"",""5y"":""393"",""10y"":""896""}","[{""label"":""management_fee"",""value"":""0.39""},{""label"":""trustee_fee"",""value"":""0.03""},{""label"":""admin_fee"",""value"":""0.02""},{""label"":""other_expense"",""value"":""0.002""},{""label"":""transaction_cost"",""value"":""0.057""}]","[30,31]",transposed_detail_table_cross_validated,0.7,[뒤집힌 상세표 보강] 열7
FUND000032,KR5125450023,S-P2,CLASS000445,EXACT_NORMALIZED_MATCH,수수료미징구-온라인슈퍼-퇴직연금,미징구,온라인슈퍼,퇴직연금,True,,없음,없음,없음,없음,0.70,0.26,,0.700,"{""1y"":""70"",""2y"":""144"",""3y"":""221"",""5y"":""387"",""10y"":""881""}","[{""label"":""management_fee"",""value"":""0.39""},{""label"":""trustee_fee"",""value"":""0.03""},{""label"":""admin_fee"",""value"":""0.02""},{""label"":""other_expense"",""value"":""0.000""},{""label"":""transaction_cost"",""value"":""0.058""}]","[30,31]",transposed_detail_table_cross_validated,0.7,[뒤집힌 상세표 보강] 열8
FUND000032,KR5125450023,W,CLASS000434,EXACT_NORMALIZED_MATCH,수수료미징구-오프라인-랩,미징구,오프라인,,False,"판매회사의 일임형 Wrap 계좌, 특정금전신탁, 집합투자기구 또는 보험회사의 변액보험(특별계정)",없음,없음,없음,없음,0.45,0.01,-,0.452,"{""1y"":""45"",""2y"":""93"",""3y"":""142"",""5y"":""250"",""10y"":""569""}","[{""label"":""management_fee"",""value"":""0.39""},{""label"":""trustee_fee"",""value"":""0.03""},{""label"":""admin_fee"",""value"":""0.02""},{""label"":""other_expense"",""value"":""0.002""},{""label"":""transaction_cost"",""value"":""0.053""}]","[29,31]",transposed_detail_table_cross_validated,0.7,[뒤집힌 상세표 보강] 열5
FUND000032,KR5125450023,e,CLASS000435,EXACT_NORMALIZED_MATCH,수수료미징구-온라인,미징구,온라인,,True,판매회사의 온라인 판매체계를 통해 가입한 자,없음,없음,없음,없음,0.895,0.455,1.16,0.898,"{""1y"":""90"",""2y"":""184"",""3y"":""283"",""5y"":""496"",""10y"":""1129""}","[{""label"":""management_fee"",""value"":""0.39""},{""label"":""trustee_fee"",""value"":""0.03""},{""label"":""admin_fee"",""value"":""0.02""},{""label"":""other_expense"",""value"":""0.002""},{""label"":""transaction_cost"",""value"":""0.058""}]",[3],cell_grid,1.0,"클래스명: e(수수료미징구 | 없음 e(수수료미징구 - 온라인) 없음 0.895% 0.455% 1.16% 0.898% 90 184 283 496 1,129"
FUND000033,KR5125450070,A,CLASS000446,EXACT_NORMALIZED_MATCH,수수료선취-오프라인,선취,오프라인,,True,"가입제한은 없으며, 선취판매수수료가 징구 되는 수익증권",납입금액의 1.0% 이내,없음,없음,없음,1.19,0.70,1.36,1.192,"{""1y"":""218"",""2y"":""342"",""3y"":""472"",""5y"":""752"",""10y"":""1584""}","[{""label"":""management_fee"",""value"":""0.46""},{""label"":""trustee_fee"",""value"":""0.025""},{""label"":""admin_fee"",""value"":""0.005""},{""label"":""other_expense"",""value"":""0.001""},{""label"":""transaction_cost"",""value"":""0.063""}]",[3],cell_grid,1.0,"클래스명: A(수수료선취 -오프라인) | 납입금액 의 1.0% 이내 A(수수료선취 -오프라인) 납입금액 의 1.0% 이내 1.19% 0.70% 1.36% 1.192% 218 342 472 752 1,584"
FUND000033,KR5125450070,A-G,CLASS000448,EXACT_NORMALIZED_MATCH,수수료선취-오프라인-무권유저비용,선취,오프라인,,True,투자자가 투자자문업자로부터 투자자문을 받 고 그 결과에 따라 펀드 가입을 요청하는 등 금융기관 등으로부터 별도의 투자권유 없이 펀드에 가입이 가능한 경우로서 선취판매수 수료가 징구되는 수익증권,납입금액의 0.5% 이내,없음,없음,없음,1.02,0.53,-,1.02,"{""1y"":""151"",""2y"":""258"",""3y"":""370"",""5y"":""611"",""10y"":""1327""}","[{""label"":""management_fee"",""value"":""0.46""},{""label"":""trustee_fee"",""value"":""0.025""},{""label"":""admin_fee"",""value"":""0.005""},{""label"":""other_expense"",""value"":""-""},{""label"":""transaction_cost"",""value"":""-""}]","[28,29]",transposed_detail_table_cross_validated,0.7,[뒤집힌 상세표 보강] 열4
FUND000033,KR5125450070,Ae,CLASS000447,EXACT_NORMALIZED_MATCH,수수료선취-온라인,선취,온라인,,True,"판매회사의 온라인 판매체계를 통해 가입한 자에 한하며, 선취판매수수료가 징구되는 수 익증권",납입금액의 0.5% 이내,없음,없음,없음,0.84,0.35,1.01,0.842,"{""1y"":""134"",""2y"":""222"",""3y"":""314"",""5y"":""513"",""10y"":""1104""}","[{""label"":""management_fee"",""value"":""0.46""},{""label"":""trustee_fee"",""value"":""0.025""},{""label"":""admin_fee"",""value"":""0.005""},{""label"":""other_expense"",""value"":""0.001""},{""label"":""transaction_cost"",""value"":""0.062""}]",[3],cell_grid,1.0,"클래스명: Ae(수수료선 취-온라인) | 납입금액 의 0.5% 이내 Ae(수수료선 취-온라인) 납입금액 의 0.5% 이내 0.84% 0.35% 1.01% 0.842% 134 222 314 513 1,104"
FUND000033,KR5125450070,C,CLASS000449,EXACT_NORMALIZED_MATCH,수수료미징구-오프라인,미징구,오프라인,,True,가입제한 없음,없음,없음,없음,없음,1.49,1.00,1.58,1.493,"{""1y"":""149"",""2y"":""306"",""3y"":""471"",""5y"":""825"",""10y"":""1878""}","[{""label"":""management_fee"",""value"":""0.46""},{""label"":""trustee_fee"",""value"":""0.025""},{""label"":""admin_fee"",""value"":""0.005""}]",[3],cell_grid,1.0,"클래스명: C(수수료미징 구 | 없음 C(수수료미징 구 - 오프라인) 없음 1.49% 1.00% 1.58% 1.493% 149 306 471 825 1,878"
FUND000033,KR5125450070,C-G,CLASS000451,EXACT_NORMALIZED_MATCH,수수료미징구-오프라인-무권유저비용,미징구,오프라인,,True,투자자가 투자자문업자로부터 투자자문을 받고 그 결과에 따라 펀드 가입을 요청하는 등 금융기관 등으로부터 별도의 투자권유 없이 펀드에 가입한 자,없음,없음,없음,없음,1.48,0.99,-,1.48,"{""1y"":""148"",""2y"":""304"",""3y"":""467"",""5y"":""819"",""10y"":""1863""}","[{""label"":""management_fee"",""value"":""0.46""},{""label"":""trustee_fee"",""value"":""0.025""},{""label"":""admin_fee"",""value"":""0.005""},{""label"":""other_expense"",""value"":""0.000""},{""label"":""transaction_cost"",""value"":""0.063""}]","[28,29]",transposed_detail_table_cross_validated,0.7,[뒤집힌 상세표 보강] 열1
FUND000033,KR5125450070,C-P,CLASS000454,EXACT_NORMALIZED_MATCH,수수료미징구-오프라인-개인연금,미징구,오프라인,개인연금,True,소득세법 제20조의3 및 소득세법시행령 제40조의2에 따른 연금저축계좌를 통하여 가입한 자,없음,없음,없음,없음,1.44,0.95,,1.442,"{""1y"":""144"",""2y"":""296"",""3y"":""455"",""5y"":""797"",""10y"":""1815""}","[{""label"":""management_fee"",""value"":""0.46""},{""label"":""trustee_fee"",""value"":""0.025""},{""label"":""admin_fee"",""value"":""0.005""}]","[27,29]",transposed_detail_table_cross_validated,0.7,[뒤집힌 상세표 보강] 열5
FUND000033,KR5125450070,C-P2,CLASS000456,EXACT_NORMALIZED_MATCH,수수료미징구-오프라인-퇴직연금,미징구,오프라인,퇴직연금,True,근로자퇴직급여보장법에 따른 퇴직연금 및 개인퇴직계좌의 사용자 및 가입한 자,없음,없음,없음,없음,1.34,0.85,,1.342,"{""1y"":""134"",""2y"":""275"",""3y"":""423"",""5y"":""742"",""10y"":""1689""}","[{""label"":""management_fee"",""value"":""0.46""},{""label"":""trustee_fee"",""value"":""0.025""},{""label"":""admin_fee"",""value"":""0.005""}]","[27,29]",transposed_detail_table_cross_validated,0.7,[뒤집힌 상세표 보강] 열6
FUND000033,KR5125450070,C-P2e,CLASS000457,EXACT_NORMALIZED_MATCH,수수료미징구-온라인-퇴직연금,미징구,온라인,퇴직연금,True,판매회사의 온라인 판매체계을 통하여 가입한 자로서 근로자퇴직급여보장법에 따른 퇴직연금 및 개인퇴직계좌의 사용자 및 가입한 자,없음,없음,없음,없음,0.915,0.425,,0.917,"{""1y"":""92"",""2y"":""188"",""3y"":""289"",""5y"":""507"",""10y"":""1155""}","[{""label"":""management_fee"",""value"":""0.46""},{""label"":""trustee_fee"",""value"":""0.025""},{""label"":""admin_fee"",""value"":""0.005""}]","[27,29]",transposed_detail_table_cross_validated,0.7,[뒤집힌 상세표 보강] 열8
FUND000033,KR5125450070,C-Pe,CLASS000455,EXACT_NORMALIZED_MATCH,수수료미징구-온라인-개인연금,미징구,온라인,개인연금,True,판매회사의 온라인 판매체계을 통하여 가입한 자로서 소득세법 제 20조의 3 및 소득세법시행령 제 40조의 2에 따른 연금저축계좌를 통하여 가입한 자,없음,없음,없음,없음,0.965,0.475,,0.967,"{""1y"":""97"",""2y"":""198"",""3y"":""305"",""5y"":""535"",""10y"":""1217""}","[{""label"":""management_fee"",""value"":""0.46""},{""label"":""trustee_fee"",""value"":""0.025""},{""label"":""admin_fee"",""value"":""0.005""}]","[27,29]",transposed_detail_table_cross_validated,0.7,[뒤집힌 상세표 보강] 열7
FUND000033,KR5125450070,I,CLASS000453,EXACT_NORMALIZED_MATCH,수수료미징구-오프라인-기관,미징구,오프라인,,False,"법 시행령 제10조 제2항 및 금융투자업규정 제1-4조에서 정하는 기관투자자, 국가재정법에 따른 기금(외국의 법령상 이에 준하는자를 포함)",없음,없음,없음,없음,0.52,0.03,,0.522,"{""1y"":""52"",""2y"":""107"",""3y"":""165"",""5y"":""289"",""10y"":""658""}","[{""label"":""management_fee"",""value"":""0.46""},{""label"":""trustee_fee"",""value"":""0.025""},{""label"":""admin_fee"",""value"":""0.005""}]","[27,29]",transposed_detail_table_cross_validated,0.7,[뒤집힌 상세표 보강] 열4
FUND000033,KR5125450070,S,CLASS000458,EXACT_NORMALIZED_MATCH,수수료후취-온라인슈퍼,후취,온라인슈퍼,,True,"집합투자업자의 공동판매채널로서의 역할 수 행을 위해 모든 공모 S클래스(S-T 및 S-P클 래스 포함)를 취급하고, 객관적 지표를 기준 으로 상품을 노출 및 배열하는 온라인판매시 스템을 통하여 판매되는 것으로서 다른 클래 스(가입 자격에 제한이 있는 클래스 제외)보 다 판매보수가 낮고, 후취판매수수료가 부과 되는 집합투자증권",없음,"1,095일 미만 환매 시 환매금액의 0.15% 이내",없음,없음,0.81,0.32,-,0.81,"{""1y"":""81"",""2y"":""166"",""3y"":""256"",""5y"":""448"",""10y"":""1020""}","[{""label"":""management_fee"",""value"":""0.46""},{""label"":""trustee_fee"",""value"":""0.025""},{""label"":""admin_fee"",""value"":""0.005""},{""label"":""other_expense"",""value"":""0.000""},{""label"":""transaction_cost"",""value"":""0.054""}]","[28,29]",transposed_detail_table_cross_validated,0.7,[뒤집힌 상세표 보강] 열5
FUND000033,KR5125450070,S-P,CLASS000459,EXACT_NORMALIZED_MATCH,수수료미징구-온라인슈퍼-개인연금,미징구,온라인슈퍼,개인연금,True,"집합투자업자의 공동판매채널로서의 역할 수 행을 위해 모든 공모 S클래스(S-T 및 S-P클 래스 포함)를 취급하고, 객관적 지표를 기준 으로 상품을 노출 및 배열하는 온라인판매시 스템을 통하여 판매되는 것으로서 소득세법 제20조의3 및 소득세법 시행령 제40조의2 에 따른 연금저축계좌를 통하여 가입할 수 있으며 다른 클래스(가입자격에 제한이 있는 클래스 제외)보다 판매보수가 낮고, 판매수수 료가 징구되지 않는 집합투자증권",없음,없음,없음,없음,0.75,0.26,-,0.75,"{""1y"":""75"",""2y"":""154"",""3y"":""237"",""5y"":""415"",""10y"":""944""}","[{""label"":""management_fee"",""value"":""0.46""},{""label"":""trustee_fee"",""value"":""0.025""},{""label"":""admin_fee"",""value"":""0.005""},{""label"":""other_expense"",""value"":""0.000""},{""label"":""transaction_cost"",""value"":""0.063""}]","[28,29]",transposed_detail_table_cross_validated,0.7,[뒤집힌 상세표 보강] 열6
FUND000033,KR5125450070,S-P2,CLASS000460,EXACT_NORMALIZED_MATCH,수수료미징구-온라인슈퍼-퇴직연금,미징구,온라인슈퍼,퇴직연금,True,"집합투자업자의 공동판매채널로서의 역할 수 행을 위해 모든 공모 S클래스(S-T 및 S-P클 래스 포함)를 취급하고, 객관적 지표를 기준 으로 상품을 노출 및 배열하는 온라인판매시 스템을 통하여 판매되는 것으로서 근로자퇴 직급여보장법에 따른 퇴직연금 및 개인퇴직 계좌의 사용자 및 가입자에 한하여 가입할 수 있으며 다른 클래스(가입자격에 제한이 있는 클래스 제외)보다 판매보수가 낮고, 판 매수수료가 징구되지 않는 집합투자증권(단, 근로자퇴직급여보장법 상의 사전지정운용제 도(디폴트옵션) 전용으로 설정·설립된 경우는 제외)",없음,없음,없음,없음,0.74,0.25,-,0.74,"{""1y"":""74"",""2y"":""152"",""3y"":""234"",""5y"":""409"",""10y"":""932""}","[{""label"":""management_fee"",""value"":""0.46""},{""label"":""trustee_fee"",""value"":""0.025""},{""label"":""admin_fee"",""value"":""0.005""},{""label"":""other_expense"",""value"":""0.000""},{""label"":""transaction_cost"",""value"":""0.062""}]","[28,29]",transposed_detail_table_cross_validated,0.7,[뒤집힌 상세표 보강] 열7
FUND000033,KR5125450070,W,CLASS000452,EXACT_NORMALIZED_MATCH,수수료미징구-오프라인-랩,미징구,오프라인,,False,"판매회사의 일임형 Wrap 계좌, 특정금전신탁, 집합투자기구 또는 보험회사의 변액보험(특별계정)",없음,없음,없음,없음,0.49,0.00,,0.492,"{""1y"":""49"",""2y"":""101"",""3y"":""155"",""5y"":""272"",""10y"":""620""}","[{""label"":""management_fee"",""value"":""0.46""},{""label"":""trustee_fee"",""value"":""0.025""},{""label"":""admin_fee"",""value"":""0.005""}]","[27,29]",transposed_detail_table_cross_validated,0.7,[뒤집힌 상세표 보강] 열2
FUND000033,KR5125450070,e,CLASS000450,EXACT_NORMALIZED_MATCH,수수료미징구-온라인,미징구,온라인,,True,판매회사의 온라인 판매체계를 통해 가입한 자,없음,없음,없음,없음,0.99,0.50,1.16,0.993,"{""1y"":""99"",""2y"":""204"",""3y"":""313"",""5y"":""549"",""10y"":""1249""}","[{""label"":""management_fee"",""value"":""0.46""},{""label"":""trustee_fee"",""value"":""0.025""},{""label"":""admin_fee"",""value"":""0.005""}]",[3],cell_grid,1.0,"클래스명: e(수수료미징 구 | 없음 e(수수료미징 구 - 온라인) 없음 0.99% 0.50% 1.16% 0.993% 99 204 313 549 1,249"
FUND000021,KR5127420034,A,CLASS000261,EXACT_NORMALIZED_MATCH,수수료선취-오프라인,선취,오프라인,,True,제한없음,납입금액의 0.3%이내,없음,없음,없음,0.383,0.203,0.340,0.383,"{""1y"":""69"",""2y"":""110"",""3y"":""153"",""5y"":""245"",""10y"":""516""}","[{""label"":""management_fee"",""value"":""0.150""},{""label"":""trustee_fee"",""value"":""0.020""},{""label"":""admin_fee"",""value"":""0.010""}]","[4,13]",cell_grid,1.0,클래스명: 수수료선취- 오프라인(A) | 납입금액의 0.30%이내 납입금액의 0.30%이내 0.383 0.203 0.340 0.383 69 110 153 245 516
FUND000021,KR5127420034,A-E,CLASS000270,EXACT_NORMALIZED_MATCH,수수료선취-온라인,선취,온라인,,True,온라인 가입,납입금액의 0.15%이내,없음,없음,없음,0.281,0.101,0.250,0.281,"{""1y"":""44"",""2y"":""74"",""3y"":""106"",""5y"":""173"",""10y"":""374""}","[{""label"":""management_fee"",""value"":""0.150""},{""label"":""trustee_fee"",""value"":""0.020""},{""label"":""admin_fee"",""value"":""0.010""}]","[4,13]",cell_grid,1.0,클래스명: 수수료선취- 투자비용 온라인(A-E) | 납입금액의 0.15%이내 납입금액의 0.15%이내 0.281 0.101 0.250 0.281 44 74 106 173 374
FUND000021,KR5127420034,A-G,CLASS000268,EXACT_NORMALIZED_MATCH,수수료선취-오프라인-무권유저비용,선취,오프라인,,True,판매회사 등 투자권유 없이 가입,납입금액의 0.21%이내,없음,없음,없음,0.3220,0.142,-,0.322,"{""1y"":""54"",""2y"":""88"",""3y"":""125"",""5y"":""202"",""10y"":""431""}","[{""label"":""management_fee"",""value"":""0.150""},{""label"":""trustee_fee"",""value"":""0.020""},{""label"":""admin_fee"",""value"":""0.010""}]","[13,27]",detail_table_cross_validated,0.7,"[상세표 보강] [(6, '0.142'), (7, '0.150'), (8, '0.020'), (9, '0.010')]"
FUND000021,KR5127420034,C,CLASS000258,EXACT_NORMALIZED_MATCH,수수료미징구-오프라인,미징구,오프라인,,True,제한없음,없음,없음,없음,,0.523,0.343,0.390,0.523,"{""1y"":""54"",""2y"":""110"",""3y"":""168"",""5y"":""293"",""10y"":""660""}","[{""label"":""management_fee"",""value"":""0.150""},{""label"":""trustee_fee"",""value"":""0.020""},{""label"":""admin_fee"",""value"":""0.010""}]","[4,13]",cell_grid,1.0,클래스명: 수수료미징구- 오프라인(C) | - - 0.523 0.343 0.390 0.523 54 110 168 293 660
FUND000021,KR5127420034,C-E,CLASS000262,EXACT_NORMALIZED_MATCH,수수료미징구-온라인,미징구,온라인,,True,온라인 가입,없음,없음,없음,없음,0.351,0.171,0.250,0.351,"{""1y"":""36"",""2y"":""74"",""3y"":""113"",""5y"":""198"",""10y"":""447""}","[{""label"":""management_fee"",""value"":""0.150""},{""label"":""trustee_fee"",""value"":""0.020""},{""label"":""admin_fee"",""value"":""0.010""}]","[4,13]",cell_grid,1.0,클래스명: 수수료미징구- 온라인(C-E) | - - 0.351 0.171 0.250 0.351 36 74 113 198 447
FUND000021,KR5127420034,C-F,CLASS000259,EXACT_NORMALIZED_MATCH,수수료미징구-오프라인-기관,미징구,오프라인,,False,,없음,없음,없음,없음,0.1900,0.010,-,0.192,"{""1y"":""20"",""2y"":""40"",""3y"":""62"",""5y"":""109"",""10y"":""247""}","[{""label"":""management_fee"",""value"":""0.150""},{""label"":""trustee_fee"",""value"":""0.020""},{""label"":""admin_fee"",""value"":""0.010""}]","[13,27]",detail_table_cross_validated,0.7,"[상세표 보강] [(6, '0.010'), (7, '0.150'), (8, '0.020'), (9, '0.010')]"
FUND000021,KR5127420034,C-G,CLASS000269,EXACT_NORMALIZED_MATCH,수수료미징구-오프라인-무권유저비용,미징구,오프라인,,True,판매회사 등 투자권유 없이 가입,없음,없음,없음,없음,0.4200,0.240,-,0.420,"{""1y"":""43"",""2y"":""88"",""3y"":""135"",""5y"":""236"",""10y"":""533""}","[{""label"":""management_fee"",""value"":""0.150""},{""label"":""trustee_fee"",""value"":""0.020""},{""label"":""admin_fee"",""value"":""0.010""}]","[13,27]",detail_table_cross_validated,0.7,"[상세표 보강] [(6, '0.240'), (7, '0.150'), (8, '0.020'), (9, '0.010')]"
FUND000021,KR5127420034,C-P,CLASS000264,EXACT_NORMALIZED_MATCH,수수료미징구-오프라인-개인연금,미징구,오프라인,개인연금,True,연금저축용,없음,없음,없음,없음,0.4710,0.291,-,0.472,"{""1y"":""48"",""2y"":""99"",""3y"":""152"",""5y"":""265"",""10y"":""598""}","[{""label"":""management_fee"",""value"":""0.150""},{""label"":""trustee_fee"",""value"":""0.020""},{""label"":""admin_fee"",""value"":""0.010""}]","[13,27]",detail_table_cross_validated,0.7,"[상세표 보강] [(6, '0.291'), (7, '0.150'), (8, '0.020'), (9, '0.010')]"
FUND000021,KR5127420034,C-Pe,CLASS000265,EXACT_NORMALIZED_MATCH,수수료미징구-온라인-개인연금,미징구,온라인,개인연금,True,온라인 가입 연금저축용,없음,없음,없음,없음,0.3250,0.145,-,0.325,"{""1y"":""33"",""2y"":""68"",""3y"":""105"",""5y"":""183"",""10y"":""415""}","[{""label"":""management_fee"",""value"":""0.150""},{""label"":""trustee_fee"",""value"":""0.020""},{""label"":""admin_fee"",""value"":""0.010""}]","[13,27]",detail_table_cross_validated,0.7,"[상세표 보강] [(6, '0.145'), (7, '0.150'), (8, '0.020'), (9, '0.010')]"
FUND000021,KR5127420034,C-W,CLASS000263,EXACT_NORMALIZED_MATCH,"수수료미징구-오프라인-랩,금전신탁",미징구,오프라인,금전신탁,False,"일임형 종합자산관리 계좌, 특정금전신탁",없음,없음,없음,없음,0.1800,0.000,-,0.180,"{""1y"":""18"",""2y"":""38"",""3y"":""58"",""5y"":""102"",""10y"":""232""}","[{""label"":""management_fee"",""value"":""0.150""},{""label"":""trustee_fee"",""value"":""0.020""},{""label"":""admin_fee"",""value"":""0.010""}]","[13,27]",detail_table_cross_validated,0.7,"[상세표 보강] [(6, '0.000'), (7, '0.150'), (8, '0.020'), (9, '0.010')]"
FUND000021,KR5127420034,C-퇴직e,CLASS000271,EXACT_NORMALIZED_MATCH,수수료미징구-온라인-퇴직연금,미징구,온라인,퇴직연금,True,온라인 가입 퇴직연금용,없음,없음,없음,없음,0.3170,0.137,-,0.320,"{""1y"":""33"",""2y"":""67"",""3y"":""103"",""5y"":""181"",""10y"":""409""}","[{""label"":""management_fee"",""value"":""0.150""},{""label"":""trustee_fee"",""value"":""0.020""},{""label"":""admin_fee"",""value"":""0.010""}]","[13,27]",detail_table_cross_validated,0.7,"[상세표 보강] [(6, '0.137'), (7, '0.150'), (8, '0.020'), (9, '0.010')]"
FUND000021,KR5127420034,C-퇴직연금,CLASS000267,EXACT_NORMALIZED_MATCH,수수료미징구-오프라인-퇴직연금,미징구,오프라인,퇴직연금,True,퇴직연금용,없음,없음,없음,없음,0.454,0.274,-,0.456,"{""1y"":""47"",""2y"":""96"",""3y"":""147"",""5y"":""256"",""10y"":""578""}","[{""label"":""management_fee"",""value"":""0.150""},{""label"":""trustee_fee"",""value"":""0.020""},{""label"":""admin_fee"",""value"":""0.010""},{""label"":""other_expense"",""value"":""0.002""},{""label"":""transaction_cost"",""value"":""0.012""}]","[25,27]",detail_table_cross_validated,0.7,"[상세표 보강] [(1, '0.150'), (2, '0.274'), (3, '0.020'), (4, '0.010'), (5, '0.454'), (6, '0.002'), (7, '0.456'), (9, '0.456'), (10, '0.012')]"
FUND000021,KR5127420034,S,CLASS000260,EXACT_NORMALIZED_MATCH,수수료후취-온라인슈퍼,후취,온라인슈퍼,,True,,없음,없음,없음,없음,0.2800,0.100,-,0.280,"{""1y"":""29"",""2y"":""59"",""3y"":""90"",""5y"":""158"",""10y"":""358""}","[{""label"":""management_fee"",""value"":""0.150""},{""label"":""trustee_fee"",""value"":""0.020""},{""label"":""admin_fee"",""value"":""0.010""}]","[13,27]",detail_table_cross_validated,0.7,"[상세표 보강] [(6, '0.100'), (7, '0.150'), (8, '0.020'), (9, '0.010')]"
FUND000021,KR5127420034,S-P,CLASS000266,EXACT_NORMALIZED_MATCH,수수료미징구-온라인슈퍼-개인연금,미징구,온라인슈퍼,개인연금,True,운용사 공동판매채널 온라인의 연금저축용,없음,없음,없음,없음,0.2600,0.080,-,0.260,"{""1y"":""27"",""2y"":""55"",""3y"":""84"",""5y"":""147"",""10y"":""333""}","[{""label"":""management_fee"",""value"":""0.150""},{""label"":""trustee_fee"",""value"":""0.020""},{""label"":""admin_fee"",""value"":""0.010""}]","[13,27]",detail_table_cross_validated,0.7,"[상세표 보강] [(6, '0.080'), (7, '0.150'), (8, '0.020'), (9, '0.010')]"
FUND000021,KR5127420034,S-퇴직,CLASS000272,EXACT_NORMALIZED_MATCH,수수료미징구-온라인슈퍼-퇴직연금,미징구,온라인슈퍼,퇴직연금,True,운용사 공동판매채널 퇴직연금용,없음,없음,없음,없음,0.2500,0.070,-,0.250,"{""1y"":""26"",""2y"":""53"",""3y"":""81"",""5y"":""141"",""10y"":""320""}","[{""label"":""management_fee"",""value"":""0.150""},{""label"":""trustee_fee"",""value"":""0.020""},{""label"":""admin_fee"",""value"":""0.010""}]","[13,27]",detail_table_cross_validated,0.7,"[상세표 보강] [(6, '0.070'), (7, '0.150'), (8, '0.020'), (9, '0.010')]"
FUND000021,KR5127420039,A,CLASS000261,EXACT_NORMALIZED_MATCH,수수료선취-오프라인,선취,오프라인,,True,제한없음,납입금액의 0.3%이내,없음,없음,없음,0.383,0.203,0.340,0.383,"{""1y"":""69"",""2y"":""110"",""3y"":""153"",""5y"":""245"",""10y"":""516""}","[{""label"":""management_fee"",""value"":""0.150""},{""label"":""trustee_fee"",""value"":""0.020""},{""label"":""admin_fee"",""value"":""0.010""}]","[4,13]",cell_grid,1.0,클래스명: 수수료선취- 오프라인(A) | 납입금액의 0.30%이내 납입금액의 0.30%이내 0.383 0.203 0.340 0.383 69 110 153 245 516
FUND000021,KR5127420039,A-E,CLASS000270,EXACT_NORMALIZED_MATCH,수수료선취-온라인,선취,온라인,,True,온라인 가입,납입금액의 0.15%이내,없음,없음,없음,0.281,0.101,0.250,0.281,"{""1y"":""44"",""2y"":""74"",""3y"":""106"",""5y"":""173"",""10y"":""374""}","[{""label"":""management_fee"",""value"":""0.150""},{""label"":""trustee_fee"",""value"":""0.020""},{""label"":""admin_fee"",""value"":""0.010""}]","[4,13]",cell_grid,1.0,클래스명: 수수료선취- 투자비용 온라인(A-E) | 납입금액의 0.15%이내 납입금액의 0.15%이내 0.281 0.101 0.250 0.281 44 74 106 173 374
FUND000021,KR5127420039,A-G,CLASS000268,EXACT_NORMALIZED_MATCH,수수료선취-오프라인-무권유저비용,선취,오프라인,,True,판매회사 등 투자권유 없이 가입,납입금액의 0.21%이내,없음,없음,없음,0.3220,0.142,-,0.322,"{""1y"":""54"",""2y"":""88"",""3y"":""125"",""5y"":""202"",""10y"":""431""}","[{""label"":""management_fee"",""value"":""0.150""},{""label"":""trustee_fee"",""value"":""0.020""},{""label"":""admin_fee"",""value"":""0.010""}]","[13,27]",detail_table_cross_validated,0.7,"[상세표 보강] [(6, '0.142'), (7, '0.150'), (8, '0.020'), (9, '0.010')]"
FUND000021,KR5127420039,C,CLASS000258,EXACT_NORMALIZED_MATCH,수수료미징구-오프라인,미징구,오프라인,,True,제한없음,없음,없음,없음,,0.523,0.343,0.390,0.523,"{""1y"":""54"",""2y"":""110"",""3y"":""168"",""5y"":""293"",""10y"":""660""}","[{""label"":""management_fee"",""value"":""0.150""},{""label"":""trustee_fee"",""value"":""0.020""},{""label"":""admin_fee"",""value"":""0.010""}]","[4,13]",cell_grid,1.0,클래스명: 수수료미징구- 오프라인(C) | - - 0.523 0.343 0.390 0.523 54 110 168 293 660
FUND000021,KR5127420039,C-E,CLASS000262,EXACT_NORMALIZED_MATCH,수수료미징구-온라인,미징구,온라인,,True,온라인 가입,없음,없음,없음,없음,0.351,0.171,0.250,0.351,"{""1y"":""36"",""2y"":""74"",""3y"":""113"",""5y"":""198"",""10y"":""447""}","[{""label"":""management_fee"",""value"":""0.150""},{""label"":""trustee_fee"",""value"":""0.020""},{""label"":""admin_fee"",""value"":""0.010""}]","[4,13]",cell_grid,1.0,클래스명: 수수료미징구- 온라인(C-E) | - - 0.351 0.171 0.250 0.351 36 74 113 198 447
FUND000021,KR5127420039,C-F,CLASS000259,EXACT_NORMALIZED_MATCH,수수료미징구-오프라인-기관,미징구,오프라인,,False,,없음,없음,없음,없음,0.1900,0.010,-,0.192,"{""1y"":""20"",""2y"":""40"",""3y"":""62"",""5y"":""109"",""10y"":""247""}","[{""label"":""management_fee"",""value"":""0.150""},{""label"":""trustee_fee"",""value"":""0.020""},{""label"":""admin_fee"",""value"":""0.010""}]","[13,27]",detail_table_cross_validated,0.7,"[상세표 보강] [(6, '0.010'), (7, '0.150'), (8, '0.020'), (9, '0.010')]"
FUND000021,KR5127420039,C-G,CLASS000269,EXACT_NORMALIZED_MATCH,수수료미징구-오프라인-무권유저비용,미징구,오프라인,,True,판매회사 등 투자권유 없이 가입,없음,없음,없음,없음,0.4200,0.240,-,0.420,"{""1y"":""43"",""2y"":""88"",""3y"":""135"",""5y"":""236"",""10y"":""533""}","[{""label"":""management_fee"",""value"":""0.150""},{""label"":""trustee_fee"",""value"":""0.020""},{""label"":""admin_fee"",""value"":""0.010""}]","[13,27]",detail_table_cross_validated,0.7,"[상세표 보강] [(6, '0.240'), (7, '0.150'), (8, '0.020'), (9, '0.010')]"
FUND000021,KR5127420039,C-P,CLASS000264,EXACT_NORMALIZED_MATCH,수수료미징구-오프라인-개인연금,미징구,오프라인,개인연금,True,연금저축용,없음,없음,없음,없음,0.4710,0.291,-,0.472,"{""1y"":""48"",""2y"":""99"",""3y"":""152"",""5y"":""265"",""10y"":""598""}","[{""label"":""management_fee"",""value"":""0.150""},{""label"":""trustee_fee"",""value"":""0.020""},{""label"":""admin_fee"",""value"":""0.010""}]","[13,27]",detail_table_cross_validated,0.7,"[상세표 보강] [(6, '0.291'), (7, '0.150'), (8, '0.020'), (9, '0.010')]"
FUND000021,KR5127420039,C-Pe,CLASS000265,EXACT_NORMALIZED_MATCH,수수료미징구-온라인-개인연금,미징구,온라인,개인연금,True,온라인 가입 연금저축용,없음,없음,없음,없음,0.3250,0.145,-,0.325,"{""1y"":""33"",""2y"":""68"",""3y"":""105"",""5y"":""183"",""10y"":""415""}","[{""label"":""management_fee"",""value"":""0.150""},{""label"":""trustee_fee"",""value"":""0.020""},{""label"":""admin_fee"",""value"":""0.010""}]","[13,27]",detail_table_cross_validated,0.7,"[상세표 보강] [(6, '0.145'), (7, '0.150'), (8, '0.020'), (9, '0.010')]"
FUND000021,KR5127420039,C-W,CLASS000263,EXACT_NORMALIZED_MATCH,"수수료미징구-오프라인-랩,금전신탁",미징구,오프라인,금전신탁,False,"일임형 종합자산관리 계좌, 특정금전신탁",없음,없음,없음,없음,0.1800,0.000,-,0.180,"{""1y"":""18"",""2y"":""38"",""3y"":""58"",""5y"":""102"",""10y"":""232""}","[{""label"":""management_fee"",""value"":""0.150""},{""label"":""trustee_fee"",""value"":""0.020""},{""label"":""admin_fee"",""value"":""0.010""}]","[13,27]",detail_table_cross_validated,0.7,"[상세표 보강] [(6, '0.000'), (7, '0.150'), (8, '0.020'), (9, '0.010')]"
FUND000021,KR5127420039,C-퇴직e,CLASS000271,EXACT_NORMALIZED_MATCH,수수료미징구-온라인-퇴직연금,미징구,온라인,퇴직연금,True,온라인 가입 퇴직연금용,없음,없음,없음,없음,0.3170,0.137,-,0.320,"{""1y"":""33"",""2y"":""67"",""3y"":""103"",""5y"":""181"",""10y"":""409""}","[{""label"":""management_fee"",""value"":""0.150""},{""label"":""trustee_fee"",""value"":""0.020""},{""label"":""admin_fee"",""value"":""0.010""}]","[13,27]",detail_table_cross_validated,0.7,"[상세표 보강] [(6, '0.137'), (7, '0.150'), (8, '0.020'), (9, '0.010')]"
FUND000021,KR5127420039,C-퇴직연금,CLASS000267,EXACT_NORMALIZED_MATCH,수수료미징구-오프라인-퇴직연금,미징구,오프라인,퇴직연금,True,퇴직연금용,없음,없음,없음,없음,0.454,0.274,-,0.456,"{""1y"":""47"",""2y"":""96"",""3y"":""147"",""5y"":""256"",""10y"":""578""}","[{""label"":""management_fee"",""value"":""0.150""},{""label"":""trustee_fee"",""value"":""0.020""},{""label"":""admin_fee"",""value"":""0.010""},{""label"":""other_expense"",""value"":""0.002""},{""label"":""transaction_cost"",""value"":""0.012""}]","[25,27]",detail_table_cross_validated,0.7,"[상세표 보강] [(1, '0.150'), (2, '0.274'), (3, '0.020'), (4, '0.010'), (5, '0.454'), (6, '0.002'), (7, '0.456'), (9, '0.456'), (10, '0.012')]"
FUND000021,KR5127420039,S,CLASS000260,EXACT_NORMALIZED_MATCH,수수료후취-온라인슈퍼,후취,온라인슈퍼,,True,,없음,없음,없음,없음,0.2800,0.100,-,0.280,"{""1y"":""29"",""2y"":""59"",""3y"":""90"",""5y"":""158"",""10y"":""358""}","[{""label"":""management_fee"",""value"":""0.150""},{""label"":""trustee_fee"",""value"":""0.020""},{""label"":""admin_fee"",""value"":""0.010""}]","[13,27]",detail_table_cross_validated,0.7,"[상세표 보강] [(6, '0.100'), (7, '0.150'), (8, '0.020'), (9, '0.010')]"
FUND000021,KR5127420039,S-P,CLASS000266,EXACT_NORMALIZED_MATCH,수수료미징구-온라인슈퍼-개인연금,미징구,온라인슈퍼,개인연금,True,운용사 공동판매채널 온라인의 연금저축용,없음,없음,없음,없음,0.2600,0.080,-,0.260,"{""1y"":""27"",""2y"":""55"",""3y"":""84"",""5y"":""147"",""10y"":""333""}","[{""label"":""management_fee"",""value"":""0.150""},{""label"":""trustee_fee"",""value"":""0.020""},{""label"":""admin_fee"",""value"":""0.010""}]","[13,27]",detail_table_cross_validated,0.7,"[상세표 보강] [(6, '0.080'), (7, '0.150'), (8, '0.020'), (9, '0.010')]"
FUND000021,KR5127420039,S-퇴직,CLASS000272,EXACT_NORMALIZED_MATCH,수수료미징구-온라인슈퍼-퇴직연금,미징구,온라인슈퍼,퇴직연금,True,운용사 공동판매채널 퇴직연금용,없음,없음,없음,없음,0.2500,0.070,-,0.250,"{""1y"":""26"",""2y"":""53"",""3y"":""81"",""5y"":""141"",""10y"":""320""}","[{""label"":""management_fee"",""value"":""0.150""},{""label"":""trustee_fee"",""value"":""0.020""},{""label"":""admin_fee"",""value"":""0.010""}]","[13,27]",detail_table_cross_validated,0.7,"[상세표 보강] [(6, '0.070'), (7, '0.150'), (8, '0.020'), (9, '0.010')]"
FUND000022,KR5127420045,A,CLASS000273,EXACT_NORMALIZED_MATCH,수수료선취-오프라인,선취,오프라인,,True,제한없음,납입금액의 0.2%이내,없음,없음,없음,0.135,0.030,0.340,0.135,"{""1y"":""34"",""2y"":""48"",""3y"":""64"",""5y"":""96"",""10y"":""194""}","[{""label"":""management_fee"",""value"":""0.080""},{""label"":""trustee_fee"",""value"":""0.015""},{""label"":""admin_fee"",""value"":""0.010""}]","[5,14]",cell_grid,1.0,클래스명: 수수료선취- 오프라인(A) | 납입금액의 0.20%이내 납입금액의 0.20%이내 0.135 0.030 0.340 0.135 34 48 64 96 194
FUND000022,KR5127420045,A-E,CLASS000286,EXACT_NORMALIZED_MATCH,수수료선취-온라인,선취,온라인,,True,온라인 가입,납입금액의 0.1%이내,없음,없음,없음,0.120,0.015,0.250,0.120,"{""1y"":""22"",""2y"":""35"",""3y"":""49"",""5y"":""78"",""10y"":""165""}","[{""label"":""management_fee"",""value"":""0.080""},{""label"":""trustee_fee"",""value"":""0.015""},{""label"":""admin_fee"",""value"":""0.010""},{""label"":""other_expense"",""value"":""0.000""},{""label"":""transaction_cost"",""value"":""0.005""}]","[5,27]",cell_grid,1.0,클래스명: 수수료선취- 온라인(A-E) 투자비용 | 납입금액의 0.10%이내 납입금액의 0.10%이내 0.120 0.015 0.250 0.120 22 35 49 78 165
FUND000022,KR5127420045,A-G,CLASS000283,EXACT_NORMALIZED_MATCH,수수료선취-오프라인-무권유저비용,선취,오프라인,,True,판매회사 등 투자권유 없이 가입,납입금액의 0.14%이내,없음,없음,없음,0.1260,0.021,-,0.126,"{""1y"":""27"",""2y"":""40"",""3y"":""55"",""5y"":""85"",""10y"":""176""}","[{""label"":""management_fee"",""value"":""0.080""},{""label"":""trustee_fee"",""value"":""0.015""},{""label"":""admin_fee"",""value"":""0.010""}]","[14,29]",detail_table_cross_validated,0.7,"[상세표 보강] [(6, '0.021'), (7, '0.080'), (8, '0.015'), (9, '0.010')]"
FUND000022,KR5127420045,C,CLASS000274,EXACT_NORMALIZED_MATCH,수수료미징구-오프라인,미징구,오프라인,,True,제한없음,없음,없음,없음,없음,0.265,0.160,0.400,0.266,"{""1y"":""27"",""2y"":""56"",""3y"":""86"",""5y"":""150"",""10y"":""341""}","[{""label"":""management_fee"",""value"":""0.080""},{""label"":""trustee_fee"",""value"":""0.015""},{""label"":""admin_fee"",""value"":""0.010""}]","[5,14]",cell_grid,1.0,클래스명: 수수료미징구- 오프라인(C) | - - 0.265 0.160 0.400 0.266 27 56 86 150 341
FUND000022,KR5127420045,C-E,CLASS000275,EXACT_NORMALIZED_MATCH,수수료미징구-온라인,미징구,온라인,,True,온라인 가입,없음,없음,없음,없음,0.185,0.080,0.260,0.186,"{""1y"":""19"",""2y"":""39"",""3y"":""60"",""5y"":""105"",""10y"":""239""}","[{""label"":""management_fee"",""value"":""0.080""},{""label"":""trustee_fee"",""value"":""0.015""},{""label"":""admin_fee"",""value"":""0.010""}]","[5,14]",cell_grid,1.0,클래스명: 수수료미징구- 온라인(C-E) | - - 0.185 0.080 0.260 0.186 19 39 60 105 239
FUND000022,KR5127420045,C-F,CLASS000276,EXACT_NORMALIZED_MATCH,수수료미징구-오프라인-기관,미징구,오프라인,,False,"기금, 전문투자 자, 50억 이상 매입 한 법인 퇴직연금용",없음,없음,없음,없음,0.1150,0.010,-,0.115,"{""1y"":""12"",""2y"":""24"",""3y"":""37"",""5y"":""65"",""10y"":""148""}","[{""label"":""management_fee"",""value"":""0.080""},{""label"":""trustee_fee"",""value"":""0.015""},{""label"":""admin_fee"",""value"":""0.010""}]","[14,28]",detail_table_cross_validated,0.7,"[상세표 보강] [(6, '0.010'), (7, '0.080'), (8, '0.015'), (9, '0.010')]"
FUND000022,KR5127420045,C-G,CLASS000284,EXACT_NORMALIZED_MATCH,수수료미징구-오프라인-무권유저비용,미징구,오프라인,,True,판매회사 등 투자권유 없이 가입,없음,없음,없음,없음,0.217,0.112,-,0.217,"{""1y"":""22"",""2y"":""46"",""3y"":""70"",""5y"":""123"",""10y"":""279""}","[{""label"":""management_fee"",""value"":""0.080""},{""label"":""trustee_fee"",""value"":""0.015""},{""label"":""admin_fee"",""value"":""0.010""}]","[27,29]",detail_table_cross_validated,0.7,"[상세표 보강] [(1, '0.080'), (3, '0.112'), (4, '0.015'), (5, '0.010'), (7, '0.217'), (9, '0.217'), (11, '0.217')]"
FUND000022,KR5127420045,C-P,CLASS000279,EXACT_NORMALIZED_MATCH,수수료미징구-오프라인-개인연금,미징구,오프라인,개인연금,True,연금저축용,없음,없음,없음,없음,0.2500,0.145,-,0.252,"{""1y"":""26"",""2y"":""53"",""3y"":""81"",""5y"":""142"",""10y"":""323""}","[{""label"":""management_fee"",""value"":""0.080""},{""label"":""trustee_fee"",""value"":""0.015""},{""label"":""admin_fee"",""value"":""0.010""}]","[14,29]",detail_table_cross_validated,0.7,"[상세표 보강] [(6, '0.145'), (7, '0.080'), (8, '0.015'), (9, '0.010')]"
FUND000022,KR5127420045,C-Pe,CLASS000280,EXACT_NORMALIZED_MATCH,수수료미징구-온라인-개인연금,미징구,온라인,개인연금,True,온라인 가입 연금저축용,없음,없음,없음,없음,0.1770,0.072,-,0.177,"{""1y"":""18"",""2y"":""37"",""3y"":""57"",""5y"":""100"",""10y"":""228""}","[{""label"":""management_fee"",""value"":""0.080""},{""label"":""trustee_fee"",""value"":""0.015""},{""label"":""admin_fee"",""value"":""0.010""}]","[14,29]",detail_table_cross_validated,0.7,"[상세표 보강] [(6, '0.072'), (7, '0.080'), (8, '0.015'), (9, '0.010')]"
FUND000022,KR5127420045,C-W,CLASS000278,EXACT_NORMALIZED_MATCH,"수수료미징구-오프라인-랩,금전신탁",미징구,오프라인,금전신탁,False,"일임형 종합자산관리 계좌, 특정금전신탁",없음,없음,없음,없음,0.1050,0.000,-,0.105,"{""1y"":""11"",""2y"":""22"",""3y"":""34"",""5y"":""60"",""10y"":""136""}","[{""label"":""management_fee"",""value"":""0.080""},{""label"":""trustee_fee"",""value"":""0.015""},{""label"":""admin_fee"",""value"":""0.010""}]","[14,28]",detail_table_cross_validated,0.7,"[상세표 보강] [(6, '0.000'), (7, '0.080'), (8, '0.015'), (9, '0.010')]"
FUND000022,KR5127420045,C-퇴직e,CLASS000285,EXACT_NORMALIZED_MATCH,수수료미징구-온라인-퇴직연금,미징구,온라인,퇴직연금,True,온라인 가입 퇴직연금용,없음,없음,없음,없음,0.172,0.067,-,0.174,"{""1y"":""18"",""2y"":""37"",""3y"":""56"",""5y"":""99"",""10y"":""224""}","[{""label"":""management_fee"",""value"":""0.080""},{""label"":""trustee_fee"",""value"":""0.015""},{""label"":""admin_fee"",""value"":""0.010""},{""label"":""other_expense"",""value"":""0.002""},{""label"":""transaction_cost"",""value"":""0.005""}]","[27,29]",detail_table_cross_validated,0.7,"[상세표 보강] [(1, '0.080'), (3, '0.067'), (4, '0.015'), (5, '0.010'), (7, '0.172'), (8, '0.002'), (9, '0.174'), (11, '0.174'), (12, '0.005')]"
FUND000022,KR5127420045,C-퇴직연금,CLASS000277,EXACT_NORMALIZED_MATCH,수수료미징구-오프라인-퇴직연금,미징구,오프라인,퇴직연금,True,퇴직연금용,없음,없음,없음,없음,0.240,0.135,-,0.243,"{""1y"":""25"",""2y"":""51"",""3y"":""78"",""5y"":""137"",""10y"":""312""}","[{""label"":""management_fee"",""value"":""0.080""},{""label"":""trustee_fee"",""value"":""0.015""},{""label"":""admin_fee"",""value"":""0.010""},{""label"":""other_expense"",""value"":""0.003""},{""label"":""transaction_cost"",""value"":""0.005""}]","[27,28]",detail_table_cross_validated,0.7,"[상세표 보강] [(1, '0.080'), (3, '0.135'), (4, '0.015'), (5, '0.010'), (7, '0.240'), (8, '0.003'), (9, '0.243'), (11, '0.243'), (12, '0.005')]"
FUND000022,KR5127420045,S,CLASS000281,EXACT_NORMALIZED_MATCH,수수료후취-온라인슈퍼,후취,온라인슈퍼,,True,공동판매채널 온라인 가입,없음,없음,없음,없음,0.1190,0.014,-,0.119,"{""1y"":""12"",""2y"":""25"",""3y"":""38"",""5y"":""67"",""10y"":""154""}","[{""label"":""management_fee"",""value"":""0.080""},{""label"":""trustee_fee"",""value"":""0.015""},{""label"":""admin_fee"",""value"":""0.010""}]","[14,29]",detail_table_cross_validated,0.7,"[상세표 보강] [(6, '0.014'), (7, '0.080'), (8, '0.015'), (9, '0.010')]"
FUND000022,KR5127420045,S-P,CLASS000282,EXACT_NORMALIZED_MATCH,수수료미징구-온라인슈퍼-개인연금,미징구,온라인슈퍼,개인연금,True,운용사 공동판매채널 온라인의 연금저축용,없음,없음,없음,없음,0.1760,0.071,-,0.176,"{""1y"":""18"",""2y"":""37"",""3y"":""57"",""5y"":""100"",""10y"":""226""}","[{""label"":""management_fee"",""value"":""0.080""},{""label"":""trustee_fee"",""value"":""0.015""},{""label"":""admin_fee"",""value"":""0.010""}]","[14,29]",detail_table_cross_validated,0.7,"[상세표 보강] [(6, '0.071'), (7, '0.080'), (8, '0.015'), (9, '0.010')]"
FUND000022,KR5127420045,S-퇴직,CLASS000287,EXACT_NORMALIZED_MATCH,수수료미징구-온라인슈퍼-퇴직연금,미징구,온라인슈퍼,퇴직연금,True,운용사 공동판매채널 온라인의 퇴직연금용,없음,없음,없음,없음,0.171,0.066,-,0.171,"{""1y"":""18"",""2y"":""36"",""3y"":""55"",""5y"":""97"",""10y"":""220""}","[{""label"":""management_fee"",""value"":""0.080""},{""label"":""trustee_fee"",""value"":""0.015""},{""label"":""admin_fee"",""value"":""0.010""}]","[27,29]",detail_table_cross_validated,0.7,"[상세표 보강] [(1, '0.080'), (3, '0.066'), (4, '0.015'), (5, '0.010'), (7, '0.171'), (9, '0.171'), (11, '0.171')]"
FUND000023,KR5127420083,A,CLASS000288,EXACT_NORMALIZED_MATCH,수수료선취-오프라인,선취,오프라인,,True,제한없음,납입금액의 0.30%이내,없음,없음,없음,0.280,0.140,0.340,0.282,"{""1y"":""59"",""2y"":""89"",""3y"":""121"",""5y"":""189"",""10y"":""390""}","[{""label"":""management_fee"",""value"":""0.120""},{""label"":""trustee_fee"",""value"":""0.010""},{""label"":""admin_fee"",""value"":""0.010""}]","[5,13]",cell_grid,1.0,클래스명: 수수료선취- 오프라인(A) | 납입금액의 0.30%이내 납입금액의 0.30%이내 0.280 0.140 0.340 0.282 59 89 121 189 390
FUND000023,KR5127420083,A-E,CLASS000289,EXACT_NORMALIZED_MATCH,수수료선취-온라인,선취,온라인,,True,온라인 가입,납입금액의 0.15%이내,없음,없음,,0.210,0.070,0.250,0.212,"{""1y"":""37"",""2y"":""59"",""3y"":""83"",""5y"":""135"",""10y"":""287""}","[{""label"":""management_fee"",""value"":""0.120""},{""label"":""trustee_fee"",""value"":""0.010""},{""label"":""admin_fee"",""value"":""0.010""}]","[5,13]",cell_grid,1.0,클래스명: 수수료선취- 온라인(A-E) | 납입금액의 0.15%이내 납입금액의 0.15%이내 0.210 0.070 0.250 0.212 37 59 83 135 287
FUND000023,KR5127420083,C,CLASS000290,EXACT_NORMALIZED_MATCH,수수료미징구-오프라인,미징구,오프라인,,True,제한없음,없음,없음,없음,,0.460,0.320,0.400,0.461,"{""1y"":""47"",""2y"":""97"",""3y"":""148"",""5y"":""259"",""10y"":""584""}","[{""label"":""management_fee"",""value"":""0.120""},{""label"":""trustee_fee"",""value"":""0.010""},{""label"":""admin_fee"",""value"":""0.010""}]","[5,13]",cell_grid,1.0,클래스명: 수수료미징구- 오프라인(C) | - - 0.460 0.320 0.400 0.461 47 97 148 259 584
FUND000023,KR5127420083,C-E,CLASS000291,EXACT_NORMALIZED_MATCH,수수료미징구-온라인,미징구,온라인,,True,온라인 가입,없음,없음,없음,,0.300,0.160,0.270,0.301,"{""1y"":""31"",""2y"":""63"",""3y"":""97"",""5y"":""170"",""10y"":""385""}","[{""label"":""management_fee"",""value"":""0.120""},{""label"":""trustee_fee"",""value"":""0.010""},{""label"":""admin_fee"",""value"":""0.010""}]","[5,13]",cell_grid,1.0,클래스명: 투자비용 수수료미징구- 온라인(C-E) | - - 0.300 0.160 0.270 0.301 31 63 97 170 385
FUND000023,KR5127420083,C-F,CLASS000292,EXACT_NORMALIZED_MATCH,수수료미징구-오프라인-기관,미징구,오프라인,,False,,없음,없음,없음,,0.1600,0.020,-,0.160,"{""1y"":""16"",""2y"":""34"",""3y"":""52"",""5y"":""91"",""10y"":""206""}","[{""label"":""management_fee"",""value"":""0.120""},{""label"":""trustee_fee"",""value"":""0.010""},{""label"":""admin_fee"",""value"":""0.010""}]","[13,27]",detail_table_cross_validated,0.7,"[상세표 보강] [(6, '0.020'), (7, '0.120'), (8, '0.010'), (9, '0.010')]"
FUND000023,KR5127420083,C-P,CLASS000295,EXACT_NORMALIZED_MATCH,수수료미징구-오프라인-개인연금,미징구,오프라인,개인연금,True,연금저축용,없음,없음,없음,,0.4100,0.270,-,0.410,"{""1y"":""42"",""2y"":""86"",""3y"":""132"",""5y"":""231"",""10y"":""521""}","[{""label"":""management_fee"",""value"":""0.120""},{""label"":""trustee_fee"",""value"":""0.010""},{""label"":""admin_fee"",""value"":""0.010""}]","[13,27]",detail_table_cross_validated,0.7,"[상세표 보강] [(6, '0.270'), (7, '0.120'), (8, '0.010'), (9, '0.010')]"
FUND000023,KR5127420083,C-Pe,CLASS000296,EXACT_NORMALIZED_MATCH,수수료미징구-온라인-개인연금,미징구,온라인,개인연금,True,온라인 가입 연금저축용,없음,없음,없음,,0.2750,0.135,-,0.276,"{""1y"":""28"",""2y"":""58"",""3y"":""89"",""5y"":""156"",""10y"":""353""}","[{""label"":""management_fee"",""value"":""0.120""},{""label"":""trustee_fee"",""value"":""0.010""},{""label"":""admin_fee"",""value"":""0.010""}]","[13,27]",detail_table_cross_validated,0.7,"[상세표 보강] [(6, '0.135'), (7, '0.120'), (8, '0.010'), (9, '0.010')]"
FUND000023,KR5127420083,C-W,CLASS000293,EXACT_NORMALIZED_MATCH,"수수료미징구-오프라인-랩,금전신탁",미징구,오프라인,금전신탁,False,"일임형 종합자산관리 계좌, 특정금전신탁",없음,없음,없음,,0.1400,0.000,-,0.140,"{""1y"":""14"",""2y"":""29"",""3y"":""45"",""5y"":""79"",""10y"":""180""}","[{""label"":""management_fee"",""value"":""0.120""},{""label"":""trustee_fee"",""value"":""0.010""},{""label"":""admin_fee"",""value"":""0.010""}]","[13,27]",detail_table_cross_validated,0.7,"[상세표 보강] [(6, '0.000'), (7, '0.120'), (8, '0.010'), (9, '0.010')]"
FUND000023,KR5127420083,C-퇴직e,CLASS000298,EXACT_NORMALIZED_MATCH,수수료미징구-온라인-퇴직연금,미징구,온라인,퇴직연금,True,온라인 가입 퇴직연금용,없음,없음,없음,,0.2700,0.130,-,0.274,"{""1y"":""28"",""2y"":""58"",""3y"":""88"",""5y"":""155"",""10y"":""351""}","[{""label"":""management_fee"",""value"":""0.120""},{""label"":""trustee_fee"",""value"":""0.010""},{""label"":""admin_fee"",""value"":""0.010""}]","[13,27]",detail_table_cross_validated,0.7,"[상세표 보강] [(6, '0.130'), (7, '0.120'), (8, '0.010'), (9, '0.010')]"
FUND000023,KR5127420083,C-퇴직연금,CLASS000297,EXACT_NORMALIZED_MATCH,수수료미징구-오프라인-퇴직연금,미징구,오프라인,퇴직연금,True,퇴직연금용,없음,없음,없음,,0.400,0.260,-,0.400,"{""1y"":""41"",""2y"":""84"",""3y"":""129"",""5y"":""225"",""10y"":""508""}","[{""label"":""management_fee"",""value"":""0.120""},{""label"":""trustee_fee"",""value"":""0.010""},{""label"":""admin_fee"",""value"":""0.010""},{""label"":""other_expense"",""value"":""0.000""},{""label"":""transaction_cost"",""value"":""0.012""}]","[25,27]",detail_table_cross_validated,0.7,"[상세표 보강] [(1, '0.120'), (3, '0.260'), (4, '0.010'), (5, '0.010'), (7, '0.400'), (8, '0.000'), (9, '0.400'), (11, '0.400'), (13, '0.012')]"
FUND000023,KR5127420083,S,CLASS000294,EXACT_NORMALIZED_MATCH,수수료후취-온라인슈퍼,후취,온라인슈퍼,,True,,없음,없음,없음,,0.2000,0.060,-,0.200,"{""1y"":""21"",""2y"":""42"",""3y"":""65"",""5y"":""113"",""10y"":""257""}","[{""label"":""management_fee"",""value"":""0.120""},{""label"":""trustee_fee"",""value"":""0.010""},{""label"":""admin_fee"",""value"":""0.010""}]","[13,27]",detail_table_cross_validated,0.7,"[상세표 보강] [(6, '0.060'), (7, '0.120'), (8, '0.010'), (9, '0.010')]"
FUND000023,KR5127420083,S-P,CLASS000299,EXACT_NORMALIZED_MATCH,수수료미징구-온라인슈퍼-개인연금,미징구,온라인슈퍼,개인연금,True,운용사 공동판매채널 온라인의 연금저축용,없음,없음,없음,,0.1880,0.048,-,0.188,"{""1y"":""19"",""2y"":""40"",""3y"":""61"",""5y"":""106"",""10y"":""242""}","[{""label"":""management_fee"",""value"":""0.120""},{""label"":""trustee_fee"",""value"":""0.010""},{""label"":""admin_fee"",""value"":""0.010""}]","[13,27]",detail_table_cross_validated,0.7,"[상세표 보강] [(6, '0.048'), (7, '0.120'), (8, '0.010'), (9, '0.010')]"
FUND000023,KR5127420083,S-퇴직,CLASS000300,EXACT_NORMALIZED_MATCH,수수료미징구-온라인슈퍼-퇴직연금,미징구,온라인슈퍼,퇴직연금,True,운용사 공동판매채널 온라인 퇴직연금용,없음,없음,없음,,0.1780,0.038,-,0.178,"{""1y"":""18"",""2y"":""37"",""3y"":""58"",""5y"":""101"",""10y"":""229""}","[{""label"":""management_fee"",""value"":""0.120""},{""label"":""trustee_fee"",""value"":""0.010""},{""label"":""admin_fee"",""value"":""0.010""}]","[13,27]",detail_table_cross_validated,0.7,"[상세표 보강] [(6, '0.038'), (7, '0.120'), (8, '0.010'), (9, '0.010')]"
FUND000024,KR5127450117,A,CLASS000301,EXACT_NORMALIZED_MATCH,수수료선취-오프라인,선취,오프라인,,True,,납입금액의 1% 이내,없음,,,1.306,0.583,1.420,1.307,"{""1y"":""232"",""2y"":""369"",""3y"":""511"",""5y"":""811"",""10y"":""1667""}","[{""label"":""management_fee"",""value"":""0.683""},{""label"":""trustee_fee"",""value"":""0.030""},{""label"":""admin_fee"",""value"":""0.010""}]","[4,13]",cell_grid,1.0,"클래스명: 수수료선취- 오프라인(A) | 납입금액의 1% 이내 납입금액의 1% 이내 1.306 0.583 1.420 1.307 232 369 511 811 1,667"
FUND000024,KR5127450117,A-E,CLASS000311,EXACT_NORMALIZED_MATCH,수수료선취-온라인,선취,온라인,,True,,납입금액의 0.5% 이내,없음,없음,없음,1.014,0.291,1.140,1.015,"{""1y"":""153"",""2y"":""261"",""3y"":""372"",""5y"":""610"",""10y"":""1292""}","[{""label"":""management_fee"",""value"":""0.683""},{""label"":""trustee_fee"",""value"":""0.030""},{""label"":""admin_fee"",""value"":""0.010""}]","[4,13]",cell_grid,1.0,"클래스명: 수수료선취- 온라인(A-E) | 납입금액의 0.5% 이내 납입금액의 0.5% 이내 1.014 0.291 1.140 1.015 153 261 372 610 1,292"
FUND000024,KR5127450117,A-G,CLASS000315,EXACT_NORMALIZED_MATCH,수수료선취-오프라인-무권유저비용,선취,오프라인,,True,,납입금액의 0.7% 이내,없음,,없음,1.1310,0.408,-,1.131,"{""1y"":""185"",""2y"":""304"",""3y"":""428"",""5y"":""690"",""10y"":""1443""}","[{""label"":""management_fee"",""value"":""0.683""},{""label"":""trustee_fee"",""value"":""0.030""},{""label"":""admin_fee"",""value"":""0.010""}]","[13,29]",detail_table_cross_validated,0.7,"[상세표 보강] [(6, '0.408'), (7, '0.683'), (8, '0.030'), (9, '0.010')]"
FUND000024,KR5127450117,C,CLASS000302,EXACT_NORMALIZED_MATCH,수수료미징구-오프라인-보수체감,미징구,오프라인,,True,,없음,없음,,,2.223,1.500,1.600,2.223,"{""1y"":""226"",""2y"":""440"",""3y"":""643"",""5y"":""1033"",""10y"":""2125""}","[{""label"":""management_fee"",""value"":""0.683""},{""label"":""trustee_fee"",""value"":""0.030""},{""label"":""admin_fee"",""value"":""0.010""}]","[4,13]",cell_grid,1.0,"클래스명: 수수료미징구- 오프라인-보수체감(C) | 없음 없음 2.223 1.500 1.600 2.223 226 440 643 1,033 2,125"
FUND000024,KR5127450117,C-E,CLASS000307,EXACT_NORMALIZED_MATCH,수수료미징구-온라인,미징구,온라인,,True,온라인 가입,없음,없음,,없음,1.713,0.990,1.180,1.713,"{""1y"":""175"",""2y"":""355"",""3y"":""541"",""5y"":""932"",""10y"":""2030""}","[{""label"":""management_fee"",""value"":""0.683""},{""label"":""trustee_fee"",""value"":""0.030""},{""label"":""admin_fee"",""value"":""0.010""}]","[4,13]",cell_grid,1.0,"클래스명: 수수료미징구- 투자비용 온라인(C-E) | 없음 없음 1.713 0.990 1.180 1.713 175 355 541 932 2,030"
FUND000024,KR5127450117,C-F,CLASS000308,EXACT_NORMALIZED_MATCH,수수료미징구-오프라인-기관,미징구,오프라인,,False,,없음,없음,,없음,0.7530,0.030,-,0.754,"{""1y"":""77"",""2y"":""158"",""3y"":""241"",""5y"":""421"",""10y"":""940""}","[{""label"":""management_fee"",""value"":""0.683""},{""label"":""trustee_fee"",""value"":""0.030""},{""label"":""admin_fee"",""value"":""0.010""}]","[13,29]",detail_table_cross_validated,0.7,"[상세표 보강] [(6, '0.030'), (7, '0.683'), (8, '0.030'), (9, '0.010')]"
FUND000024,KR5127450117,C-G,CLASS000316,EXACT_NORMALIZED_MATCH,수수료미징구-오프라인-무권유저비용,미징구,오프라인,,True,,없음,없음,,없음,1.5970,0.874,-,1.597,"{""1y"":""163"",""2y"":""331"",""3y"":""505"",""5y"":""872"",""10y"":""1904""}","[{""label"":""management_fee"",""value"":""0.683""},{""label"":""trustee_fee"",""value"":""0.030""},{""label"":""admin_fee"",""value"":""0.010""}]","[13,29]",detail_table_cross_validated,0.7,"[상세표 보강] [(6, '0.874'), (7, '0.683'), (8, '0.030'), (9, '0.010')]"
FUND000024,KR5127450117,C-P,CLASS000312,EXACT_NORMALIZED_MATCH,수수료미징구-오프라인-개인연금,미징구,오프라인,개인연금,True,,없음,없음,,없음,1.5730,0.850,-,1.573,"{""1y"":""160"",""2y"":""326"",""3y"":""498"",""5y"":""859"",""10y"":""1878""}","[{""label"":""management_fee"",""value"":""0.683""},{""label"":""trustee_fee"",""value"":""0.030""},{""label"":""admin_fee"",""value"":""0.010""}]","[13,29]",detail_table_cross_validated,0.7,"[상세표 보강] [(6, '0.850'), (7, '0.683'), (8, '0.030'), (9, '0.010')]"
FUND000024,KR5127450117,C-Pe,CLASS000313,EXACT_NORMALIZED_MATCH,수수료미징구-온라인-개인연금,미징구,온라인,개인연금,True,,없음,없음,,없음,1.1480,0.425,-,1.148,"{""1y"":""117"",""2y"":""239"",""3y"":""365"",""5y"":""634"",""10y"":""1402""}","[{""label"":""management_fee"",""value"":""0.683""},{""label"":""trustee_fee"",""value"":""0.030""},{""label"":""admin_fee"",""value"":""0.010""}]","[13,29]",detail_table_cross_validated,0.7,"[상세표 보강] [(6, '0.425'), (7, '0.683'), (8, '0.030'), (9, '0.010')]"
FUND000024,KR5127450117,C-R,CLASS000306,EXACT_NORMALIZED_MATCH,수수료미징구-오프라인,미징구,오프라인,,True,,없음,없음,,없음,1.7230,1.000,-,1.723,"{""1y"":""176"",""2y"":""357"",""3y"":""544"",""5y"":""937"",""10y"":""2041""}","[{""label"":""management_fee"",""value"":""0.683""},{""label"":""trustee_fee"",""value"":""0.030""},{""label"":""admin_fee"",""value"":""0.010""}]","[13,29]",detail_table_cross_validated,0.7,"[상세표 보강] [(6, '1.000'), (7, '0.683'), (8, '0.030'), (9, '0.010')]"
FUND000024,KR5127450117,C-퇴직e,CLASS000317,EXACT_NORMALIZED_MATCH,수수료미징구-온라인-퇴직연금,미징구,온라인,퇴직연금,True,,없음,없음,,없음,1.0430,0.320,-,1.043,"{""1y"":""107"",""2y"":""217"",""3y"":""333"",""5y"":""577"",""10y"":""1281""}","[{""label"":""management_fee"",""value"":""0.683""},{""label"":""trustee_fee"",""value"":""0.030""},{""label"":""admin_fee"",""value"":""0.010""}]","[13,29]",detail_table_cross_validated,0.7,"[상세표 보강] [(6, '0.320'), (7, '0.683'), (8, '0.030'), (9, '0.010')]"
FUND000024,KR5127450117,C-퇴직연금,CLASS000310,EXACT_NORMALIZED_MATCH,수수료미징구-오프라인-퇴직연금,미징구,오프라인,퇴직연금,True,퇴직연금용,없음,없음,,없음,1.363,0.640,-,1.364,"{""1y"":""139"",""2y"":""283"",""3y"":""433"",""5y"":""749"",""10y"":""1647""}","[{""label"":""management_fee"",""value"":""0.683""},{""label"":""trustee_fee"",""value"":""0.030""},{""label"":""admin_fee"",""value"":""0.010""},{""label"":""other_expense"",""value"":""0.001""},{""label"":""transaction_cost"",""value"":""0.290""}]","[27,29]",detail_table_cross_validated,0.7,"[상세표 보강] [(1, '0.683'), (2, '0.640'), (3, '0.030'), (4, '0.010'), (5, '1.363'), (6, '0.001'), (7, '1.364'), (9, '1.364'), (10, '0.290')]"
FUND000024,KR5127450117,C2,CLASS000303,EXACT_NORMALIZED_MATCH,수수료미징구-오프라인-보수체감,미징구,오프라인,,True,,없음,없음,,없음,2.0530,1.330,-,2.053,{},"[{""label"":""management_fee"",""value"":""0.683""},{""label"":""trustee_fee"",""value"":""0.030""},{""label"":""admin_fee"",""value"":""0.010""}]",[13],detail_table_cross_validated,0.7,"[상세표 보강] [(6, '1.330'), (7, '0.683'), (8, '0.030'), (9, '0.010')]"
FUND000024,KR5127450117,C3,CLASS000304,EXACT_NORMALIZED_MATCH,수수료미징구-오프라인-보수체감,미징구,오프라인,,True,,없음,없음,,없음,1.8830,1.160,-,1.883,{},"[{""label"":""management_fee"",""value"":""0.683""},{""label"":""trustee_fee"",""value"":""0.030""},{""label"":""admin_fee"",""value"":""0.010""}]",[13],detail_table_cross_validated,0.7,"[상세표 보강] [(6, '1.160'), (7, '0.683'), (8, '0.030'), (9, '0.010')]"
FUND000024,KR5127450117,C4,CLASS000305,EXACT_NORMALIZED_MATCH,수수료미징구-오프라인-보수체감,미징구,오프라인,,True,,없음,없음,,없음,1.7230,1.000,-,1.723,{},"[{""label"":""management_fee"",""value"":""0.683""},{""label"":""trustee_fee"",""value"":""0.030""},{""label"":""admin_fee"",""value"":""0.010""}]",[13],detail_table_cross_validated,0.7,"[상세표 보강] [(6, '1.000'), (7, '0.683'), (8, '0.030'), (9, '0.010')]"
FUND000024,KR5127450117,S,CLASS000309,EXACT_NORMALIZED_MATCH,수수료후취-온라인슈퍼,후취,온라인슈퍼,,True,,없음,없음,,없음,0.9730,0.250,-,0.973,"{""1y"":""100"",""2y"":""203"",""3y"":""311"",""5y"":""540"",""10y"":""1199""}","[{""label"":""management_fee"",""value"":""0.683""},{""label"":""trustee_fee"",""value"":""0.030""},{""label"":""admin_fee"",""value"":""0.010""}]","[13,29]",detail_table_cross_validated,0.7,"[상세표 보강] [(6, '0.250'), (7, '0.683'), (8, '0.030'), (9, '0.010')]"
FUND000024,KR5127450117,S-P,CLASS000314,EXACT_NORMALIZED_MATCH,수수료미징구-온라인슈퍼-개인연금,미징구,온라인슈퍼,개인연금,True,,없음,없음,,없음,0.9530,0.230,-,0.953,"{""1y"":""98"",""2y"":""199"",""3y"":""304"",""5y"":""529"",""10y"":""1176""}","[{""label"":""management_fee"",""value"":""0.683""},{""label"":""trustee_fee"",""value"":""0.030""},{""label"":""admin_fee"",""value"":""0.010""}]","[13,29]",detail_table_cross_validated,0.7,"[상세표 보강] [(6, '0.230'), (7, '0.683'), (8, '0.030'), (9, '0.010')]"
FUND000024,KR5127450117,S-퇴직,CLASS000318,EXACT_NORMALIZED_MATCH,수수료미징구-온라인슈퍼-퇴직연금,미징구,온라인슈퍼,퇴직연금,True,,없음,없음,,없음,0.9430,0.220,-,0.943,"{""1y"":""97"",""2y"":""197"",""3y"":""301"",""5y"":""523"",""10y"":""1164""}","[{""label"":""management_fee"",""value"":""0.683""},{""label"":""trustee_fee"",""value"":""0.030""},{""label"":""admin_fee"",""value"":""0.010""}]","[13,30]",detail_table_cross_validated,0.7,"[상세표 보강] [(6, '0.220'), (7, '0.683'), (8, '0.030'), (9, '0.010')]"
FUND000025,KR5127450215,A,CLASS000319,EXACT_NORMALIZED_MATCH,수수료선취-오프라인,선취,오프라인,,True,제한없음,납입금액의 1.0%이내,없음,없음,,1.140,0.720,0.930,1.153,"{""1y"":""217"",""2y"":""338"",""3y"":""463"",""5y"":""730"",""10y"":""1494""}","[{""label"":""management_fee"",""value"":""0.385""},{""label"":""trustee_fee"",""value"":""0.020""},{""label"":""admin_fee"",""value"":""0.015""}]","[5,14]",cell_grid,1.0,"클래스명: 수수료선취- 오프라인(A) | 납입금액의 1.0%이내 납입금액의 1.0%이내 1.140 0.720 0.930 1.153 217 338 463 730 1,494"
FUND000025,KR5127450215,A-E,CLASS000320,EXACT_NORMALIZED_MATCH,수수료선취-온라인,선취,온라인,,True,온라인 가입,납입금액의 0.5%이내,없음,없음,,0.780,0.360,0.610,0.788,"{""1y"":""130"",""2y"":""214"",""3y"":""301"",""5y"":""487"",""10y"":""1026""}","[{""label"":""management_fee"",""value"":""0.385""},{""label"":""trustee_fee"",""value"":""0.020""},{""label"":""admin_fee"",""value"":""0.015""}]","[5,14]",cell_grid,1.0,"클래스명: 수수료선취- 온라인(A-E) | 납입금액의 0.5%이내 납입금액의 0.5%이내 0.780 0.360 0.610 0.788 130 214 301 487 1,026"
FUND000025,KR5127450215,A-G,CLASS000331,EXACT_NORMALIZED_MATCH,수수료선취-오프라인-무권유저비용,선취,오프라인,,True,판매회사 등 투자권유 없이 가입,납입금액의 0.7%이내,없음,없음,,0.9240,0.504,-,0.924,"{""1y"":""164"",""2y"":""261"",""3y"":""363"",""5y"":""580"",""10y"":""1204""}","[{""label"":""management_fee"",""value"":""0.385""},{""label"":""trustee_fee"",""value"":""0.020""},{""label"":""admin_fee"",""value"":""0.015""}]","[14,31]",detail_table_cross_validated,0.7,"[상세표 보강] [(6, '0.504'), (7, '0.385'), (8, '0.020'), (9, '0.015')]"
FUND000025,KR5127450215,C,CLASS000321,EXACT_NORMALIZED_MATCH,수수료미징구-오프라인,미징구,오프라인,,True,제한없음,없음,없음,없음,,1.420,1.000,1.350,1.422,"{""1y"":""145"",""2y"":""295"",""3y"":""451"",""5y"":""780"",""10y"":""1711""}","[{""label"":""management_fee"",""value"":""0.385""},{""label"":""trustee_fee"",""value"":""0.020""},{""label"":""admin_fee"",""value"":""0.015""}]","[5,14]",cell_grid,1.0,"클래스명: 수수료미징구- 오프라인(C) | - - 1.420 1.000 1.350 1.422 145 295 451 780 1,711"
FUND000025,KR5127450215,C-E,CLASS000322,EXACT_NORMALIZED_MATCH,수수료미징구-온라인,미징구,온라인,,True,온라인 가입,없음,없음,없음,,0.920,0.500,1.020,0.925,"{""1y"":""95"",""2y"":""193"",""3y"":""295"",""5y"":""514"",""10y"":""1143""}","[{""label"":""management_fee"",""value"":""0.385""},{""label"":""trustee_fee"",""value"":""0.020""},{""label"":""admin_fee"",""value"":""0.015""}]","[5,14]",cell_grid,1.0,"클래스명: 투자비용 수수료미징구- 온라인(C-E) | - - 0.920 0.500 1.020 0.925 95 193 295 514 1,143"
FUND000025,KR5127450215,C-F,CLASS000323,EXACT_NORMALIZED_MATCH,수수료미징구-오프라인-기관,미징구,오프라인,,False,"기금, 전문투자자, 50억원 이상 매입한 법인(또는 투자자)",없음,없음,없음,,0.4500,0.030,-,0.450,"{""1y"":""46"",""2y"":""94"",""3y"":""145"",""5y"":""253"",""10y"":""570""}","[{""label"":""management_fee"",""value"":""0.385""},{""label"":""trustee_fee"",""value"":""0.020""},{""label"":""admin_fee"",""value"":""0.015""}]","[14,31]",detail_table_cross_validated,0.7,"[상세표 보강] [(6, '0.030'), (7, '0.385'), (8, '0.020'), (9, '0.015')]"
FUND000025,KR5127450215,C-G,CLASS000332,EXACT_NORMALIZED_MATCH,수수료미징구-오프라인-무권유저비용,미징구,오프라인,,True,판매회사 등 투자권유 없이 가입,없음,없음,없음,,1.1200,0.700,-,1.120,"{""1y"":""115"",""2y"":""233"",""3y"":""357"",""5y"":""619"",""10y"":""1370""}","[{""label"":""management_fee"",""value"":""0.385""},{""label"":""trustee_fee"",""value"":""0.020""},{""label"":""admin_fee"",""value"":""0.015""}]","[14,31]",detail_table_cross_validated,0.7,"[상세표 보강] [(6, '0.700'), (7, '0.385'), (8, '0.020'), (9, '0.015')]"
FUND000025,KR5127450215,C-P,CLASS000326,EXACT_NORMALIZED_MATCH,수수료미징구-오프라인-개인연금,미징구,오프라인,개인연금,True,연금저축용,없음,없음,없음,,1.2200,0.800,-,1.221,"{""1y"":""125"",""2y"":""254"",""3y"":""388"",""5y"":""673"",""10y"":""1485""}","[{""label"":""management_fee"",""value"":""0.385""},{""label"":""trustee_fee"",""value"":""0.020""},{""label"":""admin_fee"",""value"":""0.015""}]","[14,31]",detail_table_cross_validated,0.7,"[상세표 보강] [(6, '0.800'), (7, '0.385'), (8, '0.020'), (9, '0.015')]"
FUND000025,KR5127450215,C-Pe,CLASS000327,EXACT_NORMALIZED_MATCH,수수료미징구-온라인-개인연금,미징구,온라인,개인연금,True,온라인 가입 연금저축용,없음,없음,없음,,0.8200,0.400,-,0.822,"{""1y"":""84"",""2y"":""172"",""3y"":""263"",""5y"":""458"",""10y"":""1021""}","[{""label"":""management_fee"",""value"":""0.385""},{""label"":""trustee_fee"",""value"":""0.020""},{""label"":""admin_fee"",""value"":""0.015""}]","[14,31]",detail_table_cross_validated,0.7,"[상세표 보강] [(6, '0.400'), (7, '0.385'), (8, '0.020'), (9, '0.015')]"
FUND000025,KR5127450215,C-W,CLASS000324,EXACT_NORMALIZED_MATCH,"수수료미징구-오프라인-랩,금전신탁",미징구,오프라인,금전신탁,False,"일임형 종합자산관리 계좌, 특정금전신탁",없음,없음,없음,,0.4200,0.000,-,0.420,"{""1y"":""43"",""2y"":""88"",""3y"":""135"",""5y"":""236"",""10y"":""533""}","[{""label"":""management_fee"",""value"":""0.385""},{""label"":""trustee_fee"",""value"":""0.020""},{""label"":""admin_fee"",""value"":""0.015""}]","[14,31]",detail_table_cross_validated,0.7,"[상세표 보강] [(6, '0.000'), (7, '0.385'), (8, '0.020'), (9, '0.015')]"
FUND000025,KR5127450215,C-퇴직,CLASS000329,EXACT_NORMALIZED_MATCH,수수료미징구-오프라인-퇴직연금,미징구,오프라인,퇴직연금,True,퇴직연금용,없음,없음,없음,,1.1200,0.700,-,1.120,"{""1y"":""115"",""2y"":""233"",""3y"":""357"",""5y"":""619"",""10y"":""1370""}","[{""label"":""management_fee"",""value"":""0.385""},{""label"":""trustee_fee"",""value"":""0.020""},{""label"":""admin_fee"",""value"":""0.015""}]","[14,31]",detail_table_cross_validated,0.7,"[상세표 보강] [(6, '0.700'), (7, '0.385'), (8, '0.020'), (9, '0.015')]"
FUND000025,KR5127450215,C-퇴직e,CLASS000330,EXACT_NORMALIZED_MATCH,수수료미징구-온라인-퇴직연금,미징구,온라인,퇴직연금,True,온라인 가입 퇴직연금용,없음,없음,없음,,0.7700,0.350,-,0.773,"{""1y"":""79"",""2y"":""162"",""3y"":""248"",""5y"":""431"",""10y"":""963""}","[{""label"":""management_fee"",""value"":""0.385""},{""label"":""trustee_fee"",""value"":""0.020""},{""label"":""admin_fee"",""value"":""0.015""}]","[14,31]",detail_table_cross_validated,0.7,"[상세표 보강] [(6, '0.350'), (7, '0.385'), (8, '0.020'), (9, '0.015')]"
FUND000025,KR5127450215,S,CLASS000325,EXACT_NORMALIZED_MATCH,수수료후취-온라인슈퍼,후취,온라인슈퍼,,True,공동판매채널 온라인 가입,없음,없음,없음,,0.7200,0.300,-,0.720,"{""1y"":""74"",""2y"":""151"",""3y"":""231"",""5y"":""402"",""10y"":""900""}","[{""label"":""management_fee"",""value"":""0.385""},{""label"":""trustee_fee"",""value"":""0.020""},{""label"":""admin_fee"",""value"":""0.015""}]","[14,31]",detail_table_cross_validated,0.7,"[상세표 보강] [(6, '0.300'), (7, '0.385'), (8, '0.020'), (9, '0.015')]"
FUND000025,KR5127450215,S-P,CLASS000328,EXACT_NORMALIZED_MATCH,수수료미징구-온라인슈퍼-개인연금,미징구,온라인슈퍼,개인연금,True,운용사 공동판매채널 온라인의 연금저축용,없음,없음,없음,,0.6600,0.240,-,0.660,"{""1y"":""68"",""2y"":""138"",""3y"":""212"",""5y"":""369"",""10y"":""827""}","[{""label"":""management_fee"",""value"":""0.385""},{""label"":""trustee_fee"",""value"":""0.020""},{""label"":""admin_fee"",""value"":""0.015""}]","[14,31]",detail_table_cross_validated,0.7,"[상세표 보강] [(6, '0.240'), (7, '0.385'), (8, '0.020'), (9, '0.015')]"
FUND000025,KR5127450217,A,CLASS000319,EXACT_NORMALIZED_MATCH,수수료선취-오프라인,선취,오프라인,,True,제한없음,납입금액의 1.0%이내,없음,없음,,1.140,0.720,0.930,1.153,"{""1y"":""217"",""2y"":""338"",""3y"":""463"",""5y"":""730"",""10y"":""1494""}","[{""label"":""management_fee"",""value"":""0.385""},{""label"":""trustee_fee"",""value"":""0.020""},{""label"":""admin_fee"",""value"":""0.015""}]","[5,14]",cell_grid,1.0,"클래스명: 수수료선취- 오프라인(A) | 납입금액의 1.0%이내 납입금액의 1.0%이내 1.140 0.720 0.930 1.153 217 338 463 730 1,494"
FUND000025,KR5127450217,A-E,CLASS000320,EXACT_NORMALIZED_MATCH,수수료선취-온라인,선취,온라인,,True,온라인 가입,납입금액의 0.5%이내,없음,없음,,0.780,0.360,0.610,0.788,"{""1y"":""130"",""2y"":""214"",""3y"":""301"",""5y"":""487"",""10y"":""1026""}","[{""label"":""management_fee"",""value"":""0.385""},{""label"":""trustee_fee"",""value"":""0.020""},{""label"":""admin_fee"",""value"":""0.015""}]","[5,14]",cell_grid,1.0,"클래스명: 수수료선취- 온라인(A-E) | 납입금액의 0.5%이내 납입금액의 0.5%이내 0.780 0.360 0.610 0.788 130 214 301 487 1,026"
FUND000025,KR5127450217,A-G,CLASS000331,EXACT_NORMALIZED_MATCH,수수료선취-오프라인-무권유저비용,선취,오프라인,,True,판매회사 등 투자권유 없이 가입,납입금액의 0.7%이내,없음,없음,,0.9240,0.504,-,0.924,"{""1y"":""164"",""2y"":""261"",""3y"":""363"",""5y"":""580"",""10y"":""1204""}","[{""label"":""management_fee"",""value"":""0.385""},{""label"":""trustee_fee"",""value"":""0.020""},{""label"":""admin_fee"",""value"":""0.015""}]","[14,31]",detail_table_cross_validated,0.7,"[상세표 보강] [(6, '0.504'), (7, '0.385'), (8, '0.020'), (9, '0.015')]"
FUND000025,KR5127450217,C,CLASS000321,EXACT_NORMALIZED_MATCH,수수료미징구-오프라인,미징구,오프라인,,True,제한없음,없음,없음,없음,,1.420,1.000,1.350,1.422,"{""1y"":""145"",""2y"":""295"",""3y"":""451"",""5y"":""780"",""10y"":""1711""}","[{""label"":""management_fee"",""value"":""0.385""},{""label"":""trustee_fee"",""value"":""0.020""},{""label"":""admin_fee"",""value"":""0.015""}]","[5,14]",cell_grid,1.0,"클래스명: 수수료미징구- 오프라인(C) | - - 1.420 1.000 1.350 1.422 145 295 451 780 1,711"
FUND000025,KR5127450217,C-E,CLASS000322,EXACT_NORMALIZED_MATCH,수수료미징구-온라인,미징구,온라인,,True,온라인 가입,없음,없음,없음,,0.920,0.500,1.020,0.925,"{""1y"":""95"",""2y"":""193"",""3y"":""295"",""5y"":""514"",""10y"":""1143""}","[{""label"":""management_fee"",""value"":""0.385""},{""label"":""trustee_fee"",""value"":""0.020""},{""label"":""admin_fee"",""value"":""0.015""}]","[5,14]",cell_grid,1.0,"클래스명: 투자비용 수수료미징구- 온라인(C-E) | - - 0.920 0.500 1.020 0.925 95 193 295 514 1,143"
FUND000025,KR5127450217,C-F,CLASS000323,EXACT_NORMALIZED_MATCH,수수료미징구-오프라인-기관,미징구,오프라인,,False,"기금, 전문투자자, 50억원 이상 매입한 법인(또는 투자자)",없음,없음,없음,,0.4500,0.030,-,0.450,"{""1y"":""46"",""2y"":""94"",""3y"":""145"",""5y"":""253"",""10y"":""570""}","[{""label"":""management_fee"",""value"":""0.385""},{""label"":""trustee_fee"",""value"":""0.020""},{""label"":""admin_fee"",""value"":""0.015""}]","[14,31]",detail_table_cross_validated,0.7,"[상세표 보강] [(6, '0.030'), (7, '0.385'), (8, '0.020'), (9, '0.015')]"
FUND000025,KR5127450217,C-G,CLASS000332,EXACT_NORMALIZED_MATCH,수수료미징구-오프라인-무권유저비용,미징구,오프라인,,True,판매회사 등 투자권유 없이 가입,없음,없음,없음,,1.1200,0.700,-,1.120,"{""1y"":""115"",""2y"":""233"",""3y"":""357"",""5y"":""619"",""10y"":""1370""}","[{""label"":""management_fee"",""value"":""0.385""},{""label"":""trustee_fee"",""value"":""0.020""},{""label"":""admin_fee"",""value"":""0.015""}]","[14,31]",detail_table_cross_validated,0.7,"[상세표 보강] [(6, '0.700'), (7, '0.385'), (8, '0.020'), (9, '0.015')]"
FUND000025,KR5127450217,C-P,CLASS000326,EXACT_NORMALIZED_MATCH,수수료미징구-오프라인-개인연금,미징구,오프라인,개인연금,True,연금저축용,없음,없음,없음,,1.2200,0.800,-,1.221,"{""1y"":""125"",""2y"":""254"",""3y"":""388"",""5y"":""673"",""10y"":""1485""}","[{""label"":""management_fee"",""value"":""0.385""},{""label"":""trustee_fee"",""value"":""0.020""},{""label"":""admin_fee"",""value"":""0.015""}]","[14,31]",detail_table_cross_validated,0.7,"[상세표 보강] [(6, '0.800'), (7, '0.385'), (8, '0.020'), (9, '0.015')]"
FUND000025,KR5127450217,C-Pe,CLASS000327,EXACT_NORMALIZED_MATCH,수수료미징구-온라인-개인연금,미징구,온라인,개인연금,True,온라인 가입 연금저축용,없음,없음,없음,,0.8200,0.400,-,0.822,"{""1y"":""84"",""2y"":""172"",""3y"":""263"",""5y"":""458"",""10y"":""1021""}","[{""label"":""management_fee"",""value"":""0.385""},{""label"":""trustee_fee"",""value"":""0.020""},{""label"":""admin_fee"",""value"":""0.015""}]","[14,31]",detail_table_cross_validated,0.7,"[상세표 보강] [(6, '0.400'), (7, '0.385'), (8, '0.020'), (9, '0.015')]"
FUND000025,KR5127450217,C-W,CLASS000324,EXACT_NORMALIZED_MATCH,"수수료미징구-오프라인-랩,금전신탁",미징구,오프라인,금전신탁,False,"일임형 종합자산관리 계좌, 특정금전신탁",없음,없음,없음,,0.4200,0.000,-,0.420,"{""1y"":""43"",""2y"":""88"",""3y"":""135"",""5y"":""236"",""10y"":""533""}","[{""label"":""management_fee"",""value"":""0.385""},{""label"":""trustee_fee"",""value"":""0.020""},{""label"":""admin_fee"",""value"":""0.015""}]","[14,31]",detail_table_cross_validated,0.7,"[상세표 보강] [(6, '0.000'), (7, '0.385'), (8, '0.020'), (9, '0.015')]"
FUND000025,KR5127450217,C-퇴직,CLASS000329,EXACT_NORMALIZED_MATCH,수수료미징구-오프라인-퇴직연금,미징구,오프라인,퇴직연금,True,퇴직연금용,없음,없음,없음,,1.1200,0.700,-,1.120,"{""1y"":""115"",""2y"":""233"",""3y"":""357"",""5y"":""619"",""10y"":""1370""}","[{""label"":""management_fee"",""value"":""0.385""},{""label"":""trustee_fee"",""value"":""0.020""},{""label"":""admin_fee"",""value"":""0.015""}]","[14,31]",detail_table_cross_validated,0.7,"[상세표 보강] [(6, '0.700'), (7, '0.385'), (8, '0.020'), (9, '0.015')]"
FUND000025,KR5127450217,C-퇴직e,CLASS000330,EXACT_NORMALIZED_MATCH,수수료미징구-온라인-퇴직연금,미징구,온라인,퇴직연금,True,온라인 가입 퇴직연금용,없음,없음,없음,,0.7700,0.350,-,0.773,"{""1y"":""79"",""2y"":""162"",""3y"":""248"",""5y"":""431"",""10y"":""963""}","[{""label"":""management_fee"",""value"":""0.385""},{""label"":""trustee_fee"",""value"":""0.020""},{""label"":""admin_fee"",""value"":""0.015""}]","[14,31]",detail_table_cross_validated,0.7,"[상세표 보강] [(6, '0.350'), (7, '0.385'), (8, '0.020'), (9, '0.015')]"
FUND000025,KR5127450217,S,CLASS000325,EXACT_NORMALIZED_MATCH,수수료후취-온라인슈퍼,후취,온라인슈퍼,,True,공동판매채널 온라인 가입,없음,없음,없음,,0.7200,0.300,-,0.720,"{""1y"":""74"",""2y"":""151"",""3y"":""231"",""5y"":""402"",""10y"":""900""}","[{""label"":""management_fee"",""value"":""0.385""},{""label"":""trustee_fee"",""value"":""0.020""},{""label"":""admin_fee"",""value"":""0.015""}]","[14,31]",detail_table_cross_validated,0.7,"[상세표 보강] [(6, '0.300'), (7, '0.385'), (8, '0.020'), (9, '0.015')]"
FUND000025,KR5127450217,S-P,CLASS000328,EXACT_NORMALIZED_MATCH,수수료미징구-온라인슈퍼-개인연금,미징구,온라인슈퍼,개인연금,True,운용사 공동판매채널 온라인의 연금저축용,없음,없음,없음,,0.6600,0.240,-,0.660,"{""1y"":""68"",""2y"":""138"",""3y"":""212"",""5y"":""369"",""10y"":""827""}","[{""label"":""management_fee"",""value"":""0.385""},{""label"":""trustee_fee"",""value"":""0.020""},{""label"":""admin_fee"",""value"":""0.015""}]","[14,31]",detail_table_cross_validated,0.7,"[상세표 보강] [(6, '0.240'), (7, '0.385'), (8, '0.020'), (9, '0.015')]"
FUND000026,KR5127450473,A,CLASS000333,EXACT_NORMALIZED_MATCH,수수료선취-오프라인,선취,오프라인,,True,제한없음,납입금액의 1.0% 이내,없음,없음,없음,1.320,0.560,1.420,1.322,"{""1y"":""234"",""2y"":""372"",""3y"":""516"",""5y"":""819"",""10y"":""1684""}","[{""label"":""management_fee"",""value"":""0.715""},{""label"":""trustee_fee"",""value"":""0.030""},{""label"":""admin_fee"",""value"":""0.015""}]","[5,14]",cell_grid,1.0,"클래스명: 수수료선취- 오프라인(A) | 납입금액의 1.0% 이내 납입금액의 1.0% 이내 1.320 0.560 1.420 1.322 234 372 516 819 1,684"
FUND000026,KR5127450473,A-E,CLASS000334,EXACT_NORMALIZED_MATCH,수수료선취-온라인,선취,온라인,,True,온라인 가입,납입금액의 0.5% 이내,없음,없음,없음,1.040,0.280,1.140,1.041,"{""1y"":""156"",""2y"":""266"",""3y"":""380"",""5y"":""623"",""10y"":""1322""}","[{""label"":""management_fee"",""value"":""0.715""},{""label"":""trustee_fee"",""value"":""0.030""},{""label"":""admin_fee"",""value"":""0.015""}]","[5,14]",cell_grid,1.0,"클래스명: 수수료선취- 온라인(A-E) 투자비용 | 납입금액의 0.5% 이내 납입금액의 0.5% 이내 1.040 0.280 1.140 1.041 156 266 380 623 1,322"
FUND000026,KR5127450473,A-G,CLASS000335,EXACT_NORMALIZED_MATCH,수수료선취-오프라인-무권유저비용,선취,오프라인,,True,판매회사 등 투자권유 없이 가입,납입금액의 0.7% 이내,없음,없음,없음,1.1520,0.392,-,1.152,"{""1y"":""187"",""2y"":""308"",""3y"":""434"",""5y"":""702"",""10y"":""1467""}","[{""label"":""management_fee"",""value"":""0.715""},{""label"":""trustee_fee"",""value"":""0.030""},{""label"":""admin_fee"",""value"":""0.015""}]","[14,31]",detail_table_cross_validated,0.7,"[상세표 보강] [(6, '0.392'), (7, '0.715'), (8, '0.030'), (9, '0.015')]"
FUND000026,KR5127450473,C,CLASS000336,EXACT_NORMALIZED_MATCH,수수료미징구-오프라인,미징구,오프라인,,True,제한없음,없음,없음,없음,없음,1.660,0.900,1.600,1.660,"{""1y"":""169"",""2y"":""344"",""3y"":""524"",""5y"":""904"",""10y"":""1973""}","[{""label"":""management_fee"",""value"":""0.715""},{""label"":""trustee_fee"",""value"":""0.030""},{""label"":""admin_fee"",""value"":""0.015""}]","[5,14]",cell_grid,1.0,"클래스명: 수수료미징구- 오프라인(C) | 없음 없음 1.660 0.900 1.600 1.660 169 344 524 904 1,973"
FUND000026,KR5127450473,C-E,CLASS000337,EXACT_NORMALIZED_MATCH,수수료미징구-온라인,미징구,온라인,,True,온라인 가입,없음,없음,없음,없음,1.210,0.450,1.180,1.211,"{""1y"":""124"",""2y"":""252"",""3y"":""385"",""5y"":""668"",""10y"":""1474""}","[{""label"":""management_fee"",""value"":""0.715""},{""label"":""trustee_fee"",""value"":""0.030""},{""label"":""admin_fee"",""value"":""0.015""}]","[5,14]",cell_grid,1.0,"클래스명: 수수료미징구- 온라인(C-E) | 없음 없음 1.210 0.450 1.180 1.211 124 252 385 668 1,474"
FUND000026,KR5127450473,C-F,CLASS000339,EXACT_NORMALIZED_MATCH,수수료미징구-오프라인-기관,미징구,오프라인,,False,"펀드, 기관투자자 등",없음,없음,없음,없음,0.7900,0.030,-,0.793,"{""1y"":""81"",""2y"":""166"",""3y"":""254"",""5y"":""442"",""10y"":""987""}","[{""label"":""management_fee"",""value"":""0.715""},{""label"":""trustee_fee"",""value"":""0.030""},{""label"":""admin_fee"",""value"":""0.015""}]","[14,31]",detail_table_cross_validated,0.7,"[상세표 보강] [(6, '0.030'), (7, '0.715'), (8, '0.030'), (9, '0.015')]"
FUND000026,KR5127450473,C-G,CLASS000338,EXACT_NORMALIZED_MATCH,수수료미징구-오프라인-무권유저비용,미징구,오프라인,,True,판매회사 등 투자권유 없이 가입,없음,없음,없음,없음,1.3900,0.630,-,1.390,"{""1y"":""142"",""2y"":""289"",""3y"":""441"",""5y"":""763"",""10y"":""1676""}","[{""label"":""management_fee"",""value"":""0.715""},{""label"":""trustee_fee"",""value"":""0.030""},{""label"":""admin_fee"",""value"":""0.015""}]","[14,31]",detail_table_cross_validated,0.7,"[상세표 보강] [(6, '0.630'), (7, '0.715'), (8, '0.030'), (9, '0.015')]"
FUND000026,KR5127450473,C-P,CLASS000343,EXACT_NORMALIZED_MATCH,수수료미징구-오프라인-개인연금,미징구,오프라인,개인연금,True,연금저축용,없음,없음,없음,없음,1.5250,0.765,-,1.525,"{""1y"":""156"",""2y"":""316"",""3y"":""483"",""5y"":""834"",""10y"":""1825""}","[{""label"":""management_fee"",""value"":""0.715""},{""label"":""trustee_fee"",""value"":""0.030""},{""label"":""admin_fee"",""value"":""0.015""}]","[14,31]",detail_table_cross_validated,0.7,"[상세표 보강] [(6, '0.765'), (7, '0.715'), (8, '0.030'), (9, '0.015')]"
FUND000026,KR5127450473,C-Pe,CLASS000344,EXACT_NORMALIZED_MATCH,수수료미징구-온라인-개인연금,미징구,온라인,개인연금,True,온라인 가입 연금저축용,없음,없음,없음,없음,1.1420,0.382,-,1.144,"{""1y"":""117"",""2y"":""238"",""3y"":""364"",""5y"":""632"",""10y"":""1397""}","[{""label"":""management_fee"",""value"":""0.715""},{""label"":""trustee_fee"",""value"":""0.030""},{""label"":""admin_fee"",""value"":""0.015""}]","[14,31]",detail_table_cross_validated,0.7,"[상세표 보강] [(6, '0.382'), (7, '0.715'), (8, '0.030'), (9, '0.015')]"
FUND000026,KR5127450473,C-W,CLASS000340,EXACT_NORMALIZED_MATCH,"수수료미징구-오프라인-랩,금전신탁",미징구,오프라인,금전신탁,False,"일임형 종합자산관리 계좌, 특정금전신탁",없음,없음,없음,없음,0.7600,0.000,-,0.760,"{""1y"":""78"",""2y"":""159"",""3y"":""243"",""5y"":""424"",""10y"":""948""}","[{""label"":""management_fee"",""value"":""0.715""},{""label"":""trustee_fee"",""value"":""0.030""},{""label"":""admin_fee"",""value"":""0.015""}]","[14,31]",detail_table_cross_validated,0.7,"[상세표 보강] [(6, '0.000'), (7, '0.715'), (8, '0.030'), (9, '0.015')]"
FUND000026,KR5127450473,C-퇴직,CLASS000345,EXACT_NORMALIZED_MATCH,수수료미징구-오프라인-퇴직연금,미징구,오프라인,퇴직연금,True,퇴직연금용,없음,없음,없음,없음,1.4800,0.720,-,1.481,"{""1y"":""151"",""2y"":""307"",""3y"":""469"",""5y"":""811"",""10y"":""1777""}","[{""label"":""management_fee"",""value"":""0.715""},{""label"":""trustee_fee"",""value"":""0.030""},{""label"":""admin_fee"",""value"":""0.015""}]","[14,31]",detail_table_cross_validated,0.7,"[상세표 보강] [(6, '0.720'), (7, '0.715'), (8, '0.030'), (9, '0.015')]"
FUND000026,KR5127450473,C-퇴직e,CLASS000346,EXACT_NORMALIZED_MATCH,수수료미징구-온라인-퇴직연금,미징구,온라인,퇴직연금,True,온라인 가입 퇴직연금용,없음,없음,없음,없음,1.1200,0.360,-,1.125,"{""1y"":""115"",""2y"":""234"",""3y"":""358"",""5y"":""621"",""10y"":""1376""}","[{""label"":""management_fee"",""value"":""0.715""},{""label"":""trustee_fee"",""value"":""0.030""},{""label"":""admin_fee"",""value"":""0.015""}]","[14,31]",detail_table_cross_validated,0.7,"[상세표 보강] [(6, '0.360'), (7, '0.715'), (8, '0.030'), (9, '0.015')]"
FUND000026,KR5127450473,S,CLASS000341,EXACT_NORMALIZED_MATCH,수수료후취-온라인슈퍼,후취,온라인슈퍼,,True,,없음,없음,없음,없음,1.0300,0.270,-,1.030,"{""1y"":""105"",""2y"":""215"",""3y"":""328"",""5y"":""570"",""10y"":""1266""}","[{""label"":""management_fee"",""value"":""0.715""},{""label"":""trustee_fee"",""value"":""0.030""},{""label"":""admin_fee"",""value"":""0.015""}]","[14,31]",detail_table_cross_validated,0.7,"[상세표 보강] [(6, '0.270'), (7, '0.715'), (8, '0.030'), (9, '0.015')]"
FUND000026,KR5127450473,S-P,CLASS000342,EXACT_NORMALIZED_MATCH,수수료미징구-온라인슈퍼-개인연금,미징구,온라인슈퍼,개인연금,True,운용사 공동판매채널 온라인의 연금저축용,없음,없음,없음,없음,0.9760,0.216,-,0.976,"{""1y"":""100"",""2y"":""204"",""3y"":""312"",""5y"":""541"",""10y"":""1203""}","[{""label"":""management_fee"",""value"":""0.715""},{""label"":""trustee_fee"",""value"":""0.030""},{""label"":""admin_fee"",""value"":""0.015""}]","[14,31]",detail_table_cross_validated,0.7,"[상세표 보강] [(6, '0.216'), (7, '0.715'), (8, '0.030'), (9, '0.015')]"
FUND000026,KR5127450473,S-퇴직,CLASS000347,EXACT_NORMALIZED_MATCH,수수료미징구-온라인슈퍼-퇴직연금,미징구,온라인슈퍼,퇴직연금,True,운용사 공동판매채널 온라인의 퇴직연금용,없음,없음,없음,없음,0.9660,0.206,-,0.966,"{""1y"":""99"",""2y"":""202"",""3y"":""308"",""5y"":""536"",""10y"":""1191""}","[{""label"":""management_fee"",""value"":""0.715""},{""label"":""trustee_fee"",""value"":""0.030""},{""label"":""admin_fee"",""value"":""0.015""}]","[14,31]",detail_table_cross_validated,0.7,"[상세표 보강] [(6, '0.206'), (7, '0.715'), (8, '0.030'), (9, '0.015')]"
FUND000036,KR5129420025,A,CLASS000494,EXACT_NORMALIZED_MATCH,수수료선취-오프라인,선취,오프라인,,True,,0.2%,없음,없음,없음,0.107,0.01,0.34,0.1165,"{""1y"":""32"",""2y"":""44"",""3y"":""58"",""5y"":""86"",""10y"":""170""}","[{""label"":""management_fee"",""value"":""0.07""},{""label"":""trustee_fee"",""value"":""0.015""},{""label"":""admin_fee"",""value"":""0.012""},{""label"":""other_expense"",""value"":""0.0023""},{""label"":""transaction_cost"",""value"":""0.0039""}]","[6,49]",cell_grid,1.0,클래스명: 수수료선취- 투자비용 오프라인(A) | 납입금액의 0.2% 수수료선취- 오프라인(A) 납입금액의 0.2% 0.107 0.01 0.34 0.1165 32 44 58 86 170
FUND000036,KR5129420025,A-e,CLASS000495,EXACT_NORMALIZED_MATCH,수수료선취-온라인,선취,온라인,,True,,0.1% 이하1),없음,없음,없음,0.102,0.005,0.25,0.1116,"{""1y"":""21"",""2y"":""33"",""3y"":""46"",""5y"":""73"",""10y"":""154""}","[{""label"":""management_fee"",""value"":""0.07""},{""label"":""trustee_fee"",""value"":""0.015""},{""label"":""admin_fee"",""value"":""0.012""},{""label"":""other_expense"",""value"":""0.0023""},{""label"":""transaction_cost"",""value"":""0.0039""}]","[6,49]",cell_grid,1.0,클래스명: 수수료선취- 온라인(A-e) | 납입금액의 0.1% 이하 수수료선취- 온라인(A-e) 납입금액의 0.1% 이하 0.102 0.005 0.25 0.1116 21 33 46 73 154
FUND000036,KR5129420025,A-u,CLASS000496,EXACT_NORMALIZED_MATCH,수수료선취-오프라인-전환가능,선취,오프라인,,True,,1.0% 이하1),없음,없음,없음,0.195,0.098,-,0.2021,"{""1y"":""121"",""2y"":""142"",""3y"":""165"",""5y"":""188"",""10y"":""213""}","[{""label"":""management_fee"",""value"":""0.07""},{""label"":""trustee_fee"",""value"":""0.015""},{""label"":""admin_fee"",""value"":""0.012""},{""label"":""transaction_cost"",""value"":""0.0048""}]","[49,51]",detail_table_cross_validated,0.7,"[상세표 보강] [(1, '0.07'), (3, '0.098'), (4, '0.015'), (7, '0.012'), (8, '0.195'), (10, '0.1950'), (12, '0.2021'), (14, '0.0048')]"
FUND000036,KR5129420025,A-u2,CLASS000497,EXACT_NORMALIZED_MATCH,수수료선취-오프라인-전환가능,선취,오프라인,,True,,1.0% 이하1),없음,없음,없음,0.187,0.090,-,0.1942,"{""1y"":""120"",""2y"":""140"",""3y"":""162"",""5y"":""185"",""10y"":""209""}","[{""label"":""management_fee"",""value"":""0.07""},{""label"":""trustee_fee"",""value"":""0.015""},{""label"":""admin_fee"",""value"":""0.012""},{""label"":""transaction_cost"",""value"":""0.0039""}]","[49,51]",detail_table_cross_validated,0.7,"[상세표 보강] [(1, '0.07'), (3, '0.090'), (4, '0.015'), (7, '0.012'), (8, '0.187'), (10, '0.1870'), (12, '0.1942'), (14, '0.0039')]"
FUND000036,KR5129420025,AG,CLASS000507,EXACT_NORMALIZED_MATCH,수수료선취-오프라인-무권유저비용,선취,오프라인,,True,,0.15% 이하1),없음,없음,없음,0.105,0.008,-,0.1050,"{""1y"":""26"",""2y"":""37"",""3y"":""49"",""5y"":""74"",""10y"":""150""}","[{""label"":""management_fee"",""value"":""0.07""},{""label"":""trustee_fee"",""value"":""0.015""},{""label"":""admin_fee"",""value"":""0.012""}]","[50,51]",detail_table_cross_validated,0.7,"[상세표 보강] [(1, '0.07'), (2, '0.008'), (3, '0.015'), (4, '0.012'), (5, '0.105'), (7, '0.1050'), (9, '0.1050')]"
FUND000036,KR5129420025,C,CLASS000498,EXACT_NORMALIZED_MATCH,수수료미징구-오프라인,미징구,오프라인,,True,,없음,없음,없음,없음,0.247,0.15,0.39,0.2565,"{""1y"":""26"",""2y"":""54"",""3y"":""83"",""5y"":""145"",""10y"":""331""}","[{""label"":""management_fee"",""value"":""0.07""},{""label"":""trustee_fee"",""value"":""0.015""},{""label"":""admin_fee"",""value"":""0.012""},{""label"":""other_expense"",""value"":""0.0023""},{""label"":""transaction_cost"",""value"":""0.0039""}]","[6,49]",cell_grid,1.0,클래스명: 수수료미징구- 오프라인(C) | 없음 수수료미징구- 오프라인(C) 없음 0.247 0.15 0.39 0.2565 26 54 83 145 331
FUND000036,KR5129420025,C-P(연금저축),,NEW_CLASS,수수료미징구-오프라인-개인연금,미징구,오프라인,개인연금,True,,없음,없음,없음,없음,0.207,0.110,-,0.2165,"{""1y"":""22"",""2y"":""45"",""3y"":""70"",""5y"":""123"",""10y"":""279""}","[{""label"":""management_fee"",""value"":""0.07""},{""label"":""trustee_fee"",""value"":""0.015""},{""label"":""admin_fee"",""value"":""0.012""},{""label"":""other_expense"",""value"":""0.0023""},{""label"":""transaction_cost"",""value"":""0.0039""}]","[49,51]",detail_table_cross_validated,0.7,"[상세표 보강] [(1, '0.07'), (3, '0.110'), (4, '0.015'), (7, '0.012'), (8, '0.207'), (9, '0.0023'), (10, '0.2093'), (12, '0.2165'), (14, '0.0039')]"
FUND000036,KR5129420025,C-Pe(연금저축),,NEW_CLASS,수수료미징구-온라인-개인연금,미징구,온라인,개인연금,True,,없음,없음,없음,없음,0.152,0.055,-,0.1616,"{""1y"":""17"",""2y"":""34"",""3y"":""52"",""5y"":""92"",""10y"":""208""}","[{""label"":""management_fee"",""value"":""0.07""},{""label"":""trustee_fee"",""value"":""0.015""},{""label"":""admin_fee"",""value"":""0.012""},{""label"":""other_expense"",""value"":""0.0024""},{""label"":""transaction_cost"",""value"":""0.0039""}]","[50,51]",detail_table_cross_validated,0.7,"[상세표 보강] [(1, '0.07'), (2, '0.055'), (3, '0.015'), (4, '0.012'), (5, '0.152'), (6, '0.0024'), (7, '0.1544'), (9, '0.1616'), (10, '0.0039')]"
FUND000036,KR5129420025,C-Pu(연금저축),,NEW_CLASS,수수료미징구-오프라인-전환가능,미징구,오프라인,개인연금,True,,없음,없음,없음,없음,0.182,0.085,-,0.1892,"{""1y"":""19"",""2y"":""40"",""3y"":""61"",""5y"":""107"",""10y"":""244""}","[{""label"":""management_fee"",""value"":""0.07""},{""label"":""trustee_fee"",""value"":""0.015""},{""label"":""admin_fee"",""value"":""0.012""},{""label"":""transaction_cost"",""value"":""0.0038""}]","[50,51]",detail_table_cross_validated,0.7,"[상세표 보강] [(1, '0.07'), (2, '0.085'), (3, '0.015'), (4, '0.012'), (5, '0.182'), (7, '0.1820'), (9, '0.1892'), (10, '0.0038')]"
FUND000036,KR5129420025,C-RP(퇴직연금),,NEW_CLASS,수수료미징구-오프라인-퇴직연금,미징구,오프라인,퇴직연금,True,,없음,없음,없음,없음,0.197,0.100,-,0.2065,"{""1y"":""21"",""2y"":""43"",""3y"":""67"",""5y"":""117"",""10y"":""266""}","[{""label"":""management_fee"",""value"":""0.07""},{""label"":""trustee_fee"",""value"":""0.015""},{""label"":""admin_fee"",""value"":""0.012""},{""label"":""other_expense"",""value"":""0.0023""},{""label"":""transaction_cost"",""value"":""0.0039""}]","[50,51]",detail_table_cross_validated,0.7,"[상세표 보강] [(1, '0.07'), (2, '0.100'), (3, '0.015'), (4, '0.012'), (5, '0.197'), (6, '0.0023'), (7, '0.1993'), (9, '0.2065'), (10, '0.0039')]"
FUND000036,KR5129420025,C-RPe(퇴직연금),,NEW_CLASS,수수료미징구-온라인-퇴직연금,미징구,온라인,퇴직연금,True,,없음,없음,없음,없음,0.147,0.050,-,0.1566,"{""1y"":""16"",""2y"":""33"",""3y"":""51"",""5y"":""89"",""10y"":""202""}","[{""label"":""management_fee"",""value"":""0.07""},{""label"":""trustee_fee"",""value"":""0.015""},{""label"":""admin_fee"",""value"":""0.012""},{""label"":""other_expense"",""value"":""0.0024""},{""label"":""transaction_cost"",""value"":""0.0039""}]","[50,51]",detail_table_cross_validated,0.7,"[상세표 보강] [(1, '0.07'), (2, '0.050'), (3, '0.015'), (4, '0.012'), (5, '0.147'), (6, '0.0024'), (7, '0.1494'), (9, '0.1566'), (10, '0.0039')]"
FUND000036,KR5129420025,C-e,CLASS000499,EXACT_NORMALIZED_MATCH,수수료미징구-온라인,미징구,온라인,,True,,없음,없음,없음,없음,0.172,0.075,0.25,0.1815,"{""1y"":""19"",""2y"":""38"",""3y"":""59"",""5y"":""103"",""10y"":""234""}","[{""label"":""management_fee"",""value"":""0.07""},{""label"":""trustee_fee"",""value"":""0.015""},{""label"":""admin_fee"",""value"":""0.012""},{""label"":""other_expense"",""value"":""0.0023""},{""label"":""transaction_cost"",""value"":""0.0039""}]","[6,49]",cell_grid,1.0,클래스명: 수수료미징구- 온라인(C-e) | 없음 수수료미징구- 온라인(C-e) 없음 0.172 0.075 0.25 0.1815 19 38 59 103 234
FUND000036,KR5129420025,C-w,CLASS000505,EXACT_NORMALIZED_MATCH,수수료미징구-오프라인-랩,미징구,오프라인,,False,,없음,없음,없음,없음,0.097,0.000,-,0.1065,"{""1y"":""11"",""2y"":""22"",""3y"":""34"",""5y"":""60"",""10y"":""137""}","[{""label"":""management_fee"",""value"":""0.07""},{""label"":""trustee_fee"",""value"":""0.015""},{""label"":""admin_fee"",""value"":""0.012""},{""label"":""other_expense"",""value"":""0.0023""},{""label"":""transaction_cost"",""value"":""0.0039""}]","[50,49,51]",detail_table_cross_validated,0.7,"[상세표 보강] [(1, '0.07'), (2, '0.000'), (3, '0.015'), (4, '0.012'), (5, '0.097'), (6, '0.0023'), (7, '0.0993'), (9, '0.1065'), (10, '0.0039')]"
FUND000036,KR5129420025,CG,CLASS000508,EXACT_NORMALIZED_MATCH,수수료미징구-오프라인-무권유저비용,미징구,오프라인,,True,,없음,없음,없음,없음,0.177,0.080,-,0.1842,"{""1y"":""19"",""2y"":""39"",""3y"":""60"",""5y"":""104"",""10y"":""237""}","[{""label"":""management_fee"",""value"":""0.07""},{""label"":""trustee_fee"",""value"":""0.015""},{""label"":""admin_fee"",""value"":""0.012""},{""label"":""transaction_cost"",""value"":""0.0039""}]","[50,49,51]",detail_table_cross_validated,0.7,"[상세표 보강] [(1, '0.07'), (2, '0.080'), (3, '0.015'), (4, '0.012'), (5, '0.177'), (7, '0.1770'), (9, '0.1842'), (10, '0.0039')]"
FUND000036,KR5129420025,I,CLASS000506,EXACT_NORMALIZED_MATCH,"수수료미징구-오프라인-펀드등,고액",미징구,오프라인,,False,,없음,없음,없음,없음,0.127,0.030,-,0.1365,"{""1y"":""14"",""2y"":""29"",""3y"":""44"",""5y"":""77"",""10y"":""176""}","[{""label"":""management_fee"",""value"":""0.07""},{""label"":""trustee_fee"",""value"":""0.015""},{""label"":""admin_fee"",""value"":""0.012""},{""label"":""other_expense"",""value"":""0.0023""},{""label"":""transaction_cost"",""value"":""0.0039""}]","[50,49,51]",detail_table_cross_validated,0.7,"[상세표 보강] [(1, '0.07'), (2, '0.030'), (3, '0.015'), (4, '0.012'), (5, '0.127'), (6, '0.0023'), (7, '0.1293'), (9, '0.1365'), (10, '0.0039')]"
FUND000037,KR5129420031,A,CLASS000509,EXACT_NORMALIZED_MATCH,수수료선취-오프라인,선취,오프라인,,True,,0.30%이내,없음,없음,없음,0.282,0.18,0.34,0.2929,"{""1y"":""60"",""2y"":""91"",""3y"":""124"",""5y"":""195"",""10y"":""406""}","[{""label"":""management_fee"",""value"":""0.07""},{""label"":""trustee_fee"",""value"":""0.02""},{""label"":""admin_fee"",""value"":""0.012""},{""label"":""other_expense"",""value"":""0.0024""},{""label"":""transaction_cost"",""value"":""0.0154""}]","[6,37]",cell_grid,1.0,클래스명: 수수료선취- 오프라인(A) | 납입금액의 0.30% 이내 납입금액의 0.30% 이내 0.282 0.18 0.34 0.2929 60 91 124 195 406
FUND000037,KR5129420031,A-e,CLASS000510,EXACT_NORMALIZED_MATCH,수수료선취-온라인,선취,온라인,,True,,0.15%이내,없음,없음,없음,0.232,0.13,0.25,0.2429,"{""1y"":""40"",""2y"":""66"",""3y"":""93"",""5y"":""152"",""10y"":""328""}","[{""label"":""management_fee"",""value"":""0.07""},{""label"":""trustee_fee"",""value"":""0.02""},{""label"":""admin_fee"",""value"":""0.012""},{""label"":""other_expense"",""value"":""0.0024""},{""label"":""transaction_cost"",""value"":""0.0155""}]","[7,37]",cell_grid,1.0,클래스명: 수수료선취- 온라인(A-e) | 납입금액의 0.15% 이내 납입금액의 0.15% 이내 0.232 0.13 0.25 0.2429 40 66 93 152 328
FUND000037,KR5129420031,C,CLASS000511,EXACT_NORMALIZED_MATCH,수수료미징구-오프라인,미징구,오프라인,,True,,없음,없음,없음,없음,0.412,0.31,0.40,0.4229,"{""1y"":""43"",""2y"":""89"",""3y"":""137"",""5y"":""240"",""10y"":""545""}","[{""label"":""management_fee"",""value"":""0.07""},{""label"":""trustee_fee"",""value"":""0.02""},{""label"":""admin_fee"",""value"":""0.012""},{""label"":""other_expense"",""value"":""0.0024""},{""label"":""transaction_cost"",""value"":""0.0153""}]","[7,37]",cell_grid,1.0,클래스명: 수수료미징구- 오프라인(C) | 없음 없음 0.412 0.31 0.40 0.4229 43 89 137 240 545
FUND000037,KR5129420031,C-P(연금저축),,NEW_CLASS,수수료미징구-오프라인-개인연금,미징구,오프라인,개인연금,True,,없음,없음,없음,없음,0.352,0.25,-,0.3629,"{""1y"":""37"",""2y"":""76"",""3y"":""117"",""5y"":""206"",""10y"":""468""}","[{""label"":""management_fee"",""value"":""0.07""},{""label"":""trustee_fee"",""value"":""0.02""},{""label"":""admin_fee"",""value"":""0.012""},{""label"":""other_expense"",""value"":""0.0024""},{""label"":""transaction_cost"",""value"":""0.0153""}]","[37,39]",detail_table_cross_validated,0.7,"[상세표 보강] [(1, '0.07'), (2, '0.25'), (3, '0.02'), (4, '0.012'), (5, '0.352'), (6, '0.0024'), (7, '0.3544'), (9, '0.3629'), (11, '0.0153')]"
FUND000037,KR5129420031,C-Pe(연금저축),,NEW_CLASS,수수료미징구-온라인-개인연금,미징구,온라인,개인연금,True,,없음,없음,없음,없음,0.267,0.165,-,0.2778,"{""1y"":""28"",""2y"":""58"",""3y"":""90"",""5y"":""157"",""10y"":""358""}","[{""label"":""management_fee"",""value"":""0.07""},{""label"":""trustee_fee"",""value"":""0.02""},{""label"":""admin_fee"",""value"":""0.012""},{""label"":""other_expense"",""value"":""0.0023""},{""label"":""transaction_cost"",""value"":""0.0153""}]","[37,39]",detail_table_cross_validated,0.7,"[상세표 보강] [(1, '0.07'), (2, '0.165'), (3, '0.02'), (4, '0.012'), (5, '0.267'), (6, '0.0023'), (7, '0.2693'), (9, '0.2778'), (11, '0.0153')]"
FUND000037,KR5129420031,C-RP(퇴직연금),,NEW_CLASS,수수료미징구-오프라인-퇴직연금,미징구,오프라인,퇴직연금,True,,없음,없음,없음,없음,0.342,0.24,-,0.3529,"{""1y"":""36"",""2y"":""74"",""3y"":""114"",""5y"":""200"",""10y"":""455""}","[{""label"":""management_fee"",""value"":""0.07""},{""label"":""trustee_fee"",""value"":""0.02""},{""label"":""admin_fee"",""value"":""0.012""},{""label"":""other_expense"",""value"":""0.0024""},{""label"":""transaction_cost"",""value"":""0.0153""}]","[37,39]",detail_table_cross_validated,0.7,"[상세표 보강] [(1, '0.07'), (2, '0.24'), (3, '0.02'), (4, '0.012'), (5, '0.342'), (6, '0.0024'), (7, '0.3444'), (9, '0.3529'), (11, '0.0153')]"
FUND000037,KR5129420031,C-RPe(퇴직연금),,NEW_CLASS,수수료미징구-온라인-퇴직연금,미징구,온라인,퇴직연금,True,,없음,없음,없음,없음,0.262,0.16,-,0.2730,"{""1y"":""28"",""2y"":""57"",""3y"":""88"",""5y"":""155"",""10y"":""352""}","[{""label"":""management_fee"",""value"":""0.07""},{""label"":""trustee_fee"",""value"":""0.02""},{""label"":""admin_fee"",""value"":""0.012""},{""label"":""other_expense"",""value"":""0.0025""},{""label"":""transaction_cost"",""value"":""0.0153""}]","[37,39]",detail_table_cross_validated,0.7,"[상세표 보강] [(1, '0.07'), (2, '0.16'), (3, '0.02'), (4, '0.012'), (5, '0.262'), (6, '0.0025'), (7, '0.2645'), (9, '0.2730'), (11, '0.0153')]"
FUND000037,KR5129420031,C-e,CLASS000512,EXACT_NORMALIZED_MATCH,수수료미징구-온라인,미징구,온라인,,True,,없음,없음,없음,없음,0.362,0.26,0.27,0.3729,"{""1y"":""38"",""2y"":""78"",""3y"":""120"",""5y"":""211"",""10y"":""481""}","[{""label"":""management_fee"",""value"":""0.07""},{""label"":""trustee_fee"",""value"":""0.02""},{""label"":""admin_fee"",""value"":""0.012""},{""label"":""other_expense"",""value"":""0.0024""},{""label"":""transaction_cost"",""value"":""0.0154""}]","[7,37]",cell_grid,1.0,클래스명: 수수료미징구- 온라인(C-e) | 없음 없음 0.362 0.26 0.27 0.3729 38 78 120 211 481
FUND000037,KR5129420031,C-g,CLASS000513,EXACT_NORMALIZED_MATCH,수수료미징구-오프라인-사원복지연기금,미징구,오프라인,,True,,없음,없음,없음,없음,0.332,0.23,-,0.3320,"{""1y"":""34"",""2y"":""70"",""3y"":""107"",""5y"":""188"",""10y"":""428""}","[{""label"":""management_fee"",""value"":""0.07""},{""label"":""trustee_fee"",""value"":""0.02""},{""label"":""admin_fee"",""value"":""0.012""}]","[37,36,39]",detail_table_cross_validated,0.7,"[상세표 보강] [(1, '0.07'), (2, '0.23'), (3, '0.02'), (4, '0.012'), (5, '0.332'), (7, '0.3320'), (9, '0.3320')]"
FUND000037,KR5129420031,C-i,CLASS000514,EXACT_NORMALIZED_MATCH,수수료미징구-오프라인-고액,미징구,오프라인,,False,,없음,없음,없음,없음,0.212,0.11,-,0.2229,"{""1y"":""23"",""2y"":""47"",""3y"":""72"",""5y"":""126"",""10y"":""287""}","[{""label"":""management_fee"",""value"":""0.07""},{""label"":""trustee_fee"",""value"":""0.02""},{""label"":""admin_fee"",""value"":""0.012""},{""label"":""other_expense"",""value"":""0.0024""},{""label"":""transaction_cost"",""value"":""0.0153""}]","[37,36,39]",detail_table_cross_validated,0.7,"[상세표 보강] [(1, '0.07'), (2, '0.11'), (3, '0.02'), (4, '0.012'), (5, '0.212'), (6, '0.0024'), (7, '0.2144'), (9, '0.2229'), (11, '0.0153')]"
FUND000037,KR5129420031,Cf-RP(퇴직연금),,NEW_CLASS,"수수료미징구-오프라인-퇴직연금,펀드등",미징구,오프라인,퇴직연금,False,,없음,없음,없음,없음,0.202,0.10,-,0.2020,"{""1y"":""21"",""2y"":""42"",""3y"":""65"",""5y"":""114"",""10y"":""260""}","[{""label"":""management_fee"",""value"":""0.07""},{""label"":""trustee_fee"",""value"":""0.02""},{""label"":""admin_fee"",""value"":""0.012""}]","[37,39]",detail_table_cross_validated,0.7,"[상세표 보강] [(1, '0.07'), (2, '0.10'), (3, '0.02'), (4, '0.012'), (5, '0.202'), (7, '0.2020'), (9, '0.2020')]"
FUND000037,KR5129420031,Ci-RP(퇴직연금),,NEW_CLASS,"수수료미징구-오프라인-퇴직연금,고액",미징구,오프라인,퇴직연금,False,,없음,없음,없음,없음,0.257,0.155,-,0.2600,"{""1y"":""27"",""2y"":""55"",""3y"":""84"",""5y"":""147"",""10y"":""335""}","[{""label"":""management_fee"",""value"":""0.07""},{""label"":""trustee_fee"",""value"":""0.02""},{""label"":""admin_fee"",""value"":""0.012""},{""label"":""other_expense"",""value"":""0.0025""},{""label"":""transaction_cost"",""value"":""0.0153""}]","[37,39]",detail_table_cross_validated,0.7,"[상세표 보강] [(1, '0.07'), (2, '0.155'), (3, '0.02'), (4, '0.012'), (5, '0.257'), (6, '0.0025'), (7, '0.2595'), (9, '0.2600'), (11, '0.0153')]"
FUND000037,KR5129420031,Cw,CLASS000521,EXACT_NORMALIZED_MATCH,"수수료미징구-오프라인-기관,펀드등",미징구,오프라인,,False,,없음,없음,없음,없음,0.1020,0.00,-,0.1129,"{""1y"":""12"",""2y"":""24"",""3y"":""36"",""5y"":""64"",""10y"":""146""}","[{""label"":""management_fee"",""value"":""0.07""},{""label"":""trustee_fee"",""value"":""0.02""},{""label"":""admin_fee"",""value"":""0.012""},{""label"":""other_expense"",""value"":""0.0024""},{""label"":""transaction_cost"",""value"":""0.0153""}]","[37,39]",detail_table_cross_validated,0.7,"[상세표 보강] [(1, '0.07'), (2, '0.00'), (3, '0.02'), (4, '0.012'), (5, '0.1020'), (6, '0.0024'), (7, '0.1044'), (9, '0.1129'), (11, '0.0153')]"
FUND000037,KR5129420031,J-Pe(연금저축),,NEW_CLASS,수수료미징구-온라인직접판매-개인연금,미징구,온라인직접판매,개인연금,True,,없음,없음,없음,없음,0.227,0.125,-,0.2355,"{""1y"":""24"",""2y"":""49"",""3y"":""76"",""5y"":""133"",""10y"":""304""}","[{""label"":""management_fee"",""value"":""0.07""},{""label"":""trustee_fee"",""value"":""0.02""},{""label"":""admin_fee"",""value"":""0.012""},{""label"":""other_expense"",""value"":""0.00""},{""label"":""transaction_cost"",""value"":""0.0153""}]","[38,39]",detail_table_cross_validated,0.7,"[상세표 보강] [(1, '0.07'), (2, '0.125'), (3, '0.02'), (4, '0.012'), (5, '0.227'), (6, '0.00'), (7, '0.2270'), (9, '0.2355'), (10, '0.0153')]"
FUND000037,KR5129420031,J-RPe(퇴직연금),,NEW_CLASS,수수료미징구-온라인직접판매-퇴직연금,미징구,온라인직접판매,퇴직연금,True,,없음,없음,없음,없음,0.2195,0.1175,-,0.2195,"{""1y"":""22"",""2y"":""46"",""3y"":""71"",""5y"":""124"",""10y"":""283""}","[{""label"":""management_fee"",""value"":""0.07""},{""label"":""trustee_fee"",""value"":""0.02""},{""label"":""admin_fee"",""value"":""0.012""}]","[38,39]",detail_table_cross_validated,0.7,"[상세표 보강] [(1, '0.07'), (2, '0.1175'), (3, '0.02'), (4, '0.012'), (5, '0.2195'), (7, '0.2195'), (9, '0.2195')]"
FUND000037,KR5129420031,J-e,CLASS000525,EXACT_NORMALIZED_MATCH,수수료미징구-온라인직접판매,미징구,온라인직접판매,,True,,없음,없음,없음,없음,0.257,0.155,-,0.2655,"{""1y"":""27"",""2y"":""56"",""3y"":""86"",""5y"":""150"",""10y"":""342""}","[{""label"":""management_fee"",""value"":""0.07""},{""label"":""trustee_fee"",""value"":""0.02""},{""label"":""admin_fee"",""value"":""0.012""},{""label"":""other_expense"",""value"":""0.00""},{""label"":""transaction_cost"",""value"":""0.0152""}]","[38,37,39]",detail_table_cross_validated,0.7,"[상세표 보강] [(1, '0.07'), (2, '0.155'), (3, '0.02'), (4, '0.012'), (5, '0.257'), (6, '0.00'), (7, '0.2570'), (9, '0.2655'), (10, '0.0152')]"
FUND000037,KR5129420031,S,CLASS000522,EXACT_NORMALIZED_MATCH,수수료후취-온라인슈퍼,후취,온라인슈퍼,,True,,없음,3년미만 환매시 환매금액의 0.15%이내1),없음,없음,0.332,0.23,-,0.3405,"{""1y"":""35"",""2y"":""72"",""3y"":""110"",""5y"":""193"",""10y"":""439""}","[{""label"":""management_fee"",""value"":""0.07""},{""label"":""trustee_fee"",""value"":""0.02""},{""label"":""admin_fee"",""value"":""0.012""},{""label"":""other_expense"",""value"":""0.00""},{""label"":""transaction_cost"",""value"":""0.0153""}]","[7,38]",cell_grid,1.0,클래스명: 수수료후취- 온라인슈퍼(S) | 3년 미만 환매금액의 0.15% 이내 수수료후취- 온라인슈퍼(S) 3년 미만 환매금액의 0.15% 이내 0.332 0.23 - 0.3405 35 72 110 193 439
FUND000037,KR5129420031,S-P(연금저축),,NEW_CLASS,수수료미징구-온라인슈퍼-개인연금,미징구,온라인슈퍼,개인연금,True,,없음,없음,없음,없음,0.302,0.20,-,0.3105,"{""1y"":""32"",""2y"":""65"",""3y"":""100"",""5y"":""176"",""10y"":""400""}","[{""label"":""management_fee"",""value"":""0.07""},{""label"":""trustee_fee"",""value"":""0.02""},{""label"":""admin_fee"",""value"":""0.012""},{""label"":""other_expense"",""value"":""0.00""},{""label"":""transaction_cost"",""value"":""0.0153""}]","[38,39]",detail_table_cross_validated,0.7,"[상세표 보강] [(1, '0.07'), (2, '0.20'), (3, '0.02'), (4, '0.012'), (5, '0.302'), (6, '0.00'), (7, '0.3020'), (9, '0.3105'), (10, '0.0153')]"
FUND000037,KR5129420031,S-RP(퇴직연금),,NEW_CLASS,수수료미징구-온라인슈퍼-퇴직연금,미징구,온라인슈퍼,퇴직연금,True,,없음,없음,없음,없음,0.292,0.19,-,0.3005,"{""1y"":""31"",""2y"":""63"",""3y"":""97"",""5y"":""170"",""10y"":""387""}","[{""label"":""management_fee"",""value"":""0.07""},{""label"":""trustee_fee"",""value"":""0.02""},{""label"":""admin_fee"",""value"":""0.012""},{""label"":""other_expense"",""value"":""0.00""},{""label"":""transaction_cost"",""value"":""0.0153""}]","[38,39]",detail_table_cross_validated,0.7,"[상세표 보강] [(1, '0.07'), (2, '0.19'), (3, '0.02'), (4, '0.012'), (5, '0.292'), (6, '0.00'), (7, '0.2920'), (9, '0.3005'), (10, '0.0153')]"
FUND000004,KR5131420007,A,CLASS000053,EXACT_NORMALIZED_MATCH,수수료선취-오프라인,선취,오프라인,,True,제한없음,,없음,없음,없음,0.27,0.15,0.34,0.27,"{""1y"":""58"",""2y"":""86"",""3y"":""117"",""5y"":""182"",""10y"":""377""}","[{""label"":""management_fee"",""value"":""0.1""},{""label"":""trustee_fee"",""value"":""0.01""},{""label"":""admin_fee"",""value"":""0.01""}]","[3,13]",cell_grid,1.0,클래스명: 수수료선취- 오프라인(A) | 납입금액의 0.3%이내 수수료선취- 오프라인(A) 납입금액의 0.3%이내 0.27 0.15 0.34 0.27 58 86 117 182 377
FUND000004,KR5131420007,A-E,CLASS000054,EXACT_NORMALIZED_MATCH,수수료선취-온라인,선취,온라인,,True,인터넷가입 투자자,납입금액의 0.15%이내,없음,없음,없음,0.195,0.075,0.25,0.2056,"{""1y"":""36"",""2y"":""58"",""3y"":""81"",""5y"":""131"",""10y"":""280""}","[{""label"":""management_fee"",""value"":""0.1""},{""label"":""trustee_fee"",""value"":""0.01""},{""label"":""admin_fee"",""value"":""0.01""}]","[3,13]",cell_grid,1.0,클래스명: 수수료선취- 온라인(A-E) | 납입금액의 0.15%이내 수수료선취- 온라인(A-E) 납입금액의 0.15%이내 0.195 0.075 0.25 0.2056 36 58 81 131 280
FUND000004,KR5131420007,C,CLASS000055,EXACT_NORMALIZED_MATCH,수수료미징구-오프라인,미징구,오프라인,,True,제한없음,없음,없음,없음,없음,0.52,0.40,0.40,0.5324,"{""1y"":""55"",""2y"":""112"",""3y"":""172"",""5y"":""302"",""10y"":""686""}","[{""label"":""management_fee"",""value"":""0.1""},{""label"":""trustee_fee"",""value"":""0.01""},{""label"":""admin_fee"",""value"":""0.01""}]","[3,13]",cell_grid,1.0,클래스명: 수수료미징구- 오프라인(C) | 없음 수수료미징구- 오프라인(C) 없음 0.52 0.40 0.40 0.5324 55 112 172 302 686
FUND000004,KR5131420007,C-E,CLASS000056,EXACT_NORMALIZED_MATCH,수수료미징구-온라인,미징구,온라인,,True,인터넷가입 투자자,없음,없음,없음,없음,0.32,0.20,0.26,0.3301,"{""1y"":""34"",""2y"":""69"",""3y"":""107"",""5y"":""187"",""10y"":""426""}","[{""label"":""management_fee"",""value"":""0.1""},{""label"":""trustee_fee"",""value"":""0.01""},{""label"":""admin_fee"",""value"":""0.01""}]","[3,13]",cell_grid,1.0,클래스명: 수수료미징구- 온라인(C-E) | 없음 수수료미징구- 온라인(C-E) 없음 0.32 0.20 0.26 0.3301 34 69 107 187 426
FUND000004,KR5131420007,C-F,CLASS000057,EXACT_NORMALIZED_MATCH,"수수료미징구-오프라인-펀드,전문투자자등",미징구,오프라인,,False,"집합투자기구, 법 제9조제24항에 의한 신 탁, 전문투자자, 보험업법상의 특별계정",없음,없음,없음,없음,0.1400,0.02,-,0.1525,"{""1y"":""16"",""2y"":""32"",""3y"":""49"",""5y"":""86"",""10y"":""197""}","[{""label"":""management_fee"",""value"":""0.1""},{""label"":""trustee_fee"",""value"":""0.01""},{""label"":""admin_fee"",""value"":""0.01""}]","[13,28]",detail_table_cross_validated,0.7,"[상세표 보강] [(4, '0.1'), (5, '0.02'), (7, '0.01'), (9, '0.01')]"
FUND000004,KR5131420007,C-I,CLASS000058,EXACT_NORMALIZED_MATCH,수수료미징구-오프라인-고액,미징구,오프라인,,False,최초납입금액이 50억 이상인 투자자,없음,없음,없음,없음,0.2200,0.10,-,0.220,"{""1y"":""23"",""2y"":""46"",""3y"":""71"",""5y"":""125"",""10y"":""284""}","[{""label"":""management_fee"",""value"":""0.1""},{""label"":""trustee_fee"",""value"":""0.01""},{""label"":""admin_fee"",""value"":""0.01""}]","[13,28]",detail_table_cross_validated,0.7,"[상세표 보강] [(4, '0.1'), (5, '0.10'), (7, '0.01'), (9, '0.01')]"
FUND000004,KR5131420007,C-P,CLASS000059,EXACT_NORMALIZED_MATCH,수수료미징구-오프라인-개인연금,미징구,오프라인,개인연금,True,소득세법 제20조의3 및 소득세법시행령 제40조의2에 따른 연금저축계좌를 통하,없음,,,,0.3400,0.22,-,0.340,"{""1y"":""35"",""2y"":""71"",""3y"":""110"",""5y"":""193"",""10y"":""438""}","[{""label"":""management_fee"",""value"":""0.1""},{""label"":""trustee_fee"",""value"":""0.01""},{""label"":""admin_fee"",""value"":""0.01""}]","[13,28]",detail_table_cross_validated,0.7,"[상세표 보강] [(4, '0.1'), (5, '0.22'), (7, '0.01'), (9, '0.01')]"
FUND000004,KR5131420007,C-P2,CLASS000061,EXACT_NORMALIZED_MATCH,수수료미징구-오프라인-퇴직연금,미징구,오프라인,퇴직연금,True,근로자퇴직급여보장법률에 의한 퇴직연금 사업자 및 개인퇴직계좌를 설정한 자,없음,없음,없음,없음,0.3700,0.25,-,0.3801,"{""1y"":""39"",""2y"":""80"",""3y"":""123"",""5y"":""215"",""10y"":""490""}","[{""label"":""management_fee"",""value"":""0.1""},{""label"":""trustee_fee"",""value"":""0.01""},{""label"":""admin_fee"",""value"":""0.01""}]","[14,28]",detail_table_cross_validated,0.7,"[상세표 보강] [(4, '0.1'), (5, '0.25'), (6, '0.01'), (7, '0.01')]"
FUND000004,KR5131420007,C-P2E,CLASS000062,EXACT_NORMALIZED_MATCH,수수료미징구-온라인-퇴직연금,미징구,온라인,퇴직연금,True,"하는 투자자, 근로자퇴직 급여보장법률에 의한 퇴직연금 사업자 및 개인퇴직계좌를",없음,없음,없음,없음,0.2450,0.125,-,0.2574,"{""1y"":""26"",""2y"":""54"",""3y"":""83"",""5y"":""146"",""10y"":""332""}","[{""label"":""management_fee"",""value"":""0.1""},{""label"":""trustee_fee"",""value"":""0.01""},{""label"":""admin_fee"",""value"":""0.01""}]","[14,28]",detail_table_cross_validated,0.7,"[상세표 보강] [(4, '0.1'), (5, '0.125'), (6, '0.01'), (7, '0.01')]"
FUND000004,KR5131420007,C-PE,CLASS000060,EXACT_NORMALIZED_MATCH,수수료미징구-온라인-개인연금,미징구,온라인,개인연금,True,"인터넷 등 전자금융거래의 방법으로 가입 하는 투자자, 소득세법 제20조의및 소득 세법시행령 제40조의2에 따른 연금저축",없음,없음,없음,없음,0.2300,0.11,-,0.242,"{""1y"":""25"",""2y"":""51"",""3y"":""78"",""5y"":""137"",""10y"":""312""}","[{""label"":""management_fee"",""value"":""0.1""},{""label"":""trustee_fee"",""value"":""0.01""},{""label"":""admin_fee"",""value"":""0.01""}]","[14,28]",detail_table_cross_validated,0.7,"[상세표 보강] [(4, '0.1'), (5, '0.11'), (6, '0.01'), (7, '0.01')]"
FUND000004,KR5131420007,C-W,CLASS000063,EXACT_NORMALIZED_MATCH,수수료미징구-오프라인-랩,미징구,오프라인,,False,판매회사의 종합자산관리계좌보유자,없음,없음,없음,없음,0.1200,0.00,-,0.1200,"{""1y"":""12"",""2y"":""25"",""3y"":""39"",""5y"":""68"",""10y"":""155""}","[{""label"":""management_fee"",""value"":""0.1""},{""label"":""trustee_fee"",""value"":""0.01""},{""label"":""admin_fee"",""value"":""0.01""}]","[14,28]",detail_table_cross_validated,0.7,"[상세표 보강] [(4, '0.1'), (5, '0.00'), (6, '0.01'), (7, '0.01')]"
FUND000005,KR5131420025,A,CLASS000064,EXACT_NORMALIZED_MATCH,수수료선취-오프라인,선취,오프라인,,True,제한없음,납입금액의 0.3%이내,없음,없음,없음,0.25,0.15,0.32,0.2603,"{""1y"":""57"",""2y"":""84"",""3y"":""114"",""5y"":""177"",""10y"":""364""}","[{""label"":""management_fee"",""value"":""0.08""},{""label"":""trustee_fee"",""value"":""0.01""},{""label"":""admin_fee"",""value"":""0.01""}]","[3,13]",cell_grid,1.0,클래스명: 수수료선취- 오프라인(A) | 납입금액의 0.3%이내 수수료선취- 오프라인(A) 납입금액의 0.3%이내 0.25 0.15 0.32 0.2603 57 84 114 177 364
FUND000005,KR5131420025,A-E,CLASS000072,EXACT_NORMALIZED_MATCH,수수료선취-온라인,선취,온라인,,True,인터넷가입 투자자,납입금액의 0.15%이내,없음,없음,없음,0.175,0.075,0.24,0.1852,"{""1y"":""34"",""2y"":""54"",""3y"":""75"",""5y"":""120"",""10y"":""253""}","[{""label"":""management_fee"",""value"":""0.08""},{""label"":""trustee_fee"",""value"":""0.01""},{""label"":""admin_fee"",""value"":""0.01""}]","[3,13]",cell_grid,1.0,클래스명: 수수료선취- 온라인(A-E) | 납입금액의 0.15%이내 수수료선취- 온라인(A-E) 납입금액의 0.15%이내 0.175 0.075 0.24 0.1852 34 54 75 120 253
FUND000005,KR5131420025,A-G,CLASS000070,EXACT_NORMALIZED_MATCH,수수료선취-오프라인-무권유저비용,선취,오프라인,,True,금융기관등으로부터 별도의 투자권유 없,납입금액의 0.21%이내,없음,없음,없음,0.2100,0.11,-,0.21,"{""1y"":""42"",""2y"":""65"",""3y"":""89"",""5y"":""140"",""10y"":""291""}","[{""label"":""management_fee"",""value"":""0.08""},{""label"":""trustee_fee"",""value"":""0.01""},{""label"":""admin_fee"",""value"":""0.01""}]","[13,24,26]",detail_table_cross_validated,0.7,"[상세표 보강] [(4, '0.08'), (5, '0.11'), (8, '0.01'), (9, '0.01')]"
FUND000005,KR5131420025,C,CLASS000065,EXACT_NORMALIZED_MATCH,수수료미징구-오프라인,미징구,오프라인,,True,제한없음,없음,없음,없음,없음,0.55,0.45,0.40,0.5603,"{""1y"":""57"",""2y"":""118"",""3y"":""181"",""5y"":""317"",""10y"":""722""}","[{""label"":""management_fee"",""value"":""0.08""},{""label"":""trustee_fee"",""value"":""0.01""},{""label"":""admin_fee"",""value"":""0.01""}]","[3,13]",cell_grid,1.0,클래스명: 수수료미징구- 오프라인(C) | 없음 수수료미징구- 오프라인(C) 없음 0.55 0.45 0.40 0.5603 57 118 181 317 722
FUND000005,KR5131420025,C-E,CLASS000066,EXACT_NORMALIZED_MATCH,수수료미징구-온라인,미징구,온라인,,True,인터넷가입 투자자,없음,없음,없음,없음,0.30,0.20,0.26,0.3126,"{""1y"":""32"",""2y"":""66"",""3y"":""101"",""5y"":""177"",""10y"":""403""}","[{""label"":""management_fee"",""value"":""0.08""},{""label"":""trustee_fee"",""value"":""0.01""},{""label"":""admin_fee"",""value"":""0.01""}]","[3,13]",cell_grid,1.0,클래스명: 수수료미징구- 온라인(C-E) | 없음 수수료미징구- 온라인(C-E) 없음 0.30 0.20 0.26 0.3126 32 66 101 177 403
FUND000005,KR5131420025,C-F,CLASS000068,EXACT_NORMALIZED_MATCH,"수수료미징구-오프라인-펀드,전문투자자등",미징구,오프라인,,False,"집합투자기구, 법 제9조 제24항에 의한 신탁, 전문투자자, 보험업법상의 특별계정",없음,없음,없음,없음,0.1200,0.02,-,0.1327,"{""1y"":""14"",""2y"":""28"",""3y"":""43"",""5y"":""75"",""10y"":""171""}","[{""label"":""management_fee"",""value"":""0.08""},{""label"":""trustee_fee"",""value"":""0.01""},{""label"":""admin_fee"",""value"":""0.01""}]","[13,24,26]",detail_table_cross_validated,0.7,"[상세표 보강] [(4, '0.08'), (5, '0.02'), (8, '0.01'), (9, '0.01')]"
FUND000005,KR5131420025,C-G,CLASS000071,EXACT_NORMALIZED_MATCH,수수료미징구-오프라인-무권유저비용,미징구,오프라인,,True,투자자문업자로부터 투자자문을 받는 등 금융기관등으로부터 별도의 투자권유 없,없음,없음,없음,없음,0.4100,0.31,-,0.41,"{""1y"":""42"",""2y"":""86"",""3y"":""132"",""5y"":""232"",""10y"":""529""}","[{""label"":""management_fee"",""value"":""0.08""},{""label"":""trustee_fee"",""value"":""0.01""},{""label"":""admin_fee"",""value"":""0.01""}]","[13,24,26]",detail_table_cross_validated,0.7,"[상세표 보강] [(4, '0.08'), (5, '0.31'), (8, '0.01'), (9, '0.01')]"
FUND000005,KR5131420025,C-I,CLASS000067,EXACT_NORMALIZED_MATCH,수수료미징구-오프라인-고액,미징구,오프라인,,False,최초납입금액이 50억 이상인 투자자,없음,없음,없음,없음,0.2000,0.10,-,0.2,"{""1y"":""21"",""2y"":""42"",""3y"":""65"",""5y"":""113"",""10y"":""258""}","[{""label"":""management_fee"",""value"":""0.08""},{""label"":""trustee_fee"",""value"":""0.01""},{""label"":""admin_fee"",""value"":""0.01""}]","[13,24,26]",detail_table_cross_validated,0.7,"[상세표 보강] [(4, '0.08'), (5, '0.10'), (8, '0.01'), (9, '0.01')]"
FUND000005,KR5131420025,C-P,CLASS000073,EXACT_NORMALIZED_MATCH,수수료미징구-오프라인-개인연금,미징구,오프라인,개인연금,True,연금저축계좌를 통하여 가입,없음,,,,0.3100,0.21,-,0.31,"{""1y"":""32"",""2y"":""65"",""3y"":""100"",""5y"":""176"",""10y"":""400""}","[{""label"":""management_fee"",""value"":""0.08""},{""label"":""trustee_fee"",""value"":""0.01""},{""label"":""admin_fee"",""value"":""0.01""}]","[13,24,26]",detail_table_cross_validated,0.7,"[상세표 보강] [(4, '0.08'), (5, '0.21'), (8, '0.01'), (9, '0.01')]"
FUND000005,KR5131420025,C-P2,CLASS000075,EXACT_NORMALIZED_MATCH,수수료미징구-오프라인-퇴직연금,미징구,오프라인,퇴직연금,True,근로자퇴직급여보장법에 의한 퇴직연금사 업자,없음,없음,없음,없음,0.3400,0.24,-,0.34,"{""1y"":""35"",""2y"":""71"",""3y"":""110"",""5y"":""193"",""10y"":""438""}","[{""label"":""management_fee"",""value"":""0.08""},{""label"":""trustee_fee"",""value"":""0.01""},{""label"":""admin_fee"",""value"":""0.01""}]","[13,26]",detail_table_cross_validated,0.7,"[상세표 보강] [(4, '0.08'), (5, '0.24'), (8, '0.01'), (9, '0.01')]"
FUND000005,KR5131420025,C-P2E,CLASS000076,EXACT_NORMALIZED_MATCH,수수료미징구-온라인-퇴직연금,미징구,온라인,퇴직연금,True,업자 중 인터넷 등 전자금융거래의 방법,없음,없음,없음,없음,0.2200,0.12,-,0.2325,"{""1y"":""24"",""2y"":""49"",""3y"":""75"",""5y"":""132"",""10y"":""300""}","[{""label"":""management_fee"",""value"":""0.08""},{""label"":""trustee_fee"",""value"":""0.01""},{""label"":""admin_fee"",""value"":""0.01""}]","[13,27]",detail_table_cross_validated,0.7,"[상세표 보강] [(4, '0.08'), (5, '0.12'), (8, '0.01'), (9, '0.01')]"
FUND000005,KR5131420025,C-PE,CLASS000074,EXACT_NORMALIZED_MATCH,수수료미징구-온라인-개인연금,미징구,온라인,개인연금,True,인터넷 등 전자금융거래의 방법으로 연금 저축 계좌를 통하여 가입,없음,없음,없음,없음,0.2050,0.105,-,0.2168,"{""1y"":""22"",""2y"":""46"",""3y"":""70"",""5y"":""123"",""10y"":""280""}","[{""label"":""management_fee"",""value"":""0.08""},{""label"":""trustee_fee"",""value"":""0.01""},{""label"":""admin_fee"",""value"":""0.01""}]","[13,24,26]",detail_table_cross_validated,0.7,"[상세표 보강] [(4, '0.08'), (5, '0.105'), (8, '0.01'), (9, '0.01')]"
FUND000005,KR5131420025,C-W,CLASS000069,EXACT_NORMALIZED_MATCH,수수료미징구-오프라인-랩,미징구,오프라인,,False,판매회사의 종합자산관리계좌보유자,없음,없음,없음,없음,0.1000,0.00,-,0.1,"{""1y"":""10"",""2y"":""21"",""3y"":""32"",""5y"":""57"",""10y"":""129""}","[{""label"":""management_fee"",""value"":""0.08""},{""label"":""trustee_fee"",""value"":""0.01""},{""label"":""admin_fee"",""value"":""0.01""}]","[13,24,26]",detail_table_cross_validated,0.7,"[상세표 보강] [(4, '0.08'), (5, '0.00'), (8, '0.01'), (9, '0.01')]"
FUND000010,KR5139420015,A,CLASS000133,EXACT_NORMALIZED_MATCH,수수료선취-오프라인,선취,오프라인,,True,,납입금액의 0.10%이내,없음,없음,없음,0.2425,0.1200,0.3400,0.2544,"{""1y"":""36"",""2y"":""63"",""3y"":""90"",""5y"":""147"",""10y"":""315""}","[{""label"":""management_fee"",""value"":""0.0945""},{""label"":""trustee_fee"",""value"":""0.0150""},{""label"":""admin_fee"",""value"":""0.0130""},{""label"":""other_expense"",""value"":""0.0023""}]","[5,29]",cell_grid,1.0,클래스명: 수수료선취 -오프라인(A) | 납입금액 의 0.1% 이내 수수료선취 -오프라인(A) 납입금액 의 0.1% 이내 0.2425 0.1200 0.3400 0.2544 36 63 90 147 315
FUND000010,KR5139420015,A-1,CLASS000147,EXACT_NORMALIZED_MATCH,수수료선취-오프라인,선취,오프라인,,True,,납입금액의 0.30%이내,없음,없음,없음,0.1325,0.0100,0.3400,0.1325,"{""1y"":""45"",""2y"":""60"",""3y"":""75"",""5y"":""108"",""10y"":""203""}","[{""label"":""management_fee"",""value"":""0.0945""},{""label"":""trustee_fee"",""value"":""0.0150""},{""label"":""admin_fee"",""value"":""0.0130""},{""label"":""other_expense"",""value"":""0.0000""}]","[30,29,32]",detail_table_cross_validated,0.7,"[상세표 보강] [(0, '0.0945'), (1, '0.0100'), (2, '0.0150'), (3, '0.0130'), (4, '0.1325'), (5, '0.3400'), (6, '0.0000'), (7, '0.1325'), (8, '0.1325')]"
FUND000010,KR5139420015,A-e,CLASS000134,EXACT_NORMALIZED_MATCH,수수료선취-온라인,선취,온라인,,True,,납입금액의 0.05%이내,없음,없음,없음,0.1825,0.0600,0.2500,0.1944,"{""1y"":""25"",""2y"":""45"",""3y"":""66"",""5y"":""110"",""10y"":""238""}","[{""label"":""management_fee"",""value"":""0.0945""},{""label"":""trustee_fee"",""value"":""0.0150""},{""label"":""admin_fee"",""value"":""0.0130""},{""label"":""other_expense"",""value"":""0.0023""}]","[5,30]",cell_grid,1.0,클래스명: 수수료선취 -온라인(A-e) | 납입금액 의 0.05% 이내 수수료선취 -온라인(A-e) 납입금액 의 0.05% 이내 0.1825 0.0600 0.2500 0.1944 25 45 66 110 238
FUND000010,KR5139420015,A-g,CLASS000143,EXACT_NORMALIZED_MATCH,수수료선취-오프라인-무권유저비용,선취,오프라인,,True,,납입금액 의 0.06% 이내,없음,없음,없음,0.1925,0.0700,-,0.2042,"{""1y"":""27"",""2y"":""48"",""3y"":""70"",""5y"":""116"",""10y"":""250""}","[{""label"":""management_fee"",""value"":""0.0945""},{""label"":""trustee_fee"",""value"":""0.0150""},{""label"":""admin_fee"",""value"":""0.0130""},{""label"":""other_expense"",""value"":""0.0020""}]","[30,29,32]",detail_table_cross_validated,0.7,"[상세표 보강] [(0, '0.0945'), (1, '0.0700'), (2, '0.0150'), (3, '0.0130'), (4, '0.1925'), (6, '0.0020'), (7, '0.1945'), (8, '0.2042')]"
FUND000010,KR5139420015,C,CLASS000135,EXACT_NORMALIZED_MATCH,수수료미징구-오프라인,미징구,오프라인,,True,제한없음,없음,없음,없음,없음,0.3430,0.2205,0.4000,0.3548,"{""1y"":""35"",""2y"":""73"",""3y"":""112"",""5y"":""196"",""10y"":""446""}","[{""label"":""management_fee"",""value"":""0.0945""},{""label"":""trustee_fee"",""value"":""0.0150""},{""label"":""admin_fee"",""value"":""0.0130""},{""label"":""other_expense"",""value"":""0.0023""}]","[5,30]",cell_grid,1.0,클래스명: 수수료미징구 -오프라인(C) | 없음 수수료미징구 -오프라인(C) 없음 0.3430 0.2205 0.4000 0.3548 35 73 112 196 446
FUND000010,KR5139420015,C-e,CLASS000136,EXACT_NORMALIZED_MATCH,수수료미징구-온라인,미징구,온라인,,True,온라인 투자자,없음,없음,없음,없음,0.2325,0.1100,0.2600,0.2443,"{""1y"":""24"",""2y"":""50"",""3y"":""77"",""5y"":""135"",""10y"":""307""}","[{""label"":""management_fee"",""value"":""0.0945""},{""label"":""trustee_fee"",""value"":""0.0150""},{""label"":""admin_fee"",""value"":""0.0130""},{""label"":""other_expense"",""value"":""0.0023""}]","[5,30]",cell_grid,1.0,클래스명: 수수료미징구 -온라인(C-e) | 없음 수수료미징구 -온라인(C-e) 없음 0.2325 0.1100 0.2600 0.2443 24 50 77 135 307
FUND000010,KR5139420015,C-f,CLASS000140,EXACT_NORMALIZED_MATCH,"수수료미징구-오프라인-기관,펀드등",미징구,오프라인,,False,"집합투자기구, 국가재정법에 따른 기금, 법 제9 조제5항제3호에 따른 전문투자자, 납입금액 50 등 억원 이상의 개인, 100억원 이상의 법인 가입자",없음,없음,없음,없음,0.1425,0.0200,-,0.1542,"{""1y"":""15"",""2y"":""32"",""3y"":""49"",""5y"":""85"",""10y"":""194""}","[{""label"":""management_fee"",""value"":""0.0945""},{""label"":""trustee_fee"",""value"":""0.0150""},{""label"":""admin_fee"",""value"":""0.0130""},{""label"":""other_expense"",""value"":""0.0023""}]","[30,32]",detail_table_cross_validated,0.7,"[상세표 보강] [(0, '0.0945'), (1, '0.0200'), (2, '0.0150'), (3, '0.0130'), (4, '0.1425'), (6, '0.0023'), (7, '0.1448'), (8, '0.1542')]"
FUND000010,KR5139420015,C-g,CLASS000144,EXACT_NORMALIZED_MATCH,수수료미징구-오프라인-무권유저비용,미징구,오프라인,,True,투자자문업자로부터 투자자문을 받고 그 결과 에 따라 펀드 매수를 요청하는 등 금융기관등 으로부터 별도의 투자권유 없이 가입한 자,없음,없음,없음,없음,0.2525,0.1300,-,0.2619,"{""1y"":""26"",""2y"":""54"",""3y"":""83"",""5y"":""145"",""10y"":""329""}","[{""label"":""management_fee"",""value"":""0.0945""},{""label"":""trustee_fee"",""value"":""0.0150""},{""label"":""admin_fee"",""value"":""0.0130""},{""label"":""other_expense"",""value"":""0.0000""}]","[30,29,32]",detail_table_cross_validated,0.7,"[상세표 보강] [(0, '0.0945'), (1, '0.1300'), (2, '0.0150'), (3, '0.0130'), (4, '0.2525'), (6, '0.0000'), (7, '0.2525'), (8, '0.2619')]"
FUND000010,KR5139420015,C-p,CLASS000137,EXACT_NORMALIZED_MATCH,수수료미징구-오프라인-개인연금,미징구,오프라인,개인연금,True,소득세법 제20조의3 및 소득세법시행령 제40조 의2에 따른 연금저축계좌를 통하여 가입한 자,없음,없음,없음,없음,0.3225,0.2000,-,0.3342,"{""1y"":""33"",""2y"":""69"",""3y"":""105"",""5y"":""185"",""10y"":""420""}","[{""label"":""management_fee"",""value"":""0.0945""},{""label"":""trustee_fee"",""value"":""0.0150""},{""label"":""admin_fee"",""value"":""0.0130""},{""label"":""other_expense"",""value"":""0.0024""}]","[30,31]",detail_table_cross_validated,0.7,"[상세표 보강] [(0, '0.0945'), (1, '0.2000'), (2, '0.0150'), (3, '0.0130'), (4, '0.3225'), (6, '0.0024'), (7, '0.3249'), (8, '0.3342')]"
FUND000010,KR5139420015,C-p2,CLASS000145,EXACT_NORMALIZED_MATCH,수수료미징구-오프라인-퇴직연금,미징구,오프라인,퇴직연금,True,근로자퇴직급여보장법에 의한 퇴직연금 및 개 인퇴직계좌의 사용자 및 가입자,없음,없음,없음,없음,0.3125,0.1900,-,0.3125,"{""1y"":""32"",""2y"":""65"",""3y"":""99"",""5y"":""170"",""10y"":""377""}","[{""label"":""management_fee"",""value"":""0.0945""},{""label"":""trustee_fee"",""value"":""0.0150""},{""label"":""admin_fee"",""value"":""0.0130""},{""label"":""other_expense"",""value"":""0.0000""}]","[30,29,32]",detail_table_cross_validated,0.7,"[상세표 보강] [(0, '0.0945'), (1, '0.1900'), (2, '0.0150'), (3, '0.0130'), (4, '0.3125'), (6, '0.0000'), (7, '0.3125'), (8, '0.3125')]"
FUND000010,KR5139420015,C-p2e,CLASS000146,EXACT_NORMALIZED_MATCH,수수료미징구-온라인-퇴직연금,미징구,온라인,퇴직연금,True,근로자퇴직급여보장법에 의한 퇴직연금 및 개 인퇴직계좌의 사용자 및 가입자 중 온라인 투 자자,없음,없음,없음,없음,0.2175,0.0950,-,0.2277,"{""1y"":""23"",""2y"":""47"",""3y"":""72"",""5y"":""126"",""10y"":""286""}","[{""label"":""management_fee"",""value"":""0.0945""},{""label"":""trustee_fee"",""value"":""0.0150""},{""label"":""admin_fee"",""value"":""0.0130""},{""label"":""other_expense"",""value"":""0.0000""}]","[30,29,32]",detail_table_cross_validated,0.7,"[상세표 보강] [(0, '0.0945'), (1, '0.0950'), (2, '0.0150'), (3, '0.0130'), (4, '0.2175'), (6, '0.0000'), (7, '0.2175'), (8, '0.2277')]"
FUND000010,KR5139420015,C-pe,CLASS000138,EXACT_NORMALIZED_MATCH,수수료미징구-온라인-개인연금,미징구,온라인,개인연금,True,소득세법 제20조의3 및 소득세법시행령 제40조 의2에 따른 연금저축계좌를 통하여 가입한 자 중 온라인 투자자,없음,없음,없음,없음,0.2225,0.1000,-,0.2343,"{""1y"":""23"",""2y"":""48"",""3y"":""74"",""5y"":""129"",""10y"":""295""}","[{""label"":""management_fee"",""value"":""0.0945""},{""label"":""trustee_fee"",""value"":""0.0150""},{""label"":""admin_fee"",""value"":""0.0130""},{""label"":""other_expense"",""value"":""0.0023""}]","[30,31]",detail_table_cross_validated,0.7,"[상세표 보강] [(0, '0.0945'), (1, '0.1000'), (2, '0.0150'), (3, '0.0130'), (4, '0.2225'), (6, '0.0023'), (7, '0.2248'), (8, '0.2343')]"
FUND000010,KR5139420015,C-w,CLASS000139,EXACT_NORMALIZED_MATCH,"수수료미징구-오프라인-랩,금전신탁",미징구,오프라인,금전신탁,False,"일임형종합관리계좌, 금전신탁계좌",없음,없음,없음,없음,0.1225,0.0000,-,0.1347,"{""1y"":""13"",""2y"":""28"",""3y"":""42"",""5y"":""74"",""10y"":""169""}","[{""label"":""management_fee"",""value"":""0.0945""},{""label"":""trustee_fee"",""value"":""0.0150""},{""label"":""admin_fee"",""value"":""0.0130""},{""label"":""other_expense"",""value"":""0.0023""}]","[30,32]",detail_table_cross_validated,0.7,"[상세표 보강] [(0, '0.0945'), (1, '0.0000'), (2, '0.0150'), (3, '0.0130'), (4, '0.1225'), (6, '0.0023'), (7, '0.1248'), (8, '0.1347')]"
FUND000010,KR5139420015,S,CLASS000141,EXACT_NORMALIZED_MATCH,수수료후취-온라인슈퍼,후취,온라인슈퍼,,True,"을 위해 모든 공모 종류 S 수익증권(종류 S-T 및 종류 S-P 수익증권 포함)을 취급하고, 객관 적 지표를 기준으로 상품을 노출 및 배열하는 온라인 판매시스템을 통하여 판매되는 것으로",없음,0.15%이,없음,없음,0.1775,0.0550,-,0.1891,"{""1y"":""19"",""2y"":""39"",""3y"":""60"",""5y"":""104"",""10y"":""238""}","[{""label"":""management_fee"",""value"":""0.0945""},{""label"":""trustee_fee"",""value"":""0.0150""},{""label"":""admin_fee"",""value"":""0.0130""},{""label"":""other_expense"",""value"":""0.0023""}]","[30,29,32]",detail_table_cross_validated,0.7,"[상세표 보강] [(0, '0.0945'), (1, '0.0550'), (2, '0.0150'), (3, '0.0130'), (4, '0.1775'), (6, '0.0023'), (7, '0.1798'), (8, '0.1891')]"
FUND000010,KR5139420015,S-p,CLASS000142,EXACT_NORMALIZED_MATCH,수수료미징구-온라인슈퍼-개인연금,미징구,온라인슈퍼,개인연금,True,,없음,,없음,없음,0.1725,0.0500,-,0.1842,"{""1y"":""18"",""2y"":""38"",""3y"":""58"",""5y"":""102"",""10y"":""232""}","[{""label"":""management_fee"",""value"":""0.0945""},{""label"":""trustee_fee"",""value"":""0.0150""},{""label"":""admin_fee"",""value"":""0.0130""},{""label"":""other_expense"",""value"":""0.0023""}]","[30,29,32]",detail_table_cross_validated,0.7,"[상세표 보강] [(0, '0.0945'), (1, '0.0500'), (2, '0.0150'), (3, '0.0130'), (4, '0.1725'), (6, '0.0023'), (7, '0.1748'), (8, '0.1842')]"
FUND000011,KR5139420020,C,CLASS000148,EXACT_NORMALIZED_MATCH,수수료미징구-오프라인-퇴직연금,미징구,오프라인,퇴직연금,True,근로자퇴직급여보장법에 의 한 퇴직연금 및 개인퇴직계 좌의 사용자 및 가입자,없음,없음,없음,없음,0.3125,0.1900,0.4000,0.3248,"{""1y"":""32"",""2y"":""67"",""3y"":""102"",""5y"":""179"",""10y"":""409""}","[{""label"":""management_fee"",""value"":""0.0945""},{""label"":""trustee_fee"",""value"":""0.0150""},{""label"":""admin_fee"",""value"":""0.0130""},{""label"":""other_expense"",""value"":""0.0023""}]","[5,28]",cell_grid,1.0,클래스명: 수수료미징구 -오프라인 -퇴직연금(C) | 없음 없음 0.3125 0.1900 0.4000 0.3248 32 67 102 179 409
FUND000011,KR5139420020,C-e,CLASS000149,EXACT_NORMALIZED_MATCH,수수료미징구-온라인-퇴직연금,미징구,온라인,퇴직연금,True,근로자퇴직급여보장법에 의 한 퇴직연금 및 개인퇴직계 좌의 사용자 및 가입자 중,없음,없음,없음,없음,0.2175,0.0950,0.2700,0.2298,"{""1y"":""23"",""2y"":""47"",""3y"":""72"",""5y"":""127"",""10y"":""289""}","[{""label"":""management_fee"",""value"":""0.0945""},{""label"":""trustee_fee"",""value"":""0.0150""},{""label"":""admin_fee"",""value"":""0.0130""},{""label"":""other_expense"",""value"":""0.0023""}]","[5,28]",cell_grid,1.0,클래스명: 투자비용 수수료미징구 -온라인 -퇴직연금 (C-e) | 없음 없음 0.2175 0.0950 0.2700 0.2298 23 47 72 127 289
FUND000011,KR5139420020,C-i,CLASS000151,EXACT_NORMALIZED_MATCH,"수수료미징구-오프라인-퇴직연금,고액",미징구,오프라인,퇴직연금,False,"른 종류 수익증권(가입 자격 (기관 및 고액거래자 등)에 제한이 있는 종류 수익증권 제외) 보다 판매보수가 낮고, 판매수수료를 징구하지 않는 수익증권 근로자퇴직급여보장법에 의 한 퇴직연금 및 개인퇴직계 좌의 사용자 및 가입자 중 최초 납입금액이 50억원 이",없음,없음,없음,없음,0.2025,0.0800,-,0.2025,"{""1y"":""20"",""2y"":""42"",""3y"":""64"",""5y"":""112"",""10y"":""255""}","[{""label"":""management_fee"",""value"":""0.0945""},{""label"":""trustee_fee"",""value"":""0.0150""},{""label"":""admin_fee"",""value"":""0.0130""},{""label"":""other_expense"",""value"":""0.0000""}]","[28,29]",detail_table_cross_validated,0.7,"[상세표 보강] [(1, '0.0945'), (2, '0.0800'), (3, '0.0150'), (4, '0.0130'), (5, '0.2025'), (7, '0.0000'), (8, '0.2025'), (9, '0.2025')]"
FUND000011,KR5139420020,S-pr,CLASS000150,EXACT_NORMALIZED_MATCH,수수료미징구-온라인슈퍼-퇴직연금,미징구,온라인슈퍼,퇴직연금,True,입자만 가입할 수 있으며 다,없음,없음,없음,없음,0.2125,0.0900,-,0.2227,"{""1y"":""22"",""2y"":""46"",""3y"":""70"",""5y"":""123"",""10y"":""280""}","[{""label"":""management_fee"",""value"":""0.0945""},{""label"":""trustee_fee"",""value"":""0.0150""},{""label"":""admin_fee"",""value"":""0.0130""},{""label"":""other_expense"",""value"":""0.0003""}]","[28,29]",detail_table_cross_validated,0.7,"[상세표 보강] [(1, '0.0945'), (2, '0.0900'), (3, '0.0150'), (4, '0.0130'), (5, '0.2125'), (7, '0.0003'), (8, '0.2128'), (9, '0.2227')]"
FUND000027,KR5144420020,A,CLASS000348,EXACT_NORMALIZED_MATCH,수수료선취-오프라인,선취,오프라인,,True,,납입금액의 0.3%이내,없음,없음,없음,0.26,0.14,0.3400,0.2687,"{""1y"":""57"",""2y"":""86"",""3y"":""116"",""5y"":""181"",""10y"":""370""}","[{""label"":""management_fee"",""value"":""0.1000""},{""label"":""trustee_fee"",""value"":""0.0100""},{""label"":""admin_fee"",""value"":""0.0100""},{""label"":""other_expense"",""value"":""0.0025""},{""label"":""transaction_cost"",""value"":""0.0037""}]","[5,32]",cell_grid,1.0,클래스명: 수수료선취- 오프라인(A) | 납입금액의 0.3%이내 납입금액의 0.3%이내 0.26 0.14 0.3400 0.2687 57 86 116 181 370
FUND000027,KR5144420020,A2,CLASS000349,EXACT_NORMALIZED_MATCH,수수료선취-오프라인,선취,오프라인,,True,,납입금액의 0.4%이내,없음,없음,없음,0.16,0.04,-,0.1684,"{""1y"":""57"",""2y"":""75"",""3y"":""94"",""5y"":""134"",""10y"":""253""}","[{""label"":""management_fee"",""value"":""0.1000""},{""label"":""trustee_fee"",""value"":""0.0100""},{""label"":""admin_fee"",""value"":""0.0100""},{""label"":""other_expense"",""value"":""0.0022""},{""label"":""transaction_cost"",""value"":""0.0053""}]","[5,32]",cell_grid,1.0,클래스명: 수수료선취- 오프라인(A2) | 납입금액의 0.4%이내 수수료선취- 오프라인(A2) 납입금액의 0.4%이내 0.16 0.04 - 0.1684 57 75 94 134 253
FUND000027,KR5144420020,AG,CLASS000362,EXACT_NORMALIZED_MATCH,수수료선취-오프라인-무권유저비용,선취,오프라인,,True,,납입금액의 0.15%이내,없음,없음,없음,0.1730,0.0530,-,0.1730,"{""1y"":""33"",""2y"":""51"",""3y"":""71"",""5y"":""112"",""10y"":""236""}","[{""label"":""management_fee"",""value"":""0.1000""},{""label"":""trustee_fee"",""value"":""0.0100""},{""label"":""admin_fee"",""value"":""0.0100""},{""label"":""other_expense"",""value"":""0.0000""},{""label"":""transaction_cost"",""value"":""0.0000""}]","[32,31,34]",detail_table_cross_validated,0.7,"[상세표 보강] [(1, '0.1000'), (2, '0.0530'), (3, '0.0100'), (4, '0.0100'), (5, '0.1730'), (6, '0.0000'), (7, '0.1730'), (8, '0.1730'), (10, '0.0000')]"
FUND000027,KR5144420020,Ae,CLASS000351,EXACT_NORMALIZED_MATCH,수수료선취-온라인,선취,온라인,,True,,납입금액의 0.15%이내,없음,없음,없음,0.17,0.05,0.2500,0.1787,"{""1y"":""33"",""2y"":""52"",""3y"":""73"",""5y"":""116"",""10y"":""243""}","[{""label"":""management_fee"",""value"":""0.1000""},{""label"":""trustee_fee"",""value"":""0.0100""},{""label"":""admin_fee"",""value"":""0.0100""},{""label"":""other_expense"",""value"":""0.0025""},{""label"":""transaction_cost"",""value"":""0.0037""}]","[5,32]",cell_grid,1.0,클래스명: 수수료선취- 투자비용 온라인(Ae) | 납입금액의 0.15%이내 납입금액의 0.15%이내 0.17 0.05 0.2500 0.1787 33 52 73 116 243
FUND000027,KR5144420020,C,CLASS000350,EXACT_NORMALIZED_MATCH,수수료미징구-오프라인,미징구,오프라인,,True,,없음,없음,없음,없음,0.57,0.45,0.4000,0.5788,"{""1y"":""59"",""2y"":""121"",""3y"":""186"",""5y"":""324"",""10y"":""726""}","[{""label"":""management_fee"",""value"":""0.1000""},{""label"":""trustee_fee"",""value"":""0.0100""},{""label"":""admin_fee"",""value"":""0.0100""},{""label"":""other_expense"",""value"":""0.0026""},{""label"":""transaction_cost"",""value"":""0.0039""}]","[5,32]",cell_grid,1.0,클래스명: 수수료미징구- 오프라인(C) | 없음 없음 0.57 0.45 0.4000 0.5788 59 121 186 324 726
FUND000027,KR5144420020,C-P1(연금저축),,NEW_CLASS,수수료미징구-오프라인-개인연금,미징구,오프라인,개인연금,True,,없음,없음,없음,없음,0.3700,0.2500,-,0.3787,"{""1y"":""39"",""2y"":""79"",""3y"":""122"",""5y"":""213"",""10y"":""480""}","[{""label"":""management_fee"",""value"":""0.1000""},{""label"":""trustee_fee"",""value"":""0.0100""},{""label"":""admin_fee"",""value"":""0.0100""},{""label"":""other_expense"",""value"":""0.0025""},{""label"":""transaction_cost"",""value"":""0.0037""}]","[32,34]",detail_table_cross_validated,0.7,"[상세표 보강] [(1, '0.1000'), (2, '0.2500'), (3, '0.0100'), (4, '0.0100'), (5, '0.3700'), (6, '0.0025'), (7, '0.3725'), (8, '0.3787'), (10, '0.0037')]"
FUND000027,KR5144420020,C-P1e(연금저축),,NEW_CLASS,수수료미징구-온라인-개인연금,미징구,온라인,개인연금,True,,없음,없음,없음,없음,0.2450,0.1250,-,0.2536,"{""1y"":""26"",""2y"":""53"",""3y"":""82"",""5y"":""143"",""10y"":""323""}","[{""label"":""management_fee"",""value"":""0.1000""},{""label"":""trustee_fee"",""value"":""0.0100""},{""label"":""admin_fee"",""value"":""0.0100""},{""label"":""other_expense"",""value"":""0.0024""},{""label"":""transaction_cost"",""value"":""0.0036""}]","[33,34]",detail_table_cross_validated,0.7,"[상세표 보강] [(1, '0.1000'), (2, '0.1250'), (3, '0.0100'), (4, '0.0100'), (5, '0.2450'), (6, '0.0024'), (7, '0.2474'), (8, '0.2536'), (10, '0.0036')]"
FUND000027,KR5144420020,C-P2(퇴직연금),,NEW_CLASS,수수료미징구-오프라인-퇴직연금,미징구,오프라인,퇴직연금,True,,없음,없음,없음,없음,0.3500,0.2300,-,0.3588,"{""1y"":""37"",""2y"":""75"",""3y"":""116"",""5y"":""202"",""10y"":""455""}","[{""label"":""management_fee"",""value"":""0.1000""},{""label"":""trustee_fee"",""value"":""0.0100""},{""label"":""admin_fee"",""value"":""0.0100""},{""label"":""other_expense"",""value"":""0.0026""},{""label"":""transaction_cost"",""value"":""0.0037""}]","[32,34]",detail_table_cross_validated,0.7,"[상세표 보강] [(1, '0.1000'), (2, '0.2300'), (3, '0.0100'), (4, '0.0100'), (5, '0.3500'), (6, '0.0026'), (7, '0.3526'), (8, '0.3588'), (10, '0.0037')]"
FUND000027,KR5144420020,C-P2I(퇴직연금),,NEW_CLASS,수수료미징구-오프라인-퇴직연금(고액),미징구,오프라인,퇴직연금,False,"최초 가입시 20억원 이상 매입한 근로자퇴직급여보장법에 의한 퇴 직연금 가입자 및 퇴직연금 사업자(단, 근로자퇴직급여보장법에 따 른 사전지정운용제도(디폴트옵션)를 통하여 가입한 자는 제외)",,,,,0.2040,0.0840,-,0.2126,"{""1y"":""22"",""2y"":""44"",""3y"":""68"",""5y"":""120"",""10y"":""271""}","[{""label"":""management_fee"",""value"":""0.1000""},{""label"":""trustee_fee"",""value"":""0.0100""},{""label"":""admin_fee"",""value"":""0.0100""},{""label"":""other_expense"",""value"":""0.0024""},{""label"":""transaction_cost"",""value"":""0.0037""}]",[33],detail_table_cross_validated,0.7,"[상세표 보강] [(1, '0.1000'), (2, '0.0840'), (3, '0.0100'), (4, '0.0100'), (5, '0.2040'), (6, '0.0024'), (7, '0.2064'), (8, '0.2126'), (10, '0.0037')]"
FUND000027,KR5144420020,C-P2e(퇴직연금),,NEW_CLASS,수수료미징구-온라인-퇴직연금,미징구,온라인,퇴직연금,True,,없음,없음,없음,없음,0.2350,0.1150,-,0.2436,"{""1y"":""25"",""2y"":""51"",""3y"":""79"",""5y"":""137"",""10y"":""311""}","[{""label"":""management_fee"",""value"":""0.1000""},{""label"":""trustee_fee"",""value"":""0.0100""},{""label"":""admin_fee"",""value"":""0.0100""},{""label"":""other_expense"",""value"":""0.0024""},{""label"":""transaction_cost"",""value"":""0.0037""}]","[33,34]",detail_table_cross_validated,0.7,"[상세표 보강] [(1, '0.1000'), (2, '0.1150'), (3, '0.0100'), (4, '0.0100'), (5, '0.2350'), (6, '0.0024'), (7, '0.2374'), (8, '0.2436'), (10, '0.0037')]"
FUND000027,KR5144420020,CG,CLASS000363,EXACT_NORMALIZED_MATCH,수수료미징구-오프라인-무권유저비용,미징구,오프라인,,True,,없음,없음,없음,없음,0.2900,0.1700,-,0.2988,"{""1y"":""31"",""2y"":""63"",""3y"":""96"",""5y"":""168"",""10y"":""380""}","[{""label"":""management_fee"",""value"":""0.1000""},{""label"":""trustee_fee"",""value"":""0.0100""},{""label"":""admin_fee"",""value"":""0.0100""},{""label"":""other_expense"",""value"":""0.0026""},{""label"":""transaction_cost"",""value"":""0.0053""}]","[32,31,34]",detail_table_cross_validated,0.7,"[상세표 보강] [(1, '0.1000'), (2, '0.1700'), (3, '0.0100'), (4, '0.0100'), (5, '0.2900'), (6, '0.0026'), (7, '0.2926'), (8, '0.2988'), (10, '0.0053')]"
FUND000027,KR5144420020,Ce,CLASS000352,EXACT_NORMALIZED_MATCH,수수료미징구-온라인,미징구,온라인,,True,,없음,없음,없음,없음,0.27,0.15,0.2700,0.2787,"{""1y"":""29"",""2y"":""58"",""3y"":""90"",""5y"":""157"",""10y"":""355""}","[{""label"":""management_fee"",""value"":""0.1000""},{""label"":""trustee_fee"",""value"":""0.0100""},{""label"":""admin_fee"",""value"":""0.0100""},{""label"":""other_expense"",""value"":""0.0025""},{""label"":""transaction_cost"",""value"":""0.0038""}]","[5,32]",cell_grid,1.0,클래스명: 수수료미징구- 온라인(Ce) | 없음 없음 0.27 0.15 0.2700 0.2787 29 58 90 157 355
FUND000027,KR5144420020,Ci,CLASS000353,EXACT_NORMALIZED_MATCH,수수료미징구-오프라인-기관,미징구,오프라인,,False,,없음,없음,없음,없음,0.1500,0.0300,-,0.1585,"{""1y"":""16"",""2y"":""33"",""3y"":""51"",""5y"":""89"",""10y"":""203""}","[{""label"":""management_fee"",""value"":""0.1000""},{""label"":""trustee_fee"",""value"":""0.0100""},{""label"":""admin_fee"",""value"":""0.0100""},{""label"":""other_expense"",""value"":""0.0023""},{""label"":""transaction_cost"",""value"":""0.0032""}]","[32,31,34]",detail_table_cross_validated,0.7,"[상세표 보강] [(1, '0.1000'), (2, '0.0300'), (3, '0.0100'), (4, '0.0100'), (5, '0.1500'), (6, '0.0023'), (7, '0.1523'), (8, '0.1585'), (10, '0.0032')]"
FUND000027,KR5144420020,Cw,CLASS000361,EXACT_NORMALIZED_MATCH,수수료미징구-오프라인-랩,미징구,오프라인,,False,,없음,없음,없음,없음,0.1200,0.0000,-,0.1287,"{""1y"":""13"",""2y"":""27"",""3y"":""42"",""5y"":""73"",""10y"":""165""}","[{""label"":""management_fee"",""value"":""0.1000""},{""label"":""trustee_fee"",""value"":""0.0100""},{""label"":""admin_fee"",""value"":""0.0100""},{""label"":""other_expense"",""value"":""0.0025""},{""label"":""transaction_cost"",""value"":""0.0034""}]","[32,31,34]",detail_table_cross_validated,0.7,"[상세표 보강] [(1, '0.1000'), (2, '0.0000'), (3, '0.0100'), (4, '0.0100'), (5, '0.1200'), (6, '0.0025'), (7, '0.1225'), (8, '0.1287'), (10, '0.0034')]"
FUND000027,KR5144420020,S,CLASS000354,EXACT_NORMALIZED_MATCH,수수료후취-온라인슈퍼,후취,온라인슈퍼,,True,,없음,3년 미만 환매 시: 환매금액의 0.15%이내,없음,없음,0.1700,0.0500,-,0.1786,"{""1y"":""18"",""2y"":""37"",""3y"":""58"",""5y"":""101"",""10y"":""228""}","[{""label"":""management_fee"",""value"":""0.1000""},{""label"":""trustee_fee"",""value"":""0.0100""},{""label"":""admin_fee"",""value"":""0.0100""},{""label"":""other_expense"",""value"":""0.0024""},{""label"":""transaction_cost"",""value"":""0.0037""}]","[33,31,35]",detail_table_cross_validated,0.7,"[상세표 보강] [(1, '0.1000'), (2, '0.0500'), (3, '0.0100'), (4, '0.0100'), (5, '0.1700'), (6, '0.0024'), (7, '0.1724'), (8, '0.1786'), (10, '0.0037')]"
FUND000027,KR5144420020,S-P1(연금저축),,NEW_CLASS,수수료미징구-온라인슈퍼-개인연금,미징구,온라인슈퍼,개인연금,True,,없음,없음,없음,없음,0.1600,0.0400,-,0.1685,"{""1y"":""17"",""2y"":""35"",""3y"":""54"",""5y"":""95"",""10y"":""216""}","[{""label"":""management_fee"",""value"":""0.1000""},{""label"":""trustee_fee"",""value"":""0.0100""},{""label"":""admin_fee"",""value"":""0.0100""},{""label"":""other_expense"",""value"":""0.0023""},{""label"":""transaction_cost"",""value"":""0.0034""}]","[33,35]",detail_table_cross_validated,0.7,"[상세표 보강] [(1, '0.1000'), (2, '0.0400'), (3, '0.0100'), (4, '0.0100'), (5, '0.1600'), (6, '0.0023'), (7, '0.1623'), (8, '0.1685'), (10, '0.0034')]"
FUND000027,KR5144420020,S-P2(퇴직연금),,NEW_CLASS,수수료미징구-온라인슈퍼-퇴직연금,미징구,온라인슈퍼,퇴직연금,True,"집합투자업자의 공동판매채널로서의 역할 수행을 위해 모든 공모 종류 S 수익증권(종류 S-T 및 종류 S-P 수익증권 포함)을 취급하고, 객관적 지표를 기준으로 상품을 노출 및 배열하는 온라인판매시스템을 통하여 판매되는 것으로서 근로자퇴직급여보장법에 의한 퇴직연금 가입자 및 퇴직연금 사업자인 경우로 다른 종류 수익증권[가입 자격(기관 및 고액거래자 등)에 제한이 있는 종류 수익증권 제외] 보다 판매보수가 낮고, 판매수수료를 징구하지 아니함",,,,,0.1550,0.0350,-,0.1636,"{""1y"":""17"",""2y"":""34"",""3y"":""53"",""5y"":""92"",""10y"":""209""}","[{""label"":""management_fee"",""value"":""0.1000""},{""label"":""trustee_fee"",""value"":""0.0100""},{""label"":""admin_fee"",""value"":""0.0100""},{""label"":""other_expense"",""value"":""0.0024""},{""label"":""transaction_cost"",""value"":""0.0037""}]","[33,35]",detail_table_cross_validated,0.7,"[상세표 보강] [(1, '0.1000'), (2, '0.0350'), (3, '0.0100'), (4, '0.0100'), (5, '0.1550'), (6, '0.0024'), (7, '0.1574'), (8, '0.1636'), (10, '0.0037')]"
FUND000028,KR5144420081,A,CLASS000365,EXACT_NORMALIZED_MATCH,수수료선취-오프라인,선취,오프라인,,True,,납입금액의 0.2% 이내,없음,없음,없음,0.365,0.2,0.58,0.3915,"{""1y"":""60"",""2y"":""102"",""3y"":""146"",""5y"":""239"",""10y"":""514""}","[{""label"":""management_fee"",""value"":""0.13""},{""label"":""trustee_fee"",""value"":""0.02""},{""label"":""admin_fee"",""value"":""0.015""},{""label"":""other_expense"",""value"":""0.0028""},{""label"":""transaction_cost"",""value"":""0.0000""}]","[5,32]",cell_grid,1.0,클래스명: 수수료선취- 오프라인(A) | 납입금액의 0.2%이내 납입금액의 0.2%이내 0.365 0.2 0.58 0.3915 60 102 146 239 514
FUND000028,KR5144420081,A2,CLASS000366,EXACT_NORMALIZED_MATCH,수수료선취-오프라인,선취,오프라인,,True,,납입금액의 0.4% 이내,없음,없음,없음,0.275,0.11,-,0.3024,"{""1y"":""71"",""2y"":""103"",""3y"":""137"",""5y"":""209"",""10y"":""422""}","[{""label"":""management_fee"",""value"":""0.13""},{""label"":""trustee_fee"",""value"":""0.02""},{""label"":""admin_fee"",""value"":""0.015""},{""label"":""other_expense"",""value"":""0.0028""},{""label"":""transaction_cost"",""value"":""0.0000""}]","[5,32]",cell_grid,1.0,클래스명: 수수료선취- 오프라인(A2) | 납입금액의 0.4%이내 납입금액의 0.4%이내 0.275 0.11 - 0.3024 71 103 137 209 422
FUND000028,KR5144420081,AG,CLASS000368,EXACT_NORMALIZED_MATCH,수수료선취-오프라인-무권유저비용,선취,오프라인,,True,,납입금액의 0.1% 이내,없음,없음,없음,0.2850,0.120,-,0.3125,"{""1y"":""42"",""2y"":""75"",""3y"":""111"",""5y"":""186"",""10y"":""407""}","[{""label"":""management_fee"",""value"":""0.13""},{""label"":""trustee_fee"",""value"":""0.02""},{""label"":""admin_fee"",""value"":""0.015""},{""label"":""other_expense"",""value"":""0.0028""},{""label"":""transaction_cost"",""value"":""0.0000""}]","[32,34]",detail_table_cross_validated,0.7,"[상세표 보강] [(1, '0.13'), (2, '0.120'), (3, '0.02'), (4, '0.015'), (5, '0.2850'), (6, '0.0028'), (7, '0.2878'), (8, '0.3125'), (10, '0.0000')]"
FUND000028,KR5144420081,Ae,CLASS000367,EXACT_NORMALIZED_MATCH,수수료선취-온라인,선취,온라인,,True,,납입금액의 0.1% 이내,없음,없음,없음,0.265,0.1,0.50,0.2925,"{""1y"":""40"",""2y"":""71"",""3y"":""104"",""5y"":""174"",""10y"":""382""}","[{""label"":""management_fee"",""value"":""0.13""},{""label"":""trustee_fee"",""value"":""0.02""},{""label"":""admin_fee"",""value"":""0.015""},{""label"":""other_expense"",""value"":""0.0028""},{""label"":""transaction_cost"",""value"":""0.0000""}]","[5,32]",cell_grid,1.0,클래스명: 수수료선취- 온라인(Ae) | 납입금액의 0.1%이내 납입금액의 0.1%이내 0.265 0.1 0.50 0.2925 40 71 104 174 382
FUND000028,KR5144420081,C,CLASS000369,EXACT_NORMALIZED_MATCH,수수료미징구-오프라인,미징구,오프라인,,True,,없음,없음,없음,없음,0.465,0.3,0.46,0.4911,"{""1y"":""50"",""2y"":""103"",""3y"":""158"",""5y"":""276"",""10y"":""619""}","[{""label"":""management_fee"",""value"":""0.13""},{""label"":""trustee_fee"",""value"":""0.02""},{""label"":""admin_fee"",""value"":""0.015""},{""label"":""other_expense"",""value"":""0.0018""},{""label"":""transaction_cost"",""value"":""0.0000""}]","[5,32]",cell_grid,1.0,클래스명: 수수료미징구 -오프라인(C) | 없음 없음 0.465 0.3 0.46 0.4911 50 103 158 276 619
FUND000028,KR5144420081,C-P1(연금저축),,NEW_CLASS,수수료미징구-오프라인-개인연금,미징구,오프라인,개인연금,True,,없음,없음,없음,없음,0.4150,0.250,-,0.4397,"{""1y"":""45"",""2y"":""92"",""3y"":""141"",""5y"":""247"",""10y"":""556""}","[{""label"":""management_fee"",""value"":""0.13""},{""label"":""trustee_fee"",""value"":""0.02""},{""label"":""admin_fee"",""value"":""0.015""},{""label"":""other_expense"",""value"":""0.0010""},{""label"":""transaction_cost"",""value"":""0.0000""}]","[32,34]",detail_table_cross_validated,0.7,"[상세표 보강] [(1, '0.13'), (2, '0.250'), (3, '0.02'), (4, '0.015'), (5, '0.4150'), (6, '0.0010'), (7, '0.4160'), (8, '0.4397'), (10, '0.0000')]"
FUND000028,KR5144420081,C-P1e(연금저축),,NEW_CLASS,수수료미징구-온라인-개인연금,미징구,온라인,개인연금,True,,없음,없음,없음,없음,0.2900,0.125,-,0.3165,"{""1y"":""32"",""2y"":""66"",""3y"":""102"",""5y"":""178"",""10y"":""402""}","[{""label"":""management_fee"",""value"":""0.13""},{""label"":""trustee_fee"",""value"":""0.02""},{""label"":""admin_fee"",""value"":""0.015""},{""label"":""other_expense"",""value"":""0.0027""},{""label"":""transaction_cost"",""value"":""0.0000""}]","[32,34]",detail_table_cross_validated,0.7,"[상세표 보강] [(1, '0.13'), (2, '0.125'), (3, '0.02'), (4, '0.015'), (5, '0.2900'), (6, '0.0027'), (7, '0.2927'), (8, '0.3165'), (10, '0.0000')]"
FUND000028,KR5144420081,C-P2(퇴직연금),,NEW_CLASS,수수료미징구-오프라인-퇴직연금,미징구,오프라인,퇴직연금,True,,없음,없음,없음,없음,0.3950,0.230,-,0.4213,"{""1y"":""43"",""2y"":""88"",""3y"":""136"",""5y"":""237"",""10y"":""533""}","[{""label"":""management_fee"",""value"":""0.13""},{""label"":""trustee_fee"",""value"":""0.02""},{""label"":""admin_fee"",""value"":""0.015""},{""label"":""other_expense"",""value"":""0.0026""},{""label"":""transaction_cost"",""value"":""0.0000""}]","[32,34]",detail_table_cross_validated,0.7,"[상세표 보강] [(1, '0.13'), (2, '0.230'), (3, '0.02'), (4, '0.015'), (5, '0.3950'), (6, '0.0026'), (7, '0.3976'), (8, '0.4213'), (10, '0.0000')]"
FUND000028,KR5144420081,C-P2e(퇴직연금),,NEW_CLASS,수수료미징구-온라인-퇴직연금,미징구,온라인,퇴직연금,True,,없음,없음,없음,없음,0.2800,0.115,-,0.3071,"{""1y"":""31"",""2y"":""64"",""3y"":""99"",""5y"":""173"",""10y"":""391""}","[{""label"":""management_fee"",""value"":""0.13""},{""label"":""trustee_fee"",""value"":""0.02""},{""label"":""admin_fee"",""value"":""0.015""},{""label"":""other_expense"",""value"":""0.0028""},{""label"":""transaction_cost"",""value"":""0.0000""}]","[33,34]",detail_table_cross_validated,0.7,"[상세표 보강] [(1, '0.13'), (2, '0.115'), (3, '0.02'), (4, '0.015'), (5, '0.2800'), (6, '0.0028'), (7, '0.2828'), (8, '0.3071'), (10, '0.0000')]"
FUND000028,KR5144420081,CG,CLASS000371,EXACT_NORMALIZED_MATCH,수수료미징구-오프라인-무권유저비용,미징구,오프라인,,True,,없음,없음,없음,없음,0.3400,0.175,-,0.3675,"{""1y"":""38"",""2y"":""77"",""3y"":""118"",""5y"":""207"",""10y"":""466""}","[{""label"":""management_fee"",""value"":""0.13""},{""label"":""trustee_fee"",""value"":""0.02""},{""label"":""admin_fee"",""value"":""0.015""},{""label"":""other_expense"",""value"":""0.0028""},{""label"":""transaction_cost"",""value"":""0.0000""}]","[32,34]",detail_table_cross_validated,0.7,"[상세표 보강] [(1, '0.13'), (2, '0.175'), (3, '0.02'), (4, '0.015'), (5, '0.3400'), (6, '0.0028'), (7, '0.3428'), (8, '0.3675'), (10, '0.0000')]"
FUND000028,KR5144420081,Ce,CLASS000370,EXACT_NORMALIZED_MATCH,수수료미징구-온라인,미징구,온라인,,True,,없음,없음,없음,없음,0.315,0.15,0.58,0.3420,"{""1y"":""35"",""2y"":""72"",""3y"":""110"",""5y"":""192"",""10y"":""434""}","[{""label"":""management_fee"",""value"":""0.13""},{""label"":""trustee_fee"",""value"":""0.02""},{""label"":""admin_fee"",""value"":""0.015""},{""label"":""other_expense"",""value"":""0.0027""},{""label"":""transaction_cost"",""value"":""0.0000""}]","[5,32]",cell_grid,1.0,클래스명: 수수료미징구 -온라인(Ce) 투자비용 | 없음 없음 0.315 0.15 0.58 0.3420 35 72 110 192 434
FUND000028,KR5144420081,Cf,CLASS000372,EXACT_NORMALIZED_MATCH,수수료미징구-오프라인-기관,미징구,오프라인,,False,,없음,없음,없음,없음,0.1950,0.030,-,0.2225,"{""1y"":""23"",""2y"":""47"",""3y"":""72"",""5y"":""126"",""10y"":""284""}","[{""label"":""management_fee"",""value"":""0.13""},{""label"":""trustee_fee"",""value"":""0.02""},{""label"":""admin_fee"",""value"":""0.015""},{""label"":""other_expense"",""value"":""0.0028""},{""label"":""transaction_cost"",""value"":""0.0000""}]","[32,34]",detail_table_cross_validated,0.7,"[상세표 보강] [(1, '0.13'), (2, '0.030'), (3, '0.02'), (4, '0.015'), (5, '0.1950'), (6, '0.0028'), (7, '0.1978'), (8, '0.2225'), (10, '0.0000')]"
FUND000028,KR5144420081,Cw,CLASS000373,EXACT_NORMALIZED_MATCH,수수료미징구-오프라인-랩,미징구,오프라인,,False,,없음,없음,없음,없음,0.1650,0.000,-,0.1906,"{""1y"":""20"",""2y"":""40"",""3y"":""61"",""5y"":""108"",""10y"":""244""}","[{""label"":""management_fee"",""value"":""0.13""},{""label"":""trustee_fee"",""value"":""0.02""},{""label"":""admin_fee"",""value"":""0.015""},{""label"":""other_expense"",""value"":""0.0021""},{""label"":""transaction_cost"",""value"":""0.0000""}]","[32,34]",detail_table_cross_validated,0.7,"[상세표 보강] [(1, '0.13'), (2, '0.000'), (3, '0.02'), (4, '0.015'), (5, '0.1650'), (6, '0.0021'), (7, '0.1671'), (8, '0.1906'), (10, '0.0000')]"
FUND000028,KR5144420081,S,CLASS000378,EXACT_NORMALIZED_MATCH,수수료후취-온라인슈퍼,후취,온라인슈퍼,,True,,없음,3년 미만 환매 시: 환매금액의 0.15%이내,없음,없음,0.2550,0.090,-,0.2812,"{""1y"":""29"",""2y"":""59"",""3y"":""91"",""5y"":""158"",""10y"":""358""}","[{""label"":""management_fee"",""value"":""0.13""},{""label"":""trustee_fee"",""value"":""0.02""},{""label"":""admin_fee"",""value"":""0.015""},{""label"":""other_expense"",""value"":""0.0022""},{""label"":""transaction_cost"",""value"":""0.0000""}]","[33,32,34]",detail_table_cross_validated,0.7,"[상세표 보강] [(1, '0.13'), (2, '0.090'), (3, '0.02'), (4, '0.015'), (5, '0.2550'), (6, '0.0022'), (7, '0.2572'), (8, '0.2812'), (10, '0.0000')]"
FUND000028,KR5144420081,S-P1(연금저축),,NEW_CLASS,수수료미징구-온라인슈퍼-개인연금,미징구,온라인슈퍼,개인연금,True,,없음,0.15%이내 -,없음,없음,0.2370,0.072,-,0.2632,"{""1y"":""27"",""2y"":""55"",""3y"":""85"",""5y"":""148"",""10y"":""335""}","[{""label"":""management_fee"",""value"":""0.13""},{""label"":""trustee_fee"",""value"":""0.02""},{""label"":""admin_fee"",""value"":""0.015""},{""label"":""other_expense"",""value"":""0.0025""},{""label"":""transaction_cost"",""value"":""0.0000""}]","[33,34]",detail_table_cross_validated,0.7,"[상세표 보강] [(1, '0.13'), (2, '0.072'), (3, '0.02'), (4, '0.015'), (5, '0.2370'), (6, '0.0025'), (7, '0.2395'), (8, '0.2632'), (10, '0.0000')]"
FUND000028,KR5144420081,S-P2(퇴직연금),,NEW_CLASS,수수료미징구-온라인슈퍼-퇴직연금,미징구,온라인슈퍼,퇴직연금,True,,없음,없음,없음,없음,0.2270,0.062,-,0.2536,"{""1y"":""26"",""2y"":""53"",""3y"":""82"",""5y"":""143"",""10y"":""323""}","[{""label"":""management_fee"",""value"":""0.13""},{""label"":""trustee_fee"",""value"":""0.02""},{""label"":""admin_fee"",""value"":""0.015""},{""label"":""other_expense"",""value"":""0.0026""},{""label"":""transaction_cost"",""value"":""0.0000""}]","[33,34]",detail_table_cross_validated,0.7,"[상세표 보강] [(1, '0.13'), (2, '0.062'), (3, '0.02'), (4, '0.015'), (5, '0.2270'), (6, '0.0026'), (7, '0.2296'), (8, '0.2536'), (10, '0.0000')]"
FUND000029,KR5144420091,A,CLASS000381,EXACT_NORMALIZED_MATCH,수수료선취-오프라인,선취,오프라인,,True,,0.1% 이내,없음,없음,없음,0.295,0.20,0.34,0.3039,"{""1y"":""41"",""2y"":""74"",""3y"":""108"",""5y"":""181"",""10y"":""395""}","[{""label"":""management_fee"",""value"":""0.0750""},{""label"":""trustee_fee"",""value"":""0.0100""},{""label"":""admin_fee"",""value"":""0.0100""},{""label"":""other_expense"",""value"":""0.0089""},{""label"":""transaction_cost"",""value"":""0.0036""}]","[5,34]",cell_grid,1.0,클래스명: 수수료선취- 오프라인(A) | 납입금액의 0.1%이내 납입금액의 0.1%이내 0.295 0.20 0.34 0.3039 41 74 108 181 395
FUND000029,KR5144420091,A2,CLASS000382,EXACT_NORMALIZED_MATCH,수수료선취-오프라인,선취,오프라인,,True,,0.3% 이내,없음,없음,없음,0.145,0.05,-,0.1539,"{""1y"":""46"",""2y"":""62"",""3y"":""79"",""5y"":""116"",""10y"":""226""}","[{""label"":""management_fee"",""value"":""0.0750""},{""label"":""trustee_fee"",""value"":""0.0100""},{""label"":""admin_fee"",""value"":""0.0100""},{""label"":""other_expense"",""value"":""0.0089""},{""label"":""transaction_cost"",""value"":""0.0035""}]","[5,34]",cell_grid,1.0,클래스명: 수수료선취- 오프라인(A2) | 납입금액의 0.3%이내 납입금액의 0.3%이내 0.145 0.05 - 0.1539 46 62 79 116 226
FUND000029,KR5144420091,AG,CLASS000384,EXACT_NORMALIZED_MATCH,수수료선취-오프라인-무권유저비용,선취,오프라인,,True,,0.05%이내,없음,없음,없음,0.2080,0.1130,-,0.2169,"{""1y"":""27"",""2y"":""50"",""3y"":""75"",""5y"":""127"",""10y"":""281""}","[{""label"":""management_fee"",""value"":""0.0750""},{""label"":""trustee_fee"",""value"":""0.0100""},{""label"":""admin_fee"",""value"":""0.0100""},{""label"":""other_expense"",""value"":""0.0089""},{""label"":""transaction_cost"",""value"":""0.0040""}]","[34,35]",detail_table_cross_validated,0.7,"[상세표 보강] [(1, '0.0750'), (2, '0.1130'), (3, '0.0100'), (4, '0.0100'), (5, '0.2080'), (6, '0.0089'), (7, '0.2169'), (9, '0.0040')]"
FUND000029,KR5144420091,Ae,CLASS000383,EXACT_NORMALIZED_MATCH,수수료선취-온라인,선취,온라인,,True,,0.05%이내,없음,없음,없음,0.195,0.10,0.25,0.2038,"{""1y"":""26"",""2y"":""48"",""3y"":""71"",""5y"":""120"",""10y"":""265""}","[{""label"":""management_fee"",""value"":""0.0750""},{""label"":""trustee_fee"",""value"":""0.0100""},{""label"":""admin_fee"",""value"":""0.0100""},{""label"":""other_expense"",""value"":""0.0088""},{""label"":""transaction_cost"",""value"":""0.0035""}]","[5,34]",cell_grid,1.0,클래스명: 수수료선취- 투자비용 온라인(Ae) | 납입금액의 0.05%이내 납입금액의 0.05%이내 0.195 0.10 0.25 0.2038 26 48 71 120 265
FUND000029,KR5144420091,C,CLASS000385,EXACT_NORMALIZED_MATCH,수수료미징구-오프라인,미징구,오프라인,,True,,없음,없음,없음,없음,0.395,0.30,0.40,0.4039,"{""1y"":""41"",""2y"":""85"",""3y"":""130"",""5y"":""227"",""10y"":""511""}","[{""label"":""management_fee"",""value"":""0.0750""},{""label"":""trustee_fee"",""value"":""0.0100""},{""label"":""admin_fee"",""value"":""0.0100""},{""label"":""other_expense"",""value"":""0.0089""},{""label"":""transaction_cost"",""value"":""0.0036""}]","[5,34]",cell_grid,1.0,클래스명: 수수료미징구 -오프라인(C) | 없음 없음 0.395 0.30 0.40 0.4039 41 85 130 227 511
FUND000029,KR5144420091,C-P1(연금저축),,NEW_CLASS,수수료미징구-오프라인-개인연금,미징구,오프라인,개인연금,True,,없음,없음,없음,없음,0.2850,0.1900,-,0.2939,"{""1y"":""30"",""2y"":""62"",""3y"":""95"",""5y"":""165"",""10y"":""374""}","[{""label"":""management_fee"",""value"":""0.0750""},{""label"":""trustee_fee"",""value"":""0.0100""},{""label"":""admin_fee"",""value"":""0.0100""},{""label"":""other_expense"",""value"":""0.0089""},{""label"":""transaction_cost"",""value"":""0.0037""}]","[34,36]",detail_table_cross_validated,0.7,"[상세표 보강] [(1, '0.0750'), (2, '0.1900'), (3, '0.0100'), (4, '0.0100'), (5, '0.2850'), (6, '0.0089'), (7, '0.2939'), (9, '0.0037')]"
FUND000029,KR5144420091,C-P1e(연금저축),,NEW_CLASS,수수료미징구-온라인-개인연금,미징구,온라인,개인연금,True,,없음,없음,없음,없음,0.1900,0.0950,-,0.1989,"{""1y"":""20"",""2y"":""42"",""3y"":""64"",""5y"":""112"",""10y"":""254""}","[{""label"":""management_fee"",""value"":""0.0750""},{""label"":""trustee_fee"",""value"":""0.0100""},{""label"":""admin_fee"",""value"":""0.0100""},{""label"":""other_expense"",""value"":""0.0089""},{""label"":""transaction_cost"",""value"":""0.0037""}]","[34,36]",detail_table_cross_validated,0.7,"[상세표 보강] [(1, '0.0750'), (2, '0.0950'), (3, '0.0100'), (4, '0.0100'), (5, '0.1900'), (6, '0.0089'), (7, '0.1989'), (9, '0.0037')]"
FUND000029,KR5144420091,C-P2(퇴직연금),,NEW_CLASS,수수료미징구-오프라인-퇴직연금,미징구,오프라인,퇴직연금,True,,없음,없음,없음,없음,0.2750,0.1800,-,0.2839,"{""1y"":""29"",""2y"":""60"",""3y"":""91"",""5y"":""160"",""10y"":""361""}","[{""label"":""management_fee"",""value"":""0.0750""},{""label"":""trustee_fee"",""value"":""0.0100""},{""label"":""admin_fee"",""value"":""0.0100""},{""label"":""other_expense"",""value"":""0.0089""},{""label"":""transaction_cost"",""value"":""0.0035""}]","[34,36]",detail_table_cross_validated,0.7,"[상세표 보강] [(1, '0.0750'), (2, '0.1800'), (3, '0.0100'), (4, '0.0100'), (5, '0.2750'), (6, '0.0089'), (7, '0.2839'), (9, '0.0035')]"
FUND000029,KR5144420091,C-P2e(퇴직연금),,NEW_CLASS,수수료미징구-온라인-퇴직연금,미징구,온라인,퇴직연금,True,,없음,없음,없음,없음,0.1850,0.0900,-,0.1939,"{""1y"":""20"",""2y"":""41"",""3y"":""63"",""5y"":""109"",""10y"":""248""}","[{""label"":""management_fee"",""value"":""0.0750""},{""label"":""trustee_fee"",""value"":""0.0100""},{""label"":""admin_fee"",""value"":""0.0100""},{""label"":""other_expense"",""value"":""0.0089""},{""label"":""transaction_cost"",""value"":""0.0036""}]","[34,36]",detail_table_cross_validated,0.7,"[상세표 보강] [(1, '0.0750'), (2, '0.0900'), (3, '0.0100'), (4, '0.0100'), (5, '0.1850'), (6, '0.0089'), (7, '0.1939'), (9, '0.0036')]"
FUND000029,KR5144420091,CG,CLASS000387,EXACT_NORMALIZED_MATCH,수수료미징구-오프라인-무권유저비용,미징구,오프라인,,True,,없음,없음,없음,없음,0.2650,0.1700,-,0.2739,"{""1y"":""28"",""2y"":""57"",""3y"":""88"",""5y"":""154"",""10y"":""349""}","[{""label"":""management_fee"",""value"":""0.0750""},{""label"":""trustee_fee"",""value"":""0.0100""},{""label"":""admin_fee"",""value"":""0.0100""},{""label"":""other_expense"",""value"":""0.0089""},{""label"":""transaction_cost"",""value"":""0.0040""}]","[34,33,36]",detail_table_cross_validated,0.7,"[상세표 보강] [(1, '0.0750'), (2, '0.1700'), (3, '0.0100'), (4, '0.0100'), (5, '0.2650'), (6, '0.0089'), (7, '0.2739'), (9, '0.0040')]"
FUND000029,KR5144420091,Ce,CLASS000386,EXACT_NORMALIZED_MATCH,수수료미징구-온라인,미징구,온라인,,True,,없음,없음,없음,없음,0.245,0.15,0.27,0.2539,"{""1y"":""26"",""2y"":""53"",""3y"":""82"",""5y"":""143"",""10y"":""323""}","[{""label"":""management_fee"",""value"":""0.0750""},{""label"":""trustee_fee"",""value"":""0.0100""},{""label"":""admin_fee"",""value"":""0.0100""},{""label"":""other_expense"",""value"":""0.0089""},{""label"":""transaction_cost"",""value"":""0.0036""}]","[5,34]",cell_grid,1.0,클래스명: 수수료미징구 -온라인(Ce) | 없음 없음 0.245 0.15 0.27 0.2539 26 53 82 143 323
FUND000029,KR5144420091,Cf,CLASS000388,EXACT_NORMALIZED_MATCH,수수료미징구-오프라인-기관,미징구,오프라인,,False,,없음,없음,없음,없음,0.1050,0.0100,-,0.1139,"{""1y"":""12"",""2y"":""24"",""3y"":""37"",""5y"":""64"",""10y"":""146""}","[{""label"":""management_fee"",""value"":""0.0750""},{""label"":""trustee_fee"",""value"":""0.0100""},{""label"":""admin_fee"",""value"":""0.0100""},{""label"":""other_expense"",""value"":""0.0089""},{""label"":""transaction_cost"",""value"":""0.0037""}]","[34,33,36]",detail_table_cross_validated,0.7,"[상세표 보강] [(1, '0.0750'), (2, '0.0100'), (3, '0.0100'), (4, '0.0100'), (5, '0.1050'), (6, '0.0089'), (7, '0.1139'), (9, '0.0037')]"
FUND000029,KR5144420091,Ci,CLASS000389,EXACT_NORMALIZED_MATCH,수수료미징구-오프라인-고액,미징구,오프라인,,False,,없음,없음,없음,없음,0.1450,0.0500,-,0.1539,"{""1y"":""16"",""2y"":""32"",""3y"":""50"",""5y"":""87"",""10y"":""197""}","[{""label"":""management_fee"",""value"":""0.0750""},{""label"":""trustee_fee"",""value"":""0.0100""},{""label"":""admin_fee"",""value"":""0.0100""},{""label"":""other_expense"",""value"":""0.0089""},{""label"":""transaction_cost"",""value"":""0.0040""}]","[34,33,36]",detail_table_cross_validated,0.7,"[상세표 보강] [(1, '0.0750'), (2, '0.0500'), (3, '0.0100'), (4, '0.0100'), (5, '0.1450'), (6, '0.0089'), (7, '0.1539'), (9, '0.0040')]"
FUND000029,KR5144420091,Cw,CLASS000390,EXACT_NORMALIZED_MATCH,수수료미징구-오프라인-랩,미징구,오프라인,,False,,없음,없음,없음,없음,0.0950,0.0000,-,0.1038,"{""1y"":""11"",""2y"":""22"",""3y"":""34"",""5y"":""59"",""10y"":""133""}","[{""label"":""management_fee"",""value"":""0.0750""},{""label"":""trustee_fee"",""value"":""0.0100""},{""label"":""admin_fee"",""value"":""0.0100""},{""label"":""other_expense"",""value"":""0.0088""},{""label"":""transaction_cost"",""value"":""0.0040""}]","[34,33,36]",detail_table_cross_validated,0.7,"[상세표 보강] [(1, '0.0750'), (2, '0.0000'), (3, '0.0100'), (4, '0.0100'), (5, '0.0950'), (6, '0.0088'), (7, '0.1038'), (9, '0.0040')]"
FUND000029,KR5144420091,S,CLASS000395,EXACT_NORMALIZED_MATCH,수수료후취-온라인슈퍼,후취,온라인슈퍼,,True,,없음,3년미만 환매 시 환매금액의 0.15%이내,없음,없음,0.1750,0.0800,-,0.1839,"{""1y"":""19"",""2y"":""39"",""3y"":""59"",""5y"":""104"",""10y"":""235""}","[{""label"":""management_fee"",""value"":""0.0750""},{""label"":""trustee_fee"",""value"":""0.0100""},{""label"":""admin_fee"",""value"":""0.0100""},{""label"":""other_expense"",""value"":""0.0089""},{""label"":""transaction_cost"",""value"":""0.0040""}]","[34,33,36]",detail_table_cross_validated,0.7,"[상세표 보강] [(1, '0.0750'), (2, '0.0800'), (3, '0.0100'), (4, '0.0100'), (5, '0.1750'), (6, '0.0089'), (7, '0.1839'), (9, '0.0040')]"
FUND000029,KR5144420091,S-P1(연금저축),,NEW_CLASS,수수료미징구-온라인슈퍼-개인연금,미징구,온라인슈퍼,개인연금,True,,없음,없음,없음,없음,0.1550,0.0600,-,0.1639,"{""1y"":""17"",""2y"":""34"",""3y"":""53"",""5y"":""93"",""10y"":""210""}","[{""label"":""management_fee"",""value"":""0.0750""},{""label"":""trustee_fee"",""value"":""0.0100""},{""label"":""admin_fee"",""value"":""0.0100""},{""label"":""other_expense"",""value"":""0.0089""},{""label"":""transaction_cost"",""value"":""0.0040""}]","[34,36]",detail_table_cross_validated,0.7,"[상세표 보강] [(1, '0.0750'), (2, '0.0600'), (3, '0.0100'), (4, '0.0100'), (5, '0.1550'), (6, '0.0089'), (7, '0.1639'), (9, '0.0040')]"
FUND000029,KR5144420091,S-P2(퇴직연금),,NEW_CLASS,수수료미징구-온라인슈퍼-퇴직연금,미징구,온라인슈퍼,퇴직연금,True,,없음,없음,없음,없음,0.1500,0.0550,-,0.1589,"{""1y"":""16"",""2y"":""33"",""3y"":""51"",""5y"":""90"",""10y"":""203""}","[{""label"":""management_fee"",""value"":""0.0750""},{""label"":""trustee_fee"",""value"":""0.0100""},{""label"":""admin_fee"",""value"":""0.0100""},{""label"":""other_expense"",""value"":""0.0089""},{""label"":""transaction_cost"",""value"":""0.0040""}]","[35,36]",detail_table_cross_validated,0.7,"[상세표 보강] [(1, '0.0750'), (2, '0.0550'), (3, '0.0100'), (4, '0.0100'), (5, '0.1500'), (6, '0.0089'), (7, '0.1589'), (9, '0.0040')]"
FUND000030,KR5144450095,A,CLASS000398,EXACT_NORMALIZED_MATCH,수수료선취-오프라인,선취,오프라인,,True,,0.5% 이내,없음,없음,없음,0.877,0.34,1.43,0.8793,"{""1y"":""140"",""2y"":""233"",""3y"":""329"",""5y"":""535"",""10y"":""1127""}","[{""label"":""management_fee"",""value"":""0.5000""},{""label"":""trustee_fee"",""value"":""0.0200""},{""label"":""admin_fee"",""value"":""0.0170""},{""label"":""other_expense"",""value"":""0.0023""},{""label"":""transaction_cost"",""value"":""0.1552""}]","[5,35]",cell_grid,1.0,"클래스명: 수수료선취- 오프라인(A) | 납입금액의 0.5%이내 수수료선취- 오프라인(A) 납입금액의 0.5%이내 0.877 0.34 1.43 0.8793 140 233 329 535 1,127"
FUND000030,KR5144450095,A2,CLASS000399,EXACT_NORMALIZED_MATCH,수수료선취-오프라인,선취,오프라인,,True,,1.0% 이내,없음,없음,없음,0.717,0.18,-,0.7203,"{""1y"":""173"",""2y"":""249"",""3y"":""327"",""5y"":""495"",""10y"":""980""}","[{""label"":""management_fee"",""value"":""0.5000""},{""label"":""trustee_fee"",""value"":""0.0200""},{""label"":""admin_fee"",""value"":""0.0170""},{""label"":""other_expense"",""value"":""0.0033""},{""label"":""transaction_cost"",""value"":""0.1588""}]","[5,35]",cell_grid,1.0,클래스명: 수수료선취- 오프라인(A2) | 납입금액의 1.0%이내 수수료선취- 오프라인(A2) 납입금액의 1.0%이내 0.717 0.18 - 0.7203 173 249 327 495 980
FUND000030,KR5144450095,A2e,CLASS000401,EXACT_NORMALIZED_MATCH,수수료선취-온라인,선취,온라인,,True,,0.5% 이내,없음,없음,없음,0.627,0.09,-,0.6308,"{""1y"":""114"",""2y"":""181"",""3y"":""251"",""5y"":""400"",""10y"":""832""}","[{""label"":""management_fee"",""value"":""0.5000""},{""label"":""trustee_fee"",""value"":""0.0200""},{""label"":""admin_fee"",""value"":""0.0170""},{""label"":""other_expense"",""value"":""0.0038""},{""label"":""transaction_cost"",""value"":""0.1604""}]","[5,35]",cell_grid,1.0,클래스명: 수수료선취-온 라인(A2e) | 납입금액의 0.5%이내 수수료선취-온 라인(A2e) 납입금액의 0.5%이내 0.627 0.09 - 0.6308 114 181 251 400 832
FUND000030,KR5144450095,AG,CLASS000402,EXACT_NORMALIZED_MATCH,수수료선취-오프라인-무권유저비용,선취,오프라인,,True,,0.25%이내,없음,없음,없음,0.7370,0.2000,-,0.7408,"{""1y"":""101"",""2y"":""180"",""3y"":""262"",""5y"":""436"",""10y"":""943""}","[{""label"":""management_fee"",""value"":""0.5000""},{""label"":""trustee_fee"",""value"":""0.0200""},{""label"":""admin_fee"",""value"":""0.0170""},{""label"":""other_expense"",""value"":""0.0038""},{""label"":""transaction_cost"",""value"":""0.1604""}]","[35,36]",detail_table_cross_validated,0.7,"[상세표 보강] [(1, '0.5000'), (2, '0.2000'), (3, '0.0200'), (4, '0.0170'), (5, '0.7370'), (6, '0.0038'), (7, '0.7408'), (9, '0.1604')]"
FUND000030,KR5144450095,Ae,CLASS000400,EXACT_NORMALIZED_MATCH,수수료선취-온라인,선취,온라인,,True,,0.25%이내,없음,없음,없음,0.707,0.17,1.16,0.7093,"{""1y"":""98"",""2y"":""173"",""3y"":""252"",""5y"":""419"",""10y"":""905""}","[{""label"":""management_fee"",""value"":""0.5000""},{""label"":""trustee_fee"",""value"":""0.0200""},{""label"":""admin_fee"",""value"":""0.0170""},{""label"":""other_expense"",""value"":""0.0023""},{""label"":""transaction_cost"",""value"":""0.1549""}]","[5,35]",cell_grid,1.0,클래스명: 수수료선취-온 라인(Ae) | 납입금액의 0.25%이내 수수료선취-온 라인(Ae) 납입금액의 0.25%이내 0.707 0.17 1.16 0.7093 98 173 252 419 905
FUND000030,KR5144450095,C,CLASS000403,EXACT_NORMALIZED_MATCH,수수료미징구-오프라인,미징구,오프라인,,True,,없음,없음,없음,없음,1.037,0.50,1.59,1.0393,"{""1y"":""107"",""2y"":""217"",""3y"":""332"",""5y"":""576"",""10y"":""1275""}","[{""label"":""management_fee"",""value"":""0.5000""},{""label"":""trustee_fee"",""value"":""0.0200""},{""label"":""admin_fee"",""value"":""0.0170""},{""label"":""other_expense"",""value"":""0.0023""},{""label"":""transaction_cost"",""value"":""0.1551""}]","[5,35]",cell_grid,1.0,"클래스명: 수수료미징구- 오프라인(C) | 없음 수수료미징구- 오프라인(C) 없음 1.037 0.50 1.59 1.0393 107 217 332 576 1,275"
FUND000030,KR5144450095,C-P1(연금저축),,NEW_CLASS,수수료미징구-오프라인-개인연금,미징구,오프라인,개인연금,True,,없음,없음,없음,없음,0.8070,0.2700,-,0.8093,"{""1y"":""83"",""2y"":""169"",""3y"":""259"",""5y"":""451"",""10y"":""1004""}","[{""label"":""management_fee"",""value"":""0.5000""},{""label"":""trustee_fee"",""value"":""0.0200""},{""label"":""admin_fee"",""value"":""0.0170""},{""label"":""other_expense"",""value"":""0.0023""},{""label"":""transaction_cost"",""value"":""0.1550""}]","[35,37]",detail_table_cross_validated,0.7,"[상세표 보강] [(1, '0.5000'), (2, '0.2700'), (3, '0.0200'), (4, '0.0170'), (5, '0.8070'), (6, '0.0023'), (7, '0.8093'), (9, '0.1550')]"
FUND000030,KR5144450095,C-P1e(연금저축),,NEW_CLASS,수수료미징구-온라인-개인연금,미징구,온라인,개인연금,True,,없음,없음,없음,없음,0.6720,0.1350,-,0.6743,"{""1y"":""69"",""2y"":""141"",""3y"":""216"",""5y"":""377"",""10y"":""842""}","[{""label"":""management_fee"",""value"":""0.5000""},{""label"":""trustee_fee"",""value"":""0.0200""},{""label"":""admin_fee"",""value"":""0.0170""},{""label"":""other_expense"",""value"":""0.0023""},{""label"":""transaction_cost"",""value"":""0.1548""}]","[35,37]",detail_table_cross_validated,0.7,"[상세표 보강] [(1, '0.5000'), (2, '0.1350'), (3, '0.0200'), (4, '0.0170'), (5, '0.6720'), (6, '0.0023'), (7, '0.6743'), (9, '0.1548')]"
FUND000030,KR5144450095,C-P2(퇴직연금),,NEW_CLASS,수수료미징구-오프라인-퇴직연금,미징구,오프라인,퇴직연금,True,,없음,없음,없음,없음,0.7970,0.2600,-,0.7993,"{""1y"":""82"",""2y"":""167"",""3y"":""256"",""5y"":""445"",""10y"":""992""}","[{""label"":""management_fee"",""value"":""0.5000""},{""label"":""trustee_fee"",""value"":""0.0200""},{""label"":""admin_fee"",""value"":""0.0170""},{""label"":""other_expense"",""value"":""0.0023""},{""label"":""transaction_cost"",""value"":""0.1547""}]","[35,37]",detail_table_cross_validated,0.7,"[상세표 보강] [(1, '0.5000'), (2, '0.2600'), (3, '0.0200'), (4, '0.0170'), (5, '0.7970'), (6, '0.0023'), (7, '0.7993'), (9, '0.1547')]"
FUND000030,KR5144450095,C-P2e(퇴직연금),,NEW_CLASS,수수료미징구-온라인-퇴직연금,미징구,온라인,퇴직연금,True,,없음,없음,없음,없음,0.6670,0.1300,-,0.6693,"{""1y"":""69"",""2y"":""140"",""3y"":""215"",""5y"":""374"",""10y"":""836""}","[{""label"":""management_fee"",""value"":""0.5000""},{""label"":""trustee_fee"",""value"":""0.0200""},{""label"":""admin_fee"",""value"":""0.0170""},{""label"":""other_expense"",""value"":""0.0023""},{""label"":""transaction_cost"",""value"":""0.1547""}]","[35,37]",detail_table_cross_validated,0.7,"[상세표 보강] [(1, '0.5000'), (2, '0.1300'), (3, '0.0200'), (4, '0.0170'), (5, '0.6670'), (6, '0.0023'), (7, '0.6693'), (9, '0.1547')]"
FUND000030,KR5144450095,CG,CLASS000405,EXACT_NORMALIZED_MATCH,수수료미징구-오프라인-무권유저비용,미징구,오프라인,,True,,없음,없음,없음,없음,0.8370,0.3000,-,0.8408,"{""1y"":""86"",""2y"":""176"",""3y"":""269"",""5y"":""468"",""10y"":""1041""}","[{""label"":""management_fee"",""value"":""0.5000""},{""label"":""trustee_fee"",""value"":""0.0200""},{""label"":""admin_fee"",""value"":""0.0170""},{""label"":""other_expense"",""value"":""0.0038""},{""label"":""transaction_cost"",""value"":""0.1604""}]","[35,37]",detail_table_cross_validated,0.7,"[상세표 보강] [(1, '0.5000'), (2, '0.3000'), (3, '0.0200'), (4, '0.0170'), (5, '0.8370'), (6, '0.0038'), (7, '0.8408'), (9, '0.1604')]"
FUND000030,KR5144450095,Ce,CLASS000404,EXACT_NORMALIZED_MATCH,수수료미징구-온라인,미징구,온라인,,True,,없음,없음,없음,없음,0.787,0.25,1.19,0.7893,"{""1y"":""81"",""2y"":""165"",""3y"":""253"",""5y"":""440"",""10y"":""980""}","[{""label"":""management_fee"",""value"":""0.5000""},{""label"":""trustee_fee"",""value"":""0.0200""},{""label"":""admin_fee"",""value"":""0.0170""},{""label"":""other_expense"",""value"":""0.0023""},{""label"":""transaction_cost"",""value"":""0.1549""}]","[5,35]",cell_grid,1.0,클래스명: 수수료미징구- 온라인(Ce) | 없음 수수료미징구- 온라인(Ce) 없음 0.787 0.25 1.19 0.7893 81 165 253 440 980
FUND000030,KR5144450095,Cf,CLASS000406,EXACT_NORMALIZED_MATCH,수수료미징구-오프라인-기관,미징구,오프라인,,False,,없음,없음,없음,없음,0.5470,0.0100,-,0.5493,"{""1y"":""56"",""2y"":""115"",""3y"":""177"",""5y"":""308"",""10y"":""690""}","[{""label"":""management_fee"",""value"":""0.5000""},{""label"":""trustee_fee"",""value"":""0.0200""},{""label"":""admin_fee"",""value"":""0.0170""},{""label"":""other_expense"",""value"":""0.0023""},{""label"":""transaction_cost"",""value"":""0.1567""}]","[35,37]",detail_table_cross_validated,0.7,"[상세표 보강] [(1, '0.5000'), (2, '0.0100'), (3, '0.0200'), (4, '0.0170'), (5, '0.5470'), (6, '0.0023'), (7, '0.5493'), (9, '0.1567')]"
FUND000030,KR5144450095,Cw,CLASS000407,EXACT_NORMALIZED_MATCH,수수료미징구-오프라인-랩,미징구,오프라인,,False,,없음,없음,없음,없음,0.5370,0.0000,-,0.5382,"{""1y"":""55"",""2y"":""113"",""3y"":""173"",""5y"":""301"",""10y"":""676""}","[{""label"":""management_fee"",""value"":""0.5000""},{""label"":""trustee_fee"",""value"":""0.0200""},{""label"":""admin_fee"",""value"":""0.0170""},{""label"":""other_expense"",""value"":""0.0012""},{""label"":""transaction_cost"",""value"":""0.1529""}]","[35,37]",detail_table_cross_validated,0.7,"[상세표 보강] [(1, '0.5000'), (2, '0.0000'), (3, '0.0200'), (4, '0.0170'), (5, '0.5370'), (6, '0.0012'), (7, '0.5382'), (9, '0.1529')]"
FUND000030,KR5144450095,S,CLASS000412,EXACT_NORMALIZED_MATCH,수수료후취-온라인슈퍼,후취,온라인슈퍼,,True,,없음,3년미만 환매 시 환매금액의 0.15%이내,없음,없음,0.7470,0.2100,-,0.7493,"{""1y"":""77"",""2y"":""157"",""3y"":""240"",""5y"":""418"",""10y"":""932""}","[{""label"":""management_fee"",""value"":""0.5000""},{""label"":""trustee_fee"",""value"":""0.0200""},{""label"":""admin_fee"",""value"":""0.0170""},{""label"":""other_expense"",""value"":""0.0023""},{""label"":""transaction_cost"",""value"":""0.1550""}]","[35,34,37]",detail_table_cross_validated,0.7,"[상세표 보강] [(1, '0.5000'), (2, '0.2100'), (3, '0.0200'), (4, '0.0170'), (5, '0.7470'), (6, '0.0023'), (7, '0.7493'), (9, '0.1550')]"
FUND000030,KR5144450095,S-P1(연금저축),,NEW_CLASS,수수료미징구-온라인슈퍼-개인연금,미징구,온라인슈퍼,개인연금,True,,없음,없음,없음,없음,0.6170,0.0800,-,0.6191,"{""1y"":""63"",""2y"":""130"",""3y"":""199"",""5y"":""346"",""10y"":""775""}","[{""label"":""management_fee"",""value"":""0.5000""},{""label"":""trustee_fee"",""value"":""0.0200""},{""label"":""admin_fee"",""value"":""0.0170""},{""label"":""other_expense"",""value"":""0.0021""},{""label"":""transaction_cost"",""value"":""0.1545""}]","[36,37]",detail_table_cross_validated,0.7,"[상세표 보강] [(1, '0.5000'), (2, '0.0800'), (3, '0.0200'), (4, '0.0170'), (5, '0.6170'), (6, '0.0021'), (7, '0.6191'), (9, '0.1545')]"
FUND000030,KR5144450095,S-P2(퇴직연금),,NEW_CLASS,수수료미징구-온라인슈퍼-퇴직연금,미징구,온라인슈퍼,퇴직연금,True,,없음,없음,없음,없음,0.5970,0.0600,-,0.5995,"{""1y"":""61"",""2y"":""126"",""3y"":""193"",""5y"":""335"",""10y"":""751""}","[{""label"":""management_fee"",""value"":""0.5000""},{""label"":""trustee_fee"",""value"":""0.0200""},{""label"":""admin_fee"",""value"":""0.0170""},{""label"":""other_expense"",""value"":""0.0025""},{""label"":""transaction_cost"",""value"":""0.1537""}]","[36,37]",detail_table_cross_validated,0.7,"[상세표 보강] [(1, '0.5000'), (2, '0.0600'), (3, '0.0200'), (4, '0.0170'), (5, '0.5970'), (6, '0.0025'), (7, '0.5995'), (9, '0.1537')]"
FUND000006,KR5147430065,A,CLASS000077,EXACT_NORMALIZED_MATCH,수수료선취-오프라인,선취,오프라인,,True,선취판매수수료가 징구되는 집합투자증권,납입금액의 1.0%이내,없음,없음,없음,0.443,0.10,0.76,0.443,"{""1y"":""145"",""2y"":""192"",""3y"":""241""}","[{""label"":""management_fee"",""value"":""0.30""},{""label"":""trustee_fee"",""value"":""0.028""},{""label"":""admin_fee"",""value"":""0.015""}]",[5],cell_grid,1.0,클래스명: 수수료선취- 오프라인형(A) | 납입금액의 1.0% 납입금액의 1.0% 최초설정일부 터 운용전환일 전일까지 0.443% 0.10% 0.76% 0.443% 145 192 241
FUND000006,KR5147430065,AG,CLASS000079,EXACT_NORMALIZED_MATCH,수수료선취-오프라인-무권유저비용,선취,오프라인,,True,"선취판매수수료가 징구되는 경우로, 투자자가 투자자문업 자로부터 투자자문을 받고 그 결과에 따라 펀드 매수를 요청하는 등 금융기관 등으로부터 별도의 투자권유 없이 펀드를 매수하는 경우 일반 창구 판매 수수료·보수 보다 낮은 판매 수수료·보수가 적용되는 집합투자증권",납입금액의 0.7%이내,없음,없음,없음,0.403,0.06,-,0.403,"{""1y"":""111"",""2y"":""154"",""3y"":""199""}","[{""label"":""management_fee"",""value"":""0.30""},{""label"":""trustee_fee"",""value"":""0.028""},{""label"":""admin_fee"",""value"":""0.015""}]","[33,34]",transposed_detail_table_cross_validated,0.7,[뒤집힌 상세표 보강] 열3
FUND000006,KR5147430065,Ae,CLASS000078,EXACT_NORMALIZED_MATCH,수수료선취-온라인,선취,온라인,,True,"선취판매수수료가 징구되는 경우로, 판매회사의 전자매체 (온라인)전용 집합투자증권",납입금액의 0.5%이내,없음,없음,없음,0.393,0.05,0.60,0.393,"{""1y"":""90"",""2y"":""132"",""3y"":""176""}","[{""label"":""management_fee"",""value"":""0.30""},{""label"":""trustee_fee"",""value"":""0.028""},{""label"":""admin_fee"",""value"":""0.015""}]",[6],cell_grid,1.0,클래스명: 수수료선취- 온라인형(Ae) | 납입금액의 0.5% 납입금액의 0.5% 최초설정일부 터 운용전환일 전일까지 0.393% 0.05% 0.60% 0.393% 90 132 176
FUND000006,KR5147430065,C,CLASS000080,EXACT_NORMALIZED_MATCH,수수료미징구-오프라인,미징구,오프라인,,True,가입제한이 없음,없음,없음,없음,없음,1.043,0.70,1.12,1.043,"{""1y"":""107"",""2y"":""218"",""3y"":""333""}","[{""label"":""management_fee"",""value"":""0.30""},{""label"":""trustee_fee"",""value"":""0.028""},{""label"":""admin_fee"",""value"":""0.015""}]",[6],cell_grid,1.0,클래스명: 수수료미징구- 오프라인형(C) | 없음 없음 최초설정일부 터 운용전환일 전일까지 1.043% 0.70% 1.12% 1.043% 107 218 333
FUND000006,KR5147430065,C-P,CLASS000085,EXACT_NORMALIZED_MATCH,수수료미징구-오프라인-개인연금,미징구,오프라인,개인연금,True,"소득세법 제20조의3 및 소득세법시행령 제40조의2에 따른 연금저축계좌를 통하여 가입할 수 있으며, 판매수수 료가 징구되지 않는 집합투자증권",없음,없음,없음,없음,0.743,0.40,-,0.743,"{""1y"":""76"",""2y"":""156"",""3y"":""238""}","[{""label"":""management_fee"",""value"":""0.30""},{""label"":""trustee_fee"",""value"":""0.028""},{""label"":""admin_fee"",""value"":""0.015""}]","[34,35]",transposed_detail_table_cross_validated,0.7,[뒤집힌 상세표 보강] 열3
FUND000006,KR5147430065,C-P2,CLASS000087,EXACT_NORMALIZED_MATCH,수수료미징구-오프라인-퇴직연금,미징구,오프라인,퇴직연금,True,"「근로자퇴직급여보장법」에 따른 퇴직연금사업자, 퇴직연 금제도가입자 및 개인형퇴직연금계좌(IRP)를 개설한 투자 자 전용이며, 판매수수료가 징구되지 않는 집합투자증권",없음,없음,없음,없음,0.643,0.30,-,0.643,"{""1y"":""66"",""2y"":""135"",""3y"":""206""}","[{""label"":""management_fee"",""value"":""0.30""},{""label"":""trustee_fee"",""value"":""0.028""},{""label"":""admin_fee"",""value"":""0.015""}]","[34,35]",transposed_detail_table_cross_validated,0.7,[뒤집힌 상세표 보강] 열5
FUND000006,KR5147430065,C-Pe,CLASS000086,EXACT_NORMALIZED_MATCH,수수료미징구-온라인-개인연금,미징구,온라인,개인연금,True,"판매회사의 전자매체(온라인)전용으로, 소득세법 제20조 의3 및 소득세법시행령 제40조의2에 따른 연금저축계 좌를 개설한 투자자 전용 집합투자증권",없음,없음,없음,없음,0.543,0.20,-,0.543,"{""1y"":""56"",""2y"":""114"",""3y"":""175""}","[{""label"":""management_fee"",""value"":""0.30""},{""label"":""trustee_fee"",""value"":""0.028""},{""label"":""admin_fee"",""value"":""0.015""}]","[34,35]",transposed_detail_table_cross_validated,0.7,[뒤집힌 상세표 보강] 열4
FUND000006,KR5147430065,C-Pe2,CLASS000088,EXACT_NORMALIZED_MATCH,수수료미징구-온라인-퇴직연금,미징구,온라인,퇴직연금,True,"판매회사의 전자매체(온라인)전용으로, 「근로자퇴직급여 보장법」에 따른 퇴직연금사업자, 퇴직연금제도가입자 및 개인형퇴직연금계좌(IRP)를 개설한 투자자 전용 집합투자 증권",없음,없음,없음,없음,0.493,0.15,-,0.493,"{""1y"":""51"",""2y"":""103"",""3y"":""159""}","[{""label"":""management_fee"",""value"":""0.30""},{""label"":""trustee_fee"",""value"":""0.028""},{""label"":""admin_fee"",""value"":""0.015""}]","[34,35]",transposed_detail_table_cross_validated,0.7,[뒤집힌 상세표 보강] 열6
FUND000006,KR5147430065,CG,CLASS000083,EXACT_NORMALIZED_MATCH,수수료미징구-오프라인-무권유저비용,미징구,오프라인,,True,투자자가 투자자문업자로부터 투자자문을 받고 그 결과 에 따라 펀드 매수를 요청하는 등 금융기관 등으로부터 별도의 투자권유 없이 펀드를 매수하는 경우 일반 창구 판매 수수료·보수 보다 낮은 판매 수수료·보수가 적용되 는 집합투자증권,없음,없음,없음,없음,0.843,0.50,-,0.843,"{""1y"":""86"",""2y"":""176"",""3y"":""270""}","[{""label"":""management_fee"",""value"":""0.30""},{""label"":""trustee_fee"",""value"":""0.028""},{""label"":""admin_fee"",""value"":""0.015""}]","[34,35]",transposed_detail_table_cross_validated,0.7,[뒤집힌 상세표 보강] 열1
FUND000006,KR5147430065,CI,CLASS000082,EXACT_NORMALIZED_MATCH,수수료미징구-오프라인-고액,미징구,오프라인,,False,최초 납입금액이 50억원 이상인 투자자용 집합투자증권,없음,없음,없음,없음,0.383,0.04,-,0.383,"{""1y"":""39"",""2y"":""80"",""3y"":""123""}","[{""label"":""management_fee"",""value"":""0.30""},{""label"":""trustee_fee"",""value"":""0.028""},{""label"":""admin_fee"",""value"":""0.015""}]","[33,34]",transposed_detail_table_cross_validated,0.7,[뒤집힌 상세표 보강] 열6
FUND000006,KR5147430065,CW,CLASS000084,EXACT_NORMALIZED_MATCH,수수료미징구-오프라인-랩,미징구,오프라인,,False,"Wrap account용에 해당하는 경우, 특정금전신탁",없음,없음,없음,없음,0.343,0.00,-,0.343,"{""1y"":""35"",""2y"":""72"",""3y"":""110""}","[{""label"":""management_fee"",""value"":""0.30""},{""label"":""trustee_fee"",""value"":""0.028""},{""label"":""admin_fee"",""value"":""0.015""}]","[34,35]",transposed_detail_table_cross_validated,0.7,[뒤집힌 상세표 보강] 열2
FUND000006,KR5147430065,Ce,CLASS000081,EXACT_NORMALIZED_MATCH,수수료미징구-온라인,미징구,온라인,,True,판매회사의 전자매체(온라인)전용 집합투자증권,없음,없음,없음,없음,0.693,0.35,0.73,0.693,"{""1y"":""71"",""2y"":""145"",""3y"":""222""}","[{""label"":""management_fee"",""value"":""0.30""},{""label"":""trustee_fee"",""value"":""0.028""},{""label"":""admin_fee"",""value"":""0.015""}]",[6],cell_grid,1.0,클래스명: 수수료미징구- 온라인형(Ce) | 없음 없음 최초설정일부 터 운용전환일 전일까지 0.693% 0.35% 0.73% 0.693% 71 145 222
FUND000016,KR514X450008,A,CLASS000220,EXACT_NORMALIZED_MATCH,수수료선취-오프라인,선취,오프라인,,True,제한없음,납입금액의1.0%이내,,없음,,1.46,0.60,1.36,1.46,"{""1y"":""249"",""2y"":""412"",""3y"":""587"",""5y"":""981"",""10y"":""2277""}","[{""label"":""management_fee"",""value"":""0.80""},{""label"":""trustee_fee"",""value"":""0.04""},{""label"":""admin_fee"",""value"":""0.02""}]","[5,34]",cell_grid,1.0,"클래스명: 수수료선취 – 오프라인형(A) | 납입금액의 1.0%이내 수수료선취 – 오프라인형(A) 납입금액의 1.0%이내 1.46 0.60 1.36 1.46 249 412 587 981 2,277"
FUND000016,KR514X450008,A-e,CLASS000221,EXACT_NORMALIZED_MATCH,수수료선취-온라인,선취,온라인,,True,온라인 가입자,납입금액의0.5%이내,,없음,,1.16,0.30,1.00,1.16,"{""1y"":""170"",""2y"":""299"",""3y"":""439"",""5y"":""754"",""10y"":""1789""}","[{""label"":""management_fee"",""value"":""0.80""},{""label"":""trustee_fee"",""value"":""0.04""},{""label"":""admin_fee"",""value"":""0.02""}]","[5,34]",cell_grid,1.0,"클래스명: 수수료선취 – 온라인형(Ae) 수수료미징구 – | 납입금액의 0.5%이내 수수료선취 – 납입금액의 0.5%이내 1.16 0.30 1.00 1.16 170 299 439 754 1,789"
FUND000016,KR514X450008,AG,CLASS000222,EXACT_NORMALIZED_MATCH,수수료선취-오프라인-무권유저비용형,선취,오프라인,,True,투자자문업자로부터 투자자문을 받고 그 결과에 따라 집합투자증권 매수를 요청하는 등 금융기관으로부터 별도의 투자권유 없이 집합투자증권을 매수하는 가입자,납입금액의 0.7%이내,,없음,,1.28,0.42,-,1.28,"{""1y"":""202"",""2y"":""344"",""3y"":""499"",""5y"":""845"",""10y"":""1984""}","[{""label"":""management_fee"",""value"":""0.80""},{""label"":""trustee_fee"",""value"":""0.04""},{""label"":""admin_fee"",""value"":""0.02""}]","[34,35]",detail_table_cross_validated,0.7,"[상세표 보강] [(1, '0.80'), (2, '0.42'), (3, '0.04'), (4, '0.02'), (5, '1.28'), (7, '1.28'), (9, '1.28')]"
FUND000016,KR514X450008,C,CLASS000223,EXACT_NORMALIZED_MATCH,수수료미징구-오프라인,미징구,오프라인,,True,제한없음,없음,,없음,,1.81,0.95,1.59,1.81,"{""1y"":""188"",""2y"":""392"",""3y"":""611"",""5y"":""1104"",""10y"":""2727""}","[{""label"":""management_fee"",""value"":""0.80""},{""label"":""trustee_fee"",""value"":""0.04""},{""label"":""admin_fee"",""value"":""0.02""}]","[5,34]",cell_grid,1.0,"클래스명: 수수료미징구 – 오프라인형(C) | 없음 수수료미징구 – 오프라인형(C) 없음 1.81 0.95 1.59 1.81 188 392 611 1,104 2,727"
FUND000016,KR514X450008,C-I,CLASS000226,EXACT_NORMALIZED_MATCH,수수료미징구-오프라인-기관형,미징구,오프라인,,False,- 법에서 정하는 집합투자기구(외국 법령에 의한것으로서 집합투자기구의 성질을 가진 것을 포함한다)- 법 시행령 제10조제2항 및 금융투자업규정 제1-4조에서 정하는 기관투자자 또는 국가재정법에 따른 기금(외국의 법령상 이에 준하는 자를포함한다),없음,,없음,,0.89,0.03,-,0.89,"{""1y"":""93"",""2y"":""193"",""3y"":""300"",""5y"":""543"",""10y"":""1341""}","[{""label"":""management_fee"",""value"":""0.80""},{""label"":""trustee_fee"",""value"":""0.04""},{""label"":""admin_fee"",""value"":""0.02""}]","[34,36]",detail_table_cross_validated,0.7,"[상세표 보강] [(1, '0.80'), (2, '0.03'), (3, '0.04'), (4, '0.02'), (5, '0.89'), (7, '0.89'), (9, '0.89')]"
FUND000016,KR514X450008,C-P,CLASS000230,EXACT_NORMALIZED_MATCH,수수료미징구-오프라인-개인연금형,미징구,오프라인,개인연금,True,소득세법 제20조의3 및 소득세법 시행령 제40조의2에 따른 연금저축계좌를 통하여 가입한 자,없음,,없음,,1.66,0.80,-,1.66,"{""1y"":""173"",""2y"":""359"",""3y"":""560"",""5y"":""1013"",""10y"":""2501""}","[{""label"":""management_fee"",""value"":""0.80""},{""label"":""trustee_fee"",""value"":""0.04""},{""label"":""admin_fee"",""value"":""0.02""}]","[34,36]",detail_table_cross_validated,0.7,"[상세표 보강] [(1, '0.80'), (2, '0.80'), (3, '0.04'), (4, '0.02'), (5, '1.66'), (7, '1.66'), (9, '1.66')]"
FUND000016,KR514X450008,C-P2,CLASS000233,EXACT_NORMALIZED_MATCH,수수료미징구-오프라인-퇴직연금형,미징구,오프라인,퇴직연금,True,"근로자퇴직급여보장법에 의한 퇴직연금 및 개인퇴직연금(IRP), 퇴직연금사업자",없음,,없음,,1.56,0.70,-,1.56,"{""1y"":""162"",""2y"":""337"",""3y"":""527"",""5y"":""952"",""10y"":""2350""}","[{""label"":""management_fee"",""value"":""0.80""},{""label"":""trustee_fee"",""value"":""0.04""},{""label"":""admin_fee"",""value"":""0.02""}]","[34,36]",detail_table_cross_validated,0.7,"[상세표 보강] [(1, '0.80'), (2, '0.70'), (3, '0.04'), (4, '0.02'), (5, '1.56'), (7, '1.56'), (9, '1.56')]"
FUND000016,KR514X450008,C-P2e,CLASS000234,EXACT_NORMALIZED_MATCH,수수료미징구-온라인-퇴직연금형,미징구,온라인,퇴직연금,True,"판매회사 등이 제공하는 전자매체 (On-line)를 통하여 가입하며, 근로자퇴직급여보장법에 의한 퇴직연금 및 개인퇴직연금(IRP), 퇴직연금사업자",없음,,없음,,1.21,0.35,-,1.21,"{""1y"":""126"",""2y"":""262"",""3y"":""408"",""5y"":""738"",""10y"":""1823""}","[{""label"":""management_fee"",""value"":""0.80""},{""label"":""trustee_fee"",""value"":""0.04""},{""label"":""admin_fee"",""value"":""0.02""}]",[34],detail_table_cross_validated,0.7,"[상세표 보강] [(1, '0.80'), (2, '0.35'), (3, '0.04'), (4, '0.02'), (5, '1.21'), (7, '1.21'), (9, '1.21')]"
FUND000016,KR514X450008,C-Pe,CLASS000231,EXACT_NORMALIZED_MATCH,수수료미징구-온라인-개인연금형,미징구,온라인,개인연금,True,판매회사의 전자매체(온라인)를 통하여 가입한 자로서 소득세법 제20조의3 및 소득세법시행령 제40조의2에 따른 연금저축계좌를 통하여 가입한 자,없음,,없음,,1.26,0.40,-,1.26,"{""1y"":""131"",""2y"":""273"",""3y"":""425"",""5y"":""769"",""10y"":""1898""}","[{""label"":""management_fee"",""value"":""0.80""},{""label"":""trustee_fee"",""value"":""0.04""},{""label"":""admin_fee"",""value"":""0.02""}]",[34],detail_table_cross_validated,0.7,"[상세표 보강] [(1, '0.80'), (2, '0.40'), (3, '0.04'), (4, '0.02'), (5, '1.26'), (7, '1.26'), (9, '1.26')]"
FUND000016,KR514X450008,C-e,CLASS000224,EXACT_NORMALIZED_MATCH,수수료미징구-온라인,미징구,온라인,,True,온라인 가입자,없음,,없음,,1.33,0.47,1.18,1.33,"{""1y"":""138"",""2y"":""288"",""3y"":""449"",""5y"":""811"",""10y"":""2004""}","[{""label"":""management_fee"",""value"":""0.80""},{""label"":""trustee_fee"",""value"":""0.04""},{""label"":""admin_fee"",""value"":""0.02""}]","[6,34]",cell_grid,1.0,"클래스명: 수수료미징구 – 온라인형(Ce) | 없음 수수료미징구 – 온라인형(Ce) 없음 1.33 0.47 1.18 1.33 138 288 449 811 2,004"
FUND000016,KR514X450008,C-s,CLASS000228,EXACT_NORMALIZED_MATCH,수수료미징구-오프라인-집합투자업자형,미징구,오프라인,,False,당해 집합투자기구의 집합투자업자,없음,,없음,,0.87,0.01,-,0.87,"{""1y"":""90"",""2y"":""188"",""3y"":""294"",""5y"":""531"",""10y"":""1311""}","[{""label"":""management_fee"",""value"":""0.80""},{""label"":""trustee_fee"",""value"":""0.04""},{""label"":""admin_fee"",""value"":""0.02""}]","[34,36]",detail_table_cross_validated,0.7,"[상세표 보강] [(1, '0.80'), (2, '0.01'), (3, '0.04'), (4, '0.02'), (5, '0.87'), (7, '0.87'), (9, '0.87')]"
FUND000016,KR514X450008,C-w,CLASS000229,EXACT_NORMALIZED_MATCH,수수료미징구-오프라인-랩형,미징구,오프라인,,False,"랩어카운트, 특정금전신탁을 통해 가입하기 원하는가입자",없음,,없음,,0.86,0.00,-,0.86,"{""1y"":""89"",""2y"":""186"",""3y"":""290"",""5y"":""525"",""10y"":""1296""}","[{""label"":""management_fee"",""value"":""0.80""},{""label"":""trustee_fee"",""value"":""0.04""},{""label"":""admin_fee"",""value"":""0.02""}]","[34,36]",detail_table_cross_validated,0.7,"[상세표 보강] [(1, '0.80'), (2, '0.00'), (3, '0.04'), (4, '0.02'), (5, '0.86'), (7, '0.86'), (9, '0.86')]"
FUND000016,KR514X450008,CG,CLASS000225,EXACT_NORMALIZED_MATCH,수수료미징구-오프라인-무권유저비용형,미징구,오프라인,,True,투자자문업자로부터 투자자문을 받고 그 결과에 따라 집합투자증권 매수를 요청하는 등 금융기관으로부터 별도의 투자권유 없이 집합투자증권을 매수하는 가입자,없음,,없음,,1.52,0.66,-,1.52,"{""1y"":""158"",""2y"":""329"",""3y"":""513"",""5y"":""927"",""10y"":""2290""}","[{""label"":""management_fee"",""value"":""0.80""},{""label"":""trustee_fee"",""value"":""0.04""},{""label"":""admin_fee"",""value"":""0.02""}]","[34,36]",detail_table_cross_validated,0.7,"[상세표 보강] [(1, '0.80'), (2, '0.66'), (3, '0.04'), (4, '0.02'), (5, '1.52'), (7, '1.52'), (9, '1.52')]"
FUND000016,KR514X450008,S,CLASS000227,EXACT_NORMALIZED_MATCH,수수료후취-온라인슈퍼,후취,온라인슈퍼,,True,집합투자증권에 한정하여 투자중개업 인가를 받은,없음,,없음,,1.15,0.29,-,1.15,"{""1y"":""131"",""2y"":""273"",""3y"":""425"",""5y"":""769"",""10y"":""1898""}","[{""label"":""management_fee"",""value"":""0.80""},{""label"":""trustee_fee"",""value"":""0.04""},{""label"":""admin_fee"",""value"":""0.02""}]",[34],detail_table_cross_validated,0.7,"[상세표 보강] [(1, '0.80'), (2, '0.29'), (3, '0.04'), (4, '0.02'), (5, '1.15'), (7, '1.15'), (9, '1.15')]"
FUND000016,KR514X450008,S-P,CLASS000232,EXACT_NORMALIZED_MATCH,수수료미징구-온라인슈퍼-개인연금형,미징구,온라인슈퍼,개인연금,True,집합투자증권에 한정하여 투자중개업 인가를 받은회사(겸영금융투자업자는 제외한다)가 개설한 온라인 판매시스템에 회원으로 가입한 자로서 소득세법제20조의3 및 소득세법시행령 제40조의2에 따른 연금저축계좌를 통하여 가입한 자,없음,,없음,,1.13,0.27,-,1.13,"{""1y"":""118"",""2y"":""244"",""3y"":""381"",""5y"":""689"",""10y"":""1702""}","[{""label"":""management_fee"",""value"":""0.80""},{""label"":""trustee_fee"",""value"":""0.04""},{""label"":""admin_fee"",""value"":""0.02""}]","[34,36]",detail_table_cross_validated,0.7,"[상세표 보강] [(1, '0.80'), (2, '0.27'), (3, '0.04'), (4, '0.02'), (5, '1.13'), (7, '1.13'), (9, '1.13')]"
FUND000016,KR514X450008,S-P2,CLASS000235,EXACT_NORMALIZED_MATCH,수수료미징구-온라인슈퍼-퇴직연금형,미징구,온라인슈퍼,퇴직연금,True,집합투자증권에 한정하여 투자중개업 인가를 받은회사(겸영금융투자업자는 제외한다)가 개설한 온라,없음,,없음,,1.12,0.26,-,1.12,"{""1y"":""116"",""2y"":""242"",""3y"":""378"",""5y"":""683"",""10y"":""1687""}","[{""label"":""management_fee"",""value"":""0.80""},{""label"":""trustee_fee"",""value"":""0.04""},{""label"":""admin_fee"",""value"":""0.02""}]","[34,36]",detail_table_cross_validated,0.7,"[상세표 보강] [(1, '0.80'), (2, '0.26'), (3, '0.04'), (4, '0.02'), (5, '1.12'), (7, '1.12'), (9, '1.12')]"
FUND000031,KR5152420028,A,CLASS000415,EXACT_NORMALIZED_MATCH,수수료선취-오프라인,선취,오프라인,,True,,납입금액의 0.10 이내,없음,없음,,0.145,0.11,0.34,0.151,"{""1y"":""25"",""2y"":""41"",""3y"":""58"",""5y"":""92"",""10y"":""191""}","[{""label"":""management_fee"",""value"":""0.01""},{""label"":""trustee_fee"",""value"":""0.015""},{""label"":""admin_fee"",""value"":""0.01""}]","[6,15]",cell_grid,1.0,클래스명: 수수료선취- 오프라인(A) | 납입금액의 0.1% 이내 수수료선취- 오프라인(A) 납입금액의 0.1% 이내 0.145% 0.11% 0.34% 0.151% 25 41 58 92 191
FUND000031,KR5152420028,Ae,CLASS000421,EXACT_NORMALIZED_MATCH,수수료선취-온라인,선취,온라인,,True,,납입금액의 0.05 이내,없음,없음,,0.085,0.05,0.25,0.089,"{""1y"":""14"",""2y"":""23"",""3y"":""33"",""5y"":""53"",""10y"":""112""}","[{""label"":""management_fee"",""value"":""0.01""},{""label"":""trustee_fee"",""value"":""0.015""},{""label"":""admin_fee"",""value"":""0.01""}]","[6,15]",cell_grid,1.0,클래스명: 수수료선취- 온라인(Ae) | 납입금의 0.05% 이내 수수료선취- 온라인(Ae) 납입금의 0.05% 이내 0.085% 0.05% 0.25% 0.089% 14 23 33 53 112
FUND000031,KR5152420028,Ag,CLASS000426,EXACT_NORMALIZED_MATCH,수수료선취-오프라인-무권유저비용,선취,오프라인,,True,,납입금액의 0.05 이내,없음,없음,,0.115,0.08,-,0.121,"{""1y"":""17"",""2y"":""30"",""3y"":""43"",""5y"":""70"",""10y"":""150""}","[{""label"":""management_fee"",""value"":""0.01""},{""label"":""trustee_fee"",""value"":""0.015""},{""label"":""admin_fee"",""value"":""0.01""}]","[15,14,29]",detail_table_cross_validated,0.7,"[상세표 보강] [(1, '0.01'), (2, '0.08'), (3, '0.015'), (4, '0.01'), (5, '0.115')]"
FUND000031,KR5152420028,C,CLASS000416,EXACT_NORMALIZED_MATCH,수수료미징구-오프라인,미징구,오프라인,,True,,없음,없음,없음,,0.235,0.20,0.39,0.241,"{""1y"":""25"",""2y"":""50"",""3y"":""76"",""5y"":""130"",""10y"":""289""}","[{""label"":""management_fee"",""value"":""0.01""},{""label"":""trustee_fee"",""value"":""0.015""},{""label"":""admin_fee"",""value"":""0.01""}]","[6,15]",cell_grid,1.0,클래스명: 수수료미징구- 오프라인(C) | 없음 수수료미징구- 오프라인(C) 없음 0.235% 0.20% 0.39% 0.241% 25 50 76 130 289
FUND000031,KR5152420028,C-P,,AMBIGUOUS,수수료미징구-오프라인-개인연금,미징구,오프라인,개인연금,True,,없음,없음,없음,,0.175,0.14,-,0.181,"{""1y"":""19"",""2y"":""38"",""3y"":""57"",""5y"":""98"",""10y"":""217""}","[{""label"":""management_fee"",""value"":""0.01""},{""label"":""trustee_fee"",""value"":""0.015""},{""label"":""admin_fee"",""value"":""0.01""}]","[15,14,29]",detail_table_cross_validated,0.7,"[상세표 보강] [(1, '0.01'), (2, '0.14'), (3, '0.015'), (4, '0.01'), (5, '0.175')]"
FUND000031,KR5152420028,C-Pe,,AMBIGUOUS,수수료미징구-온라인-개인연금,미징구,온라인,개인연금,True,,없음,없음,없음,,0.105,0.07,-,0.109,"{""1y"":""11"",""2y"":""23"",""3y"":""34"",""5y"":""59"",""10y"":""131""}","[{""label"":""management_fee"",""value"":""0.01""},{""label"":""trustee_fee"",""value"":""0.015""},{""label"":""admin_fee"",""value"":""0.01""}]","[15,29]",detail_table_cross_validated,0.7,"[상세표 보강] [(1, '0.01'), (2, '0.07'), (3, '0.015'), (4, '0.01'), (5, '0.105')]"
FUND000031,KR5152420028,CF,CLASS000420,EXACT_NORMALIZED_MATCH,수수료미징구-오프라인-기관,미징구,오프라인,,False,,없음,없음,없음,,0.045,0.01,-,0.051,"{""1y"":""5"",""2y"":""11"",""3y"":""16"",""5y"":""28"",""10y"":""61""}","[{""label"":""management_fee"",""value"":""0.01""},{""label"":""trustee_fee"",""value"":""0.015""},{""label"":""admin_fee"",""value"":""0.01""}]","[15,14,29]",detail_table_cross_validated,0.7,"[상세표 보강] [(1, '0.01'), (2, '0.01'), (3, '0.015'), (4, '0.01'), (5, '0.045')]"
FUND000031,KR5152420028,CI,CLASS000418,EXACT_NORMALIZED_MATCH,수수료미징구-오프라인-고액,미징구,오프라인,,False,,없음,없음,없음,,0.185,0.15,-,0.185,"{""1y"":""19"",""2y"":""38"",""3y"":""58"",""5y"":""100"",""10y"":""222""}","[{""label"":""management_fee"",""value"":""0.01""},{""label"":""trustee_fee"",""value"":""0.015""},{""label"":""admin_fee"",""value"":""0.01""}]","[15,14,29]",detail_table_cross_validated,0.7,"[상세표 보강] [(1, '0.01'), (2, '0.15'), (3, '0.015'), (4, '0.01'), (5, '0.185')]"
FUND000031,KR5152420028,CI2,CLASS000419,EXACT_NORMALIZED_MATCH,수수료미징구-오프라인-고액,미징구,오프라인,,False,,없음,없음,없음,,0.085,0.05,-,0.091,"{""1y"":""9"",""2y"":""19"",""3y"":""29"",""5y"":""49"",""10y"":""109""}","[{""label"":""management_fee"",""value"":""0.01""},{""label"":""trustee_fee"",""value"":""0.015""},{""label"":""admin_fee"",""value"":""0.01""}]","[15,14,29]",detail_table_cross_validated,0.7,"[상세표 보강] [(1, '0.01'), (2, '0.05'), (3, '0.015'), (4, '0.01'), (5, '0.085')]"
FUND000031,KR5152420028,CI3,CLASS000422,EXACT_NORMALIZED_MATCH,수수료미징구-오프라인-고액,미징구,오프라인,,False,,없음,없음,없음,,0.055,0.02,-,0.055,"{""1y"":""6"",""2y"":""11"",""3y"":""17"",""5y"":""30"",""10y"":""66""}","[{""label"":""management_fee"",""value"":""0.01""},{""label"":""trustee_fee"",""value"":""0.015""},{""label"":""admin_fee"",""value"":""0.01""}]","[15,29]",detail_table_cross_validated,0.7,"[상세표 보강] [(1, '0.01'), (2, '0.02'), (3, '0.015'), (4, '0.01'), (5, '0.055')]"
FUND000031,KR5152420028,CP,CLASS000424,EXACT_NORMALIZED_MATCH,수수료미징구-오프라인-퇴직연금,미징구,오프라인,퇴직연금,True,,없음,없음,없음,,0.165,0.13,-,0.171,"{""1y"":""18"",""2y"":""36"",""3y"":""54"",""5y"":""92"",""10y"":""205""}","[{""label"":""management_fee"",""value"":""0.01""},{""label"":""trustee_fee"",""value"":""0.015""},{""label"":""admin_fee"",""value"":""0.01""}]","[15,14,29]",detail_table_cross_validated,0.7,"[상세표 보강] [(1, '0.01'), (2, '0.13'), (3, '0.015'), (4, '0.01'), (5, '0.165')]"
FUND000031,KR5152420028,CPe,CLASS000428,EXACT_NORMALIZED_MATCH,수수료미징구-온라인-퇴직연금,미징구,온라인,퇴직연금,True,,없음,없음,없음,,0.095,0.06,-,0.099,"{""1y"":""10"",""2y"":""21"",""3y"":""31"",""5y"":""53"",""10y"":""119""}","[{""label"":""management_fee"",""value"":""0.01""},{""label"":""trustee_fee"",""value"":""0.015""},{""label"":""admin_fee"",""value"":""0.01""}]","[15,29]",detail_table_cross_validated,0.7,"[상세표 보강] [(1, '0.01'), (2, '0.06'), (3, '0.015'), (4, '0.01'), (5, '0.095')]"
FUND000031,KR5152420028,CW,CLASS000423,EXACT_NORMALIZED_MATCH,수수료미징구-오프라인-랩,미징구,오프라인,,False,,없음,없음,없음,,0.035,0.00,-,0.039,"{""1y"":""4"",""2y"":""8"",""3y"":""12"",""5y"":""21"",""10y"":""47""}","[{""label"":""management_fee"",""value"":""0.01""},{""label"":""trustee_fee"",""value"":""0.015""},{""label"":""admin_fee"",""value"":""0.01""}]","[15,14,29]",detail_table_cross_validated,0.7,"[상세표 보강] [(1, '0.01'), (2, '0.00'), (3, '0.015'), (4, '0.01'), (5, '0.035')]"
FUND000031,KR5152420028,Ce,CLASS000417,EXACT_NORMALIZED_MATCH,수수료미징구-온라인,미징구,온라인,,True,,없음,없음,없음,,0.135,0.10,0.25,0.140,"{""1y"":""14"",""2y"":""29"",""3y"":""44"",""5y"":""76"",""10y"":""168""}","[{""label"":""management_fee"",""value"":""0.01""},{""label"":""trustee_fee"",""value"":""0.015""},{""label"":""admin_fee"",""value"":""0.01""}]","[6,15]",cell_grid,1.0,클래스명: 수수료미징구- 온라인(Ce) | 없음 수수료미징구- 온라인(Ce) 없음 0.135% 0.10% 0.25% 0.140% 14 29 44 76 168
FUND000031,KR5152420028,Cg,CLASS000427,EXACT_NORMALIZED_MATCH,수수료미징구-오프라인-무권유저비용,미징구,오프라인,,True,,없음,없음,없음,,0.165,0.13,-,0.169,"{""1y"":""17"",""2y"":""35"",""3y"":""53"",""5y"":""91"",""10y"":""202""}","[{""label"":""management_fee"",""value"":""0.01""},{""label"":""trustee_fee"",""value"":""0.015""},{""label"":""admin_fee"",""value"":""0.01""}]","[15,29]",detail_table_cross_validated,0.7,"[상세표 보강] [(1, '0.01'), (2, '0.13'), (3, '0.015'), (4, '0.01'), (5, '0.165')]"
FUND000007,KR515302022M,A,CLASS000089,EXACT_NORMALIZED_MATCH,수수료선취-오프라인,선취,오프라인,,True,"가입제한이 없으며, 선취판매수 수료(규약 제40조 제2항 제1호) 가 징구되는 수익증권",납입금액의 0.7%이내,없음,없음,없음,1.143,0.45,1.430,1.1463,"{""1y"":""187"",""2y"":""308"",""3y"":""434"",""5y"":""700"",""10y"":""1460""}","[{""label"":""management_fee"",""value"":""0.6500""},{""label"":""trustee_fee"",""value"":""0.0250""},{""label"":""admin_fee"",""value"":""0.0180""},{""label"":""other_expense"",""value"":""0.0033""},{""label"":""transaction_cost"",""value"":""0.2719""}]",[5],cell_grid,1.0,"클래스명: 수수료선취- 오프라인(A) | 납입금액의 0.7%이내 납입금액의 0.7%이내 1.143% 0.45% 1.430% 1.1463% 187 308 434 700 1,460"
FUND000007,KR515302022M,A1,CLASS000108,EXACT_NORMALIZED_MATCH,수수료선취-오프라인,선취,오프라인,,True,"가입제한이 없으며, 선취판매수 수료(규약 제40조 제2항 제4호) 가 징구되는 수익증권",납입금액의 1.0%이내,없음,없음,없음,0.9930,0.3000,,0.9977,"{""1y"":""102"",""2y"":""209"",""3y"":""319"",""5y"":""554"",""10y"":""1226""}","[{""label"":""management_fee"",""value"":""0.6500""},{""label"":""trustee_fee"",""value"":""0.0250""},{""label"":""admin_fee"",""value"":""0.0180""},{""label"":""other_expense"",""value"":""0.0047""}]","[34,36]",transposed_detail_table_cross_validated,0.7,[뒤집힌 상세표 보강] 열10
FUND000007,KR515302022M,AG,CLASS000106,EXACT_NORMALIZED_MATCH,수수료선취-오프라인-무권유저비용,선취,오프라인,,True,선취판매수수료가 징구되는 경 우로 투자자가 투자자문업자로 부터 투자자문을 받고 그 결과 에 따라 펀드 매수를 요청하는 등 금융기관 등으로부터 별도의 투자권유 없이 펀드를 매수하는 경우 일반 창구 판매 수수료•보 수 보다 낮은 판매 수수료•보수 가 적용되는 집합투자증권,납입금액의 0.4%이내,없음,없음,없음,0.9230,0.2300,,0.9279,"{""1y"":""95"",""2y"":""194"",""3y"":""297"",""5y"":""516"",""10y"":""1144""}","[{""label"":""management_fee"",""value"":""0.6500""},{""label"":""trustee_fee"",""value"":""0.0250""},{""label"":""admin_fee"",""value"":""0.0180""},{""label"":""other_expense"",""value"":""0.0049""}]","[34,36]",transposed_detail_table_cross_validated,0.7,[뒤집힌 상세표 보강] 열8
FUND000007,KR515302022M,Ae,CLASS000090,EXACT_NORMALIZED_MATCH,수수료선취-온라인,선취,온라인,,True,"선취판매수수료가 징구되며, 판 매회사의 전자매체(온라인)전용 수익증권",납입금액 의 0.35% 이내 주2),없음,없음,없음,0.918,0.225,1.160,0.9213,"{""1y"":""129"",""2y"":""227"",""3y"":""329"",""5y"":""545"",""10y"":""1168""}","[{""label"":""management_fee"",""value"":""0.6500""},{""label"":""trustee_fee"",""value"":""0.0250""},{""label"":""admin_fee"",""value"":""0.0180""},{""label"":""other_expense"",""value"":""0.0033""},{""label"":""transaction_cost"",""value"":""0.2737""}]",[5],cell_grid,1.0,"클래스명: 수수료선취- 온라인(Ae) | 납입금액의 0.35%이내 납입금액의 0.35%이내 0.918% 0.225% 1.160% 0.9213% 129 227 329 545 1,168"
FUND000007,KR515302022M,C-P,CLASS000100,EXACT_NORMALIZED_MATCH,수수료미징구-오프라인-개인연금,미징구,오프라인,개인연금,True,소득세법 제20조의3 및 소득세 법시행령 제40조의2에 따른 연,없음,없음,없음,없음,1.3930,0.7000,,1.3963,"{""1y"":""143"",""2y"":""291"",""3y"":""445"",""5y"":""769"",""10y"":""1684""}","[{""label"":""management_fee"",""value"":""0.6500""},{""label"":""trustee_fee"",""value"":""0.0250""},{""label"":""admin_fee"",""value"":""0.0180""},{""label"":""other_expense"",""value"":""0.0033""}]","[34,36]",transposed_detail_table_cross_validated,0.7,[뒤집힌 상세표 보강] 열2
FUND000007,KR515302022M,C-P2,CLASS000101,EXACT_NORMALIZED_MATCH,수수료미징구-오프라인-퇴직연금,미징구,오프라인,퇴직연금,True,"「근로자퇴직급여보장법」에 따른 퇴직연금사업자, 퇴직연금제도가 입자 및 개인형퇴직연금계좌 (IRP)를 개설한 투자자 전용이며, 판매수수료가 징구되지 않는 집 합투자증권",없음,없음,없음,없음,1.2930,0.6000,,1.2972,"{""1y"":""133"",""2y"":""271"",""3y"":""414"",""5y"":""715"",""10y"":""1572""}","[{""label"":""management_fee"",""value"":""0.6500""},{""label"":""trustee_fee"",""value"":""0.0250""},{""label"":""admin_fee"",""value"":""0.0180""},{""label"":""other_expense"",""value"":""0.0042""}]","[34,36]",transposed_detail_table_cross_validated,0.7,[뒤집힌 상세표 보강] 열3
FUND000007,KR515302022M,C-Pe,CLASS000105,EXACT_NORMALIZED_MATCH,수수료미징구-온라인-개인연금,미징구,온라인,개인연금,True,"판매회사의 전자매체(온라인)전 용으로, 소득세법 제20조의3 및 소득세법시행령 제40조의2에 따 른 연금저축계좌를 개설한 투자 자 전용",없음,없음,없음,없음,1.0430,0.3500,,1.0463,"{""1y"":""107"",""2y"":""219"",""3y"":""335"",""5y"":""580"",""10y"":""1283""}","[{""label"":""management_fee"",""value"":""0.6500""},{""label"":""trustee_fee"",""value"":""0.0250""},{""label"":""admin_fee"",""value"":""0.0180""},{""label"":""other_expense"",""value"":""0.0033""}]","[34,36]",transposed_detail_table_cross_validated,0.7,[뒤집힌 상세표 보강] 열7
FUND000007,KR515302022M,C-Pe2,CLASS000109,EXACT_NORMALIZED_MATCH,수수료미징구-온라인-퇴직연금,미징구,온라인,퇴직연금,True,"판매회사의 전자매체(온라인)전 용으로, 「근로자퇴직급여보장 법」에 따른 퇴직연금사업자, 퇴 직연금제도가입자 및 개인형퇴 직연금계좌(IRP)를 개설한 투자 자 전용 집합투자증권",없음,없음,없음,없음,0.993,0.3,,0.993,"{""1y"":""102"",""2y"":""208"",""3y"":""318"",""5y"":""551"",""10y"":""1221""}","[{""label"":""management_fee"",""value"":""0.65""},{""label"":""trustee_fee"",""value"":""0.025""},{""label"":""admin_fee"",""value"":""0.018""},{""label"":""other_expense"",""value"":""-""}]","[34,36]",transposed_detail_table_cross_validated,0.7,[뒤집힌 상세표 보강] 열11
FUND000007,KR515302022M,C1,CLASS000091,EXACT_NORMALIZED_MATCH,수수료미징구-오프라인-보수체감,미징구,오프라인,,True,가입제한이 없음,없음,없음,없음,없음,1.893,1.20,1.590,1.8973,"{""1y"":""194"",""2y"":""395"",""3y"":""601"",""5y"":""1034"",""10y"":""2235""}","[{""label"":""management_fee"",""value"":""0.6500""},{""label"":""trustee_fee"",""value"":""0.0250""},{""label"":""admin_fee"",""value"":""0.0180""},{""label"":""other_expense"",""value"":""0.0043""},{""label"":""transaction_cost"",""value"":""0.6153""}]",[5],cell_grid,1.0,"클래스명: 수수료미징구- 오프라인- 보수체감(C1) | 없음 없음 1.893% 1.20% 1.590% 1.8973% 194 395 601 1,034 2,235"
FUND000007,KR515302022M,C2,CLASS000092,EXACT_NORMALIZED_MATCH,수수료미징구-오프라인-보수체감,미징구,오프라인,,True,종류C1수익증권의 최초 매수일 부터 1년이상 보유,없음,없음,없음,없음,1.7930,1.1000,-,1.7971,"{""1y"":""184"",""2y"":""374"",""3y"":""570"",""5y"":""981"",""10y"":""2127""}","[{""label"":""management_fee"",""value"":""0.6500""},{""label"":""trustee_fee"",""value"":""0.0250""},{""label"":""admin_fee"",""value"":""0.0180""},{""label"":""other_expense"",""value"":""0.0041""},{""label"":""transaction_cost"",""value"":""0.4348""}]","[34,35]",transposed_detail_table_cross_validated,0.7,[뒤집힌 상세표 보강] 열4
FUND000007,KR515302022M,C3,CLASS000093,EXACT_NORMALIZED_MATCH,수수료미징구-오프라인-보수체감,미징구,오프라인,,True,종류C1수익증권의 최초 매수일 부터 2년이상 보유,없음,없음,없음,없음,1.5930,0.9000,-,1.5963,"{""1y"":""164"",""2y"":""333"",""3y"":""508"",""5y"":""875"",""10y"":""1907""}","[{""label"":""management_fee"",""value"":""0.6500""},{""label"":""trustee_fee"",""value"":""0.0250""},{""label"":""admin_fee"",""value"":""0.0180""},{""label"":""other_expense"",""value"":""0.0033""},{""label"":""transaction_cost"",""value"":""0.2198""}]","[34,36]",transposed_detail_table_cross_validated,0.7,[뒤집힌 상세표 보강] 열5
FUND000007,KR515302022M,C4,CLASS000094,EXACT_NORMALIZED_MATCH,수수료미징구-오프라인-보수체감,미징구,오프라인,,True,종류C1수익증권의 최초 매수일 부터 3년이상 보유,없음,없음,없음,없음,1.4930,0.8000,-,1.4963,"{""1y"":""153"",""2y"":""312"",""3y"":""476"",""5y"":""822"",""10y"":""1796""}","[{""label"":""management_fee"",""value"":""0.6500""},{""label"":""trustee_fee"",""value"":""0.0250""},{""label"":""admin_fee"",""value"":""0.0180""},{""label"":""other_expense"",""value"":""0.0033""},{""label"":""transaction_cost"",""value"":""0.2515""}]","[34,36]",transposed_detail_table_cross_validated,0.7,[뒤집힌 상세표 보강] 열6
FUND000007,KR515302022M,CF,CLASS000097,EXACT_NORMALIZED_MATCH,수수료미징구-오프라인-펀드등,미징구,오프라인,,False,자본시장과 금융투자업에 관한 법률에 의한 집합투자기구(외국 법령에 의한 것으로서 집합투자 기구의 성질을 가진 것을 포함 한다),없음,없음,없음,없음,0.7230,0.0300,-,0.7265,"{""1y"":""74"",""2y"":""152"",""3y"":""233"",""5y"":""405"",""10y"":""903""}","[{""label"":""management_fee"",""value"":""0.6500""},{""label"":""trustee_fee"",""value"":""0.0250""},{""label"":""admin_fee"",""value"":""0.0180""},{""label"":""other_expense"",""value"":""0.0035""},{""label"":""transaction_cost"",""value"":""0.1953""}]","[34,36]",transposed_detail_table_cross_validated,0.7,[뒤집힌 상세표 보강] 열9
FUND000007,KR515302022M,CF-P,CLASS000104,EXACT_NORMALIZED_MATCH,수수료미징구-오프라인-연금펀드전용,미징구,오프라인,,False,"소득세법 제20조의3 및 소득세 법시행령 제40조의2에 따른 “연 금저축계좌”를 통하여 집합투자 증권에 가입하고자하는 자를 대 상으로 하는 집합투자기구(자본 시장과 금융투자업에 관한 법률 에 의한 집합투자기구)/「근로자 퇴직급여보장법」에 의한 퇴직연 금사업자, 퇴직연금제도가입자 및 IRP(개인형퇴직연금계좌)개설 한 자를 가입대상으로 하는 집",없음,없음,없음,없음,0.703,0.01,,0.703,"{""1y"":""72"",""2y"":""148"",""3y"":""227"",""5y"":""394"",""10y"":""880""}","[{""label"":""management_fee"",""value"":""0.65""},{""label"":""trustee_fee"",""value"":""0.025""},{""label"":""admin_fee"",""value"":""0.018""},{""label"":""other_expense"",""value"":""-""}]","[34,36]",transposed_detail_table_cross_validated,0.7,[뒤집힌 상세표 보강] 열6
FUND000007,KR515302022M,CG,CLASS000107,EXACT_NORMALIZED_MATCH,수수료미징구-오프라인-무권유저비용,미징구,오프라인,,True,투자자가 투자자문업자로부터 투자자문을 받고 그 결과에 따 라 펀드 매수를 요청하는 등 금 융기관 등으로부터 별도의 투자 권유 없이 펀드를 매수하는 경 우 일반 창구 판매 수수료•보수 보다 낮은 판매 수수료•보수가 적용되는 집합투자증권,없음,없음,없음,없음,1.243,0.55,,1.243,"{""1y"":""127"",""2y"":""260"",""3y"":""397"",""5y"":""686"",""10y"":""1510""}","[{""label"":""management_fee"",""value"":""0.65""},{""label"":""trustee_fee"",""value"":""0.025""},{""label"":""admin_fee"",""value"":""0.018""},{""label"":""other_expense"",""value"":""-""}]","[34,36]",transposed_detail_table_cross_validated,0.7,[뒤집힌 상세표 보강] 열9
FUND000007,KR515302022M,CI,CLASS000096,EXACT_NORMALIZED_MATCH,수수료미징구-오프라인-고액,미징구,오프라인,,False,최초 납입금액이 20억원 이상인 이상인 고액투자자용 수익증권,없음,없음,없음,없음,0.7430,0.0500,-,0.7462,"{""1y"":""76"",""2y"":""156"",""3y"":""239"",""5y"":""416"",""10y"":""928""}","[{""label"":""management_fee"",""value"":""0.6500""},{""label"":""trustee_fee"",""value"":""0.0250""},{""label"":""admin_fee"",""value"":""0.0180""},{""label"":""other_expense"",""value"":""0.0032""},{""label"":""transaction_cost"",""value"":""0.2479""}]","[34,36]",transposed_detail_table_cross_validated,0.7,[뒤집힌 상세표 보강] 열8
FUND000007,KR515302022M,CW,CLASS000098,EXACT_NORMALIZED_MATCH,수수료미징구-오프라인-랩,미징구,오프라인,,False,"Wrap account용에 해당하는 경 우, 특정금전신탁",없음,없음,없음,없음,0.6930,0.0000,-,0.6963,"{""1y"":""71"",""2y"":""146"",""3y"":""223"",""5y"":""389"",""10y"":""868""}","[{""label"":""management_fee"",""value"":""0.6500""},{""label"":""trustee_fee"",""value"":""0.0250""},{""label"":""admin_fee"",""value"":""0.0180""},{""label"":""other_expense"",""value"":""0.0033""},{""label"":""transaction_cost"",""value"":""0.2532""}]","[34,36]",transposed_detail_table_cross_validated,0.7,[뒤집힌 상세표 보강] 열10
FUND000007,KR515302022M,Ce,CLASS000095,EXACT_NORMALIZED_MATCH,수수료미징구-온라인,미징구,온라인,,True,판매회사의 전자매체(온라인)전 용 수익증권,없음,없음,없음,없음,1.193,0.5,1.190,1.1965,"{""1y"":""123"",""2y"":""250"",""3y"":""382"",""5y"":""661"",""10y"":""1457""}","[{""label"":""management_fee"",""value"":""0.6500""},{""label"":""trustee_fee"",""value"":""0.0250""},{""label"":""admin_fee"",""value"":""0.0180""},{""label"":""other_expense"",""value"":""0.0035""},{""label"":""transaction_cost"",""value"":""0.3509""}]",[5],cell_grid,1.0,"클래스명: 수수료미징구- 온라인(Ce) 투자비용 | 없음 없음 1.193% 0.5% 1.190% 1.1965% 123 250 382 661 1,457"
FUND000007,KR515302022M,S,CLASS000099,EXACT_NORMALIZED_MATCH,수수료후취-온라인슈퍼,후취,온라인슈퍼,,True,"자산운용사의 공동판매채널로서 의 역할 수행을 위해 모든 공모 종류S(종류S-T 및 S-P 포함)를 취급하고, 객관적 지표를 기준으 로 상품을 노출 및 배열하는 온 라인판매시스템을 통하여 판매 되는 것으로서 다른 종류[가입 자격(기관 및 고액거래자 등)에 제한이 있는 종류 제외] 보다 판매보수가 낮고, 후취판매수수 료가 부과되는 집합투자증권",없음,3년미만 환매 시 환매금액 의 0.15% 이 내,없음,없음,0.8730,0.1800,,0.8763,"{""1y"":""90"",""2y"":""183"",""3y"":""281"",""5y"":""487"",""10y"":""1083""}","[{""label"":""management_fee"",""value"":""0.6500""},{""label"":""trustee_fee"",""value"":""0.0250""},{""label"":""admin_fee"",""value"":""0.0180""},{""label"":""other_expense"",""value"":""0.0033""}]","[34,36]",transposed_detail_table_cross_validated,0.7,[뒤집힌 상세표 보강] 열1
FUND000007,KR515302022M,S-I,CLASS000103,EXACT_NORMALIZED_MATCH,수수료미징구-온라인슈퍼-고액,미징구,온라인슈퍼,,False,"자산운용사의 공동판매채널로서 의 역할 수행을 위해 모든 공모 종류S(종류S-T 및 S-P 포함)를 취급하고, 객관적 지표를 기준으 로 상품을 노출 및 배열하는 온 라인판매시스템을 통하여 판매 되는 것으로서 다른 종류[가입 자격(기관 및 고액거래자 등)에 제한이 있는 종류 제외] 보다 판매보수가 낮고, 최초 납입금액 이 20억원 이상인 고액투자자용 에 해당하는 집합투자증권",없음,없음,없음,없음,0.713,0.02,,0.713,"{""1y"":""73"",""2y"":""149"",""3y"":""229"",""5y"":""398"",""10y"":""888""}","[{""label"":""management_fee"",""value"":""0.65""},{""label"":""trustee_fee"",""value"":""0.025""},{""label"":""admin_fee"",""value"":""0.018""},{""label"":""other_expense"",""value"":""-""}]","[34,36]",transposed_detail_table_cross_validated,0.7,[뒤집힌 상세표 보강] 열5
FUND000007,KR515302022M,S-P,CLASS000102,EXACT_NORMALIZED_MATCH,수수료미징구-온라인슈퍼-개인연금,미징구,온라인슈퍼,개인연금,True,"자산운용사의 공동판매채널로서 의 역할 수행을 위해 모든 공모 종류S(종류S-T 및 S-P 포함)를 취급하고, 객관적 지표를 기준으 로 상품을 노출 및 배열하는 온 라인판매시스템을 통하여 판매 되는 것으로서 소득세법 제20조 의3 및 소득세법 시행령 제40조 의2에 따른 연금저축계좌를 통 하여 가입할 수 있으며 다른 종 류[가입자격(기관 및 고액거래자 등)에 제한이 있는 종류 제외]보 다 판매보수가 낮고, 판매수수료 가 징구되지 않는 집합투자증권",없음,없음,없음,없음,0.8630,0.1700,,0.8663,"{""1y"":""89"",""2y"":""181"",""3y"":""277"",""5y"":""482"",""10y"":""1072""}","[{""label"":""management_fee"",""value"":""0.6500""},{""label"":""trustee_fee"",""value"":""0.0250""},{""label"":""admin_fee"",""value"":""0.0180""},{""label"":""other_expense"",""value"":""0.0033""}]","[34,36]",transposed_detail_table_cross_validated,0.7,[뒤집힌 상세표 보강] 열4
FUND000057,KR5153420022,C,CLASS000738,EXACT_NORMALIZED_MATCH,수수료미징구-오프라인-개인연금,미징구,오프라인,개인연금,True,소득세법 제20조의3 및 소득세법시행 령 제40조의2에 따른 연금저축계좌의 가입자,없음,없음,없음,없음,0.54,0.35,-,0.55,"{""1y"":""56"",""2y"":""115"",""3y"":""177"",""5y"":""309"",""10y"":""687""}","[{""label"":""management_fee"",""value"":""0.15""},{""label"":""trustee_fee"",""value"":""0.02""},{""label"":""admin_fee"",""value"":""0.02""}]","[3,14,27]",cell_grid,1.0,클래스명: 수수료미징구-오프라인-개 인연금(C) | - 수수료미징구-오프라인-개 인연금(C) - 0.54 0.35 - 56 115 177 309 687
FUND000057,KR5153420022,C-e,CLASS000739,EXACT_NORMALIZED_MATCH,수수료미징구-온라인-개인연금,미징구,온라인,개인연금,True,소득세법 제20조의3 및 소득세법시행 령 제40조의2에 따른 연금저축계좌의 가입자 중 온라인 투자자,없음,없음,없음,없음,0.36,0.17,-,0.37,"{""1y"":""37"",""2y"":""77"",""3y"":""119"",""5y"":""208"",""10y"":""462""}","[{""label"":""management_fee"",""value"":""0.15""},{""label"":""trustee_fee"",""value"":""0.02""},{""label"":""admin_fee"",""value"":""0.02""}]","[3,14,27]",cell_grid,1.0,클래스명: 수수료미징구-온라인-개인 연금(C-e) | - 수수료미징구-온라인-개인 연금(C-e) - 0.36 0.17 - 37 77 119 208 462
FUND000058,KR5153420063,A,CLASS000740,EXACT_NORMALIZED_MATCH,수수료선취-오프라인,선취,오프라인,,True,제한없음,없음,없음,없음,없음,0.65,0.45,0.25,0.66,"{""1y"":""67"",""2y"":""138"",""3y"":""212"",""5y"":""371"",""10y"":""824""}","[{""label"":""management_fee"",""value"":""0.15""},{""label"":""trustee_fee"",""value"":""0.03""},{""label"":""admin_fee"",""value"":""0.02""}]","[3,13]",cell_grid,1.0,클래스명: 수수료선취-오프라인(A) | - 수수료선취-오프라인(A) - 0.65 0.45 0.25 0.66 67 138 212 371 824
FUND000058,KR5153420063,C-F,CLASS000741,EXACT_NORMALIZED_MATCH,"종류형 명칭 없음(문서 표기 ""-""), 가입자격: - 집합투자업자가 판매회사로서 직접 판매하는 수익증권에 가입하기 원하는 가입자 - 판매회사의 일임·자문 계좌(랩어카운 트, Wrap Account)를 통해 수익증권에 가입하기 원하는 가입자 - 법 시행령 제103조에 따른 금전신탁",,,,False,"- 집합투자업자가 판매회사로서 직접 판매하는 수익증권에 가입하기 원하는 가입자 - 판매회사의 일임·자문 계좌(랩어카운 트, Wrap Account)를 통해 수익증권에 가입하기 원하는 가입자 - 법 시행령 제103조에 따른 금전신탁",없음,없음,없음,없음,0.2,-,-,0.21,"{""10y"":""262"",""5y"":""118"",""3y"":""67"",""2y"":""44"",""1y"":""21""}","[{""label"":""management_fee"",""value"":""0.15""},{""label"":""trustee_fee"",""value"":""0.03""},{""label"":""admin_fee"",""value"":""0.02""},{""label"":""other_expense"",""value"":""0.01""}]","[24,23,25]",detail_table_cross_validated,0.7,"[상세표 보강] [(1, '0.15'), (3, '0.03'), (4, '0.02'), (5, '0.2'), (6, '0.01'), (7, '0.21'), (9, '0.21')]"
FUND000058,KR5153420063,C-P,CLASS000742,EXACT_NORMALIZED_MATCH,수수료미징구-오프라인-개인연금,미징구,오프라인,개인연금,True,소득세법 제20조의3 및 소득세법시행 령 제40조의2에 따른 연금저축계좌의 가입자,없음,없음,없음,없음,0.47,0.27,-,0.48,"{""1y"":""49"",""2y"":""100"",""3y"":""154"",""5y"":""269"",""10y"":""599""}","[{""label"":""management_fee"",""value"":""0.15""},{""label"":""trustee_fee"",""value"":""0.03""},{""label"":""admin_fee"",""value"":""0.02""}]","[3,13]",cell_grid,1.0,클래스명: 수수료미징구-오프라인-개 인연금(C-P) | - 수수료미징구-오프라인-개 인연금(C-P) - 0.47 0.27 - 0.48 49 100 154 269 599
FUND000058,KR5153420063,C-P2,CLASS000744,EXACT_NORMALIZED_MATCH,수수료미징구-오프라인-퇴직연금,미징구,오프라인,퇴직연금,True,"근로자퇴직급여보장법에 의한 퇴직연 금 및 개인퇴직계좌, 퇴직연금사업자",없음,없음,없음,없음,0.46,0.26,-,0.47,"{""1y"":""48"",""2y"":""98"",""3y"":""151"",""5y"":""264"",""10y"":""587""}","[{""label"":""management_fee"",""value"":""0.15""},{""label"":""trustee_fee"",""value"":""0.03""},{""label"":""admin_fee"",""value"":""0.02""}]","[3,13]",cell_grid,1.0,클래스명: 수수료미징구-오프라인-퇴 직연금(C-P2) | - 수수료미징구-오프라인-퇴 직연금(C-P2) - 0.46 0.26 - 0.47 48 98 151 264 587
FUND000058,KR5153420063,C-P2e,CLASS000745,EXACT_NORMALIZED_MATCH,수수료미징구-온라인-퇴직연금,미징구,온라인,퇴직연금,True,"근로자퇴직급여보장법에 의한 퇴직연 금 및 개인퇴직계좌, 퇴직연금사업자 중 온라인 가입자",없음,없음,없음,없음,0.3200,0.12,-,0.33,"{""10y"":""412"",""5y"":""185"",""3y"":""106"",""2y"":""69"",""1y"":""33""}","[{""label"":""management_fee"",""value"":""0.15""},{""label"":""trustee_fee"",""value"":""0.03""},{""label"":""admin_fee"",""value"":""0.02""}]","[13,23,25]",detail_table_cross_validated,0.7,"[상세표 보강] [(4, '0.15'), (5, '0.12'), (6, '0.03'), (7, '0.02')]"
FUND000058,KR5153420063,C-Pe,CLASS000743,EXACT_NORMALIZED_MATCH,수수료미징구-온라인-개인연금,미징구,온라인,개인연금,True,소득세법 제20조의3 및 소득세법시행 령 제40조의2에 따른 연금저축계좌의 가입자 중 온라인 투자자,없음,없음,없음,없음,0.3300,0.13,-,0.34,"{""10y"":""424"",""5y"":""191"",""3y"":""109"",""2y"":""71"",""1y"":""34""}","[{""label"":""management_fee"",""value"":""0.15""},{""label"":""trustee_fee"",""value"":""0.03""},{""label"":""admin_fee"",""value"":""0.02""}]","[13,23,25]",detail_table_cross_validated,0.7,"[상세표 보강] [(4, '0.15'), (5, '0.13'), (6, '0.03'), (7, '0.02')]"
FUND000058,KR5153420063,I,CLASS000746,EXACT_NORMALIZED_MATCH,"종류형 명칭 없음(문서 표기 ""-""), 가입자격: - 법 및 이와 유사한 외국법령에 따른 집합투자기구 (종전의 간접투자자산운 용업법에 따른 간접투자기구를 포함한 다) - 법 제9조제5항에 따른 전문투자자(단, 법 제9조제5항제4호 및 제5호, 법 시행 령 제10조제2항제11호 내지 제17호에 해당하는 전문투자자 제외)",,,,False,"- 법 및 이와 유사한 외국법령에 따른 집합투자기구 (종전의 간접투자자산운 용업법에 따른 간접투자기구를 포함한 다) - 법 제9조제5항에 따른 전문투자자(단, 법 제9조제5항제4호 및 제5호, 법 시행 령 제10조제2항제11호 내지 제17호에 해당하는 전문투자자 제외)",없음,없음,없음,없음,0.2300,0.03,-,0.23,"{""10y"":""287"",""5y"":""129"",""3y"":""74"",""2y"":""48"",""1y"":""23""}","[{""label"":""management_fee"",""value"":""0.15""},{""label"":""trustee_fee"",""value"":""0.03""},{""label"":""admin_fee"",""value"":""0.02""}]","[13,23,25]",detail_table_cross_validated,0.7,"[상세표 보강] [(4, '0.15'), (5, '0.03'), (6, '0.03'), (7, '0.02')]"
FUND000059,KR5153420079,A,CLASS000747,EXACT_NORMALIZED_MATCH,수수료선취-오프라인,선취,오프라인,,True,제한 없음,납입금액의 0.3% 이내,없음,없음,없음,0.43,0.31,0.25,0.43,"{""1y"":""74"",""2y"":""120"",""3y"":""168"",""5y"":""271"",""10y"":""567""}","[{""label"":""management_fee"",""value"":""0.1""},{""label"":""trustee_fee"",""value"":""0.01""},{""label"":""admin_fee"",""value"":""0.01""}]","[3,15]",cell_grid,1.0,클래스명: 수수료선취-오프라인(A) | 납입금 액의 0.3% 이내 수수료선취-오프라인(A) 납입금 액의 0.3% 이내 0.43 0.31 0.25 0.43 74 120 168 271 567
FUND000059,KR5153420079,A-e,CLASS000749,EXACT_NORMALIZED_MATCH,수수료선취-온라인,선취,온라인,,True,온라인 투자자,납입금액의 0.15% 이내,없음,없음,없음,0.275,0.155,0.22,0.275,"{""1y"":""43"",""2y"":""72"",""3y"":""103"",""5y"":""169"",""10y"":""358""}","[{""label"":""management_fee"",""value"":""0.1""},{""label"":""trustee_fee"",""value"":""0.01""},{""label"":""admin_fee"",""value"":""0.01""}]","[3,15]",cell_grid,1.0,클래스명: 수수료선취-온라인(A-e) | 납입금 액의 0.15% 이내 수수료선취-온라인(A-e) 납입금 액의 0.15% 이내 0.275 0.155 0.22 0.275 43 72 103 169 358
FUND000059,KR5153420079,AG,CLASS000748,EXACT_NORMALIZED_MATCH,수수료선취-오프라인-무권유저비용,선취,오프라인,,True,투자자문업자로부터 투자자문을 받고 그 결과에 따라 집합투자증권 매수를 요청하는 등 금융기관으로부터 별도의 투자권유 없이 집합투자증권을 매수하 는 가입자.,납입금액의 0.21% 이내,없음,없음,없음,0.3300,0.21,-,0.33,"{""1y"":""54"",""2y"":""90"",""3y"":""127"",""5y"":""206"",""10y"":""433""}","[{""label"":""management_fee"",""value"":""0.1""},{""label"":""trustee_fee"",""value"":""0.01""},{""label"":""admin_fee"",""value"":""0.01""}]","[15,26,29]",detail_table_cross_validated,0.7,"[상세표 보강] [(4, '0.1'), (5, '0.21'), (6, '0.01'), (7, '0.01')]"
FUND000059,KR5153420079,C,CLASS000750,EXACT_NORMALIZED_MATCH,수수료미징구-오프라인,미징구,오프라인,,True,제한 없음,없음,없음,없음,없음,0.57,0.45,0.35,0.58,"{""1y"":""59"",""2y"":""121"",""3y"":""187"",""5y"":""326"",""10y"":""724""}","[{""label"":""management_fee"",""value"":""0.1""},{""label"":""trustee_fee"",""value"":""0.01""},{""label"":""admin_fee"",""value"":""0.01""}]","[3,15]",cell_grid,1.0,클래스명: 수수료미징구-오프라인(C) | - 수수료미징구-오프라인(C) - 0.57 0.45 0.35 0.58 59 121 187 326 724
FUND000059,KR5153420079,C-2,CLASS000752,EXACT_NORMALIZED_MATCH,수수료미징구-오프라인-고액,미징구,오프라인,,False,50억원 이상 가입하는 투자자,없음,없음,없음,없음,0.2700,0.15,-,0.27,"{""1y"":""27"",""2y"":""56"",""3y"":""87"",""5y"":""151"",""10y"":""337""}","[{""label"":""management_fee"",""value"":""0.1""},{""label"":""trustee_fee"",""value"":""0.01""},{""label"":""admin_fee"",""value"":""0.01""}]","[15,26,29]",detail_table_cross_validated,0.7,"[상세표 보강] [(4, '0.1'), (5, '0.15'), (6, '0.01'), (7, '0.01')]"
FUND000059,KR5153420079,C-I,CLASS000753,EXACT_NORMALIZED_MATCH,수수료미징구-오프라인-기관,미징구,오프라인,,False,"법 제9조 5항에 따른 전문투자자(단, 법 제9조제5항제4호 및 제5호, 법시행령 제10조제2항제11호 내지 제17호에 해 당하는 전문투자자 제외)",없음,없음,없음,없음,0.1500,0.03,-,0.16,"{""1y"":""16"",""2y"":""33"",""3y"":""51"",""5y"":""89"",""10y"":""199""}","[{""label"":""management_fee"",""value"":""0.1""},{""label"":""trustee_fee"",""value"":""0.01""},{""label"":""admin_fee"",""value"":""0.01""}]","[15,26,29]",detail_table_cross_validated,0.7,"[상세표 보강] [(4, '0.1'), (5, '0.03'), (6, '0.01'), (7, '0.01')]"
FUND000059,KR5153420079,C-P,CLASS000757,EXACT_NORMALIZED_MATCH,수수료미징구-오프라인-개인연금,미징구,오프라인,개인연금,True,소득세법 제20조의3 및 소득세법시행 령 제40조의2에 따른 연금저축계좌의 가입자,없음,없음,없음,없음,0.48,0.36,-,0.49,"{""1y"":""50"",""2y"":""102"",""3y"":""158"",""5y"":""275"",""10y"":""612""}","[{""label"":""management_fee"",""value"":""0.1""},{""label"":""trustee_fee"",""value"":""0.01""},{""label"":""admin_fee"",""value"":""0.01""}]","[3,15]",cell_grid,1.0,클래스명: 수수료미징구-오프라인-개 인연금(C-P) | - 수수료미징구-오프라인-개 인연금(C-P) - 0.48 0.36 - 0.49 50 102 158 275 612
FUND000059,KR5153420079,C-P2,CLASS000759,EXACT_NORMALIZED_MATCH,수수료미징구-오프라인-퇴직연금,미징구,오프라인,퇴직연금,True,"근로자퇴직급여보장법에 의한 퇴직연 금 및 개인퇴직계좌, 퇴직연금사업자",없음,없음,없음,없음,0.41,0.29,-,0.42,"{""1y"":""43"",""2y"":""88"",""3y"":""135"",""5y"":""236"",""10y"":""524""}","[{""label"":""management_fee"",""value"":""0.1""},{""label"":""trustee_fee"",""value"":""0.01""},{""label"":""admin_fee"",""value"":""0.01""}]","[3,15]",cell_grid,1.0,클래스명: 수수료미징구-오프라인-퇴 직연금(C-P2) | - 수수료미징구-오프라인-퇴 직연금(C-P2) - 0.41 0.29 - 0.42 43 88 135 236 524
FUND000059,KR5153420079,C-P2e,CLASS000760,EXACT_NORMALIZED_MATCH,수수료미징구-온라인-퇴직연금,미징구,온라인,퇴직연금,True,"근로자퇴직급여보장법에 의한 퇴직연 금 및 개인퇴직계좌, 퇴직연금사업자 중 온라인 가입자",없음,없음,없음,없음,0.2600,0.14,-,0.27,"{""1y"":""27"",""2y"":""56"",""3y"":""87"",""5y"":""151"",""10y"":""337""}","[{""label"":""management_fee"",""value"":""0.1""},{""label"":""trustee_fee"",""value"":""0.01""},{""label"":""admin_fee"",""value"":""0.01""}]","[15,27,29]",detail_table_cross_validated,0.7,"[상세표 보강] [(4, '0.1'), (5, '0.14'), (6, '0.01'), (7, '0.01')]"
FUND000059,KR5153420079,C-PI,CLASS000754,EXACT_NORMALIZED_MATCH,"수수료미징구-오프라인-퇴직연금,펀드등",미징구,오프라인,퇴직연금,False,"근로자퇴직급여보장법에 의한 퇴직연 금,개인퇴직계좌, 퇴직연금사업자, 소득 세법 제20조의 3 및 소득세법시행령 제 40조의 2에 따른 연금저축계좌의 가입 자를 가입대상으로 하는 집합투자기구 또는 이러한 집합투자기구를 자집합투 자기구로 두고 있는 모집합투자기구",없음,없음,없음,없음,0.1300,0.01,-,0.13,"{""1y"":""13"",""2y"":""27"",""3y"":""41"",""5y"":""73"",""10y"":""162""}","[{""label"":""management_fee"",""value"":""0.1""},{""label"":""trustee_fee"",""value"":""0.01""},{""label"":""admin_fee"",""value"":""0.01""}]","[15,26,29]",detail_table_cross_validated,0.7,"[상세표 보강] [(4, '0.1'), (5, '0.01'), (6, '0.01'), (7, '0.01')]"
FUND000059,KR5153420079,C-Pe,CLASS000758,EXACT_NORMALIZED_MATCH,수수료미징구-온라인-개인연금,미징구,온라인,개인연금,True,소득세법 제20조의3 및 소득세법시행 령 제40조의2에 따른 연금저축계좌의 가입자 중 온라인 투자자,없음,없음,없음,없음,0.3000,0.18,-,0.31,"{""1y"":""31"",""2y"":""65"",""3y"":""99"",""5y"":""174"",""10y"":""387""}","[{""label"":""management_fee"",""value"":""0.1""},{""label"":""trustee_fee"",""value"":""0.01""},{""label"":""admin_fee"",""value"":""0.01""}]","[15,27,29]",detail_table_cross_validated,0.7,"[상세표 보강] [(4, '0.1'), (5, '0.18'), (6, '0.01'), (7, '0.01')]"
FUND000059,KR5153420079,C-e,CLASS000751,EXACT_NORMALIZED_MATCH,수수료미징구-온라인,미징구,온라인,,True,온라인 투자자,없음,없음,없음,없음,0.5,0.38,0.24,0.51,"{""1y"":""52"",""2y"":""107"",""3y"":""164"",""5y"":""286"",""10y"":""637""}","[{""label"":""management_fee"",""value"":""0.1""},{""label"":""trustee_fee"",""value"":""0.01""},{""label"":""admin_fee"",""value"":""0.01""}]","[3,15]",cell_grid,1.0,클래스명: 수수료미징구-온라인(C-e) | - 수수료미징구-온라인(C-e) - 0.5 0.38 0.24 0.51 52 107 164 286 637
FUND000059,KR5153420079,F,CLASS000755,EXACT_NORMALIZED_MATCH,"수수료미징구-오프라인-랩,펀드등",미징구,오프라인,,False,"· 집합투자업자가 판매하는 수익증권에 가입하고자 하는 법 및 이와 유사한 외 국법령에 의한 집합투자기구(종전의 간 접투자자산운용업법에 따른 간접투자 기구를 포함한다) · 판매회사의 일임·자문 계좌(랩어카운 트, Wrap Account)를 통해 수익증권에 가입하기 원하는 가입자 · 법 시행령 제103조에 따른 금전신탁",없음,없음,없음,없음,0.12,-,-,0.13,"{""1y"":""13"",""2y"":""27"",""3y"":""41"",""5y"":""73"",""10y"":""162""}","[{""label"":""management_fee"",""value"":""0.1""},{""label"":""trustee_fee"",""value"":""0.01""},{""label"":""admin_fee"",""value"":""0.01""},{""label"":""other_expense"",""value"":""0.01""}]","[28,26,29]",detail_table_cross_validated,0.7,"[상세표 보강] [(1, '0.1'), (3, '0.01'), (4, '0.01'), (5, '0.12'), (6, '0.01'), (7, '0.13'), (9, '0.13')]"
FUND000059,KR5153420079,S,CLASS000756,EXACT_NORMALIZED_MATCH,수수료후취-온라인슈퍼,후취,온라인슈퍼,,True,"자산운용사의 공동판매채널로서의 역 할 수행을 위해 모든 공모 S클래스(S-T 및 S-P클래스 포함)를 취급하고, 객관적 지표를 기준으로 상품을 노출 및 배열 하는 온라인판매시스템을 통하여 판매 되는 것으로서 다른 클래스[가입 자격( 기관 및 고액거래자 등)에 제한이 있는 클래스 제외] 보다 판매보수가 낮고, 후",없음,3년미만 환 매시 환매금 액의 0.15% 이내,없음,없음,0.2700,0.15,-,0.28,"{""10y"":""349"",""5y"":""157"",""3y"":""90"",""2y"":""58"",""1y"":""44""}","[{""label"":""management_fee"",""value"":""0.1""},{""label"":""trustee_fee"",""value"":""0.01""},{""label"":""admin_fee"",""value"":""0.01""}]","[15,26,30]",detail_table_cross_validated,0.7,"[상세표 보강] [(4, '0.1'), (5, '0.15'), (6, '0.01'), (7, '0.01')]"
FUND000060,KR5153420105,A,CLASS000761,EXACT_NORMALIZED_MATCH,수수료선취-오프라인,선취,오프라인,,True,제한 없음,납입금액의 0.3% 이내,없음,없음,없음,0.35,0.19,0.33,0.36,"{""1y"":""66"",""2y"":""105"",""3y"":""146"",""5y"":""232"",""10y"":""479""}","[{""label"":""management_fee"",""value"":""0.12""},{""label"":""trustee_fee"",""value"":""0.02""},{""label"":""admin_fee"",""value"":""0.02""}]","[3,15]",cell_grid,1.0,클래스명: 수수료선취-오프라인(A) | 납입금 액의 0.3% 이내 수수료선취-오프라인(A) 납입금 액의 0.3% 이내 0.35 0.19 0.33 0.36 66 105 146 232 479
FUND000060,KR5153420105,A-e,CLASS000762,EXACT_NORMALIZED_MATCH,수수료선취-온라인,선취,온라인,,True,온라인 가입자,납입금액의 0.15% 이내,없음,없음,없음,0.255,0.095,0.25,0.255,"{""1y"":""41"",""2y"":""68"",""3y"":""97"",""5y"":""158"",""10y"":""333""}","[{""label"":""management_fee"",""value"":""0.12""},{""label"":""trustee_fee"",""value"":""0.02""},{""label"":""admin_fee"",""value"":""0.02""}]","[3,15]",cell_grid,1.0,클래스명: 수수료선취-온라인(A-e) | 납입금 액의 0.15% 이내 수수료선취-온라인(A-e) 납입금 액의 0.15% 이내 0.255 0.095 0.25 0.255 41 68 97 158 333
FUND000060,KR5153420105,AG,CLASS000763,EXACT_NORMALIZED_MATCH,수수료선취-오프라인-무권유저비용,선취,오프라인,,True,투자자문업자로부터 투자자문을 받고 그 결과에 따라 집합투자증권 매수를 요청하는 등 금융기관으로부터 별도의 투자권유 없이 집합투자증권을 매수하 는 가입자.,납입금액의 0.21% 이내,없음,없음,없음,0.2900,0.13,-,0.29,"{""1y"":""50"",""2y"":""81"",""3y"":""114"",""5y"":""184"",""10y"":""383""}","[{""label"":""management_fee"",""value"":""0.12""},{""label"":""trustee_fee"",""value"":""0.02""},{""label"":""admin_fee"",""value"":""0.02""}]","[15,26,29]",detail_table_cross_validated,0.7,"[상세표 보강] [(4, '0.12'), (5, '0.13'), (6, '0.02'), (7, '0.02')]"
FUND000060,KR5153420105,C,CLASS000764,EXACT_NORMALIZED_MATCH,수수료미징구-오프라인,미징구,오프라인,,True,제한 없음,없음,없음,없음,없음,0.44,0.28,0.40,0.45,"{""1y"":""46"",""2y"":""94"",""3y"":""145"",""5y"":""253"",""10y"":""562""}","[{""label"":""management_fee"",""value"":""0.12""},{""label"":""trustee_fee"",""value"":""0.02""},{""label"":""admin_fee"",""value"":""0.02""}]","[3,15]",cell_grid,1.0,클래스명: 수수료미징구-오프라인(C) | - 수수료미징구-오프라인(C) - 0.44 0.28 0.40 0.45 46 94 145 253 562
FUND000060,KR5153420105,C-P,CLASS000767,EXACT_NORMALIZED_MATCH,수수료미징구-오프라인-개인연금,미징구,오프라인,개인연금,True,소득세법 제20조의3 및 소득세법시행 령 제40조의2에 따른 연금저축계좌의 가입자,없음,없음,없음,없음,0.43,0.27,-,0.44,"{""1y"":""45"",""2y"":""92"",""3y"":""141"",""5y"":""247"",""10y"":""549""}","[{""label"":""management_fee"",""value"":""0.12""},{""label"":""trustee_fee"",""value"":""0.02""},{""label"":""admin_fee"",""value"":""0.02""}]","[3,15]",cell_grid,1.0,클래스명: 수수료미징구-오프라인-개 인연금(C-P) | - 수수료미징구-오프라인-개 인연금(C-P) - 0.43 0.27 - 0.44 45 92 141 247 549
FUND000060,KR5153420105,C-P2,CLASS000769,EXACT_NORMALIZED_MATCH,수수료미징구-오프라인-퇴직연금,미징구,오프라인,퇴직연금,True,"근로자퇴직급여보장법에 의한 퇴직연 금 및 개인퇴직계좌, 퇴직연금사업자",없음,없음,없음,없음,0.42,0.26,-,0.43,"{""1y"":""44"",""2y"":""90"",""3y"":""138"",""5y"":""241"",""10y"":""537""}","[{""label"":""management_fee"",""value"":""0.12""},{""label"":""trustee_fee"",""value"":""0.02""},{""label"":""admin_fee"",""value"":""0.02""}]","[3,15]",cell_grid,1.0,클래스명: 수수료미징구-오프라인-퇴 직연금(C-P2) | - 수수료미징구-오프라인-퇴 직연금(C-P2) - 0.42 0.26 - 0.43 44 90 138 241 537
FUND000060,KR5153420105,C-P2e,CLASS000770,EXACT_NORMALIZED_MATCH,수수료미징구-온라인-퇴직연금,미징구,온라인,퇴직연금,True,"근로자퇴직급여보장법에 의한 퇴직연 금 및 개인퇴직계좌, 퇴직연금사업자 중 온라인 가입자",없음,없음,없음,없음,0.2800,0.12,-,0.29,"{""1y"":""29"",""2y"":""60"",""3y"":""93"",""5y"":""163"",""10y"":""362""}","[{""label"":""management_fee"",""value"":""0.12""},{""label"":""trustee_fee"",""value"":""0.02""},{""label"":""admin_fee"",""value"":""0.02""}]","[15,27,29]",detail_table_cross_validated,0.7,"[상세표 보강] [(4, '0.12'), (5, '0.12'), (6, '0.02'), (7, '0.02')]"
FUND000060,KR5153420105,C-PI,CLASS000771,EXACT_NORMALIZED_MATCH,수수료미징구-오프라인-기관,미징구,오프라인,,False,"근로자퇴직급여보장법에 의한 퇴직연 금,개인퇴직계좌, 퇴직연금사업자, 소득 세법 제20조의 3 및 소득세법시행령 제 40조의 2에 따른 연금저축계좌의 가입 자를 가입대상으로 하는 집합투자기구 또는 이러한 집합투자기구를 자집합투 자기구로 두고 있는 모집합투자기구",없음,없음,없음,없음,0.1700,0.01,-,0.18,"{""1y"":""18"",""2y"":""37"",""3y"":""58"",""5y"":""101"",""10y"":""224""}","[{""label"":""management_fee"",""value"":""0.12""},{""label"":""trustee_fee"",""value"":""0.02""},{""label"":""admin_fee"",""value"":""0.02""}]","[15,27,29]",detail_table_cross_validated,0.7,"[상세표 보강] [(4, '0.12'), (5, '0.01'), (6, '0.02'), (7, '0.02')]"
FUND000060,KR5153420105,C-Pe,CLASS000768,EXACT_NORMALIZED_MATCH,수수료미징구-온라인-개인연금,미징구,온라인,개인연금,True,소득세법 제20조의3 및 소득세법시행 령 제40조의2에 따른 연금저축계좌의 가입자 중 온라인 투자자,없음,없음,없음,없음,0.2900,0.13,-,0.3,"{""1y"":""30"",""2y"":""62"",""3y"":""96"",""5y"":""168"",""10y"":""374""}","[{""label"":""management_fee"",""value"":""0.12""},{""label"":""trustee_fee"",""value"":""0.02""},{""label"":""admin_fee"",""value"":""0.02""}]","[15,26,29]",detail_table_cross_validated,0.7,"[상세표 보강] [(4, '0.12'), (5, '0.13'), (6, '0.02'), (7, '0.02')]"
FUND000060,KR5153420105,C-a,CLASS000766,EXACT_NORMALIZED_MATCH,수수료미징구-오프라인-고액,미징구,오프라인,,False,50억 이상 가입자,없음,없음,없음,없음,0.2400,0.08,-,0.24,"{""10y"":""299"",""5y"":""134"",""3y"":""77"",""2y"":""50"",""1y"":""24""}","[{""label"":""management_fee"",""value"":""0.12""},{""label"":""trustee_fee"",""value"":""0.02""},{""label"":""admin_fee"",""value"":""0.02""}]","[15,26,30]",detail_table_cross_validated,0.7,"[상세표 보강] [(4, '0.12'), (5, '0.08'), (6, '0.02'), (7, '0.02')]"
FUND000060,KR5153420105,C-e,CLASS000765,EXACT_NORMALIZED_MATCH,수수료미징구-온라인,미징구,온라인,,True,온라인 가입자,없음,없음,없음,없음,0.4,0.24,0.27,0.41,"{""1y"":""42"",""2y"":""86"",""3y"":""132"",""5y"":""230"",""10y"":""512""}","[{""label"":""management_fee"",""value"":""0.12""},{""label"":""trustee_fee"",""value"":""0.02""},{""label"":""admin_fee"",""value"":""0.02""}]","[3,15]",cell_grid,1.0,클래스명: 수수료미징구-온라인(C-e) | - 수수료미징구-온라인(C-e) - 0.4 0.24 0.27 0.41 42 86 132 230 512
FUND000060,KR5153420105,I,CLASS000772,EXACT_NORMALIZED_MATCH,수수료미징구-오프라인-기관,미징구,오프라인,,False,법제9조제5항제1호 내지 3호에 따른 전문투자자,없음,없음,없음,없음,0.1900,0.03,-,0.19,"{""10y"":""237"",""5y"":""106"",""3y"":""61"",""2y"":""39"",""1y"":""19""}","[{""label"":""management_fee"",""value"":""0.12""},{""label"":""trustee_fee"",""value"":""0.02""},{""label"":""admin_fee"",""value"":""0.02""}]","[15,27,30]",detail_table_cross_validated,0.7,"[상세표 보강] [(4, '0.12'), (5, '0.03'), (6, '0.02'), (7, '0.02')]"
FUND000060,KR5153420105,S,CLASS000773,EXACT_NORMALIZED_MATCH,수수료후취-온라인슈퍼,후취,온라인슈퍼,,True,"자산운용사의 공동판매채널로서의 역 할 수행을 위해 모든 공모 S클래스(S-T 및 S-P클래스 포함)를 취급하고, 객관적 지표를 기준으로 상품을 노출 및 배열 하는 온라인판매시스템을 통하여 판매 되는 것으로서 다른 클래스[가입 자격( 기관 및 고액거래자 등)에 제한이 있는 클래스 제외] 보다 판매보수가 낮고, 후 취판매수수료가 징구되는 집합투자증 권",없음,3년 미만 환 매시 환매금 액의 0.15% 이내,없음,없음,0.3100,0.15,-,0.32,"{""10y"":""399"",""5y"":""179"",""3y"":""103"",""2y"":""67"",""1y"":""48""}","[{""label"":""management_fee"",""value"":""0.12""},{""label"":""trustee_fee"",""value"":""0.02""},{""label"":""admin_fee"",""value"":""0.02""}]","[15,27,30]",detail_table_cross_validated,0.7,"[상세표 보강] [(4, '0.12'), (5, '0.15'), (6, '0.02'), (7, '0.02')]"
FUND000060,KR5153420105,직판F,,NEW_CLASS,"수수료미징구-오프라인-랩,펀드등",미징구,오프라인,,False,"·집합투자업자가 판매회사로서 직접 판 매하는 수익증권에 가입하기 원하는 가 입자 ·판매회사의 일임·자문 계좌(랩어카운 트, Wrap Account)를 통해 수익증권에 가입하기 원하는 가입자 ·법 시행령 제103조에 따른 금전신탁 ·투자일임업자가 운용하는 일임계좌를 통해 수익증권을 가입하기 원하는 가입 자",없음,없음,없음,없음,0.16,-,-,0.17,"{""10y"":""212"",""5y"":""95"",""3y"":""54"",""2y"":""35"",""1y"":""17""}","[{""label"":""management_fee"",""value"":""0.12""},{""label"":""trustee_fee"",""value"":""0.02""},{""label"":""admin_fee"",""value"":""0.02""},{""label"":""other_expense"",""value"":""0.01""}]","[28,27,30]",detail_table_cross_validated,0.7,"[상세표 보강] [(1, '0.12'), (3, '0.02'), (4, '0.02'), (5, '0.16'), (6, '0.01'), (7, '0.17'), (9, '0.17')]"
FUND000061,KR5153420318,A,CLASS000774,EXACT_NORMALIZED_MATCH,수수료선취-오프라인,선취,오프라인,,True,제한없음,납입금액의 0.7% 이내,없음,없음,없음,0.95,0.6,0.83,0.95,"{""1y"":""167"",""2y"":""269"",""3y"":""376"",""5y"":""604"",""10y"":""1257""}","[{""label"":""management_fee"",""value"":""0.3""},{""label"":""trustee_fee"",""value"":""0.03""},{""label"":""admin_fee"",""value"":""0.02""}]","[4,16]",cell_grid,1.0,클래스명: 수수료선취-오프라인(A) | 납입금 액의 0.7% 이내 수수료선취-오프라인(A) 납입금 액의 0.7% 이내 0.95 0.6 0.83 0.95 167 269 376 604 1257
FUND000061,KR5153420318,A-e,CLASS000775,EXACT_NORMALIZED_MATCH,수수료선취-온라인,선취,온라인,,True,온라인 투자자,납입금액의 0.35% 이내,없음,없음,없음,0.65,0.3,0.59,0.7,"{""1y"":""106"",""2y"":""181"",""3y"":""260"",""5y"":""428"",""10y"":""909""}","[{""label"":""management_fee"",""value"":""0.3""},{""label"":""trustee_fee"",""value"":""0.03""},{""label"":""admin_fee"",""value"":""0.02""}]","[4,16]",cell_grid,1.0,클래스명: 수수료선취-온라인(A-e) | 납입금 액의 0.35% 이내 수수료선취-온라인(A-e) 납입금 액의 0.35% 이내 0.65 0.3 0.59 0.7 106 181 260 428 909
FUND000061,KR5153420318,AG,CLASS000776,EXACT_NORMALIZED_MATCH,수수료선취-오프라인-무권유저비용,선취,오프라인,,True,투자자문업자로부터 투자자문을 받고 그 결과에 따라 집합투자증권 매수를 요청하는 등 금융기관으로부터 별도의 투자권유 없이 집합투자증권을 매수하 는 가입자.,납입금액의 0.49% 이내,없음,없음,없음,0.7700,0.42,-,0.77,"{""1y"":""127"",""2y"":""210"",""3y"":""297"",""5y"":""482"",""10y"":""1011""}","[{""label"":""management_fee"",""value"":""0.3""},{""label"":""trustee_fee"",""value"":""0.03""},{""label"":""admin_fee"",""value"":""0.02""}]","[16,30,33]",detail_table_cross_validated,0.7,"[상세표 보강] [(4, '0.3'), (5, '0.42'), (6, '0.03'), (7, '0.02')]"
FUND000061,KR5153420318,C,CLASS000777,EXACT_NORMALIZED_MATCH,수수료미징구-오프라인,미징구,오프라인,,True,제한없음,없음,없음,없음,없음,1.35,1,0.53,1.35,"{""1y"":""138"",""2y"":""283"",""3y"":""435"",""5y"":""759"",""10y"":""1687""}","[{""label"":""management_fee"",""value"":""0.3""},{""label"":""trustee_fee"",""value"":""0.03""},{""label"":""admin_fee"",""value"":""0.02""}]","[4,16]",cell_grid,1.0,클래스명: 수수료미징구-오프라인(C) | - 수수료미징구-오프라인(C) - 1.35 1 0.53 1.35 138 283 435 759 1687
FUND000061,KR5153420318,C-I,CLASS000780,EXACT_NORMALIZED_MATCH,수수료미징구-오프라인-기관,미징구,오프라인,,False,· 법제9조제5항제1호 내지 3호에 따른 전문투자자 · 법인세법 시행령 제111조제2항제5호 에 따른 기금운용법인과 공제사업을 영 위하는 법인 · 국가재정법에의한 기금,없음,없음,없음,없음,0.3800,0.03,-,0.38,"{""1y"":""38"",""2y"":""79"",""3y"":""122"",""5y"":""213"",""10y"":""474""}","[{""label"":""management_fee"",""value"":""0.3""},{""label"":""trustee_fee"",""value"":""0.03""},{""label"":""admin_fee"",""value"":""0.02""}]","[16,31,33]",detail_table_cross_validated,0.7,"[상세표 보강] [(4, '0.3'), (5, '0.03'), (6, '0.03'), (7, '0.02')]"
FUND000061,KR5153420318,C-P,CLASS000783,EXACT_NORMALIZED_MATCH,수수료미징구-오프라인-개인연금,미징구,오프라인,개인연금,True,소득세법 제20조의 3 및 소득세법시행 령 제40조의 2에 따른 연금저축계좌의 가입자,없음,없음,없음,없음,0.76,0.41,-,0.76,"{""1y"":""77"",""2y"":""159"",""3y"":""245"",""5y"":""427"",""10y"":""949""}","[{""label"":""management_fee"",""value"":""0.3""},{""label"":""trustee_fee"",""value"":""0.03""},{""label"":""admin_fee"",""value"":""0.02""}]","[4,17]",cell_grid,1.0,클래스명: 수수료미징구-오프라인-개 인연금(C-P) | - 수수료미징구-오프라인-개 인연금(C-P) - 0.76 0.41 - 0.76 77 159 245 427 949
FUND000061,KR5153420318,C-P2,CLASS000785,EXACT_NORMALIZED_MATCH,수수료미징구-오프라인-퇴직연금,미징구,오프라인,퇴직연금,True,"근로자퇴직급여보장법에 의한 퇴직연 금 및 개인퇴직계좌, 퇴직연금사업자",없음,없음,없음,없음,0.71,0.36,-,0.71,"{""1y"":""72"",""2y"":""149"",""3y"":""228"",""5y"":""399"",""10y"":""887""}","[{""label"":""management_fee"",""value"":""0.3""},{""label"":""trustee_fee"",""value"":""0.03""},{""label"":""admin_fee"",""value"":""0.02""}]","[4,17]",cell_grid,1.0,클래스명: 수수료미징구-오프라인-퇴 직연금(C-P2) | - 수수료미징구-오프라인-퇴 직연금(C-P2) - 0.71 0.36 - 0.71 72 149 228 399 887
FUND000061,KR5153420318,C-P2e,CLASS000786,EXACT_NORMALIZED_MATCH,수수료미징구-온라인-퇴직연금,미징구,온라인,퇴직연금,True,"근로자퇴직급여보장법에 의한 퇴직연 금 및 개인퇴직계좌, 퇴직연금사업자 중 온라인 가입자",없음,없음,없음,없음,0.5300,0.18,-,0.58,"{""10y"":""724"",""5y"":""326"",""3y"":""187"",""2y"":""121"",""1y"":""59""}","[{""label"":""management_fee"",""value"":""0.3""},{""label"":""trustee_fee"",""value"":""0.03""},{""label"":""admin_fee"",""value"":""0.02""}]","[17,31,34]",detail_table_cross_validated,0.7,"[상세표 보강] [(4, '0.3'), (5, '0.18'), (6, '0.03'), (7, '0.02')]"
FUND000061,KR5153420318,C-Pe,CLASS000784,EXACT_NORMALIZED_MATCH,수수료미징구-온라인-개인연금,미징구,온라인,개인연금,True,소득세법 제20조의 3 및 소득세법시행 령 제40조의 2에 따른 연금저축계좌의 가입자 중 온라인 투자자,없음,없음,없음,없음,0.5500,0.2,-,0.6,"{""10y"":""749"",""5y"":""337"",""3y"":""193"",""2y"":""125"",""1y"":""61""}","[{""label"":""management_fee"",""value"":""0.3""},{""label"":""trustee_fee"",""value"":""0.03""},{""label"":""admin_fee"",""value"":""0.02""}]","[17,31,34]",detail_table_cross_validated,0.7,"[상세표 보강] [(4, '0.3'), (5, '0.2'), (6, '0.03'), (7, '0.02')]"
FUND000061,KR5153420318,C-e,CLASS000778,EXACT_NORMALIZED_MATCH,수수료미징구-온라인,미징구,온라인,,True,온라인 투자자,없음,없음,없음,없음,0.85,0.5,0.53,0.9,"{""1y"":""92"",""2y"":""188"",""3y"":""290"",""5y"":""506"",""10y"":""1124""}","[{""label"":""management_fee"",""value"":""0.3""},{""label"":""trustee_fee"",""value"":""0.03""},{""label"":""admin_fee"",""value"":""0.02""}]","[4,16]",cell_grid,1.0,클래스명: 수수료미징구-온라인(C-e) | - 수수료미징구-온라인(C-e) - 0.85 0.5 0.53 0.9 92 188 290 506 1124
FUND000061,KR5153420318,CG,CLASS000779,EXACT_NORMALIZED_MATCH,수수료미징구-오프라인-무권유저비용,미징구,오프라인,,True,투자자문업자로부터 투자자문을 받고 그 결과에 따라 집합투자증권 매수를 요청하는 등 금융기관으로부터 별도의 투자권유 없이 집합투자증권을 매수하 는 가입자.,없음,없음,없음,없음,1.0500,0.7,-,1.05,"{""10y"":""1312"",""5y"":""590"",""3y"":""338"",""2y"":""220"",""1y"":""107""}","[{""label"":""management_fee"",""value"":""0.3""},{""label"":""trustee_fee"",""value"":""0.03""},{""label"":""admin_fee"",""value"":""0.02""}]","[16,31,34]",detail_table_cross_validated,0.7,"[상세표 보강] [(4, '0.3'), (5, '0.7'), (6, '0.03'), (7, '0.02')]"
FUND000061,KR5153420318,F,CLASS000781,EXACT_NORMALIZED_MATCH,"수수료미징구-직판-랩,펀드등",미징구,직판,,False,"· 집합투자업자가 판매회사로서 직접 판매하는 수익증권에 가입하기 원하는 가입자 · 판매회사의 일임·자문 계좌(랩어카운 트, Wrap Account)를 통해 수익증권에 가입하기 원하는 가입자 · 법 시행령 제103조에 따른 금전신탁",없음,없음,없음,없음,0.35,-,-,0.41,"{""10y"":""512"",""5y"":""230"",""3y"":""132"",""2y"":""86"",""1y"":""42""}","[{""label"":""management_fee"",""value"":""0.3""},{""label"":""trustee_fee"",""value"":""0.03""},{""label"":""admin_fee"",""value"":""0.02""},{""label"":""other_expense"",""value"":""0.06""}]","[32,31,34]",detail_table_cross_validated,0.7,"[상세표 보강] [(1, '0.3'), (3, '0.03'), (4, '0.02'), (5, '0.35'), (6, '0.06'), (7, '0.41'), (9, '0.41')]"
FUND000061,KR5153420318,S,CLASS000782,EXACT_NORMALIZED_MATCH,수수료후취-온라인슈퍼,후취,온라인슈퍼,,True,"자산운용사의 공동판매채널로서의 역 할 수행을 위해 모든 공모 S클래스(S-T 및 S-P클래스 포함)를 취급하고, 객관적 지표를 기준으로 상품을 노출 및 배열 하는 온라인판매시스템을 통하여 판매 되는 것으로서 다른 클래스[가입 자격( 기관 및 고액거래자 등)에 제한이 있는 클래스 제외] 보다 판매보수가 낮고, 후 취판매수수료가 징구되는 집합투자증 권",없음,3년 미만 환 매시 환매금 액의 0.15% 이내,없음,없음,0.5000,0.15,-,0.5,"{""10y"":""624"",""5y"":""281"",""3y"":""161"",""2y"":""104"",""1y"":""67""}","[{""label"":""management_fee"",""value"":""0.3""},{""label"":""trustee_fee"",""value"":""0.03""},{""label"":""admin_fee"",""value"":""0.02""}]","[17,31,34]",detail_table_cross_validated,0.7,"[상세표 보강] [(4, '0.3'), (5, '0.15'), (6, '0.03'), (7, '0.02')]"
FUND000062,KR5153420339,A,CLASS000787,EXACT_NORMALIZED_MATCH,수수료선취-오프라인,선취,오프라인,,True,제한없음,납입금액의 0.2% 이내,없음,없음,없음,0.18,0.12,0.25,0.18,"{""1y"":""38"",""2y"":""57"",""3y"":""78"",""5y"":""121"",""10y"":""244""}","[{""label"":""management_fee"",""value"":""0.04""},{""label"":""trustee_fee"",""value"":""0.01""},{""label"":""admin_fee"",""value"":""0.01""}]","[4,14]",cell_grid,1.0,클래스명: 수수료선취-오프라인(A) | 납입금 액의 0.2% 이내 수수료선취-오프라인(A) 납입금 액의 0.2% 이내 0.18 0.12 0.25 0.18 38 57 78 121 244
FUND000062,KR5153420339,A-e,CLASS000788,EXACT_NORMALIZED_MATCH,수수료선취-온라인,선취,온라인,,True,온라인 가입자,납입금액의 0.1% 이내,없음,없음,없음,0.12,0.06,0.22,0.12,"{""1y"":""22"",""2y"":""35"",""3y"":""48"",""5y"":""77"",""10y"":""159""}","[{""label"":""management_fee"",""value"":""0.04""},{""label"":""trustee_fee"",""value"":""0.01""},{""label"":""admin_fee"",""value"":""0.01""}]","[4,14]",cell_grid,1.0,클래스명: 수수료선취-온라인(A-e) | 납입금 액의 0.1% 이내 수수료선취-온라인(A-e) 납입금 액의 0.1% 이내 0.12 0.06 0.22 0.12 22 35 48 77 159
FUND000062,KR5153420339,AG,CLASS000789,EXACT_NORMALIZED_MATCH,수수료선취-오프라인-무권유저비용,선취,오프라인,,True,투자자문업자로부터 투자자문을 받고 그 결과에 따라 집합투자증권 매수를 요청하는 등 금융기관으로부터 별도의 투자권유 없이 집합투자증권을 매수하,납입금액의 0.14% 이내,없음,없음,없음,0.1440,0.084,-,0.144,"{""1y"":""28"",""2y"":""44"",""3y"":""60"",""5y"":""94"",""10y"":""193""}","[{""label"":""management_fee"",""value"":""0.04""},{""label"":""trustee_fee"",""value"":""0.01""},{""label"":""admin_fee"",""value"":""0.01""}]","[14,27,30]",detail_table_cross_validated,0.7,"[상세표 보강] [(4, '0.04'), (5, '0.084'), (6, '0.01'), (7, '0.01')]"
FUND000062,KR5153420339,C,CLASS000790,EXACT_NORMALIZED_MATCH,수수료미징구-오프라인,미징구,오프라인,,True,제한없음,없음,없음,없음,없음,0.38,0.32,0.35,0.38,"{""1y"":""38"",""2y"":""79"",""3y"":""122"",""5y"":""213"",""10y"":""474""}","[{""label"":""management_fee"",""value"":""0.04""},{""label"":""trustee_fee"",""value"":""0.01""},{""label"":""admin_fee"",""value"":""0.01""}]","[4,14]",cell_grid,1.0,클래스명: 수수료미징구-오프라인(C) | - 수수료미징구-오프라인(C) - 0.38 0.32 0.35 0.38 38 79 122 213 474
FUND000062,KR5153420339,C-I,CLASS000793,EXACT_NORMALIZED_MATCH,수수료미징구-오프라인-기관,미징구,오프라인,,False,· 법제9조제5항제1호 내지 3호에 따른 전문투자자 · 법인세법 시행령 제111조제2항제5호 에 따른 기금운용법인과 공제사업을 영 위하는 법인 · 국가재정법에의한 기금,없음,없음,없음,없음,0.0900,0.03,-,0.09,"{""1y"":""9"",""2y"":""18"",""3y"":""29"",""5y"":""50"",""10y"":""112""}","[{""label"":""management_fee"",""value"":""0.04""},{""label"":""trustee_fee"",""value"":""0.01""},{""label"":""admin_fee"",""value"":""0.01""}]","[14,28,30]",detail_table_cross_validated,0.7,"[상세표 보강] [(4, '0.04'), (5, '0.03'), (6, '0.01'), (7, '0.01')]"
FUND000062,KR5153420339,C-P,CLASS000796,EXACT_NORMALIZED_MATCH,수수료미징구-오프라인-개인연금,미징구,오프라인,개인연금,True,소득세법 제20조의3 및 소득세법시행 령 제40조의2에 따른 연금저축계좌의 가입자,없음,없음,없음,없음,0.32,0.26,-,0.32,"{""1y"":""32"",""2y"":""67"",""3y"":""103"",""5y"":""179"",""10y"":""399""}","[{""label"":""management_fee"",""value"":""0.04""},{""label"":""trustee_fee"",""value"":""0.01""},{""label"":""admin_fee"",""value"":""0.01""}]","[4,15]",cell_grid,1.0,클래스명: 수수료미징구-오프라인-개 인연금(C-P) | - 수수료미징구-오프라인-개 인연금(C-P) - 0.32 0.26 - 0.32 32 67 103 179 399
FUND000062,KR5153420339,C-P2,CLASS000798,EXACT_NORMALIZED_MATCH,수수료미징구-오프라인-퇴직연금,미징구,오프라인,퇴직연금,True,"근로자퇴직급여보장법에 의한 퇴직연 금 및 개인퇴직계좌, 퇴직연금 사업자",없음,없음,없음,없음,0.26,0.2,-,0.26,"{""1y"":""26"",""2y"":""54"",""3y"":""83"",""5y"":""146"",""10y"":""324""}","[{""label"":""management_fee"",""value"":""0.04""},{""label"":""trustee_fee"",""value"":""0.01""},{""label"":""admin_fee"",""value"":""0.01""}]","[4,15]",cell_grid,1.0,클래스명: 수수료미징구-오프라인-퇴 직연금(C-P2) | - 수수료미징구-오프라인-퇴 직연금(C-P2) - 0.26 0.2 - 0.26 26 54 83 146 324
FUND000062,KR5153420339,C-P2e,CLASS000799,EXACT_NORMALIZED_MATCH,수수료미징구-온라인-퇴직연금,미징구,온라인,퇴직연금,True,"근로자퇴직급여보장법에 의한 퇴직연 금 및 개인퇴직계좌, 퇴직연금 사업자 중 온라인 가입자",없음,없음,없음,없음,0.1600,0.1,-,0.16,"{""10y"":""199"",""5y"":""89"",""3y"":""51"",""2y"":""33"",""1y"":""16""}","[{""label"":""management_fee"",""value"":""0.04""},{""label"":""trustee_fee"",""value"":""0.01""},{""label"":""admin_fee"",""value"":""0.01""}]","[15,28,31]",detail_table_cross_validated,0.7,"[상세표 보강] [(4, '0.04'), (5, '0.1'), (6, '0.01'), (7, '0.01')]"
FUND000062,KR5153420339,C-Pe,CLASS000797,EXACT_NORMALIZED_MATCH,수수료미징구-온라인-개인연금,미징구,온라인,개인연금,True,소득세법 제20조의3 및 소득세법시행 령 제40조의2에 따른 연금저축계좌의 가입자 중 온라인 투자자,없음,없음,없음,없음,0.1900,0.13,-,0.19,"{""10y"":""237"",""5y"":""106"",""3y"":""61"",""2y"":""39"",""1y"":""19""}","[{""label"":""management_fee"",""value"":""0.04""},{""label"":""trustee_fee"",""value"":""0.01""},{""label"":""admin_fee"",""value"":""0.01""}]","[15,28,31]",detail_table_cross_validated,0.7,"[상세표 보강] [(4, '0.04'), (5, '0.13'), (6, '0.01'), (7, '0.01')]"
FUND000062,KR5153420339,C-e,CLASS000791,EXACT_NORMALIZED_MATCH,수수료미징구-온라인,미징구,온라인,,True,온라인 가입자,없음,없음,없음,없음,0.22,0.16,0.24,0.22,"{""1y"":""22"",""2y"":""46"",""3y"":""70"",""5y"":""123"",""10y"":""274""}","[{""label"":""management_fee"",""value"":""0.04""},{""label"":""trustee_fee"",""value"":""0.01""},{""label"":""admin_fee"",""value"":""0.01""}]","[4,14]",cell_grid,1.0,클래스명: 수수료미징구-온라인(C-e) | - 수수료미징구-온라인(C-e) - 0.22 0.16 0.24 0.22 22 46 70 123 274
FUND000062,KR5153420339,CG,CLASS000792,EXACT_NORMALIZED_MATCH,수수료미징구-오프라인-무권유저비용,미징구,오프라인,,True,투자자문업자로부터 투자자문을 받고 그 결과에 따라 집합투자증권 매수를 요청하는 등 금융기관으로부터 별도의 투자권유 없이 집합투자증권을 매수하 는 가입자.,없음,없음,없음,없음,0.2840,0.224,-,0.284,"{""10y"":""354"",""5y"":""159"",""3y"":""91"",""2y"":""59"",""1y"":""29""}","[{""label"":""management_fee"",""value"":""0.04""},{""label"":""trustee_fee"",""value"":""0.01""},{""label"":""admin_fee"",""value"":""0.01""}]","[14,28,31]",detail_table_cross_validated,0.7,"[상세표 보강] [(4, '0.04'), (5, '0.224'), (6, '0.01'), (7, '0.01')]"
FUND000062,KR5153420339,F,CLASS000794,EXACT_NORMALIZED_MATCH,"수수료미징구-오프라인-랩,펀드등",미징구,오프라인,,False,"·집합투자업자가 판매회사로서 직접 판 매하는 수익증권에 가입하기 원하는 가 입자 ·판매회사의 일임·자문 계좌(랩어카운 트, Wrap Account)를 통해 수익증권에 가입하기 원하는 가입자 ·법 시행령 제103조에 따른 금전신탁",없음,없음,없음,없음,0.06,-,-,0.06,"{""10y"":""74"",""5y"":""33"",""3y"":""19"",""2y"":""12"",""1y"":""6""}","[{""label"":""management_fee"",""value"":""0.04""},{""label"":""trustee_fee"",""value"":""0.01""},{""label"":""admin_fee"",""value"":""0.01""}]","[29,28,31]",detail_table_cross_validated,0.7,"[상세표 보강] [(1, '0.04'), (3, '0.01'), (4, '0.01'), (5, '0.06'), (7, '0.06'), (9, '0.06')]"
FUND000062,KR5153420339,S,CLASS000795,EXACT_NORMALIZED_MATCH,수수료후취-온라인슈퍼,후취,온라인슈퍼,,True,"자산운용사의 공동판매채널로서의 역 할 수행을 위해 모든 공모 S클래스(S-T 및 S-P클래스 포함)를 취급하고, 객관적 지표를 기준으로 상품을 노출 및 배열 하는 온라인판매시스템을 통하여 판매 되는 것으로서 다른 클래스[가입 자격( 기관 및 고액거래자 등)에 제한이 있는 클래스 제외] 보다 판매보수가 낮고, 후 취판매수수료가 징구되는 집합투자증 권",없음,3년 미만 환 매시 환매금 액의 0.15% 이내,없음,없음,0.1100,0.05,-,0.11,"{""10y"":""137"",""5y"":""61"",""3y"":""35"",""2y"":""23"",""1y"":""27""}","[{""label"":""management_fee"",""value"":""0.04""},{""label"":""trustee_fee"",""value"":""0.01""},{""label"":""admin_fee"",""value"":""0.01""}]","[15,28,31]",detail_table_cross_validated,0.7,"[상세표 보강] [(4, '0.04'), (5, '0.05'), (6, '0.01'), (7, '0.01')]"
FUND000063,KR5153450009,C,CLASS000800,EXACT_NORMALIZED_MATCH,수수료미징구-오프라인-퇴직연금,미징구,오프라인,퇴직연금,True,근로자퇴직급여보장법에 의한 퇴직연 금 가입자,없음,없음,없음,없음,0.95,0.5,-,0.95,"{""1y"":""97"",""2y"":""199"",""3y"":""306"",""5y"":""534"",""10y"":""1187""}","[{""label"":""management_fee"",""value"":""0.4""},{""label"":""trustee_fee"",""value"":""0.03""},{""label"":""admin_fee"",""value"":""0.02""}]","[3,12]",cell_grid,1.0,클래스명: 수수료미징구-오프라인-퇴 직연금(C) | - 수수료미징구-오프라인-퇴 직연금(C) - 0.95 0.5 - 0.95 97 199 306 534 1187
FUND000063,KR5153450009,C-F,CLASS000801,EXACT_NORMALIZED_MATCH,"수수료미징구-직판-퇴직연금,펀드등",미징구,직판,퇴직연금,False,집합투자업자가 판매하는 수익증권에 가입하는 것으로 근로자퇴직급여보장 법에 의한 퇴직연금 가입자를 대상으로 하는 집합투자기구 또는 퇴직연금보험,없음,없음,없음,없음,0.45,-,-,0.45,"{""1y"":""46"",""2y"":""94"",""3y"":""145"",""5y"":""253"",""10y"":""562""}","[{""label"":""management_fee"",""value"":""0.4""},{""label"":""trustee_fee"",""value"":""0.03""},{""label"":""admin_fee"",""value"":""0.02""}]","[22,21]",detail_table_cross_validated,0.7,"[상세표 보강] [(1, '0.4'), (3, '0.03'), (4, '0.02'), (5, '0.45'), (7, '0.45'), (9, '0.45')]"
FUND000063,KR5153450009,C-P2e,CLASS000802,EXACT_NORMALIZED_MATCH,수수료미징구-온라인-퇴직연금,미징구,온라인,퇴직연금,True,"근로자퇴직급여보장법에 의한 퇴직연 금 및 개인퇴직계좌, 퇴직연금사업자 중 온라인 가입자",없음,없음,없음,없음,0.7,0.25,-,0.7,"{""1y"":""71"",""2y"":""146"",""3y"":""225"",""5y"":""393"",""10y"":""874""}","[{""label"":""management_fee"",""value"":""0.4""},{""label"":""trustee_fee"",""value"":""0.03""},{""label"":""admin_fee"",""value"":""0.02""}]","[3,12]",cell_grid,1.0,클래스명: 수수료미징구-온라인-퇴직 연금(C-P2e) | - 수수료미징구-온라인-퇴직 연금(C-P2e) - 0.7 0.25 - 0.7 71 146 225 393 874
FUND000064,KR5153450112,C,CLASS000803,EXACT_NORMALIZED_MATCH,수수료미징구-오프라인-개인연금,미징구,오프라인,개인연금,True,소득세법 제20조의3 및 소득세법시행 령 제40조의2에 따른 연금저축계좌의 가입자,없음,없음,없음,없음,1.54,0.95,-,1.54,"{""1y"":""157"",""2y"":""323"",""3y"":""496"",""5y"":""866"",""10y"":""1924""}","[{""label"":""management_fee"",""value"":""0.54""},{""label"":""trustee_fee"",""value"":""0.03""},{""label"":""admin_fee"",""value"":""0.02""}]","[3,18]",cell_grid,1.0,클래스명: 수수료미징구-오프라인-개 인연금(C) | - 수수료미징구-오프라인-개 인연금(C) - 1.54 0.95 - 1.54 157 323 496 866 1924
FUND000064,KR5153450112,C-e,CLASS000804,EXACT_NORMALIZED_MATCH,수수료미징구-온라인-개인연금,미징구,온라인,개인연금,True,소득세법 제20조의3 및 소득세법시행 령 제40조의2에 따른 연금저축계좌의 가입자 중 온라인 투자자,없음,없음,없음,없음,1.06,0.47,-,1.06,"{""1y"":""108"",""2y"":""222"",""3y"":""341"",""5y"":""596"",""10y"":""1324""}","[{""label"":""management_fee"",""value"":""0.54""},{""label"":""trustee_fee"",""value"":""0.03""},{""label"":""admin_fee"",""value"":""0.02""}]","[3,18]",cell_grid,1.0,클래스명: 수수료미징구-온라인-개인 연금(C-e) | - 수수료미징구-온라인-개인 연금(C-e) - 1.06 0.47 - 1.06 108 222 341 596 1324
FUND000065,KR5153450209,C,CLASS000805,EXACT_NORMALIZED_MATCH,수수료미징구-오프라인-퇴직연금,미징구,오프라인,퇴직연금,True,근로자퇴직급여보장법에 의한 퇴직연 금 가입자,없음,없음,없음,없음,1.2,0.805,-,1.2,"{""1y"":""122"",""2y"":""251"",""3y"":""386"",""5y"":""674"",""10y"":""1499""}","[{""label"":""management_fee"",""value"":""0.345""},{""label"":""trustee_fee"",""value"":""0.03""},{""label"":""admin_fee"",""value"":""0.02""}]","[3,12]",cell_grid,1.0,클래스명: 수수료미징구-오프라인-퇴 직연금(C) | - 수수료미징구-오프라인-퇴 직연금(C) - 1.2 0.805 - 1.2 122 251 386 674 1499
FUND000065,KR5153450209,C-F,CLASS000807,EXACT_NORMALIZED_MATCH,"수수료미징구-직판-퇴직연금,펀드등",미징구,직판,퇴직연금,False,집합투자업자가 판매하는 수익증권에 가입하는 것으로 근로자퇴직급여보장 법에 의한 퇴직연금가입자를 대상으로 하는 집합투자기구 또는 퇴직연금보험,없음,없음,없음,없음,0.395,-,-,0.395,"{""1y"":""40"",""2y"":""82"",""3y"":""127"",""5y"":""222"",""10y"":""493""}","[{""label"":""management_fee"",""value"":""0.345""},{""label"":""trustee_fee"",""value"":""0.03""},{""label"":""admin_fee"",""value"":""0.02""}]","[22,21,23]",detail_table_cross_validated,0.7,"[상세표 보강] [(1, '0.345'), (3, '0.03'), (4, '0.02'), (5, '0.395'), (7, '0.395'), (9, '0.395')]"
FUND000065,KR5153450209,C-P2I,CLASS000808,EXACT_NORMALIZED_MATCH,"수수료미징구-오프라인-퇴직연금,고액",미징구,오프라인,퇴직연금,False,근로자퇴직급여보장법에 의한 확정급 여형퇴직연금제도를 설정한 사용자 중 30억 이상 투자자 및 퇴직연금사업자,없음,없음,없음,없음,0.4950,0.1,-,0.495,"{""1y"":""50"",""2y"":""103"",""3y"":""159"",""5y"":""278"",""10y"":""618""}","[{""label"":""management_fee"",""value"":""0.345""},{""label"":""trustee_fee"",""value"":""0.03""},{""label"":""admin_fee"",""value"":""0.02""}]","[12,21,23]",detail_table_cross_validated,0.7,"[상세표 보강] [(4, '0.345'), (5, '0.1'), (6, '0.03'), (7, '0.02')]"
FUND000065,KR5153450209,C-P2e,CLASS000806,EXACT_NORMALIZED_MATCH,수수료미징구-온라인-퇴직연금,미징구,온라인,퇴직연금,True,근로자퇴직급여보장법에 의한 퇴직연 금 가입자 중 온라인 가입자,없음,없음,없음,없음,0.795,0.4,-,0.795,"{""1y"":""81"",""2y"":""166"",""3y"":""256"",""5y"":""447"",""10y"":""993""}","[{""label"":""management_fee"",""value"":""0.345""},{""label"":""trustee_fee"",""value"":""0.03""},{""label"":""admin_fee"",""value"":""0.02""}]","[3,12]",cell_grid,1.0,클래스명: 수수료미징구-온라인-퇴직 연금(C-P2e) | - 수수료미징구-온라인-퇴직 연금(C-P2e) - 0.795 0.4 - 0.795 81 166 256 447 993
FUND000066,KR5153450250,C,CLASS000809,EXACT_NORMALIZED_MATCH,수수료미징구-오프라인-퇴직연금,미징구,오프라인,퇴직연금,True,근로자퇴직급여보장법에 의한 퇴직연 금 가입자,없음,없음,없음,없음,1.2,0.805,-,1.21,"{""1y"":""124"",""2y"":""254"",""3y"":""390"",""5y"":""680"",""10y"":""1512""}","[{""label"":""management_fee"",""value"":""0.345""},{""label"":""trustee_fee"",""value"":""0.03""},{""label"":""admin_fee"",""value"":""0.02""}]","[3,11]",cell_grid,1.0,클래스명: 수수료미징구-오프라인-퇴 직연금(C) | - 수수료미징구-오프라인-퇴 직연금(C) - 1.2 0.805 - 1.21 124 254 390 680 1512
FUND000066,KR5153450250,C-F,CLASS000811,EXACT_NORMALIZED_MATCH,"수수료미징구-직판-퇴직연금,펀드등",미징구,직판,퇴직연금,False,집합투자업자가 판매하는 수익증권에 가입하는 것으로 근로자퇴직급여보장 법에 의한 퇴직연금가입자를 대상으로 하는 집합투자기구 또는 퇴직연금보험,없음,없음,없음,없음,0.395,-,-,0.395,"{""1y"":""40"",""2y"":""82"",""3y"":""127"",""5y"":""222"",""10y"":""493""}","[{""label"":""management_fee"",""value"":""0.345""},{""label"":""trustee_fee"",""value"":""0.03""},{""label"":""admin_fee"",""value"":""0.02""}]","[21,22]",detail_table_cross_validated,0.7,"[상세표 보강] [(1, '0.345'), (3, '0.03'), (4, '0.02'), (5, '0.395'), (7, '0.395'), (9, '0.395')]"
FUND000066,KR5153450250,C-P2e,CLASS000810,EXACT_NORMALIZED_MATCH,수수료미징구-온라인-퇴직연금,미징구,온라인,퇴직연금,True,"근로자퇴직급여보장법에 의한 퇴직연 금 및 개인퇴직계좌, 퇴직연금사업자 중 온라인 가입자",없음,없음,없음,없음,0.795,0.4,-,0.805,"{""1y"":""82"",""2y"":""169"",""3y"":""259"",""5y"":""452"",""10y"":""1006""}","[{""label"":""management_fee"",""value"":""0.345""},{""label"":""trustee_fee"",""value"":""0.03""},{""label"":""admin_fee"",""value"":""0.02""}]","[3,11]",cell_grid,1.0,클래스명: 수수료미징구-온라인-퇴직 연금(C-P2e) | - 수수료미징구-온라인-퇴직 연금(C-P2e) - 0.795 0.4 - 0.805 82 169 259 452 1006
FUND000067,KR5153450268,A,CLASS000812,EXACT_NORMALIZED_MATCH,수수료선취-오프라인,선취,오프라인,,True,제한없음,납입금액의 1% 이내,없음,없음,없음,1.15,0.55,1.40,1.15,"{""1y"":""217"",""2y"":""341"",""3y"":""470"",""5y"":""746"",""10y"":""1537""}","[{""label"":""management_fee"",""value"":""0.55""},{""label"":""trustee_fee"",""value"":""0.03""},{""label"":""admin_fee"",""value"":""0.02""}]","[3,15]",cell_grid,1.0,클래스명: 수수료선취-오프라인(A) | 납입금 액의 1% 이내 수수료선취-오프라인(A) 납입금 액의 1% 이내 1.15 0.55 1.40 1.15 217 341 470 746 1537
FUND000067,KR5153450268,A-e,CLASS000813,EXACT_NORMALIZED_MATCH,수수료선취-온라인,선취,온라인,,True,온라인 가입자,납입금액의 0.5% 이내,없음,없음,없음,0.87,0.27,1.11,0.87,"{""1y"":""139"",""2y"":""232"",""3y"":""330"",""5y"":""539"",""10y"":""1137""}","[{""label"":""management_fee"",""value"":""0.55""},{""label"":""trustee_fee"",""value"":""0.03""},{""label"":""admin_fee"",""value"":""0.02""}]","[3,15]",cell_grid,1.0,클래스명: 수수료선취-온라인(A-e) | 납입금 액의 0.5% 이내 수수료선취-온라인(A-e) 납입금 액의 0.5% 이내 0.87 0.27 1.11 0.87 139 232 330 539 1137
FUND000067,KR5153450268,AG,CLASS000814,EXACT_NORMALIZED_MATCH,수수료선취-오프라인-무권유저비용,선취,오프라인,,True,투자자문업자로부터 투자자문을 받고 그 결과에 따라 집합투자증권 매수를 요청하는 등 금융기관으로부터 별도의 투자권유 없이 집합투자증권을 매수하 는 가입자.,납입금액의 0.7% 이내,없음,없음,없음,0.9800,0.38,-,0.98,"{""1y"":""170"",""2y"":""275"",""3y"":""386"",""5y"":""621"",""10y"":""1294""}","[{""label"":""management_fee"",""value"":""0.55""},{""label"":""trustee_fee"",""value"":""0.03""},{""label"":""admin_fee"",""value"":""0.02""}]","[15,27,31]",detail_table_cross_validated,0.7,"[상세표 보강] [(4, '0.55'), (5, '0.38'), (6, '0.03'), (7, '0.02')]"
FUND000067,KR5153450268,C-I,CLASS000824,EXACT_NORMALIZED_MATCH,수수료미징구-오프라인-기관,미징구,오프라인,,False,"법 제9조 5항에 따른 전문투자자(단, 법 제9조 제5항 제4호 및 제5호, 법시행령 제10조 제2항 제11호 내지 제17호에 해당하는 전문투자자 제외)",없음,없음,없음,없음,0.6300,0.03,-,0.63,"{""1y"":""64"",""2y"":""132"",""3y"":""203"",""5y"":""354"",""10y"":""787""}","[{""label"":""management_fee"",""value"":""0.55""},{""label"":""trustee_fee"",""value"":""0.03""},{""label"":""admin_fee"",""value"":""0.02""}]","[15,28,31]",detail_table_cross_validated,0.7,"[상세표 보강] [(4, '0.55'), (5, '0.03'), (6, '0.03'), (7, '0.02')]"
FUND000067,KR5153450268,C-P,CLASS000825,EXACT_NORMALIZED_MATCH,수수료미징구-오프라인-개인연금,미징구,오프라인,개인연금,True,소득세법 제20조의3 및 소득세법시행 령 제40조의2에 따른 연금저축계좌의 가입자,없음,없음,없음,없음,1.54,0.94,-,1.54,"{""1y"":""157"",""2y"":""323"",""3y"":""496"",""5y"":""866"",""10y"":""1924""}","[{""label"":""management_fee"",""value"":""0.55""},{""label"":""trustee_fee"",""value"":""0.03""},{""label"":""admin_fee"",""value"":""0.02""}]","[3,15]",cell_grid,1.0,클래스명: 수수료미징구-오프라인-개 인연금(C-P) | - 수수료미징구-오프라인-개 인연금(C-P) - 1.54 0.94 - 1.54 157 323 496 866 1924
FUND000067,KR5153450268,C-P2,CLASS000827,EXACT_NORMALIZED_MATCH,수수료미징구-오프라인-퇴직연금,미징구,오프라인,퇴직연금,True,근로자퇴직급여보장법에 의한 퇴직연,없음,없음,없음,없음,1.35,0.75,-,1.35,"{""1y"":""138"",""2y"":""283"",""3y"":""435"",""5y"":""759"",""10y"":""1687""}","[{""label"":""management_fee"",""value"":""0.55""},{""label"":""trustee_fee"",""value"":""0.03""},{""label"":""admin_fee"",""value"":""0.02""}]","[3,15]",cell_grid,1.0,클래스명: 수수료미징구-오프라인-퇴 직연금(C-P2) | - 수수료미징구-오프라인-퇴 직연금(C-P2) - 1.35 0.75 - 1.35 138 283 435 759 1687
FUND000067,KR5153450268,C-P2e,CLASS000828,EXACT_NORMALIZED_MATCH,수수료미징구-온라인-퇴직연금,미징구,온라인,퇴직연금,True,"근로자퇴직급여보장법에 의한 퇴직연 금 및 개인퇴직계좌, 퇴직연금사업자 중 온라인 가입자",없음,없음,없음,없음,0.9700,0.37,-,0.97,"{""1y"":""99"",""2y"":""203"",""3y"":""312"",""5y"":""545"",""10y"":""1212""}","[{""label"":""management_fee"",""value"":""0.55""},{""label"":""trustee_fee"",""value"":""0.03""},{""label"":""admin_fee"",""value"":""0.02""}]","[15,31]",detail_table_cross_validated,0.7,"[상세표 보강] [(4, '0.55'), (5, '0.37'), (6, '0.03'), (7, '0.02')]"
FUND000067,KR5153450268,C-Pe,CLASS000826,EXACT_NORMALIZED_MATCH,수수료미징구-온라인-개인연금,미징구,온라인,개인연금,True,소득세법 제20조의3 및 소득세법시행 령 제40조의2에 따른 연금저축계좌의 가입자 중 온라인 투자자,없음,없음,없음,없음,1.0700,0.47,-,1.07,"{""1y"":""109"",""2y"":""224"",""3y"":""345"",""5y"":""601"",""10y"":""1337""}","[{""label"":""management_fee"",""value"":""0.55""},{""label"":""trustee_fee"",""value"":""0.03""},{""label"":""admin_fee"",""value"":""0.02""}]","[15,28,31]",detail_table_cross_validated,0.7,"[상세표 보강] [(4, '0.55'), (5, '0.47'), (6, '0.03'), (7, '0.02')]"
FUND000067,KR5153450268,C-a,CLASS000823,EXACT_NORMALIZED_MATCH,수수료미징구-오프라인-고액,미징구,오프라인,,False,50억원 이상 가입자,없음,없음,없음,없음,1.1500,0.55,-,1.15,"{""1y"":""117"",""2y"":""241"",""3y"":""370"",""5y"":""646"",""10y"":""1437""}","[{""label"":""management_fee"",""value"":""0.55""},{""label"":""trustee_fee"",""value"":""0.03""},{""label"":""admin_fee"",""value"":""0.02""}]","[15,28,31]",detail_table_cross_validated,0.7,"[상세표 보강] [(4, '0.55'), (5, '0.55'), (6, '0.03'), (7, '0.02')]"
FUND000067,KR5153450268,C-e,CLASS000819,EXACT_NORMALIZED_MATCH,수수료미징구-온라인,미징구,온라인,,True,온라인 가입자,없음,없음,없음,없음,1.1,0.5,1.15,1.1,"{""1y"":""112"",""2y"":""230"",""3y"":""354"",""5y"":""618"",""10y"":""1374""}","[{""label"":""management_fee"",""value"":""0.55""},{""label"":""trustee_fee"",""value"":""0.03""},{""label"":""admin_fee"",""value"":""0.02""}]","[3,15]",cell_grid,1.0,클래스명: 수수료미징구-온라인(C-e) | - 수수료미징구-온라인(C-e) - 1.1 0.5 1.15 1.1 112 230 354 618 1374
FUND000067,KR5153450268,C1,CLASS000815,EXACT_NORMALIZED_MATCH,수수료미징구-오프라인-보수체감,미징구,오프라인,,True,제한없음,없음,없음,없음,없음,1.9,1.3,1.60,1.9,"{""1y"":""194"",""2y"":""335"",""3y"":""504"",""5y"":""909"",""10y"":""2071""}","[{""label"":""management_fee"",""value"":""0.55""},{""label"":""trustee_fee"",""value"":""0.03""},{""label"":""admin_fee"",""value"":""0.02""}]","[3,15]",cell_grid,1.0,클래스명: 수수료미징구-오프라인-보 수체감(C1) | - 수수료미징구-오프라인-보 수체감(C1) - 1.9 1.3 1.60 1.9 194 335 504 909 2071
FUND000067,KR5153450268,C2,CLASS000816,EXACT_NORMALIZED_MATCH,수수료미징구-오프라인-보수체감,미징구,오프라인,,True,C1최초 매수일로부터 1년 이상된 수익 자,없음,없음,없음,없음,1.6900,1.09,-,1.69,{},"[{""label"":""management_fee"",""value"":""0.55""},{""label"":""trustee_fee"",""value"":""0.03""},{""label"":""admin_fee"",""value"":""0.02""}]","[15,28]",detail_table_cross_validated,0.7,"[상세표 보강] [(4, '0.55'), (5, '1.09'), (6, '0.03'), (7, '0.02')]"
FUND000067,KR5153450268,C3,CLASS000817,EXACT_NORMALIZED_MATCH,수수료미징구-오프라인-보수체감,미징구,오프라인,,True,C1최초 매수일로부터 2년 이상된 수익 자,없음,없음,없음,없음,1.5000,0.9,-,1.5,{},"[{""label"":""management_fee"",""value"":""0.55""},{""label"":""trustee_fee"",""value"":""0.03""},{""label"":""admin_fee"",""value"":""0.02""}]","[15,28]",detail_table_cross_validated,0.7,"[상세표 보강] [(4, '0.55'), (5, '0.9'), (6, '0.03'), (7, '0.02')]"
FUND000067,KR5153450268,C4,CLASS000818,EXACT_NORMALIZED_MATCH,수수료미징구-오프라인-보수체감,미징구,오프라인,,True,C1최초 매수일로부터 3년 이상된 수익 자,없음,없음,없음,없음,1.3100,0.71,-,1.31,{},"[{""label"":""management_fee"",""value"":""0.55""},{""label"":""trustee_fee"",""value"":""0.03""},{""label"":""admin_fee"",""value"":""0.02""}]","[15,28]",detail_table_cross_validated,0.7,"[상세표 보강] [(4, '0.55'), (5, '0.71'), (6, '0.03'), (7, '0.02')]"
FUND000067,KR5153450268,CG,CLASS000820,EXACT_NORMALIZED_MATCH,수수료미징구-오프라인-무권유저비용,미징구,오프라인,,True,투자자문업자로부터 투자자문을 받고 그 결과에 따라 집합투자증권 매수를 요청하는 등 금융기관으로부터 별도의 투자권유 없이 집합투자증권을 매수하 는 가입자.,없음,없음,없음,없음,1.3000,0.7,-,1.3,"{""1y"":""133"",""2y"":""272"",""3y"":""419"",""5y"":""731"",""10y"":""1624""}","[{""label"":""management_fee"",""value"":""0.55""},{""label"":""trustee_fee"",""value"":""0.03""},{""label"":""admin_fee"",""value"":""0.02""}]","[15,28,31]",detail_table_cross_validated,0.7,"[상세표 보강] [(4, '0.55'), (5, '0.7'), (6, '0.03'), (7, '0.02')]"
FUND000067,KR5153450268,F,CLASS000821,EXACT_NORMALIZED_MATCH,"수수료미징구-오프라인-랩,펀드등",미징구,오프라인,,False,"집합투자업자가 판매회사로서 직접 판 매하는 수익증권에 가입하기 원하는 가 입자, 판매회사의 일임·자문 계좌(랩어 카운트, Wrap Account)를 통해 수익증 권에 가입하기 원하는 가입자, 법 시행 령 제103조에 따른 금전신탁",없음,없음,없음,없음,0.6,-,-,0.6,"{""1y"":""61"",""2y"":""125"",""3y"":""193"",""5y"":""337"",""10y"":""749""}","[{""label"":""management_fee"",""value"":""0.55""},{""label"":""trustee_fee"",""value"":""0.03""},{""label"":""admin_fee"",""value"":""0.02""}]","[30,28,31]",detail_table_cross_validated,0.7,"[상세표 보강] [(1, '0.55'), (3, '0.03'), (4, '0.02'), (5, '0.6'), (7, '0.6'), (9, '0.6')]"
FUND000067,KR5153450268,S,CLASS000822,EXACT_NORMALIZED_MATCH,수수료후취-온라인슈퍼,후취,온라인슈퍼,,True,"자산운용사의 공동판매채널로서의 역 할 수행을 위해 모든 공모 S클래스(S-T 및 S-P클래스 포함)를 취급하고, 객관적 지표를 기준으로 상품을 노출 및 배열 하는 온라인판매시스템을 통하여 판매 되는 것으로서 다른 클래스[가입 자격( 기관 및 고액거래자 등)에 제한이 있는 클래스 제외] 보다 판매보수가 낮고, 후 취판매수수료가 징구되는 집합투자증 권",없음,3년 미만 환 매시 환매금 액의 0.15% 이내,없음,없음,0.8200,0.22,-,0.82,"{""10y"":""1024"",""5y"":""461"",""3y"":""264"",""2y"":""172"",""1y"":""100""}","[{""label"":""management_fee"",""value"":""0.55""},{""label"":""trustee_fee"",""value"":""0.03""},{""label"":""admin_fee"",""value"":""0.02""}]","[15,28,32]",detail_table_cross_validated,0.7,"[상세표 보강] [(4, '0.55'), (5, '0.22'), (6, '0.03'), (7, '0.02')]"
FUND000068,KR5153450431,C,CLASS000829,EXACT_NORMALIZED_MATCH,수수료미징구-오프라인-개인연금,미징구,오프라인,개인연금,True,소득세법 제20조의3 및 소득세법시행 령 제40조의2에 따른 연금저축계좌의 가입자,없음,없음,없음,없음,0.815,0.64,-,0.815,"{""1y"":""83"",""2y"":""171"",""3y"":""262"",""5y"":""458"",""10y"":""1018""}","[{""label"":""management_fee"",""value"":""0.15""},{""label"":""trustee_fee"",""value"":""0.015""},{""label"":""admin_fee"",""value"":""0.01""}]","[3,14]",cell_grid,1.0,클래스명: 수수료미징구-오프라인-개 인연금(C) | - 수수료미징구-오프라인-개 인연금(C) - 0.815 0.64 - 0.815 83 171 262 458 1018
FUND000068,KR5153450431,C-e,CLASS000830,EXACT_NORMALIZED_MATCH,수수료미징구-온라인-개인연금,미징구,온라인,개인연금,True,소득세법 제20조의3 및 소득세법시행 령 제40조의2에 따른 연금저축계좌의 가입자 중 온라인 투자자,없음,없음,없음,없음,0.495,0.32,-,0.495,"{""1y"":""50"",""2y"":""103"",""3y"":""159"",""5y"":""278"",""10y"":""618""}","[{""label"":""management_fee"",""value"":""0.15""},{""label"":""trustee_fee"",""value"":""0.015""},{""label"":""admin_fee"",""value"":""0.01""}]","[3,14]",cell_grid,1.0,클래스명: 수수료미징구-온라인-개인 연금(C-e) | - 수수료미징구-온라인-개인 연금(C-e) - 0.495 0.32 - 0.495 50 103 159 278 618
FUND000069,KR5153450658,A,CLASS000831,EXACT_NORMALIZED_MATCH,수수료선취-오프라인,선취,오프라인,,True,제한없음,납입금액의 0.1% 이내,없음,없음,없음,0.32,0.2,0.25,0.32,"{""1y"":""42"",""2y"":""77"",""3y"":""113"",""5y"":""189"",""10y"":""409""}","[{""label"":""management_fee"",""value"":""0.1""},{""label"":""trustee_fee"",""value"":""0.01""},{""label"":""admin_fee"",""value"":""0.01""}]","[4,16]",cell_grid,1.0,클래스명: 수수료선취-오프라인(A) | 납입금 액의 0.1% 이내 수수료선취-오프라인(A) 납입금 액의 0.1% 이내 0.32 0.2 0.25 0.32 42 77 113 189 409
FUND000069,KR5153450658,A-e,CLASS000832,EXACT_NORMALIZED_MATCH,수수료선취-온라인,선취,온라인,,True,온라인 가입자,납입금액의 0.05% 이내,없음,없음,없음,0.22,0.1,0.74,0.23,"{""1y"":""28"",""2y"":""53"",""3y"":""79"",""5y"":""134"",""10y"":""292""}","[{""label"":""management_fee"",""value"":""0.1""},{""label"":""trustee_fee"",""value"":""0.01""},{""label"":""admin_fee"",""value"":""0.01""}]","[4,16]",cell_grid,1.0,클래스명: 수수료선취-온라인(A-e) | 납입금 액의 0.05% 이내 수수료선취-온라인(A-e) 납입금 액의 0.05% 이내 0.22 0.1 0.74 0.23 28 53 79 134 292
FUND000069,KR5153450658,AG,CLASS000833,EXACT_NORMALIZED_MATCH,수수료선취-오프라인-무권유저비용,선취,오프라인,,True,투자자문업자로부터 투자자문을 받고 그 결과에 따라 집합투자증권 매수를 요청하는 등 금융기관으로부터 별도의 투자권유 없이 집합투자증권을 매수하 는 가입자,납입금액의 0.07% 이내,없음,없음,없음,0.2600,0.14,-,0.26,"{""1y"":""33"",""2y"":""61"",""3y"":""90"",""5y"":""153"",""10y"":""331""}","[{""label"":""management_fee"",""value"":""0.1""},{""label"":""trustee_fee"",""value"":""0.01""},{""label"":""admin_fee"",""value"":""0.01""}]","[16,29,32]",detail_table_cross_validated,0.7,"[상세표 보강] [(4, '0.1'), (5, '0.14'), (6, '0.01'), (7, '0.01')]"
FUND000069,KR5153450658,C-I,CLASS000840,EXACT_NORMALIZED_MATCH,수수료미징구-오프라인-기관,미징구,오프라인,,False,· 법제9조제5항제1호 내지 3호에 따른 전문투자자 · 법인세법 시행령 제111조제2항제5호 에 따른 기금운용법인과 공제사업을 영 위하는 법인 · 국가재정법에의한 기금,없음,없음,없음,없음,0.1500,0.03,-,0.15,"{""1y"":""15"",""2y"":""31"",""3y"":""48"",""5y"":""84"",""10y"":""187""}","[{""label"":""management_fee"",""value"":""0.1""},{""label"":""trustee_fee"",""value"":""0.01""},{""label"":""admin_fee"",""value"":""0.01""}]","[17,29,32]",detail_table_cross_validated,0.7,"[상세표 보강] [(4, '0.1'), (5, '0.03'), (6, '0.01'), (7, '0.01')]"
FUND000069,KR5153450658,C-P,CLASS000843,EXACT_NORMALIZED_MATCH,수수료미징구-오프라인-개인연금,미징구,오프라인,개인연금,True,소득세법 제20조의3 및 소득세법시행 령 제40조의2에 따른 연금저축계좌의 가입자,없음,없음,없음,없음,0.4,0.28,-,0.4,"{""1y"":""40"",""2y"":""83"",""3y"":""128"",""5y"":""224"",""10y"":""499""}","[{""label"":""management_fee"",""value"":""0.1""},{""label"":""trustee_fee"",""value"":""0.01""},{""label"":""admin_fee"",""value"":""0.01""}]","[4,17]",cell_grid,1.0,클래스명: 수수료미징구-오프라인-개 인연금(C-P) | - 수수료미징구-오프라인-개 인연금(C-P) - 0.4 0.28 - 0.4 40 83 128 224 499
FUND000069,KR5153450658,C-P2,CLASS000845,EXACT_NORMALIZED_MATCH,수수료미징구-오프라인-퇴직연금,미징구,오프라인,퇴직연금,True,"근로자퇴직급여보장법에 의한 퇴직연 금 및 개인퇴직계좌, 퇴직연금사업자",없음,없음,없음,없음,0.38,0.26,-,0.39,"{""1y"":""39"",""2y"":""81"",""3y"":""125"",""5y"":""219"",""10y"":""487""}","[{""label"":""management_fee"",""value"":""0.1""},{""label"":""trustee_fee"",""value"":""0.01""},{""label"":""admin_fee"",""value"":""0.01""}]","[4,17]",cell_grid,1.0,클래스명: 수수료미징구-오프라인-퇴 직연금(C-P2) | - 수수료미징구-오프라인-퇴 직연금(C-P2) - 0.38 0.26 - 0.39 39 81 125 219 487
FUND000069,KR5153450658,C-P2e,CLASS000846,EXACT_NORMALIZED_MATCH,수수료미징구-온라인-퇴직연금,미징구,온라인,퇴직연금,True,"근로자퇴직급여보장법에 의한 퇴직연 금 및 개인퇴직계좌, 퇴직연금사업자 중 온라인 가입자",없음,없음,없음,없음,0.2500,0.13,-,0.26,"{""1y"":""26"",""2y"":""54"",""3y"":""83"",""5y"":""146"",""10y"":""324""}","[{""label"":""management_fee"",""value"":""0.1""},{""label"":""trustee_fee"",""value"":""0.01""},{""label"":""admin_fee"",""value"":""0.01""}]","[17,30,32]",detail_table_cross_validated,0.7,"[상세표 보강] [(4, '0.1'), (5, '0.13'), (6, '0.01'), (7, '0.01')]"
FUND000069,KR5153450658,C-Pe,CLASS000844,EXACT_NORMALIZED_MATCH,수수료미징구-온라인-개인연금,미징구,온라인,개인연금,True,소득세법 제20조의3 및 소득세법시행 령 제40조의2에 따른 연금저축계좌의 가입자 중 온라인 투자자,없음,없음,없음,없음,0.2600,0.14,-,0.27,"{""1y"":""27"",""2y"":""56"",""3y"":""87"",""5y"":""151"",""10y"":""337""}","[{""label"":""management_fee"",""value"":""0.1""},{""label"":""trustee_fee"",""value"":""0.01""},{""label"":""admin_fee"",""value"":""0.01""}]","[17,30,32]",detail_table_cross_validated,0.7,"[상세표 보강] [(4, '0.1'), (5, '0.14'), (6, '0.01'), (7, '0.01')]"
FUND000069,KR5153450658,C-e,CLASS000838,EXACT_NORMALIZED_MATCH,수수료미징구-온라인,미징구,온라인,,True,온라인 가입자,없음,없음,없음,없음,0.29,0.17,0.24,0.3,"{""1y"":""30"",""2y"":""62"",""3y"":""96"",""5y"":""168"",""10y"":""374""}","[{""label"":""management_fee"",""value"":""0.1""},{""label"":""trustee_fee"",""value"":""0.01""},{""label"":""admin_fee"",""value"":""0.01""}]","[4,17]",cell_grid,1.0,클래스명: 수수료미징구-온라인(C-e) | - 수수료미징구-온라인(C-e) - 0.29 0.17 0.24 0.3 30 62 96 168 374
FUND000069,KR5153450658,C1,CLASS000834,EXACT_NORMALIZED_MATCH,수수료미징구-오프라인-보수체감,미징구,오프라인,,True,제한없음,없음,없음,없음,없음,0.45,0.33,0.35,0.45,"{""1y"":""46"",""2y"":""92"",""3y"":""138"",""5y"":""232"",""10y"":""500""}","[{""label"":""management_fee"",""value"":""0.1""},{""label"":""trustee_fee"",""value"":""0.01""},{""label"":""admin_fee"",""value"":""0.01""}]","[4,17]",cell_grid,1.0,클래스명: 수수료미징구-오프라인-보 수체감(C1) | - 수수료미징구-오프라인-보 수체감(C1) - 0.45 0.33 0.35 0.45 46 92 138 232 500
FUND000069,KR5153450658,C2,CLASS000835,EXACT_NORMALIZED_MATCH,수수료미징구-오프라인-보수체감,미징구,오프라인,,True,종류C1 수익증권의 최초 매수일로부터 1년 이상된 수익자,없음,없음,없음,없음,0.4300,0.31,-,0.43,{},"[{""label"":""management_fee"",""value"":""0.1""},{""label"":""trustee_fee"",""value"":""0.01""},{""label"":""admin_fee"",""value"":""0.01""}]","[17,29]",detail_table_cross_validated,0.7,"[상세표 보강] [(4, '0.1'), (5, '0.31'), (6, '0.01'), (7, '0.01')]"
FUND000069,KR5153450658,C3,CLASS000836,EXACT_NORMALIZED_MATCH,수수료미징구-오프라인-보수체감,미징구,오프라인,,True,종류C1 수익증권의 최초 매수일로부터 2년 이상된 수익자,없음,없음,없음,없음,0.4100,0.29,-,0.41,{},"[{""label"":""management_fee"",""value"":""0.1""},{""label"":""trustee_fee"",""value"":""0.01""},{""label"":""admin_fee"",""value"":""0.01""}]","[17,29]",detail_table_cross_validated,0.7,"[상세표 보강] [(4, '0.1'), (5, '0.29'), (6, '0.01'), (7, '0.01')]"
FUND000069,KR5153450658,C4,CLASS000837,EXACT_NORMALIZED_MATCH,수수료미징구-오프라인-보수체감,미징구,오프라인,,True,종류C1 수익증권의 최초 매수일로부터 3년 이상된 수익자,없음,없음,없음,없음,0.3900,0.27,-,0.39,{},"[{""label"":""management_fee"",""value"":""0.1""},{""label"":""trustee_fee"",""value"":""0.01""},{""label"":""admin_fee"",""value"":""0.01""}]","[17,29]",detail_table_cross_validated,0.7,"[상세표 보강] [(4, '0.1'), (5, '0.27'), (6, '0.01'), (7, '0.01')]"
FUND000069,KR5153450658,CG,CLASS000839,EXACT_NORMALIZED_MATCH,수수료미징구-오프라인-무권유저비용,미징구,오프라인,,True,투자자문업자로부터 투자자문을 받고 그 결과에 따라 집합투자증권 매수를 요청하는 등 금융기관으로부터 별도의 투자권유 없이 집합투자증권을 매수하 는 가입자,없음,없음,없음,없음,0.3300,0.21,-,0.33,"{""10y"":""412"",""5y"":""185"",""3y"":""106"",""2y"":""69"",""1y"":""33""}","[{""label"":""management_fee"",""value"":""0.1""},{""label"":""trustee_fee"",""value"":""0.01""},{""label"":""admin_fee"",""value"":""0.01""}]","[17,29,33]",detail_table_cross_validated,0.7,"[상세표 보강] [(4, '0.1'), (5, '0.21'), (6, '0.01'), (7, '0.01')]"
FUND000069,KR5153450658,F,CLASS000841,EXACT_NORMALIZED_MATCH,"수수료미징구-오프라인-랩,펀드등",미징구,오프라인,,False,"· 집합투자업자가 판매회사로서 직접 판매하는 수익증권에 가입하기 원하는 가입자 · 판매회사의 일임·자문 계좌(랩어카운 트, Wrap Account)를 통해 수익증권에 가입하기 원하는 가입자 · 법 시행령 제103조에 따른 금전신탁",없음,없음,없음,없음,0.12,-,-,0.12,"{""10y"":""149"",""5y"":""67"",""3y"":""38"",""2y"":""25"",""1y"":""12""}","[{""label"":""management_fee"",""value"":""0.1""},{""label"":""trustee_fee"",""value"":""0.01""},{""label"":""admin_fee"",""value"":""0.01""}]","[31,29,33]",detail_table_cross_validated,0.7,"[상세표 보강] [(1, '0.1'), (3, '0.01'), (4, '0.01'), (5, '0.12'), (7, '0.12'), (9, '0.12')]"
FUND000069,KR5153450658,S,CLASS000842,EXACT_NORMALIZED_MATCH,수수료후취-온라인슈퍼,후취,온라인슈퍼,,True,자산운용사의 공동판매채널로서의 역,없음,3년 미만 환 매시 환매금 액의 0.15% 이내,없음,없음,0.2100,0.09,-,0.21,"{""10y"":""262"",""5y"":""118"",""3y"":""67"",""2y"":""44"",""1y"":""37""}","[{""label"":""management_fee"",""value"":""0.1""},{""label"":""trustee_fee"",""value"":""0.01""},{""label"":""admin_fee"",""value"":""0.01""}]","[17,33]",detail_table_cross_validated,0.7,"[상세표 보강] [(4, '0.1'), (5, '0.09'), (6, '0.01'), (7, '0.01')]"
FUND000070,KR5153450772,A,CLASS000847,EXACT_NORMALIZED_MATCH,수수료선취-오프라인,선취,오프라인,,True,제한없음,납입금액의 0.8% 이내,없음,없음,없음,0.7,0.35,1.37,0.75,"{""1y"":""156"",""2y"":""237"",""3y"":""321"",""5y"":""501"",""10y"":""1017""}","[{""label"":""management_fee"",""value"":""0.3""},{""label"":""trustee_fee"",""value"":""0.03""},{""label"":""admin_fee"",""value"":""0.02""}]","[3,15]",cell_grid,1.0,클래스명: 수수료선취-오프라인(A) | 납입금 액의 0.8% 이내 수수료선취-오프라인(A) 납입금 액의 0.8% 이내 0.7 0.35 1.37 0.75 156 237 321 501 1017
FUND000070,KR5153450772,A-e,CLASS000848,EXACT_NORMALIZED_MATCH,수수료선취-온라인,선취,온라인,,True,온라인 투자자,납입금액의 0.4% 이내,없음,없음,없음,0.52,0.17,1.01,0.57,"{""1y"":""98"",""2y"":""159"",""3y"":""223"",""5y"":""360"",""10y"":""752""}","[{""label"":""management_fee"",""value"":""0.3""},{""label"":""trustee_fee"",""value"":""0.03""},{""label"":""admin_fee"",""value"":""0.02""}]","[3,15]",cell_grid,1.0,클래스명: 수수료선취-온라인(A-e) | 납입금 액의 0.4% 이내 수수료선취-온라인(A-e) 납입금 액의 0.4% 이내 0.52 0.17 1.01 0.57 98 159 223 360 752
FUND000070,KR5153450772,AG,CLASS000849,EXACT_NORMALIZED_MATCH,수수료선취-오프라인-무권유저비용,선취,오프라인,,True,투자자문업자로부터 투자자문을 받고 그 결과에 따라 집합투자증권 매수를 요청하는 등 금융기관으로부터 별도의 투자권유 없이 집합투자증권을 매수하 는 가입자,납입금액의 0.56% 이내,없음,없음,없음,0.5900,0.24,-,0.59,"{""1y"":""116"",""2y"":""179"",""3y"":""246"",""5y"":""387"",""10y"":""793""}","[{""label"":""management_fee"",""value"":""0.3""},{""label"":""trustee_fee"",""value"":""0.03""},{""label"":""admin_fee"",""value"":""0.02""}]","[15,28,31]",detail_table_cross_validated,0.7,"[상세표 보강] [(4, '0.3'), (5, '0.24'), (6, '0.03'), (7, '0.02')]"
FUND000070,KR5153450772,C,CLASS000850,EXACT_NORMALIZED_MATCH,수수료미징구-오프라인,미징구,오프라인,,True,제한없음,없음,없음,없음,없음,1.2,0.85,1.58,1.25,"{""1y"":""128"",""2y"":""262"",""3y"":""403"",""5y"":""703"",""10y"":""1562""}","[{""label"":""management_fee"",""value"":""0.3""},{""label"":""trustee_fee"",""value"":""0.03""},{""label"":""admin_fee"",""value"":""0.02""}]","[3,15]",cell_grid,1.0,클래스명: 수수료미징구-오프라인(C) | - 수수료미징구-오프라인(C) - 1.2 0.85 1.58 1.25 128 262 403 703 1562
FUND000070,KR5153450772,C-I,CLASS000852,EXACT_NORMALIZED_MATCH,수수료미징구-오프라인-기관,미징구,오프라인,,False,- 법 및 이와 유사한 외국법령에 의한 집합투자기구 (종전의 간접투자자산운 용업법에 따른 간접투자기구를 포함한 다) - 법 제9조제5항제1호 내지 제3호에 따 른 전문투자자 - 법인세법 시행령 제111조제2항제5호 에 따른 기금운용법인과 공제사업을 영 위하는 법인 - 국가재정법에 의한 기금,없음,없음,없음,없음,0.3800,0.03,-,0.38,"{""1y"":""38"",""2y"":""79"",""3y"":""122"",""5y"":""213"",""10y"":""474""}","[{""label"":""management_fee"",""value"":""0.3""},{""label"":""trustee_fee"",""value"":""0.03""},{""label"":""admin_fee"",""value"":""0.02""}]","[15,28,31]",detail_table_cross_validated,0.7,"[상세표 보강] [(4, '0.3'), (5, '0.03'), (6, '0.03'), (7, '0.02')]"
FUND000070,KR5153450772,C-P,CLASS000854,EXACT_NORMALIZED_MATCH,수수료미징구-오프라인-개인연금,미징구,오프라인,개인연금,True,소득세법 제20조의3 및 소득세법시행 령 제40조의2에 따른 연금저축계좌의 가입자,없음,없음,없음,없음,1.03,0.68,-,1.08,"{""1y"":""110"",""2y"":""226"",""3y"":""348"",""5y"":""607"",""10y"":""1349""}","[{""label"":""management_fee"",""value"":""0.3""},{""label"":""trustee_fee"",""value"":""0.03""},{""label"":""admin_fee"",""value"":""0.02""}]","[3,15]",cell_grid,1.0,클래스명: 수수료미징구-오프라인-개 인연금(C-P) | - 수수료미징구-오프라인-개 인연금(C-P) - 1.03 0.68 - 1.08 110 226 348 607 1349
FUND000070,KR5153450772,C-P2,CLASS000856,EXACT_NORMALIZED_MATCH,수수료미징구-오프라인-퇴직연금,미징구,오프라인,퇴직연금,True,"근로자퇴직급여보장법에 의한 퇴직연 금 및 개인퇴직계좌, 퇴직연금사업자",없음,없음,없음,없음,0.89,0.54,-,0.94,"{""1y"":""96"",""2y"":""197"",""3y"":""303"",""5y"":""528"",""10y"":""1174""}","[{""label"":""management_fee"",""value"":""0.3""},{""label"":""trustee_fee"",""value"":""0.03""},{""label"":""admin_fee"",""value"":""0.02""}]","[3,15]",cell_grid,1.0,클래스명: 수수료미징구-오프라인-퇴 직연금(C-P2) | - 수수료미징구-오프라인-퇴 직연금(C-P2) - 0.89 0.54 - 0.94 96 197 303 528 1174
FUND000070,KR5153450772,C-P2e,CLASS000857,EXACT_NORMALIZED_MATCH,수수료미징구-온라인-퇴직연금,미징구,온라인,퇴직연금,True,"근로자퇴직급여보장법에 의한 퇴직연 금 및 개인퇴직계좌, 퇴직연금사업자 중 온라인 가입자",없음,없음,없음,없음,0.6200,0.27,-,0.67,"{""1y"":""68"",""2y"":""140"",""3y"":""216"",""5y"":""376"",""10y"":""837""}","[{""label"":""management_fee"",""value"":""0.3""},{""label"":""trustee_fee"",""value"":""0.03""},{""label"":""admin_fee"",""value"":""0.02""}]","[15,29,31]",detail_table_cross_validated,0.7,"[상세표 보강] [(4, '0.3'), (5, '0.27'), (6, '0.03'), (7, '0.02')]"
FUND000070,KR5153450772,C-Pe,CLASS000855,EXACT_NORMALIZED_MATCH,수수료미징구-온라인-개인연금,미징구,온라인,개인연금,True,소득세법 제20조의 3 및 소득세법시행 령 제40조의 2에 따른 연금저축계좌의 가입자 중 온라인 투자자,없음,없음,없음,없음,0.6900,0.34,-,0.74,"{""1y"":""75"",""2y"":""155"",""3y"":""238"",""5y"":""416"",""10y"":""924""}","[{""label"":""management_fee"",""value"":""0.3""},{""label"":""trustee_fee"",""value"":""0.03""},{""label"":""admin_fee"",""value"":""0.02""}]","[15,29,31]",detail_table_cross_validated,0.7,"[상세표 보강] [(4, '0.3'), (5, '0.34'), (6, '0.03'), (7, '0.02')]"
FUND000070,KR5153450772,C-W,CLASS000853,EXACT_NORMALIZED_MATCH,수수료미징구-오프라인-랩,미징구,오프라인,,False,"·판매회사의 일임·자문계좌(랩어카운트, Wrap Account)를 통해 수익증권을 매 입 또는 환매하는 투자자 ·집합투자업자가 판매회사로서 직접 판 매하는 수익증권에 가입하길 원하는 가 입자",없음,없음,없음,없음,0.35,-,-,0.35,"{""1y"":""35"",""2y"":""73"",""3y"":""112"",""5y"":""196"",""10y"":""437""}","[{""label"":""management_fee"",""value"":""0.3""},{""label"":""trustee_fee"",""value"":""0.03""},{""label"":""admin_fee"",""value"":""0.02""}]","[30,29,31]",detail_table_cross_validated,0.7,"[상세표 보강] [(1, '0.3'), (3, '0.03'), (4, '0.02'), (5, '0.35'), (7, '0.35'), (9, '0.35')]"
FUND000070,KR5153450772,C-e,CLASS000851,EXACT_NORMALIZED_MATCH,수수료미징구-온라인,미징구,온라인,,True,온라인 투자자,없음,없음,없음,없음,0.77,0.42,1.19,0.82,"{""1y"":""84"",""2y"":""172"",""3y"":""264"",""5y"":""461"",""10y"":""1024""}","[{""label"":""management_fee"",""value"":""0.3""},{""label"":""trustee_fee"",""value"":""0.03""},{""label"":""admin_fee"",""value"":""0.02""}]","[3,15]",cell_grid,1.0,클래스명: 수수료미징구-온라인(C-e) | - 수수료미징구-온라인(C-e) - 0.77 0.42 1.19 0.82 84 172 264 461 1024
FUND000070,KR5153450772,S,CLASS000858,EXACT_NORMALIZED_MATCH,수수료후취-온라인슈퍼,후취,온라인슈퍼,,True,"자산운용사의 공동판매채널로서의 역 할 수행을 위해 모든 공모 S클래스(S-T 및 S-P클래스 포함)를 취급하고, 객관적 지표를 기준으로 상품을 노출 및 배열 하는 온라인판매시스템을 통하여 판매 되는 것으로서 다른 클래스[가입 자격( 기관 및 고액거래자 등)에 제한이 있는 클래스 제외] 보다 판매보수가 낮고, 후 취판매수수료가 징구되는 집합투자증 권",없음,3년 미만 환 매시 환매금 액의 0.15% 이내,없음,없음,0.5100,0.16,-,0.56,"{""10y"":""699"",""5y"":""314"",""3y"":""180"",""2y"":""117"",""1y"":""73""}","[{""label"":""management_fee"",""value"":""0.3""},{""label"":""trustee_fee"",""value"":""0.03""},{""label"":""admin_fee"",""value"":""0.02""}]","[15,29,32]",detail_table_cross_validated,0.7,"[상세표 보강] [(4, '0.3'), (5, '0.16'), (6, '0.03'), (7, '0.02')]"
FUND000071,KR5153450785,A,CLASS000859,EXACT_NORMALIZED_MATCH,수수료선취-오프라인,선취,오프라인,,True,제한없음,납입금액의 1% 이내,없음,없음,없음,1.435,0.68,1.40,1.435,"{""1y"":""247"",""2y"":""401"",""3y"":""562"",""5y"":""907"",""10y"":""1893""}","[{""label"":""management_fee"",""value"":""0.72""},{""label"":""trustee_fee"",""value"":""0.02""},{""label"":""admin_fee"",""value"":""0.015""}]","[4,15]",cell_grid,1.0,클래스명: 수수료선취-오프라인(A) | 납입금 액의 1% 이내 수수료선취-오프라인(A) 납입금 액의 1% 이내 1.435 0.68 1.40 1.435 247 401 562 907 1893
FUND000071,KR5153450785,A-e,CLASS000860,EXACT_NORMALIZED_MATCH,수수료선취-온라인,선취,온라인,,True,온라인 가입자,납입금액의 0.5% 이내,없음,없음,없음,1.095,0.34,1.08,1.095,"{""1y"":""162"",""2y"":""279"",""3y"":""403"",""5y"":""665"",""10y"":""1418""}","[{""label"":""management_fee"",""value"":""0.72""},{""label"":""trustee_fee"",""value"":""0.02""},{""label"":""admin_fee"",""value"":""0.015""}]","[4,15]",cell_grid,1.0,클래스명: 수수료선취-온라인(A-e) | 납입금 액의 0.5% 이내 수수료선취-온라인(A-e) 납입금 액의 0.5% 이내 1.095 0.34 1.08 1.095 162 279 403 665 1418
FUND000071,KR5153450785,AG,CLASS000861,EXACT_NORMALIZED_MATCH,수수료선취-오프라인-무권유저비용,선취,오프라인,,True,투자자문업자로부터 투자자문을 받고 그 결과에 따라 집합투자증권 매수를 요청하는 등 금융기관으로부터 별도의 투자권유 없이 집합투자증권을 매수하 는 가입자,납입금액의 0.7% 이내,없음,없음,없음,1.2250,0.47,-,1.225,"{""1y"":""195"",""2y"":""327"",""3y"":""465"",""5y"":""759"",""10y"":""1601""}","[{""label"":""management_fee"",""value"":""0.72""},{""label"":""trustee_fee"",""value"":""0.02""},{""label"":""admin_fee"",""value"":""0.015""}]","[15,27,30]",detail_table_cross_validated,0.7,"[상세표 보강] [(4, '0.72'), (5, '0.47'), (6, '0.02'), (7, '0.015')]"
FUND000071,KR5153450785,C,CLASS000862,EXACT_NORMALIZED_MATCH,수수료미징구-오프라인,미징구,오프라인,,True,제한없음,없음,없음,없음,없음,1.755,1,1.60,1.755,"{""1y"":""179"",""2y"":""368"",""3y"":""565"",""5y"":""987"",""10y"":""2193""}","[{""label"":""management_fee"",""value"":""0.72""},{""label"":""trustee_fee"",""value"":""0.02""},{""label"":""admin_fee"",""value"":""0.015""}]","[4,16]",cell_grid,1.0,클래스명: 수수료미징구-오프라인(C) | - 수수료미징구-오프라인(C) - 1.755 1 1.60 1.755 179 368 565 987 2193
FUND000071,KR5153450785,C-I,CLASS000865,EXACT_NORMALIZED_MATCH,수수료미징구-오프라인-기관,미징구,오프라인,,False,- 법제9조제5항제1호 내지 3호에 따른 전문투자자 - 법인세법 시행령 제111조제2항제5호 에 따른 기금운용법인과 공제사업을 영 위하는 법인 - 국가재정법에의한 기금,없음,없음,없음,없음,0.7850,0.03,-,0.785,"{""1y"":""80"",""2y"":""164"",""3y"":""253"",""5y"":""441"",""10y"":""981""}","[{""label"":""management_fee"",""value"":""0.72""},{""label"":""trustee_fee"",""value"":""0.02""},{""label"":""admin_fee"",""value"":""0.015""}]","[16,28,30]",detail_table_cross_validated,0.7,"[상세표 보강] [(4, '0.72'), (5, '0.03'), (6, '0.02'), (7, '0.015')]"
FUND000071,KR5153450785,C-P,CLASS000868,EXACT_NORMALIZED_MATCH,수수료미징구-오프라인-개인연금,미징구,오프라인,개인연금,True,소득세법 제20조의3 및 소득세법시행 령 제40조의2에 따른 연금저축계좌의 가입자,없음,없음,없음,없음,1.555,0.8,-,1.555,"{""1y"":""159"",""2y"":""326"",""3y"":""501"",""5y"":""874"",""10y"":""1943""}","[{""label"":""management_fee"",""value"":""0.72""},{""label"":""trustee_fee"",""value"":""0.02""},{""label"":""admin_fee"",""value"":""0.015""}]","[4,16]",cell_grid,1.0,클래스명: 수수료미징구-오프라인-개 인연금(C-P) | - 수수료미징구-오프라인-개 인연금(C-P) - 1.555 0.8 - 1.555 159 326 501 874 1943
FUND000071,KR5153450785,C-P2,CLASS000870,EXACT_NORMALIZED_MATCH,수수료미징구-오프라인-퇴직연금,미징구,오프라인,퇴직연금,True,"근로자퇴직급여보장법에 의한 퇴직연 금 및 개인퇴직계좌, 퇴직연금사업자",없음,없음,없음,없음,1.395,0.64,-,1.395,"{""1y"":""142"",""2y"":""292"",""3y"":""449"",""5y"":""784"",""10y"":""1743""}","[{""label"":""management_fee"",""value"":""0.72""},{""label"":""trustee_fee"",""value"":""0.02""},{""label"":""admin_fee"",""value"":""0.015""}]","[4,16]",cell_grid,1.0,클래스명: 수수료미징구-오프라인-퇴 직연금(C-P2) | - 수수료미징구-오프라인-퇴 직연금(C-P2) - 1.395 0.64 - 1.395 142 292 449 784 1743
FUND000071,KR5153450785,C-P2e,CLASS000871,EXACT_NORMALIZED_MATCH,수수료미징구-온라인-퇴직연금,미징구,온라인,퇴직연금,True,"근로자퇴직급여보장법에 의한 퇴직연 금 및 개인퇴직계좌, 퇴직연금사업자 중 온라인 가입자",없음,없음,없음,없음,1.0750,0.32,-,1.075,"{""10y"":""1343"",""5y"":""604"",""3y"":""346"",""2y"":""225"",""1y"":""110""}","[{""label"":""management_fee"",""value"":""0.72""},{""label"":""trustee_fee"",""value"":""0.02""},{""label"":""admin_fee"",""value"":""0.015""}]","[16,28,31]",detail_table_cross_validated,0.7,"[상세표 보강] [(4, '0.72'), (5, '0.32'), (6, '0.02'), (7, '0.015')]"
FUND000071,KR5153450785,C-Pe,CLASS000869,EXACT_NORMALIZED_MATCH,수수료미징구-온라인-개인연금,미징구,온라인,개인연금,True,소득세법 제20조의3 및 소득세법시행 령 제40조의2에 따른 연금저축계좌의 가입자 중 온라인 투자자,없음,없음,없음,없음,1.1550,0.4,-,1.155,"{""10y"":""1443"",""5y"":""649"",""3y"":""372"",""2y"":""242"",""1y"":""118""}","[{""label"":""management_fee"",""value"":""0.72""},{""label"":""trustee_fee"",""value"":""0.02""},{""label"":""admin_fee"",""value"":""0.015""}]","[16,28,31]",detail_table_cross_validated,0.7,"[상세표 보강] [(4, '0.72'), (5, '0.4'), (6, '0.02'), (7, '0.015')]"
FUND000071,KR5153450785,C-e,CLASS000863,EXACT_NORMALIZED_MATCH,수수료미징구-온라인,미징구,온라인,,True,온라인 가입자,없음,없음,없음,없음,1.255,0.5,1.14,1.255,"{""1y"":""128"",""2y"":""263"",""3y"":""404"",""5y"":""705"",""10y"":""1568""}","[{""label"":""management_fee"",""value"":""0.72""},{""label"":""trustee_fee"",""value"":""0.02""},{""label"":""admin_fee"",""value"":""0.015""}]","[4,16]",cell_grid,1.0,클래스명: 수수료미징구-온라인(C-e) | - 수수료미징구-온라인(C-e) - 1.255 0.5 1.14 1.255 128 263 404 705 1568
FUND000071,KR5153450785,CG,CLASS000864,EXACT_NORMALIZED_MATCH,수수료미징구-오프라인-무권유저비용,미징구,오프라인,,True,투자자문업자로부터 투자자문을 받고 그 결과에 따라 집합투자증권 매수를 요청하는 등 금융기관으로부터 별도의 투자권유 없이 집합투자증권을 매수하 는 가입자,없음,없음,없음,없음,1.4550,0.7,-,1.455,"{""10y"":""1818"",""5y"":""818"",""3y"":""469"",""2y"":""305"",""1y"":""149""}","[{""label"":""management_fee"",""value"":""0.72""},{""label"":""trustee_fee"",""value"":""0.02""},{""label"":""admin_fee"",""value"":""0.015""}]","[16,28,31]",detail_table_cross_validated,0.7,"[상세표 보강] [(4, '0.72'), (5, '0.7'), (6, '0.02'), (7, '0.015')]"
FUND000071,KR5153450785,F,CLASS000866,EXACT_NORMALIZED_MATCH,"수수료미징구-오프라인-랩,펀드등",미징구,오프라인,,False,"- 집합투자업자가 판매회사로서 직접 판매하는 수익증권에 가입하기 원하는 가입자 - 판매회사의 일임· 자문 계좌(랩어카운 트, Wrap Account)를 통해 수익증권에 가입하기 원하는 가입자 - 법 시행령 제103조에 따른 금전신탁",없음,없음,없음,없음,0.755,-,-,0.755,"{""10y"":""943"",""5y"":""424"",""3y"":""243"",""2y"":""158"",""1y"":""77""}","[{""label"":""management_fee"",""value"":""0.72""},{""label"":""trustee_fee"",""value"":""0.02""},{""label"":""admin_fee"",""value"":""0.015""}]","[29,28,31]",detail_table_cross_validated,0.7,"[상세표 보강] [(1, '0.72'), (3, '0.02'), (4, '0.015'), (5, '0.755'), (7, '0.755'), (9, '0.755')]"
FUND000071,KR5153450785,S,CLASS000867,EXACT_NORMALIZED_MATCH,수수료후취-온라인슈퍼,후취,온라인슈퍼,,True,"자산운용사의 공동판매채널로서의 역 할 수행을 위해 모든 공모 S클래스(S-T 및 S-P클래스 포함)를 취급하고, 객관적 지표를 기준으로 상품을 노출 및 배열 하는 온라인판매시스템을 통하여 판매 되는 것으로서 다른 클래스[가입 자격( 기관 및 고액거래자 등)에 제한이 있는 클래스 제외] 보다 판매보수가 낮고, 후 취판매수수료가 징구되는 집합투자증 권",없음,3년 미만 환 매시 환매금 액의 0.15% 이내,없음,없음,1.0850,0.33,-,1.085,"{""10y"":""1356"",""5y"":""610"",""3y"":""349"",""2y"":""227"",""1y"":""127""}","[{""label"":""management_fee"",""value"":""0.72""},{""label"":""trustee_fee"",""value"":""0.02""},{""label"":""admin_fee"",""value"":""0.015""}]","[16,28,31]",detail_table_cross_validated,0.7,"[상세표 보강] [(4, '0.72'), (5, '0.33'), (6, '0.02'), (7, '0.015')]"
FUND000072,KR5153450791,C,CLASS000872,EXACT_NORMALIZED_MATCH,수수료미징구-오프라인-퇴직연금,미징구,오프라인,퇴직연금,True,근로자퇴직급여보장법에 의한 퇴직연 금 가입자,없음,없음,없음,없음,0.75,0.49,-,0.77,"{""1y"":""78"",""2y"":""161"",""3y"":""248"",""5y"":""433"",""10y"":""962""}","[{""label"":""management_fee"",""value"":""0.21""},{""label"":""trustee_fee"",""value"":""0.03""},{""label"":""admin_fee"",""value"":""0.02""}]","[3,11]",cell_grid,1.0,클래스명: 수수료미징구-오프라인-퇴 직연금(C) | - 수수료미징구-오프라인-퇴 직연금(C) - 0.75 0.49 - 0.77 78 161 248 433 962
FUND000072,KR5153450791,C-F,CLASS000874,EXACT_NORMALIZED_MATCH,"수수료미징구-직판-퇴직연금,펀드등",미징구,직판,퇴직연금,False,집합투자업자가 판매하는 수익증권에 가입하는 것으로 근로자퇴직급여보장 법에 의한 퇴직연금 가입자를 대상으로 하는 집합투자기구 또는 퇴직연금보험,없음,없음,없음,없음,0.26,-,-,0.26,"{""1y"":""26"",""2y"":""54"",""3y"":""83"",""5y"":""146"",""10y"":""324""}","[{""label"":""management_fee"",""value"":""0.21""},{""label"":""trustee_fee"",""value"":""0.03""},{""label"":""admin_fee"",""value"":""0.02""}]","[22,21]",detail_table_cross_validated,0.7,"[상세표 보강] [(1, '0.21'), (3, '0.03'), (4, '0.02'), (5, '0.26'), (7, '0.26'), (9, '0.26')]"
FUND000072,KR5153450791,C-P2e,CLASS000873,EXACT_NORMALIZED_MATCH,수수료미징구-온라인-퇴직연금,미징구,온라인,퇴직연금,True,근로자퇴직급여보장법에 의한 퇴직연 금 가입자 중 온라인 투자자,없음,없음,없음,없음,0.5,0.24,-,0.52,"{""1y"":""53"",""2y"":""109"",""3y"":""167"",""5y"":""292"",""10y"":""649""}","[{""label"":""management_fee"",""value"":""0.21""},{""label"":""trustee_fee"",""value"":""0.03""},{""label"":""admin_fee"",""value"":""0.02""}]","[3,11]",cell_grid,1.0,클래스명: 수수료미징구-온라인-퇴직 연금(C-P2e) | - 수수료미징구-온라인-퇴직 연금(C-P2e) - 0.5 0.24 - 0.52 53 109 167 292 649
FUND000073,KR5153451009,C-F,CLASS000879,EXACT_NORMALIZED_MATCH,"수수료미징구-직판-퇴직연금,펀드등",미징구,직판,퇴직연금,False,"집합투자업자가 판매하는 수익증권에 가입하고자 하는 근로자퇴직급여보장 법에 의한 퇴직연금 및 개인퇴직계좌, 퇴직연금사업자",없음,없음,없음,없음,0.72,-,-,0.77,"{""1y"":""78"",""2y"":""161"",""3y"":""248"",""5y"":""433"",""10y"":""962""}","[{""label"":""management_fee"",""value"":""0.66""},{""label"":""trustee_fee"",""value"":""0.04""},{""label"":""admin_fee"",""value"":""0.02""},{""label"":""other_expense"",""value"":""0.05""}]","[28,27]",detail_table_cross_validated,0.7,"[상세표 보강] [(1, '0.66'), (3, '0.04'), (4, '0.02'), (5, '0.72'), (6, '0.05'), (7, '0.77'), (9, '0.77')]"
FUND000073,KR5153451009,C-P,CLASS000875,EXACT_NORMALIZED_MATCH,수수료미징구-오프라인-개인연금,미징구,오프라인,개인연금,True,소득세법 제20조의3 및 소득세법시행 령 제40조의2에 따른 연금저축계좌의 가입자,없음,없음,없음,없음,1.68,0.96,-,1.75,"{""1y"":""179"",""2y"":""367"",""3y"":""564"",""5y"":""984"",""10y"":""2187""}","[{""label"":""management_fee"",""value"":""0.66""},{""label"":""trustee_fee"",""value"":""0.04""},{""label"":""admin_fee"",""value"":""0.02""}]","[3,14]",cell_grid,1.0,클래스명: 수수료미징구-오프라인-개 인연금(C-P) | - 수수료미징구-오프라인-개 인연금(C-P) - 1.68 0.96 - 1.75 179 367 564 984 2187
FUND000073,KR5153451009,C-P2,CLASS000877,EXACT_NORMALIZED_MATCH,수수료미징구-오프라인-퇴직연금,미징구,오프라인,퇴직연금,True,"근로자퇴직급여보장법에 의한 퇴직연 금 및 개인퇴직계좌, 퇴직연금사업자",없음,없음,없음,없음,1.57,0.85,-,1.64,"{""1y"":""168"",""2y"":""344"",""3y"":""528"",""5y"":""922"",""10y"":""2049""}","[{""label"":""management_fee"",""value"":""0.66""},{""label"":""trustee_fee"",""value"":""0.04""},{""label"":""admin_fee"",""value"":""0.02""}]","[3,14]",cell_grid,1.0,클래스명: 수수료미징구-오프라인-퇴 직연금(C-P2) | - 수수료미징구-오프라인-퇴 직연금(C-P2) - 1.57 0.85 - 1.64 168 344 528 922 2049
FUND000073,KR5153451009,C-P2e,CLASS000878,EXACT_NORMALIZED_MATCH,수수료미징구-온라인-퇴직연금,미징구,온라인,퇴직연금,True,"근로자퇴직급여보장법에 의한 퇴직연 금 및 개인퇴직계좌, 퇴직연금사업자 중 온라인 가입자",없음,없음,없음,없음,1.14,0.42,-,1.21,"{""1y"":""124"",""2y"":""254"",""3y"":""390"",""5y"":""680"",""10y"":""1512""}","[{""label"":""management_fee"",""value"":""0.66""},{""label"":""trustee_fee"",""value"":""0.04""},{""label"":""admin_fee"",""value"":""0.02""}]","[3,14]",cell_grid,1.0,클래스명: 수수료미징구-온라인-퇴직 연금(C-P2e) | - 수수료미징구-온라인-퇴직 연금(C-P2e) - 1.14 0.42 - 1.21 124 254 390 680 1512
FUND000073,KR5153451009,C-Pe,CLASS000876,EXACT_NORMALIZED_MATCH,수수료미징구-온라인-개인연금,미징구,온라인,개인연금,True,소득세법 제20조의3 및 소득세법시행 령 제40조의2에 따른 연금저축계좌의 가입자 중 온라인 투자자,없음,없음,없음,없음,1.2,0.48,-,1.27,"{""1y"":""130"",""2y"":""266"",""3y"":""409"",""5y"":""714"",""10y"":""1587""}","[{""label"":""management_fee"",""value"":""0.66""},{""label"":""trustee_fee"",""value"":""0.04""},{""label"":""admin_fee"",""value"":""0.02""}]","[3,14]",cell_grid,1.0,클래스명: 수수료미징구-온라인-개인 연금(C-Pe) | - 수수료미징구-온라인-개인 연금(C-Pe) - 1.2 0.48 - 1.27 130 266 409 714 1587
FUND000074,KR5153520012,C,CLASS000880,EXACT_NORMALIZED_MATCH,수수료미징구-오프라인-퇴직연금,미징구,오프라인,퇴직연금,True,근로자퇴직급여 보장법에 의한 퇴직연 금 및 개인퇴직계좌,없음,없음,없음,없음,0.38,0.2,-,0.39,"{""1y"":""39"",""2y"":""81"",""3y"":""125"",""5y"":""219"",""10y"":""487""}","[{""label"":""management_fee"",""value"":""0.15""},{""label"":""trustee_fee"",""value"":""0.02""},{""label"":""admin_fee"",""value"":""0.01""}]","[3,12]",cell_grid,1.0,클래스명: 수수료미징구-오프라인-퇴 직연금(C) | - 수수료미징구-오프라인-퇴 직연금(C) - 0.38 0.2 - 0.39 39 81 125 219 487
FUND000074,KR5153520012,C-F,CLASS000882,EXACT_NORMALIZED_MATCH,"수수료미징구-직판-퇴직연금,펀드등",미징구,직판,퇴직연금,False,"집합투자업자가 판매하는 수익증권에 가입하고자 하는 근로자퇴직급여 보장 법에 의한 퇴직연금, 개인퇴직계좌의 사용자 및 가입자를 대상으로 하는 집 합투자기구 및 퇴직연금보험",없음,없음,없음,없음,0.18,-,-,0.19,"{""10y"":""237"",""5y"":""106"",""3y"":""61"",""2y"":""39"",""1y"":""19""}","[{""label"":""management_fee"",""value"":""0.15""},{""label"":""trustee_fee"",""value"":""0.02""},{""label"":""admin_fee"",""value"":""0.01""},{""label"":""other_expense"",""value"":""0.01""}]","[22,21,23]",detail_table_cross_validated,0.7,"[상세표 보강] [(1, '0.15'), (3, '0.02'), (4, '0.01'), (5, '0.18'), (6, '0.01'), (7, '0.19'), (9, '0.19')]"
FUND000074,KR5153520012,C-P2e,CLASS000881,EXACT_NORMALIZED_MATCH,수수료미징구-온라인-퇴직연금,미징구,온라인,퇴직연금,True,"근로자퇴직급여보장법에 의한 퇴직연 금 및 개인퇴직계좌, 퇴직연금사업자 중 온라인 가입자",없음,없음,없음,없음,0.28,0.1,-,0.29,"{""1y"":""29"",""2y"":""60"",""3y"":""93"",""5y"":""163"",""10y"":""362""}","[{""label"":""management_fee"",""value"":""0.15""},{""label"":""trustee_fee"",""value"":""0.02""},{""label"":""admin_fee"",""value"":""0.01""}]","[3,12]",cell_grid,1.0,클래스명: 수수료미징구-온라인-퇴직 연금(C-P2e) | - 수수료미징구-온라인-퇴직 연금(C-P2e) - 0.28 0.1 - 0.29 29 60 93 163 362
FUND000008,KR5156450026,A,CLASS000110,EXACT_NORMALIZED_MATCH,수수료선취-오프라인,선취,오프라인,,True,,납입액의 1.0% 이내,없음,없음,없음,1.434,0.700,1.390,1.437,"{""1y"":""245"",""2y"":""396"",""3y"":""551"",""5y"":""879"",""10y"":""1804""}","[{""label"":""management_fee"",""value"":""0.700""},{""label"":""trustee_fee"",""value"":""0.020""},{""label"":""admin_fee"",""value"":""0.014""},{""label"":""other_expense"",""value"":""0.003""}]","[4,31]",cell_grid,1.0,"클래스명: 수수료선취- 오프라인형(A) | 납입금액의 1.00%이내 납입금액의 1.00%이내 1.434% 0.700% 1.390% 1.437% 245 396 551 879 1,804"
FUND000008,KR5156450026,A-G,CLASS000112,EXACT_NORMALIZED_MATCH,수수료선취-오프라인-무권유저비용형,선취,오프라인,,True,,납입액의 0.7% 이내,없음,없음,없음,1.224,0.490,-,1.224,"{""1y"":""194"",""2y"":""323"",""3y"":""457"",""5y"":""739"",""10y"":""1542""}","[{""label"":""management_fee"",""value"":""0.700""},{""label"":""trustee_fee"",""value"":""0.020""},{""label"":""admin_fee"",""value"":""0.014""}]","[31,32]",detail_table_cross_validated,0.7,"[상세표 보강] [(1, '0.700'), (2, '0.490'), (3, '0.020'), (4, '0.014'), (5, '1.224'), (8, '1.224'), (9, '1.224')]"
FUND000008,KR5156450026,Ae,CLASS000111,EXACT_NORMALIZED_MATCH,수수료선취-온라인,선취,온라인,,True,,납입액의 0.5% 이내,없음,없음,없음,1.084,0.350,1.080,1.087,"{""1y"":""160"",""2y"":""275"",""3y"":""395"",""5y"":""647"",""10y"":""1369""}","[{""label"":""management_fee"",""value"":""0.700""},{""label"":""trustee_fee"",""value"":""0.020""},{""label"":""admin_fee"",""value"":""0.014""},{""label"":""other_expense"",""value"":""0.003""}]","[4,31]",cell_grid,1.0,"클래스명: 수수료선취- 온라인형(Ae) | 납입금액의 0.50%이내 납입금액의 0.50%이내 1.084% 0.350% 1.080% 1.087% 160 275 395 647 1,369"
FUND000008,KR5156450026,C-G,CLASS000118,EXACT_NORMALIZED_MATCH,수수료미징구-오프라인-무권유저비용형,미징구,오프라인,,True,,없음,없음,없음,없음,1.424,0.690,-,1.424,"{""1y"":""145"",""2y"":""296"",""3y"":""452"",""5y"":""780"",""10y"":""1707""}","[{""label"":""management_fee"",""value"":""0.700""},{""label"":""trustee_fee"",""value"":""0.020""},{""label"":""admin_fee"",""value"":""0.014""}]","[31,33]",detail_table_cross_validated,0.7,"[상세표 보강] [(1, '0.700'), (2, '0.690'), (3, '0.020'), (4, '0.014'), (5, '1.424'), (8, '1.424'), (9, '1.424')]"
FUND000008,KR5156450026,C-P,CLASS000120,EXACT_NORMALIZED_MATCH,수수료미징구-오프라인-개인연금형,미징구,오프라인,개인연금,True,,없음,없음,없음,없음,1.634,0.900,-,1.637,"{""1y"":""167"",""2y"":""340"",""3y"":""518"",""5y"":""892"",""10y"":""1942""}","[{""label"":""management_fee"",""value"":""0.700""},{""label"":""trustee_fee"",""value"":""0.020""},{""label"":""admin_fee"",""value"":""0.014""},{""label"":""other_expense"",""value"":""0.003""}]","[31,33]",detail_table_cross_validated,0.7,"[상세표 보강] [(1, '0.700'), (2, '0.900'), (3, '0.020'), (4, '0.014'), (5, '1.634'), (7, '0.003'), (8, '1.637'), (9, '1.637')]"
FUND000008,KR5156450026,C-P2,CLASS000121,EXACT_NORMALIZED_MATCH,수수료미징구-오프라인-퇴직연금형,미징구,오프라인,퇴직연금,True,,없음,없음,없음,없음,1.334,0.600,-,1.337,"{""1y"":""136"",""2y"":""278"",""3y"":""425"",""5y"":""734"",""10y"":""1610""}","[{""label"":""management_fee"",""value"":""0.700""},{""label"":""trustee_fee"",""value"":""0.020""},{""label"":""admin_fee"",""value"":""0.014""},{""label"":""other_expense"",""value"":""0.003""}]","[31,33]",detail_table_cross_validated,0.7,"[상세표 보강] [(1, '0.700'), (2, '0.600'), (3, '0.020'), (4, '0.014'), (5, '1.334'), (7, '0.003'), (8, '1.337'), (9, '1.337')]"
FUND000008,KR5156450026,C-P2e,CLASS000123,EXACT_NORMALIZED_MATCH,수수료미징구-온라인-퇴직연금형,미징구,온라인,퇴직연금,True,,없음,없음,없음,없음,1.034,0.300,-,1.037,"{""1y"":""106"",""2y"":""216"",""3y"":""331"",""5y"":""573"",""10y"":""1268""}","[{""label"":""management_fee"",""value"":""0.700""},{""label"":""trustee_fee"",""value"":""0.020""},{""label"":""admin_fee"",""value"":""0.014""},{""label"":""other_expense"",""value"":""0.003""}]","[31,33]",detail_table_cross_validated,0.7,"[상세표 보강] [(1, '0.700'), (2, '0.300'), (3, '0.020'), (4, '0.014'), (5, '1.034'), (7, '0.003'), (8, '1.037'), (9, '1.037')]"
FUND000008,KR5156450026,C-Pe,CLASS000122,EXACT_NORMALIZED_MATCH,수수료미징구-온라인-개인연금형,미징구,온라인,개인연금,True,,없음,없음,없음,없음,1.184,0.450,-,1.187,"{""1y"":""121"",""2y"":""247"",""3y"":""378"",""5y"":""654"",""10y"":""1440""}","[{""label"":""management_fee"",""value"":""0.700""},{""label"":""trustee_fee"",""value"":""0.020""},{""label"":""admin_fee"",""value"":""0.014""},{""label"":""other_expense"",""value"":""0.003""}]","[31,33]",detail_table_cross_validated,0.7,"[상세표 보강] [(1, '0.700'), (2, '0.450'), (3, '0.020'), (4, '0.014'), (5, '1.184'), (7, '0.003'), (8, '1.187'), (9, '1.187')]"
FUND000008,KR5156450026,C-W,CLASS000119,EXACT_NORMALIZED_MATCH,수수료미징구-오프라인-랩형,미징구,오프라인,,False,,없음,없음,없음,없음,0.734,-,-,0.736,"{""1y"":""75"",""2y"":""154"",""3y"":""236"",""5y"":""410"",""10y"":""915""}","[{""label"":""management_fee"",""value"":""0.700""},{""label"":""trustee_fee"",""value"":""0.020""},{""label"":""admin_fee"",""value"":""0.014""},{""label"":""other_expense"",""value"":""0.002""}]","[31,33]",detail_table_cross_validated,0.7,"[상세표 보강] [(1, '0.700'), (3, '0.020'), (4, '0.014'), (5, '0.734'), (7, '0.002'), (8, '0.736'), (9, '0.736')]"
FUND000008,KR5156450026,C1,CLASS000113,EXACT_NORMALIZED_MATCH,수수료미징구-오프라인-보수체감형,미징구,오프라인,,True,,없음,없음,없음,없음,2.034,1.300,1.600,2.037,"{""1y"":""208"",""2y"":""400"",""3y"":""578"",""5y"":""905"",""10y"":""1828""}","[{""label"":""management_fee"",""value"":""0.700""},{""label"":""trustee_fee"",""value"":""0.020""},{""label"":""admin_fee"",""value"":""0.014""},{""label"":""other_expense"",""value"":""0.003""}]","[4,31]",cell_grid,1.0,"클래스명: 수수료미징구- 오프라인- 보수차감형(C1) | 없음 없음 2.034% 1.300% 1.600% 2.037% 208 400 578 905 1,828"
FUND000008,KR5156450026,C2,CLASS000114,EXACT_NORMALIZED_MATCH,수수료미징구-오프라인-보수체감형,미징구,오프라인,,True,,없음,없음,없음,없음,1.834,1.100,1.600,1.837,{},"[{""label"":""management_fee"",""value"":""0.700""},{""label"":""trustee_fee"",""value"":""0.020""},{""label"":""admin_fee"",""value"":""0.014""},{""label"":""other_expense"",""value"":""0.003""}]",[31],detail_table_cross_validated,0.7,"[상세표 보강] [(1, '0.700'), (2, '1.100'), (3, '0.020'), (4, '0.014'), (5, '1.834'), (6, '1.600'), (7, '0.003'), (8, '1.837'), (9, '1.837')]"
FUND000008,KR5156450026,C3,CLASS000115,EXACT_NORMALIZED_MATCH,수수료미징구-오프라인-보수체감형,미징구,오프라인,,True,,없음,없음,없음,없음,1.634,0.900,1.600,1.637,{},"[{""label"":""management_fee"",""value"":""0.700""},{""label"":""trustee_fee"",""value"":""0.020""},{""label"":""admin_fee"",""value"":""0.014""},{""label"":""other_expense"",""value"":""0.003""}]",[31],detail_table_cross_validated,0.7,"[상세표 보강] [(1, '0.700'), (2, '0.900'), (3, '0.020'), (4, '0.014'), (5, '1.634'), (6, '1.600'), (7, '0.003'), (8, '1.637'), (9, '1.637')]"
FUND000008,KR5156450026,C4,CLASS000116,EXACT_NORMALIZED_MATCH,수수료미징구-오프라인-보수체감형,미징구,오프라인,,True,,없음,없음,없음,없음,1.434,0.700,1.600,1.437,{},"[{""label"":""management_fee"",""value"":""0.700""},{""label"":""trustee_fee"",""value"":""0.020""},{""label"":""admin_fee"",""value"":""0.014""},{""label"":""other_expense"",""value"":""0.003""}]",[31],detail_table_cross_validated,0.7,"[상세표 보강] [(1, '0.700'), (2, '0.700'), (3, '0.020'), (4, '0.014'), (5, '1.434'), (6, '1.600'), (7, '0.003'), (8, '1.437'), (9, '1.437')]"
FUND000008,KR5156450026,Ce,CLASS000117,EXACT_NORMALIZED_MATCH,수수료미징구-온라인,미징구,온라인,,True,,없음,없음,없음,없음,1.234,0.500,1.140,1.237,"{""1y"":""126"",""2y"":""257"",""3y"":""393"",""5y"":""680"",""10y"":""1497""}","[{""label"":""management_fee"",""value"":""0.700""},{""label"":""trustee_fee"",""value"":""0.020""},{""label"":""admin_fee"",""value"":""0.014""},{""label"":""other_expense"",""value"":""0.003""}]","[4,31]",cell_grid,1.0,"클래스명: 수수료미징구- 투자비용 온라인형(Ce) | 없음 없음 1.234% 0.500% 1.140% 1.237% 126 257 393 680 1,497"
FUND000001,KR5157420003,A,CLASS000001,EXACT_NORMALIZED_MATCH,수수료선취-오프라인,선취,오프라인,,True,"가입자격에 제한이 없으며, 선취판매수수료를",,없음,없음,,0.310,0.200,0.340,0.3220,"{""1y"":""53"",""2y"":""87"",""3y"":""124"",""5y"":""202"",""10y"":""434""}","[{""label"":""management_fee"",""value"":""0.090""},{""label"":""trustee_fee"",""value"":""0.010""},{""label"":""admin_fee"",""value"":""0.010""},{""label"":""other_expense"",""value"":""0.0022""},{""label"":""transaction_cost"",""value"":""0.0195""}]","[4,29]",cell_grid,1.0,클래스명: 수수료선취- 오프라인형(A) | 납입금액의 0.2%이내 납입금액의 0.2%이내 0.310 0.200 0.340 0.3220 53 87 124 202 434
FUND000001,KR5157420003,A2,CLASS000013,EXACT_NORMALIZED_MATCH,수수료선취-오프라인,선취,오프라인,,True,,없음,없음,없음,,0.160,0.050,0.340,0.1709,"{""1y"":""57"",""2y"":""76"",""3y"":""95"",""5y"":""136"",""10y"":""259""}","[{""label"":""management_fee"",""value"":""0.090""},{""label"":""trustee_fee"",""value"":""0.010""},{""label"":""admin_fee"",""value"":""0.010""},{""label"":""other_expense"",""value"":""0.0014""},{""label"":""transaction_cost"",""value"":""0.0169""}]","[30,31]",detail_table_cross_validated,0.7,"[상세표 보강] [(1, '0.090'), (2, '0.050'), (3, '0.010'), (4, '0.010'), (5, '0.160'), (6, '0.0014'), (7, '0.1614'), (8, '0.340'), (9, '0.1709'), (10, '0.0169')]"
FUND000001,KR5157420003,Ae,CLASS000002,EXACT_NORMALIZED_MATCH,수수료선취-온라인,선취,온라인,,True,,없음,없음,없음,,0.210,0.100,0.260,0.2219,"{""1y"":""33"",""2y"":""57"",""3y"":""82"",""5y"":""136"",""10y"":""296""}","[{""label"":""management_fee"",""value"":""0.090""},{""label"":""trustee_fee"",""value"":""0.010""},{""label"":""admin_fee"",""value"":""0.010""},{""label"":""other_expense"",""value"":""0.0023""},{""label"":""transaction_cost"",""value"":""0.0178""}]","[4,29]",cell_grid,1.0,클래스명: 수수료선취- 투자비용 온라인형(Ae) | 납입금액의 0.1%이내 납입금액의 0.1%이내 0.210 0.100 0.260 0.2219 33 57 82 136 296
FUND000001,KR5157420003,C,CLASS000003,EXACT_NORMALIZED_MATCH,수수료미징구-오프라인,미징구,오프라인,,True,,없음,없음,없음,,0.410,0.300,0.400,0.4219,"{""1y"":""43"",""2y"":""89"",""3y"":""136"",""5y"":""239"",""10y"":""544""}","[{""label"":""management_fee"",""value"":""0.090""},{""label"":""trustee_fee"",""value"":""0.010""},{""label"":""admin_fee"",""value"":""0.010""},{""label"":""other_expense"",""value"":""0.0024""},{""label"":""transaction_cost"",""value"":""0.0169""}]","[4,29]",cell_grid,1.0,클래스명: 수수료미징구- 오프라인형(C) | 없음 없음 0.410 0.300 0.400 0.4219 43 89 136 239 544
FUND000001,KR5157420003,C-F,CLASS000009,EXACT_NORMALIZED_MATCH,수수료미징구-오프라인-기관,미징구,오프라인,,False,,없음,없음,없음,,0.130,0.020,-,0.1421,"{""1y"":""15"",""2y"":""30"",""3y"":""46"",""5y"":""80"",""10y"":""183""}","[{""label"":""management_fee"",""value"":""0.090""},{""label"":""trustee_fee"",""value"":""0.010""},{""label"":""admin_fee"",""value"":""0.010""},{""label"":""other_expense"",""value"":""0.0024""},{""label"":""transaction_cost"",""value"":""0.0187""}]","[30,31]",detail_table_cross_validated,0.7,"[상세표 보강] [(1, '0.090'), (2, '0.020'), (3, '0.010'), (4, '0.010'), (5, '0.130'), (6, '0.0024'), (7, '0.1324'), (9, '0.1421'), (10, '0.0187')]"
FUND000001,KR5157420003,C-I,CLASS000014,EXACT_NORMALIZED_MATCH,수수료미징구-오프라인-고액,미징구,오프라인,,False,,없음,없음,없음,,0.140,0.030,-,0.1400,"{""1y"":""14"",""2y"":""29"",""3y"":""45"",""5y"":""79"",""10y"":""180""}","[{""label"":""management_fee"",""value"":""0.090""},{""label"":""trustee_fee"",""value"":""0.010""},{""label"":""admin_fee"",""value"":""0.010""},{""label"":""other_expense"",""value"":""0.0000""},{""label"":""transaction_cost"",""value"":""0.0000""}]","[30,32]",detail_table_cross_validated,0.7,"[상세표 보강] [(1, '0.090'), (2, '0.030'), (3, '0.010'), (4, '0.010'), (5, '0.140'), (6, '0.0000'), (7, '0.1400'), (9, '0.1400'), (10, '0.0000')]"
FUND000001,KR5157420003,C-I2,CLASS000015,EXACT_NORMALIZED_MATCH,수수료미징구-오프라인-고액,미징구,오프라인,,False,,없음,없음,없음,,0.130,0.020,-,0.1300,"{""1y"":""13"",""2y"":""27"",""3y"":""42"",""5y"":""74"",""10y"":""168""}","[{""label"":""management_fee"",""value"":""0.090""},{""label"":""trustee_fee"",""value"":""0.010""},{""label"":""admin_fee"",""value"":""0.010""},{""label"":""other_expense"",""value"":""0.0000""},{""label"":""transaction_cost"",""value"":""0.0000""}]","[30,32]",detail_table_cross_validated,0.7,"[상세표 보강] [(1, '0.090'), (2, '0.020'), (3, '0.010'), (4, '0.010'), (5, '0.130'), (6, '0.0000'), (7, '0.1300'), (9, '0.1300'), (10, '0.0000')]"
FUND000001,KR5157420003,C-P1,CLASS000005,EXACT_NORMALIZED_MATCH,수수료미징구-오프라인-개인연금,미징구,오프라인,개인연금,True,,없음,없음,없음,,0.360,0.250,-,0.3721,"{""1y"":""38"",""2y"":""78"",""3y"":""120"",""5y"":""211"",""10y"":""480""}","[{""label"":""management_fee"",""value"":""0.090""},{""label"":""trustee_fee"",""value"":""0.010""},{""label"":""admin_fee"",""value"":""0.010""},{""label"":""other_expense"",""value"":""0.0024""},{""label"":""transaction_cost"",""value"":""0.0182""}]","[29,31]",detail_table_cross_validated,0.7,"[상세표 보강] [(1, '0.090'), (2, '0.250'), (3, '0.010'), (4, '0.010'), (5, '0.360'), (6, '0.0024'), (7, '0.3624'), (9, '0.3721'), (10, '0.0182')]"
FUND000001,KR5157420003,C-P2,CLASS000007,EXACT_NORMALIZED_MATCH,수수료미징구-오프라인-퇴직연금,미징구,오프라인,퇴직연금,True,,없음,없음,없음,,0.350,0.240,-,0.3621,"{""1y"":""37"",""2y"":""76"",""3y"":""117"",""5y"":""205"",""10y"":""467""}","[{""label"":""management_fee"",""value"":""0.090""},{""label"":""trustee_fee"",""value"":""0.010""},{""label"":""admin_fee"",""value"":""0.010""},{""label"":""other_expense"",""value"":""0.0024""},{""label"":""transaction_cost"",""value"":""0.0186""}]","[30,31]",detail_table_cross_validated,0.7,"[상세표 보강] [(1, '0.090'), (2, '0.240'), (3, '0.010'), (4, '0.010'), (5, '0.350'), (6, '0.0024'), (7, '0.3524'), (9, '0.3621'), (10, '0.0186')]"
FUND000001,KR5157420003,C-Pe1,CLASS000006,EXACT_NORMALIZED_MATCH,수수료미징구-온라인-개인연금,미징구,온라인,개인연금,True,,없음,없음,없음,,0.235,0.125,-,0.2470,"{""1y"":""25"",""2y"":""52"",""3y"":""80"",""5y"":""140"",""10y"":""318""}","[{""label"":""management_fee"",""value"":""0.090""},{""label"":""trustee_fee"",""value"":""0.010""},{""label"":""admin_fee"",""value"":""0.010""},{""label"":""other_expense"",""value"":""0.0023""},{""label"":""transaction_cost"",""value"":""0.0182""}]","[30,31]",detail_table_cross_validated,0.7,"[상세표 보강] [(1, '0.090'), (2, '0.125'), (3, '0.010'), (4, '0.010'), (5, '0.235'), (6, '0.0023'), (7, '0.2373'), (9, '0.2470'), (10, '0.0182')]"
FUND000001,KR5157420003,C-Pe2,CLASS000008,EXACT_NORMALIZED_MATCH,수수료미징구-온라인-퇴직연금,미징구,온라인,퇴직연금,True,,없음,없음,없음,,0.230,0.120,-,0.2421,"{""1y"":""25"",""2y"":""51"",""3y"":""78"",""5y"":""137"",""10y"":""312""}","[{""label"":""management_fee"",""value"":""0.090""},{""label"":""trustee_fee"",""value"":""0.010""},{""label"":""admin_fee"",""value"":""0.010""},{""label"":""other_expense"",""value"":""0.0024""},{""label"":""transaction_cost"",""value"":""0.0181""}]","[30,31]",detail_table_cross_validated,0.7,"[상세표 보강] [(1, '0.090'), (2, '0.120'), (3, '0.010'), (4, '0.010'), (5, '0.230'), (6, '0.0024'), (7, '0.2324'), (9, '0.2421'), (10, '0.0181')]"
FUND000001,KR5157420003,C-W,CLASS000012,EXACT_NORMALIZED_MATCH,수수료미징구-오프라인-랩,미징구,오프라인,,False,,없음,없음,없음,,0.110,0.000,-,0.1197,"{""1y"":""12"",""2y"":""26"",""3y"":""39"",""5y"":""69"",""10y"":""157""}","[{""label"":""management_fee"",""value"":""0.090""},{""label"":""trustee_fee"",""value"":""0.010""},{""label"":""admin_fee"",""value"":""0.010""},{""label"":""other_expense"",""value"":""0.0000""},{""label"":""transaction_cost"",""value"":""0.0185""}]",[30],detail_table_cross_validated,0.7,"[상세표 보강] [(1, '0.090'), (2, '0.000'), (3, '0.010'), (4, '0.010'), (5, '0.110'), (6, '0.0000'), (7, '0.1100'), (9, '0.1197'), (10, '0.0185')]"
FUND000001,KR5157420003,Ce,CLASS000004,EXACT_NORMALIZED_MATCH,수수료미징구-온라인,미징구,온라인,,True,,없음,없음,없음,,0.260,0.150,0.260,0.2720,"{""1y"":""28"",""2y"":""57"",""3y"":""88"",""5y"":""154"",""10y"":""351""}","[{""label"":""management_fee"",""value"":""0.090""},{""label"":""trustee_fee"",""value"":""0.010""},{""label"":""admin_fee"",""value"":""0.010""},{""label"":""other_expense"",""value"":""0.0023""},{""label"":""transaction_cost"",""value"":""0.0188""}]","[4,29]",cell_grid,1.0,클래스명: 수수료미징구- 온라인형(Ce) | 없음 없음 0.260 0.150 0.260 0.2720 28 57 88 154 351
FUND000001,KR5157420003,S,CLASS000010,EXACT_NORMALIZED_MATCH,수수료후취-온라인슈퍼,후취,온라인슈퍼,,True,,없음,없음,없음,,0.210,0.100,-,0.2197,"{""1y"":""23"",""2y"":""46"",""3y"":""71"",""5y"":""124"",""10y"":""283""}","[{""label"":""management_fee"",""value"":""0.090""},{""label"":""trustee_fee"",""value"":""0.010""},{""label"":""admin_fee"",""value"":""0.010""},{""label"":""other_expense"",""value"":""0.0000""},{""label"":""transaction_cost"",""value"":""0.0182""}]","[30,31]",detail_table_cross_validated,0.7,"[상세표 보강] [(1, '0.090'), (2, '0.100'), (3, '0.010'), (4, '0.010'), (5, '0.210'), (6, '0.0000'), (7, '0.2100'), (9, '0.2197'), (10, '0.0182')]"
FUND000001,KR5157420003,S-P,CLASS000011,EXACT_NORMALIZED_MATCH,수수료미징구-온라인슈퍼-개인연금,미징구,온라인슈퍼,개인연금,True,,없음,없음,없음,,0.185,0.075,-,0.1947,"{""1y"":""20"",""2y"":""41"",""3y"":""63"",""5y"":""110"",""10y"":""251""}","[{""label"":""management_fee"",""value"":""0.090""},{""label"":""trustee_fee"",""value"":""0.010""},{""label"":""admin_fee"",""value"":""0.010""},{""label"":""other_expense"",""value"":""0.0000""},{""label"":""transaction_cost"",""value"":""0.0190""}]","[30,31]",detail_table_cross_validated,0.7,"[상세표 보강] [(1, '0.090'), (2, '0.075'), (3, '0.010'), (4, '0.010'), (5, '0.185'), (6, '0.0000'), (7, '0.1850'), (9, '0.1947'), (10, '0.0190')]"
FUND000002,KR5157450017,A1,CLASS000016,EXACT_NORMALIZED_MATCH,수수료선취-오프라인,선취,오프라인,,True,제한 없음,납입금액의 1.0% 이내,없음,없음,,1.600,0.900,1.350,1.602,"{""1y"":""262"",""2y"":""432"",""3y"":""612"",""5y"":""997"",""10y"":""2144""}","[{""label"":""management_fee"",""value"":""0.650""},{""label"":""trustee_fee"",""value"":""0.030""},{""label"":""admin_fee"",""value"":""0.020""},{""label"":""other_expense"",""value"":""0.002""},{""label"":""transaction_cost"",""value"":""0.253""}]","[4,30]",cell_grid,1.0,"클래스명: 수수료선취- 오프라인형(A1) | 납입금액의 1.0% 이내 수수료선취- 오프라인형(A1) 납입금액의 1.0% 이내 1.600 0.900 1.350 1.602 262 432 612 997 2,144"
FUND000002,KR5157450017,AG,CLASS000031,EXACT_NORMALIZED_MATCH,수수료선취-오프라인-무권유저비용,선취,오프라인,,True,,없음,없음,없음,,1.330,0.630,-,1.330,"{""1y"":""205"",""2y"":""347"",""3y"":""496"",""5y"":""818"",""10y"":""1772""}","[{""label"":""management_fee"",""value"":""0.650""},{""label"":""trustee_fee"",""value"":""0.030""},{""label"":""admin_fee"",""value"":""0.020""}]","[30,29,32]",detail_table_cross_validated,0.7,"[상세표 보강] [(1, '0.650'), (2, '0.630'), (3, '0.030'), (4, '0.020'), (5, '1.330'), (7, '1.330')]"
FUND000002,KR5157450017,Ae,CLASS000017,EXACT_NORMALIZED_MATCH,수수료선취-온라인,선취,온라인,,True,판매회사의 전자매체(온라인)를 통하여 가입한 투자자,납입금액의 0.5% 이내,없음,없음,,1.150,0.450,0.990,1.152,"{""1y"":""167"",""2y"":""291"",""3y"":""420"",""5y"":""699"",""10y"":""1527""}","[{""label"":""management_fee"",""value"":""0.650""},{""label"":""trustee_fee"",""value"":""0.030""},{""label"":""admin_fee"",""value"":""0.020""},{""label"":""other_expense"",""value"":""0.002""},{""label"":""transaction_cost"",""value"":""0.253""}]","[4,30]",cell_grid,1.0,"클래스명: 수수료선취- 온라인형(Ae) | 납입금액의 0.5% 이내 수수료선취- 온라인형(Ae) 납입금액의 0.5% 이내 1.150 0.450 0.990 1.152 167 291 420 699 1,527"
FUND000002,KR5157450017,C-F,CLASS000023,EXACT_NORMALIZED_MATCH,수수료미징구-오프라인-기관,미징구,오프라인,,False,"자본시장과금융투자업에관한법률(이하 “법”이라 함)에 의 한 집합투자기구(외국법령에 의한 것으로서 집합투자기구 의 성질을 가진 것 포함), 법시행령 제10조제2항 및 금융 투자업규정 제1-4조에서 정하는 기관투자자 또는 국가재 정법에 따른 기금(외국의 법령상 이에 준하는 자를 포함)",없음,없음,없음,,0.730,0.030,-,0.732,"{""1y"":""75"",""2y"":""154"",""3y"":""237"",""5y"":""415"",""10y"":""944""}","[{""label"":""management_fee"",""value"":""0.650""},{""label"":""trustee_fee"",""value"":""0.030""},{""label"":""admin_fee"",""value"":""0.020""},{""label"":""other_expense"",""value"":""0.002""},{""label"":""transaction_cost"",""value"":""0.254""}]","[30,28,31]",detail_table_cross_validated,0.7,"[상세표 보강] [(1, '0.650'), (2, '0.030'), (3, '0.030'), (4, '0.020'), (5, '0.730'), (6, '0.002'), (7, '0.732'), (9, '0.254')]"
FUND000002,KR5157450017,C-I,CLASS000034,EXACT_NORMALIZED_MATCH,수수료미징구-오프라인-고액,미징구,오프라인,,False,,없음,없음,없음,,0.710,0.010,-,0.710,"{""1y"":""73"",""2y"":""147"",""3y"":""224"",""5y"":""383"",""10y"":""824""}","[{""label"":""management_fee"",""value"":""0.650""},{""label"":""trustee_fee"",""value"":""0.030""},{""label"":""admin_fee"",""value"":""0.020""}]","[31,29,32]",detail_table_cross_validated,0.7,"[상세표 보강] [(1, '0.650'), (2, '0.010'), (3, '0.030'), (4, '0.020'), (5, '0.710'), (7, '0.710')]"
FUND000002,KR5157450017,C-P1,CLASS000025,EXACT_NORMALIZED_MATCH,수수료미징구-오프라인-개인연금,미징구,오프라인,개인연금,True,소득세법 제20조의3 및 소득세법시행령 제40조의2에 따 른 연금저축계좌를 통하여 가입한 자,없음,없음,없음,,1.540,0.840,-,1.542,"{""1y"":""158"",""2y"":""324"",""3y"":""498"",""5y"":""873"",""10y"":""1988""}","[{""label"":""management_fee"",""value"":""0.650""},{""label"":""trustee_fee"",""value"":""0.030""},{""label"":""admin_fee"",""value"":""0.020""},{""label"":""other_expense"",""value"":""0.002""},{""label"":""transaction_cost"",""value"":""0.263""}]","[30,28,31]",detail_table_cross_validated,0.7,"[상세표 보강] [(1, '0.650'), (2, '0.840'), (3, '0.030'), (4, '0.020'), (5, '1.540'), (6, '0.002'), (7, '1.542'), (9, '0.263')]"
FUND000002,KR5157450017,C-P2,CLASS000027,EXACT_NORMALIZED_MATCH,수수료미징구-오프라인-퇴직연금,미징구,오프라인,퇴직연금,True,,없음,없음,없음,,1.300,0.600,-,1.302,"{""1y"":""133"",""2y"":""274"",""3y"":""421"",""5y"":""737"",""10y"":""1678""}","[{""label"":""management_fee"",""value"":""0.650""},{""label"":""trustee_fee"",""value"":""0.030""},{""label"":""admin_fee"",""value"":""0.020""},{""label"":""other_expense"",""value"":""0.002""},{""label"":""transaction_cost"",""value"":""0.254""}]","[30,29,31]",detail_table_cross_validated,0.7,"[상세표 보강] [(1, '0.650'), (2, '0.600'), (3, '0.030'), (4, '0.020'), (5, '1.300'), (6, '0.002'), (7, '1.302'), (9, '0.254')]"
FUND000002,KR5157450017,C-P2I,CLASS000033,EXACT_NORMALIZED_MATCH,"수수료미징구-오프라인-퇴직연금,고액",미징구,오프라인,퇴직연금,False,,없음,없음,없음,,0.970,0.270,-,0.970,"{""1y"":""99"",""2y"":""204"",""3y"":""313"",""5y"":""549"",""10y"":""1251""}","[{""label"":""management_fee"",""value"":""0.650""},{""label"":""trustee_fee"",""value"":""0.030""},{""label"":""admin_fee"",""value"":""0.020""}]","[30,29,32]",detail_table_cross_validated,0.7,"[상세표 보강] [(1, '0.650'), (2, '0.270'), (3, '0.030'), (4, '0.020'), (5, '0.970'), (7, '0.970')]"
FUND000002,KR5157450017,C-Pe1,CLASS000026,EXACT_NORMALIZED_MATCH,수수료미징구-온라인-개인연금,미징구,온라인,개인연금,True,"판매회사의 전자매체(온라인)를 통하여 가입한 자로서 소 득세법 제20조의3 및 소득세법시행령 제40조의2에 따른 연금저축계좌를 통하여 가입할 수 있으며, 판매수수료를 징구하지 않음.",없음,없음,없음,,1.120,0.420,-,1.122,"{""1y"":""115"",""2y"":""236"",""3y"":""363"",""5y"":""636"",""10y"":""1447""}","[{""label"":""management_fee"",""value"":""0.650""},{""label"":""trustee_fee"",""value"":""0.030""},{""label"":""admin_fee"",""value"":""0.020""},{""label"":""other_expense"",""value"":""0.002""},{""label"":""transaction_cost"",""value"":""0.253""}]","[30,28,31]",detail_table_cross_validated,0.7,"[상세표 보강] [(1, '0.650'), (2, '0.420'), (3, '0.030'), (4, '0.020'), (5, '1.120'), (6, '0.002'), (7, '1.122'), (9, '0.253')]"
FUND000002,KR5157450017,C-Pe2,CLASS000028,EXACT_NORMALIZED_MATCH,수수료미징구-온라인-퇴직연금,미징구,온라인,퇴직연금,True,,없음,없음,없음,,1.000,0.300,-,1.002,"{""1y"":""103"",""2y"":""211"",""3y"":""324"",""5y"":""568"",""10y"":""1292""}","[{""label"":""management_fee"",""value"":""0.650""},{""label"":""trustee_fee"",""value"":""0.030""},{""label"":""admin_fee"",""value"":""0.020""},{""label"":""other_expense"",""value"":""0.002""},{""label"":""transaction_cost"",""value"":""0.256""}]","[30,29,31]",detail_table_cross_validated,0.7,"[상세표 보강] [(1, '0.650'), (2, '0.300'), (3, '0.030'), (4, '0.020'), (5, '1.000'), (6, '0.002'), (7, '1.002'), (9, '0.256')]"
FUND000002,KR5157450017,C-W,CLASS000024,EXACT_NORMALIZED_MATCH,수수료미징구-오프라인-랩,미징구,오프라인,,False,판매회사의 일임형 종합자산관리(Wrap)계좌 고객 또는 특정금전 신탁 고객 전용,없음,없음,없음,,0.700,0.000,-,0.702,"{""1y"":""72"",""2y"":""147"",""3y"":""227"",""5y"":""397"",""10y"":""905""}","[{""label"":""management_fee"",""value"":""0.650""},{""label"":""trustee_fee"",""value"":""0.030""},{""label"":""admin_fee"",""value"":""0.020""},{""label"":""other_expense"",""value"":""0.002""},{""label"":""transaction_cost"",""value"":""0.249""}]","[30,28,31]",detail_table_cross_validated,0.7,"[상세표 보강] [(1, '0.650'), (2, '0.000'), (3, '0.030'), (4, '0.020'), (5, '0.700'), (6, '0.002'), (7, '0.702'), (9, '0.249')]"
FUND000002,KR5157450017,C1,CLASS000018,EXACT_NORMALIZED_MATCH,수수료미징구-오프라인-보수체감,미징구,오프라인,,True,제한 없음,없음,없음,없음,,2.200,1.500,1.590,2.202,"{""1y"":""226"",""2y"":""447"",""3y"":""662"",""5y"":""1075"",""10y"":""2306""}","[{""label"":""management_fee"",""value"":""0.650""},{""label"":""trustee_fee"",""value"":""0.030""},{""label"":""admin_fee"",""value"":""0.020""},{""label"":""other_expense"",""value"":""0.002""},{""label"":""transaction_cost"",""value"":""0.254""}]","[4,30]",cell_grid,1.0,"클래스명: 수수료미징구- 오프라인형(C1) | 없음 수수료미징구- 오프라인형(C1) 없음 2.200 1.500 1.590 2.202 226 447 662 1,075 2,306"
FUND000002,KR5157450017,C2,CLASS000019,EXACT_NORMALIZED_MATCH,수수료미징구-오프라인-보수체감,미징구,오프라인,,True,C1클래스 수익증권의 보유기간이 1년 이상인 경우,없음,없음,없음,,2.050,1.350,1.590,2.052,"{""1y"":""226"",""2y"":""447"",""3y"":""662"",""5y"":""1075"",""10y"":""2306""}","[{""label"":""management_fee"",""value"":""0.650""},{""label"":""trustee_fee"",""value"":""0.030""},{""label"":""admin_fee"",""value"":""0.020""},{""label"":""other_expense"",""value"":""0.002""},{""label"":""transaction_cost"",""value"":""0.254""}]","[30,28,31]",detail_table_cross_validated,0.7,"[상세표 보강] [(1, '0.650'), (2, '1.350'), (3, '0.030'), (4, '0.020'), (5, '2.050'), (6, '0.002'), (7, '2.052'), (8, '1.590'), (9, '0.254')]"
FUND000002,KR5157450017,C3,CLASS000020,EXACT_NORMALIZED_MATCH,수수료미징구-오프라인-보수체감,미징구,오프라인,,True,C2클래스 수익증권의 보유기간이 1년 이상인 경우,없음,없음,없음,,1.900,1.200,1.590,1.902,"{""1y"":""226"",""2y"":""447"",""3y"":""662"",""5y"":""1075"",""10y"":""2306""}","[{""label"":""management_fee"",""value"":""0.650""},{""label"":""trustee_fee"",""value"":""0.030""},{""label"":""admin_fee"",""value"":""0.020""},{""label"":""other_expense"",""value"":""0.002""},{""label"":""transaction_cost"",""value"":""0.243""}]","[30,28,31]",detail_table_cross_validated,0.7,"[상세표 보강] [(1, '0.650'), (2, '1.200'), (3, '0.030'), (4, '0.020'), (5, '1.900'), (6, '0.002'), (7, '1.902'), (8, '1.590'), (9, '0.243')]"
FUND000002,KR5157450017,C4,CLASS000021,EXACT_NORMALIZED_MATCH,수수료미징구-오프라인-보수체감,미징구,오프라인,,True,C3클래스 수익증권의 보유기간이 1년 이상인 경우,없음,없음,없음,,1.700,1.000,1.590,1.702,"{""1y"":""226"",""2y"":""447"",""3y"":""662"",""5y"":""1075"",""10y"":""2306""}","[{""label"":""management_fee"",""value"":""0.650""},{""label"":""trustee_fee"",""value"":""0.030""},{""label"":""admin_fee"",""value"":""0.020""},{""label"":""other_expense"",""value"":""0.002""},{""label"":""transaction_cost"",""value"":""0.259""}]","[30,28,31]",detail_table_cross_validated,0.7,"[상세표 보강] [(1, '0.650'), (2, '1.000'), (3, '0.030'), (4, '0.020'), (5, '1.700'), (6, '0.002'), (7, '1.702'), (8, '1.590'), (9, '0.259')]"
FUND000002,KR5157450017,CG,CLASS000032,EXACT_NORMALIZED_MATCH,수수료미징구-오프라인-무권유저비용,미징구,오프라인,,True,,없음,없음,없음,,1.645,0.945,-,1.645,"{""1y"":""169"",""2y"":""346"",""3y"":""532"",""5y"":""932"",""10y"":""2121""}","[{""label"":""management_fee"",""value"":""0.650""},{""label"":""trustee_fee"",""value"":""0.030""},{""label"":""admin_fee"",""value"":""0.020""}]","[30,29,32]",detail_table_cross_validated,0.7,"[상세표 보강] [(1, '0.650'), (2, '0.945'), (3, '0.030'), (4, '0.020'), (5, '1.645'), (7, '1.645')]"
FUND000002,KR5157450017,Ce,CLASS000022,EXACT_NORMALIZED_MATCH,수수료미징구-온라인,미징구,온라인,,True,판매회사의 전자매체(온라인)를 통하여 가입한 투자자,없음,없음,없음,,1.600,0.900,1.160,1.602,"{""1y"":""164"",""2y"":""337"",""3y"":""518"",""5y"":""907"",""10y"":""2065""}","[{""label"":""management_fee"",""value"":""0.650""},{""label"":""trustee_fee"",""value"":""0.030""},{""label"":""admin_fee"",""value"":""0.020""},{""label"":""other_expense"",""value"":""0.002""},{""label"":""transaction_cost"",""value"":""0.253""}]","[4,30]",cell_grid,1.0,"클래스명: 수수료미징구- 온라인형(Ce) | 없음 수수료미징구- 온라인형(Ce) 없음 1.600 0.900 1.160 1.602 164 337 518 907 2,065"
FUND000002,KR5157450017,S,CLASS000029,EXACT_NORMALIZED_MATCH,수수료후취-온라인슈퍼,후취,온라인슈퍼,,True,,없음,없음,없음,,1.050,0.350,-,1.052,"{""1y"":""108"",""2y"":""221"",""3y"":""340"",""5y"":""596"",""10y"":""1356""}","[{""label"":""management_fee"",""value"":""0.650""},{""label"":""trustee_fee"",""value"":""0.030""},{""label"":""admin_fee"",""value"":""0.020""},{""label"":""other_expense"",""value"":""0.002""},{""label"":""transaction_cost"",""value"":""0.253""}]","[30,29,31]",detail_table_cross_validated,0.7,"[상세표 보강] [(1, '0.650'), (2, '0.350'), (3, '0.030'), (4, '0.020'), (5, '1.050'), (6, '0.002'), (7, '1.052'), (9, '0.253')]"
FUND000002,KR5157450017,S-P,CLASS000030,EXACT_NORMALIZED_MATCH,수수료미징구-온라인슈퍼-개인연금,미징구,온라인슈퍼,개인연금,True,,없음,없음,없음,,0.950,0.250,-,0.952,"{""1y"":""98"",""2y"":""200"",""3y"":""308"",""5y"":""539"",""10y"":""1227""}","[{""label"":""management_fee"",""value"":""0.650""},{""label"":""trustee_fee"",""value"":""0.030""},{""label"":""admin_fee"",""value"":""0.020""},{""label"":""other_expense"",""value"":""0.002""},{""label"":""transaction_cost"",""value"":""0.252""}]","[30,29,31]",detail_table_cross_validated,0.7,"[상세표 보강] [(1, '0.650'), (2, '0.250'), (3, '0.030'), (4, '0.020'), (5, '0.950'), (6, '0.002'), (7, '0.952'), (9, '0.252')]"
FUND000003,KR5157450090,A,CLASS000035,EXACT_NORMALIZED_MATCH,수수료선취-오프라인,선취,오프라인,,True,가입자격에 제한이 없으며 선취판매수수료를 징구함,납입금액의 1% 이내,없음,없음,,1.310,0.720,1.420,1.357,"{""1y"":""237"",""2y"":""381"",""3y"":""533"",""5y"":""860"",""10y"":""1831""}","[{""label"":""management_fee"",""value"":""0.550""},{""label"":""trustee_fee"",""value"":""0.020""},{""label"":""admin_fee"",""value"":""0.020""},{""label"":""other_expense"",""value"":""0.002""},{""label"":""transaction_cost"",""value"":""1.0730""}]","[4,35]",cell_grid,1.0,"클래스명: 수수료선취- 오프라인형(A) | 납입금액의 1.0% 이내 수수료선취- 오프라인형(A) 납입금액의 1.0% 이내 1.310 0.720 1.420 1.357 237 381 533 860 1,831"
FUND000003,KR5157450090,AG,CLASS000051,EXACT_NORMALIZED_MATCH,수수료선취-오프라인-무권유저비용,선취,오프라인,,True,,없음,없음,없음,,1.094,0.504,-,1.146,"{""1y"":""186"",""2y"":""309"",""3y"":""437"",""5y"":""714"",""10y"":""1536""}","[{""label"":""management_fee"",""value"":""0.550""},{""label"":""trustee_fee"",""value"":""0.020""},{""label"":""admin_fee"",""value"":""0.020""},{""label"":""transaction_cost"",""value"":""1.1003""}]","[36,34,37]",detail_table_cross_validated,0.7,"[상세표 보강] [(1, '0.550'), (2, '0.504'), (3, '0.020'), (4, '0.020'), (5, '1.094'), (7, '1.094'), (9, '1.146'), (10, '1.1003')]"
FUND000003,KR5157450090,Ae,CLASS000036,EXACT_NORMALIZED_MATCH,수수료선취-온라인,선취,온라인,,True,"판매회사의 전자매체(온라인)를 통하여 가입한 투자자에 한하여 가입할 수 있으며, 선취판매수수료를 징구함",납입금액의 0.5% 이내,없음,없음,,0.950,0.360,1.140,0.989,"{""1y"":""151"",""2y"":""257"",""3y"":""368"",""5y"":""607"",""10y"":""1319""}","[{""label"":""management_fee"",""value"":""0.550""},{""label"":""trustee_fee"",""value"":""0.020""},{""label"":""admin_fee"",""value"":""0.020""},{""label"":""other_expense"",""value"":""0.002""},{""label"":""transaction_cost"",""value"":""1.0196""}]","[4,35]",cell_grid,1.0,"클래스명: 수수료선취- 온라인형 (Ae) | 납입금액의 0.5% 이내 수수료선취- 온라인형 (Ae) 납입금액의 0.5% 이내 0.950 0.360 1.140 0.989 151 257 368 607 1,319"
FUND000003,KR5157450090,C-F,CLASS000042,EXACT_NORMALIZED_MATCH,수수료미징구-오프라인-기관,미징구,오프라인,,False,"다음 각 목의 어느 하나에 해당하는 자에 한하여 가입할 수 있으며, 선취판매수수료를 징구하지 않음. 가. 법에의한 집합투자기구(외국법령에 의한 것으로서 집합투자기구의 성질을 가진 것 포함) 나. 법 시행령 제10조제2항 및 금융투자업규정 제1- 4조에서 정하는 기관투자자 또는 국가재정법에 따른 기금(외국의 법령상 이에 준하는 자를 포함)",없음,없음,없음,,0.620,0.030,-,0.620,"{""1y"":""64"",""2y"":""130"",""3y"":""200"",""5y"":""351"",""10y"":""799""}","[{""label"":""management_fee"",""value"":""0.550""},{""label"":""trustee_fee"",""value"":""0.020""},{""label"":""admin_fee"",""value"":""0.020""}]","[35,33,36]",detail_table_cross_validated,0.7,"[상세표 보강] [(1, '0.550'), (2, '0.030'), (3, '0.020'), (4, '0.020'), (5, '0.620'), (7, '0.620'), (9, '0.620')]"
FUND000003,KR5157450090,C-P1,CLASS000044,EXACT_NORMALIZED_MATCH,수수료미징구-오프라인-개인연금,미징구,오프라인,개인연금,True,"소득세법 제20조의3 및 소득세법시행령 제40조의2에 따른 연금저축계좌를 통하여 가입할 수 있으며, 판매수수료를 징구하지 않음",없음,없음,없음,,1.430,0.840,-,1.458,"{""1y"":""149"",""2y"":""306"",""3y"":""471"",""5y"":""826"",""10y"":""1879""}","[{""label"":""management_fee"",""value"":""0.550""},{""label"":""trustee_fee"",""value"":""0.020""},{""label"":""admin_fee"",""value"":""0.020""},{""label"":""transaction_cost"",""value"":""0.9678""}]","[35,33,37]",detail_table_cross_validated,0.7,"[상세표 보강] [(1, '0.550'), (2, '0.840'), (3, '0.020'), (4, '0.020'), (5, '1.430'), (7, '1.430'), (9, '1.458'), (10, '0.9678')]"
FUND000003,KR5157450090,C-P2,CLASS000046,EXACT_NORMALIZED_MATCH,수수료미징구-오프라인-퇴직연금,미징구,오프라인,퇴직연금,True,,없음,없음,없음,,1.190,0.600,-,1.217,"{""1y"":""125"",""2y"":""256"",""3y"":""393"",""5y"":""689"",""10y"":""1569""}","[{""label"":""management_fee"",""value"":""0.550""},{""label"":""trustee_fee"",""value"":""0.020""},{""label"":""admin_fee"",""value"":""0.020""},{""label"":""transaction_cost"",""value"":""0.9570""}]","[35,34,37]",detail_table_cross_validated,0.7,"[상세표 보강] [(1, '0.550'), (2, '0.600'), (3, '0.020'), (4, '0.020'), (5, '1.190'), (7, '1.190'), (9, '1.217'), (10, '0.9570')]"
FUND000003,KR5157450090,C-Pe1,CLASS000045,EXACT_NORMALIZED_MATCH,수수료미징구-온라인-개인연금,미징구,온라인,개인연금,True,"판매회사의 전자매체(온라인)를 통하여 가입한 자로서 소득세법 제20조의3 및 소득세법시행령 제40조의2에 따른 연금저축계좌를 통하여 가입할 수 있으며,",없음,없음,없음,,1.010,0.420,-,1.040,"{""1y"":""107"",""2y"":""219"",""3y"":""336"",""5y"":""589"",""10y"":""1341""}","[{""label"":""management_fee"",""value"":""0.550""},{""label"":""trustee_fee"",""value"":""0.020""},{""label"":""admin_fee"",""value"":""0.020""},{""label"":""other_expense"",""value"":""0.002""},{""label"":""transaction_cost"",""value"":""0.9743""}]","[35,33,37]",detail_table_cross_validated,0.7,"[상세표 보강] [(1, '0.550'), (2, '0.420'), (3, '0.020'), (4, '0.020'), (5, '1.010'), (6, '0.002'), (7, '1.012'), (9, '1.040'), (10, '0.9743')]"
FUND000003,KR5157450090,C-Pe2,CLASS000047,EXACT_NORMALIZED_MATCH,수수료미징구-온라인-퇴직연금,미징구,온라인,퇴직연금,True,,없음,없음,없음,,0.840,0.250,-,0.872,"{""1y"":""89"",""2y"":""183"",""3y"":""282"",""5y"":""494"",""10y"":""1124""}","[{""label"":""management_fee"",""value"":""0.550""},{""label"":""trustee_fee"",""value"":""0.020""},{""label"":""admin_fee"",""value"":""0.020""},{""label"":""other_expense"",""value"":""0.002""},{""label"":""transaction_cost"",""value"":""0.9770""}]","[35,34,37]",detail_table_cross_validated,0.7,"[상세표 보강] [(1, '0.550'), (2, '0.250'), (3, '0.020'), (4, '0.020'), (5, '0.840'), (6, '0.002'), (7, '0.842'), (9, '0.872'), (10, '0.9770')]"
FUND000003,KR5157450090,C-W,CLASS000043,EXACT_NORMALIZED_MATCH,수수료미징구-오프라인-랩,미징구,오프라인,,False,"WRAP계좌보유고객 및 특정금전 신탁고객 전용, 선취판매수수료를 징구하지 않음",없음,없음,없음,,0.590,0.000,-,0.600,"{""1y"":""62"",""2y"":""126"",""3y"":""194"",""5y"":""340"",""10y"":""774""}","[{""label"":""management_fee"",""value"":""0.550""},{""label"":""trustee_fee"",""value"":""0.020""},{""label"":""admin_fee"",""value"":""0.020""},{""label"":""other_expense"",""value"":""0.002""},{""label"":""transaction_cost"",""value"":""1.1112""}]","[35,33,37]",detail_table_cross_validated,0.7,"[상세표 보강] [(1, '0.550'), (2, '0.000'), (3, '0.020'), (4, '0.020'), (5, '0.590'), (6, '0.002'), (7, '0.592'), (9, '0.600'), (10, '1.1112')]"
FUND000003,KR5157450090,C1,CLASS000037,EXACT_NORMALIZED_MATCH,수수료미징구-오프라인-보수체감,미징구,오프라인,,True,가입자격에 제한이 없으며 선취판매수수료를 징구하지 않음,없음,없음,없음,,2.090,1.500,1.600,2.122,"{""1y"":""218"",""2y"":""414"",""3y"":""574"",""5y"":""846"",""10y"":""1654""}","[{""label"":""management_fee"",""value"":""0.550""},{""label"":""trustee_fee"",""value"":""0.020""},{""label"":""admin_fee"",""value"":""0.020""},{""label"":""other_expense"",""value"":""0.002""},{""label"":""transaction_cost"",""value"":""0.9843""}]","[4,35]",cell_grid,1.0,"클래스명: 수수료미징구- 오프라인형 (C1) | 없음 수수료미징구- 오프라인형 (C1) 없음 2.090 1.500 1.600 2.122 218 414 574 846 1,654"
FUND000003,KR5157450090,C2,CLASS000038,EXACT_NORMALIZED_MATCH,수수료미징구-오프라인-보수체감,미징구,오프라인,,True,종류C1 수익증권의 보유기간이 1년 이상,없음,없음,없음,,1.790,1.200,1.600,1.830,"{""1y"":""218"",""2y"":""414"",""3y"":""574"",""5y"":""846"",""10y"":""1654""}","[{""label"":""management_fee"",""value"":""0.550""},{""label"":""trustee_fee"",""value"":""0.020""},{""label"":""admin_fee"",""value"":""0.020""},{""label"":""other_expense"",""value"":""0.002""},{""label"":""transaction_cost"",""value"":""1.0196""}]","[35,33,36]",detail_table_cross_validated,0.7,"[상세표 보강] [(1, '0.550'), (2, '1.200'), (3, '0.020'), (4, '0.020'), (5, '1.790'), (6, '0.002'), (7, '1.792'), (8, '1.600'), (9, '1.830'), (10, '1.0196')]"
FUND000003,KR5157450090,C3,CLASS000039,EXACT_NORMALIZED_MATCH,수수료미징구-오프라인-보수체감,미징구,오프라인,,True,종류C2 수익증권의 보유기간이 1년 이상,없음,없음,없음,,1.390,0.800,1.600,1.416,"{""1y"":""218"",""2y"":""414"",""3y"":""574"",""5y"":""846"",""10y"":""1654""}","[{""label"":""management_fee"",""value"":""0.550""},{""label"":""trustee_fee"",""value"":""0.020""},{""label"":""admin_fee"",""value"":""0.020""},{""label"":""other_expense"",""value"":""0.002""},{""label"":""transaction_cost"",""value"":""0.9592""}]","[35,33,36]",detail_table_cross_validated,0.7,"[상세표 보강] [(1, '0.550'), (2, '0.800'), (3, '0.020'), (4, '0.020'), (5, '1.390'), (6, '0.002'), (7, '1.392'), (8, '1.600'), (9, '1.416'), (10, '0.9592')]"
FUND000003,KR5157450090,C4,CLASS000040,EXACT_NORMALIZED_MATCH,수수료미징구-오프라인-보수체감,미징구,오프라인,,True,종류C3 수익증권의 보유기간이 1년 이상,없음,없음,없음,,1.090,0.500,1.600,1.118,"{""1y"":""218"",""2y"":""414"",""3y"":""574"",""5y"":""846"",""10y"":""1654""}","[{""label"":""management_fee"",""value"":""0.550""},{""label"":""trustee_fee"",""value"":""0.020""},{""label"":""admin_fee"",""value"":""0.020""},{""label"":""other_expense"",""value"":""0.002""},{""label"":""transaction_cost"",""value"":""0.9631""}]","[35,33,36]",detail_table_cross_validated,0.7,"[상세표 보강] [(1, '0.550'), (2, '0.500'), (3, '0.020'), (4, '0.020'), (5, '1.090'), (6, '0.002'), (7, '1.092'), (8, '1.600'), (9, '1.118'), (10, '0.9631')]"
FUND000003,KR5157450090,CG,CLASS000052,EXACT_NORMALIZED_MATCH,수수료미징구-오프라인-무권유저비용,미징구,오프라인,,True,투자자가 투자자문업자로부터 투자자문을 받고 그 결과에 따라 펀드 매수를 요청하는 등 금융기관 등으로부터 별도의 투자권유 없이 가입하는 경우로서,없음,없음,없음,,1.290,0.700,-,1.290,"{""1y"":""132"",""2y"":""271"",""3y"":""417"",""5y"":""731"",""10y"":""1663""}","[{""label"":""management_fee"",""value"":""0.550""},{""label"":""trustee_fee"",""value"":""0.020""},{""label"":""admin_fee"",""value"":""0.020""},{""label"":""transaction_cost"",""value"":""0.0000""}]","[36,37]",detail_table_cross_validated,0.7,"[상세표 보강] [(1, '0.550'), (2, '0.700'), (3, '0.020'), (4, '0.020'), (5, '1.290'), (7, '1.290'), (9, '1.290'), (10, '0.0000')]"
FUND000003,KR5157450090,Ce,CLASS000041,EXACT_NORMALIZED_MATCH,수수료미징구-온라인,미징구,온라인,,True,"판매회사의 전자매체(온라인)를 통하여 가입한 투자자에 한하여 가입할 수 있으며, 선취판매수수료를 징구하지 않음",없음,없음,없음,,1.080,0.490,1.180,1.115,"{""1y"":""114"",""2y"":""234"",""3y"":""360"",""5y"":""631"",""10y"":""1437""}","[{""label"":""management_fee"",""value"":""0.550""},{""label"":""trustee_fee"",""value"":""0.020""},{""label"":""admin_fee"",""value"":""0.020""},{""label"":""other_expense"",""value"":""0.002""},{""label"":""transaction_cost"",""value"":""1.0014""}]","[4,35]",cell_grid,1.0,"클래스명: 수수료미징구- 온라인형(Ce) | 없음 수수료미징구- 온라인형(Ce) 없음 1.080 0.490 1.180 1.115 114 234 360 631 1,437"
FUND000003,KR5157450090,S,CLASS000048,EXACT_NORMALIZED_MATCH,수수료후취-온라인슈퍼,후취,온라인슈퍼,,True,,없음,없음,없음,,0.940,0.350,-,0.971,"{""1y"":""100"",""2y"":""204"",""3y"":""314"",""5y"":""550"",""10y"":""1252""}","[{""label"":""management_fee"",""value"":""0.550""},{""label"":""trustee_fee"",""value"":""0.020""},{""label"":""admin_fee"",""value"":""0.020""},{""label"":""other_expense"",""value"":""0.001""},{""label"":""transaction_cost"",""value"":""0.9873""}]","[35,34,37]",detail_table_cross_validated,0.7,"[상세표 보강] [(1, '0.550'), (2, '0.350'), (3, '0.020'), (4, '0.020'), (5, '0.940'), (6, '0.001'), (7, '0.941'), (9, '0.971'), (10, '0.9873')]"
FUND000003,KR5157450090,S-P,CLASS000049,EXACT_NORMALIZED_MATCH,수수료미징구-온라인슈퍼-개인연금,미징구,온라인슈퍼,개인연금,True,,없음,없음,없음,,0.870,0.280,-,0.897,"{""1y"":""92"",""2y"":""188"",""3y"":""290"",""5y"":""508"",""10y"":""1156""}","[{""label"":""management_fee"",""value"":""0.550""},{""label"":""trustee_fee"",""value"":""0.020""},{""label"":""admin_fee"",""value"":""0.020""},{""label"":""transaction_cost"",""value"":""0.9690""}]","[35,34,37]",detail_table_cross_validated,0.7,"[상세표 보강] [(1, '0.550'), (2, '0.280'), (3, '0.020'), (4, '0.020'), (5, '0.870'), (7, '0.870'), (9, '0.897'), (10, '0.9690')]"
FUND000003,KR5157450090,S-R,CLASS000050,EXACT_NORMALIZED_MATCH,수수료미징구-온라인슈퍼-퇴직연금,미징구,온라인슈퍼,퇴직연금,True,,없음,없음,없음,,0.830,0.240,-,0.861,"{""1y"":""88"",""2y"":""181"",""3y"":""278"",""5y"":""487"",""10y"":""1110""}","[{""label"":""management_fee"",""value"":""0.550""},{""label"":""trustee_fee"",""value"":""0.020""},{""label"":""admin_fee"",""value"":""0.020""},{""label"":""transaction_cost"",""value"":""0.9914""}]","[36,34,37]",detail_table_cross_validated,0.7,"[상세표 보강] [(1, '0.550'), (2, '0.240'), (3, '0.020'), (4, '0.020'), (5, '0.830'), (7, '0.830'), (9, '0.861'), (10, '0.9914')]"
FUND000020,KR5160420009,A,CLASS000255,EXACT_NORMALIZED_MATCH,수수료선취-오프라인,선취,오프라인,,True,,0.10%,없음,없음,,0.22,0.10,0.340,0.2200,"{""1y"":""34"",""2y"":""57"",""3y"":""83"",""5y"":""135"",""10y"":""280""}","[{""label"":""management_fee"",""value"":""0.095""},{""label"":""trustee_fee"",""value"":""0.015""},{""label"":""admin_fee"",""value"":""0.01""},{""label"":""other_expense"",""value"":""0.00""},{""label"":""transaction_cost"",""value"":""0.0072""}]","[7,26]",cell_grid,1.0,클래스명: 수수료선취- 오프라인(A) | 납입금액의 0.10%이내 수수료선취- 오프라인(A) 납입금액의 0.10%이내 0.22 0.10 0.340 0.2200 34 57 83 135 280
FUND000020,KR5160420009,A-E,CLASS000256,EXACT_NORMALIZED_MATCH,수수료선취-온라인,선취,온라인,,True,,0.05%,없음,없음,,0.17,0.05,0.240,0.1700,"{""1y"":""23"",""2y"":""41"",""3y"":""61"",""5y"":""103"",""10y"":""228""}","[{""label"":""management_fee"",""value"":""0.095""},{""label"":""trustee_fee"",""value"":""0.015""},{""label"":""admin_fee"",""value"":""0.01""},{""label"":""other_expense"",""value"":""0.0023""},{""label"":""transaction_cost"",""value"":""0.0085""}]","[7,26]",cell_grid,1.0,클래스명: 수수료선취- 온라인(A-E) | 납입금액의 0.05%이내 수수료선취- 온라인(A-E) 납입금액의 0.05%이내 0.17 0.05 0.240 0.1700 23 41 61 103 228
FUND000020,KR5160420009,C,CLASS000244,EXACT_NORMALIZED_MATCH,수수료미징구-오프라인,미징구,오프라인,,True,,없음,없음,없음,,0.42,0.30,0.390,0.4224,"{""1y"":""43"",""2y"":""88"",""3y"":""135"",""5y"":""236"",""10y"":""538""}","[{""label"":""management_fee"",""value"":""0.095""},{""label"":""trustee_fee"",""value"":""0.015""},{""label"":""admin_fee"",""value"":""0.01""},{""label"":""other_expense"",""value"":""0.0024""},{""label"":""transaction_cost"",""value"":""0.0096""}]","[7,26]",cell_grid,1.0,클래스명: 수수료미징구- 오프라인(C) | - 수수료미징구- 오프라인(C) - 0.42 0.30 0.390 0.4224 43 88 135 236 538
FUND000020,KR5160420009,C-E,CLASS000245,EXACT_NORMALIZED_MATCH,수수료미징구-온라인,미징구,온라인,,True,,없음,없음,없음,,0.27,0.15,0.250,0.2724,"{""1y"":""28"",""2y"":""57"",""3y"":""88"",""5y"":""154"",""10y"":""349""}","[{""label"":""management_fee"",""value"":""0.095""},{""label"":""trustee_fee"",""value"":""0.015""},{""label"":""admin_fee"",""value"":""0.01""},{""label"":""other_expense"",""value"":""0.0024""},{""label"":""transaction_cost"",""value"":""0.0099""}]","[7,26]",cell_grid,1.0,클래스명: 수수료미징구- 온라인(C-E) | - 수수료미징구- 온라인(C-E) - 0.27 0.15 0.250 0.2724 28 57 88 154 349
FUND000020,KR5160420009,C-F,CLASS000247,EXACT_NORMALIZED_MATCH,수수료미징구-오프라인-기관,미징구,오프라인,,False,,없음,없음,없음,,0.17,0.05,0.00,0.1724,"{""1y"":""18"",""2y"":""36"",""3y"":""56"",""5y"":""98"",""10y"":""224""}","[{""label"":""management_fee"",""value"":""0.095""},{""label"":""trustee_fee"",""value"":""0.015""},{""label"":""admin_fee"",""value"":""0.01""},{""label"":""other_expense"",""value"":""0.0024""},{""label"":""transaction_cost"",""value"":""0.0095""}]","[26,27]",detail_table_cross_validated,0.7,"[상세표 보강] [(1, '0.095'), (2, '0.05'), (3, '0.015'), (4, '0.01'), (5, '0.17'), (6, '0.0024'), (7, '0.1724'), (8, '0.00'), (9, '0.0078'), (10, '0.1778'), (11, '0.0095')]"
FUND000020,KR5160420009,C-G,CLASS000246,EXACT_NORMALIZED_MATCH,수수료미징구-오프라인-무권유저비용,미징구,오프라인,,True,,없음,없음,없음,,0.345,0.225,0.00,0.345,"{""1y"":""35"",""2y"":""71"",""3y"":""109"",""5y"":""191"",""10y"":""434""}","[{""label"":""management_fee"",""value"":""0.095""},{""label"":""trustee_fee"",""value"":""0.015""},{""label"":""admin_fee"",""value"":""0.01""},{""label"":""other_expense"",""value"":""0.00""},{""label"":""transaction_cost"",""value"":""0.00""}]","[26,27]",detail_table_cross_validated,0.7,"[상세표 보강] [(1, '0.095'), (2, '0.225'), (3, '0.015'), (4, '0.01'), (5, '0.345'), (6, '0.00'), (7, '0.345'), (8, '0.00'), (9, '0.00'), (10, '0.345'), (11, '0.00')]"
FUND000020,KR5160420009,C-I,CLASS000257,EXACT_NORMALIZED_MATCH,수수료미징구-오프라인-고액,미징구,오프라인,,False,,없음,없음,없음,,0.175,0.055,0.00,0.1775,"{""1y"":""18"",""2y"":""37"",""3y"":""58"",""5y"":""101"",""10y"":""230""}","[{""label"":""management_fee"",""value"":""0.095""},{""label"":""trustee_fee"",""value"":""0.015""},{""label"":""admin_fee"",""value"":""0.01""},{""label"":""other_expense"",""value"":""0.0025""},{""label"":""transaction_cost"",""value"":""0.0075""}]","[26,28]",detail_table_cross_validated,0.7,"[상세표 보강] [(1, '0.095'), (2, '0.055'), (3, '0.015'), (4, '0.01'), (5, '0.175'), (6, '0.0025'), (7, '0.1775'), (8, '0.00'), (9, '0.0079'), (10, '0.1829'), (11, '0.0075')]"
FUND000020,KR5160420009,C-P,CLASS000251,EXACT_NORMALIZED_MATCH,수수료미징구-오프라인-개인연금,미징구,오프라인,개인연금,True,,없음,없음,없음,,0.33,0.21,0.00,0.3323,"{""1y"":""34"",""2y"":""69"",""3y"":""107"",""5y"":""187"",""10y"":""425""}","[{""label"":""management_fee"",""value"":""0.095""},{""label"":""trustee_fee"",""value"":""0.015""},{""label"":""admin_fee"",""value"":""0.01""},{""label"":""other_expense"",""value"":""0.0023""},{""label"":""transaction_cost"",""value"":""0.0107""}]","[26,27]",detail_table_cross_validated,0.7,"[상세표 보강] [(1, '0.095'), (2, '0.21'), (3, '0.015'), (4, '0.01'), (5, '0.33'), (6, '0.0023'), (7, '0.3323'), (8, '0.00'), (9, '0.008'), (10, '0.338'), (11, '0.0107')]"
FUND000020,KR5160420009,C-P2,CLASS000249,EXACT_NORMALIZED_MATCH,수수료미징구-오프라인-퇴직연금,미징구,오프라인,퇴직연금,True,,없음,없음,없음,,0.32,0.20,0.00,0.3224,"{""1y"":""33"",""2y"":""67"",""3y"":""103"",""5y"":""181"",""10y"":""413""}","[{""label"":""management_fee"",""value"":""0.095""},{""label"":""trustee_fee"",""value"":""0.015""},{""label"":""admin_fee"",""value"":""0.01""},{""label"":""other_expense"",""value"":""0.0024""},{""label"":""transaction_cost"",""value"":""0.0108""}]","[26,27]",detail_table_cross_validated,0.7,"[상세표 보강] [(1, '0.095'), (2, '0.20'), (3, '0.015'), (4, '0.01'), (5, '0.32'), (6, '0.0024'), (7, '0.3224'), (8, '0.00'), (9, '0.0081'), (10, '0.3281'), (11, '0.0108')]"
FUND000020,KR5160420009,C-P2e,CLASS000250,EXACT_NORMALIZED_MATCH,수수료미징구-온라인-퇴직연금,미징구,온라인,퇴직연금,True,,없음,없음,없음,,0.22,0.10,0.00,0.2224,"{""1y"":""23"",""2y"":""47"",""3y"":""72"",""5y"":""126"",""10y"":""287""}","[{""label"":""management_fee"",""value"":""0.095""},{""label"":""trustee_fee"",""value"":""0.015""},{""label"":""admin_fee"",""value"":""0.01""},{""label"":""other_expense"",""value"":""0.0024""},{""label"":""transaction_cost"",""value"":""0.0102""}]","[26,27]",detail_table_cross_validated,0.7,"[상세표 보강] [(1, '0.095'), (2, '0.10'), (3, '0.015'), (4, '0.01'), (5, '0.22'), (6, '0.0024'), (7, '0.2224'), (8, '0.00'), (9, '0.0079'), (10, '0.2279'), (11, '0.0102')]"
FUND000020,KR5160420009,C-Pe,CLASS000252,EXACT_NORMALIZED_MATCH,수수료미징구-온라인-개인연금,미징구,온라인,개인연금,True,,없음,없음,없음,,0.225,0.105,0.00,0.2274,"{""1y"":""23"",""2y"":""48"",""3y"":""73"",""5y"":""129"",""10y"":""293""}","[{""label"":""management_fee"",""value"":""0.095""},{""label"":""trustee_fee"",""value"":""0.015""},{""label"":""admin_fee"",""value"":""0.01""},{""label"":""other_expense"",""value"":""0.0024""},{""label"":""transaction_cost"",""value"":""0.0105""}]","[26,27]",detail_table_cross_validated,0.7,"[상세표 보강] [(1, '0.095'), (2, '0.105'), (3, '0.015'), (4, '0.01'), (5, '0.225'), (6, '0.0024'), (7, '0.2274'), (8, '0.00'), (9, '0.008'), (10, '0.233'), (11, '0.0105')]"
FUND000020,KR5160420009,C-W,CLASS000248,EXACT_NORMALIZED_MATCH,수수료미징구-오프라인-랩,미징구,오프라인,,False,,없음,없음,없음,,0.12,0.00,0.00,0.1222,"{""1y"":""13"",""2y"":""26"",""3y"":""40"",""5y"":""70"",""10y"":""160""}","[{""label"":""management_fee"",""value"":""0.095""},{""label"":""trustee_fee"",""value"":""0.015""},{""label"":""admin_fee"",""value"":""0.01""},{""label"":""other_expense"",""value"":""0.0022""},{""label"":""transaction_cost"",""value"":""0.0129""}]","[26,27]",detail_table_cross_validated,0.7,"[상세표 보강] [(1, '0.095'), (2, '0.00'), (3, '0.015'), (4, '0.01'), (5, '0.12'), (6, '0.0022'), (7, '0.1222'), (8, '0.00'), (9, '0.0076'), (10, '0.1276'), (11, '0.0129')]"
FUND000020,KR5160420009,S,CLASS000253,EXACT_NORMALIZED_MATCH,수수료후취-온라인슈퍼,후취,온라인슈퍼,,True,,없음,3년 미만 환매 시 환매금액의 0.15% 이내,없음,,0.22,0.10,0.00,0.2224,"{""1y"":""23"",""2y"":""47"",""3y"":""72"",""5y"":""126"",""10y"":""287""}","[{""label"":""management_fee"",""value"":""0.095""},{""label"":""trustee_fee"",""value"":""0.015""},{""label"":""admin_fee"",""value"":""0.01""},{""label"":""other_expense"",""value"":""0.0024""},{""label"":""transaction_cost"",""value"":""0.0096""}]","[26,27]",detail_table_cross_validated,0.7,"[상세표 보강] [(1, '0.095'), (2, '0.10'), (3, '0.015'), (4, '0.01'), (5, '0.22'), (6, '0.0024'), (7, '0.2224'), (8, '0.00'), (9, '0.0079'), (10, '0.2279'), (11, '0.0096')]"
FUND000020,KR5160420009,S-P,CLASS000254,EXACT_NORMALIZED_MATCH,수수료미징구-온라인슈퍼-개인연금,미징구,온라인슈퍼,개인연금,True,,없음,없음,없음,,0.18,0.06,0.00,0.1823,"{""1y"":""19"",""2y"":""39"",""3y"":""59"",""5y"":""104"",""10y"":""236""}","[{""label"":""management_fee"",""value"":""0.095""},{""label"":""trustee_fee"",""value"":""0.015""},{""label"":""admin_fee"",""value"":""0.01""},{""label"":""other_expense"",""value"":""0.0023""},{""label"":""transaction_cost"",""value"":""0.0105""}]","[26,27]",detail_table_cross_validated,0.7,"[상세표 보강] [(1, '0.095'), (2, '0.06'), (3, '0.015'), (4, '0.01'), (5, '0.18'), (6, '0.0023'), (7, '0.1823'), (8, '0.00'), (9, '0.0079'), (10, '0.1879'), (11, '0.0105')]"
FUND000017,KR516702010M,C,CLASS000236,EXACT_NORMALIZED_MATCH,수수료미징구-오프라인,미징구,오프라인,,True,,없음,없음,없음,없음,1.5300,0.9500,1.5800,1.5347,"{""1y"":""157"",""2y"":""320"",""3y"":""488"",""5y"":""842"",""10y"":""1839""}","[{""label"":""management_fee"",""value"":""0.5400""},{""label"":""trustee_fee"",""value"":""0.0300""},{""label"":""admin_fee"",""value"":""0.0100""},{""label"":""other_expense"",""value"":""0.0047""},{""label"":""transaction_cost"",""value"":""0.1351""}]","[4,22]",cell_grid,1.0,"클래스명: 수수료미징구- 오프라인(C) -개인연금 | - - 1.5300 0.9500 1.5800 1.5347 157 320 488 842 1,839"
FUND000017,KR516702010M,Ce,CLASS000237,EXACT_NORMALIZED_MATCH,수수료미징구-온라인,미징구,온라인,,True,,없음,없음,없음,없음,1.0500,0.4700,1.1600,1.0546,"{""1y"":""108"",""2y"":""220"",""3y"":""337"",""5y"":""585"",""10y"":""1293""}","[{""label"":""management_fee"",""value"":""0.5400""},{""label"":""trustee_fee"",""value"":""0.0300""},{""label"":""admin_fee"",""value"":""0.0100""},{""label"":""other_expense"",""value"":""0.0046""},{""label"":""transaction_cost"",""value"":""0.1351""}]","[4,22]",cell_grid,1.0,"클래스명: 수수료미징구- 온라인(Ce) 투자비용 -개인연금 | - - 1.0500 0.4700 1.1600 1.0546 108 220 337 585 1,293"
FUND000017,KR516702010M,S-P,CLASS000238,EXACT_NORMALIZED_MATCH,수수료미징구-온라인슈퍼,미징구,온라인슈퍼,,True,,없음,없음,없음,없음,0.8600,0.2800,-,0.8645,"{""1y"":""89"",""2y"":""181"",""3y"":""277"",""5y"":""481"",""10y"":""1070""}","[{""label"":""management_fee"",""value"":""0.5400""},{""label"":""trustee_fee"",""value"":""0.0300""},{""label"":""admin_fee"",""value"":""0.0100""},{""label"":""other_expense"",""value"":""0.0045""},{""label"":""transaction_cost"",""value"":""0.1356""}]","[4,22]",cell_grid,1.0,"클래스명: 수수료미징구 온라인슈퍼(S-P) -개인연금 | - - 0.8600 0.2800 - 0.8645 89 181 277 481 1,070"
FUND000013,KR5169950018,A,CLASS000171,EXACT_NORMALIZED_MATCH,수수료선취-오프라인,선취,오프라인,,True,제한없음,1.0% 이내,,,,1.455,0.600,1.370,1.457,"{""1y"":""246"",""2y"":""398"",""3y"":""556"",""5y"":""888"",""10y"":""1831""}","[{""label"":""management_fee"",""value"":""0.800""},{""label"":""trustee_fee"",""value"":""0.040""},{""label"":""admin_fee"",""value"":""0.015""},{""label"":""other_expense"",""value"":""0.002""},{""label"":""transaction_cost"",""value"":""1.336""}]","[3,34]",cell_grid,1.0,"클래스명: 수수료선취- 오프라인형(A) | 납입금액의 1.0%이내 납입금액의 1.0%이내 1.455 0.600 1.370 1.457 246 398 556 888 1,831"
FUND000013,KR5169950018,A-e,CLASS000172,EXACT_NORMALIZED_MATCH,수수료선취-온라인,선취,온라인,,True,온라인 가입자,0.5% 이내,,,,1.155,0.300,1.030,1.157,"{""1y"":""167"",""2y"":""289"",""3y"":""416"",""5y"":""684"",""10y"":""1453""}","[{""label"":""management_fee"",""value"":""0.800""},{""label"":""trustee_fee"",""value"":""0.040""},{""label"":""admin_fee"",""value"":""0.015""},{""label"":""other_expense"",""value"":""0.002""},{""label"":""transaction_cost"",""value"":""1.785""}]","[3,34]",cell_grid,1.0,"클래스명: 수수료선취- 온라인형(A-e) | 납입금액의 0.5%이내 납입금액의 0.5%이내 1.155 0.300 1.030 1.157 167 289 416 684 1,453"
FUND000013,KR5169950018,AG,CLASS000173,EXACT_NORMALIZED_MATCH,수수료선취-오프라인-무권유저비용형,선취,오프라인,,True,투자자문업자로부터 투자자문을 받고 그 결과에 따라 집합투자증권 매수를 요청 하는 등 금융기관으로부터 별도의 투자 권유 없이 집합투자증권을 매수하는 가 입자,0.7% 이내,,,,1.275,0.420,-,1.275,"{""1y"":""199"",""2y"":""332"",""3y"":""471"",""5y"":""765"",""10y"":""1604""}","[{""label"":""management_fee"",""value"":""0.800""},{""label"":""trustee_fee"",""value"":""0.040""},{""label"":""admin_fee"",""value"":""0.015""},{""label"":""other_expense"",""value"":""0.000""},{""label"":""transaction_cost"",""value"":""0.000""}]","[34,35]",detail_table_cross_validated,0.7,"[상세표 보강] [(1, '0.800'), (2, '0.420'), (3, '0.040'), (4, '0.015'), (5, '1.275'), (6, '0.000'), (7, '1.275'), (9, '1.275'), (10, '0.000')]"
FUND000013,KR5169950018,C,CLASS000174,EXACT_NORMALIZED_MATCH,수수료미징구-오프라인,미징구,오프라인,,True,제한없음,,,,,1.805,0.950,1.580,1.807,"{""1y"":""184"",""2y"":""373"",""3y"":""568"",""5y"":""979"",""10y"":""2127""}","[{""label"":""management_fee"",""value"":""0.800""},{""label"":""trustee_fee"",""value"":""0.040""},{""label"":""admin_fee"",""value"":""0.015""},{""label"":""other_expense"",""value"":""0.000""},{""label"":""transaction_cost"",""value"":""0.000""}]","[3,34]",cell_grid,1.0,"클래스명: 수수료미징구- 오프라인형(C) 투자비용 | 없음 없음 1.805 0.950 1.580 1,807 184 373 568 979 2,127"
FUND000013,KR5169950018,C-I,CLASS000177,EXACT_NORMALIZED_MATCH,수수료미징구-오프라인-기관형,미징구,오프라인,,False,법에서 정하는 집합투자기구(외국 법령 에 의한 것으로서 집합투자기구의 성질 을 가진 것을 포함한다) 법시행령 제10조 제2항 및 금융투자업규 정 제1-4조에서 정하는 기관투자자 또는 국가재정법에 따른 기금(외국의 법령상 이에 준하는 자를 포함한다),,,,,0.885,0.030,-,0.887,"{""1y"":""91"",""2y"":""187"",""3y"":""286"",""5y"":""497"",""10y"":""1107""}","[{""label"":""management_fee"",""value"":""0.800""},{""label"":""trustee_fee"",""value"":""0.040""},{""label"":""admin_fee"",""value"":""0.015""},{""label"":""other_expense"",""value"":""0.002""},{""label"":""transaction_cost"",""value"":""1.259""}]","[34,35]",detail_table_cross_validated,0.7,"[상세표 보강] [(1, '0.800'), (2, '0.030'), (3, '0.040'), (4, '0.015'), (5, '0.885'), (6, '0.002'), (7, '0.887'), (9, '0.895'), (10, '1.259')]"
FUND000013,KR5169950018,C-P,CLASS000181,EXACT_NORMALIZED_MATCH,수수료미징구-오프라인-개인연금형,미징구,오프라인,개인연금,True,소득세법 제20조의3 및 소득세법시행령 제40조의2에 따른 연금저축계좌를 통하,,,,,1.655,0.800,-,1.655,"{""1y"":""173"",""2y"":""352"",""3y"":""537"",""5y"":""925"",""10y"":""2016""}","[{""label"":""management_fee"",""value"":""0.800""},{""label"":""trustee_fee"",""value"":""0.040""},{""label"":""admin_fee"",""value"":""0.015""},{""label"":""other_expense"",""value"":""0.000""},{""label"":""transaction_cost"",""value"":""1.827""}]","[34,35]",detail_table_cross_validated,0.7,"[상세표 보강] [(1, '0.800'), (2, '0.800'), (3, '0.040'), (4, '0.015'), (5, '1.655'), (6, '0.000'), (7, '1.655'), (9, '1.702'), (10, '1.827')]"
FUND000013,KR5169950018,C-P2,CLASS000184,EXACT_NORMALIZED_MATCH,수수료미징구-오프라인-퇴직연금형,미징구,오프라인,퇴직연금,True,"득세법시행령 제40조의2에 따른 연금저 축계좌를 통하여 가입한 자 근로자퇴직급여보장법에 의한 퇴직연 금 및 개인퇴직연금(IRP), 퇴직연금사업",,,,,1.555,0.700,-,1.556,"{""1y"":""167"",""2y"":""340"",""3y"":""518"",""5y"":""894"",""10y"":""1951""}","[{""label"":""management_fee"",""value"":""0.800""},{""label"":""trustee_fee"",""value"":""0.040""},{""label"":""admin_fee"",""value"":""0.015""},{""label"":""other_expense"",""value"":""0.001""},{""label"":""transaction_cost"",""value"":""2.142""}]","[34,35]",detail_table_cross_validated,0.7,"[상세표 보강] [(1, '0.800'), (2, '0.700'), (3, '0.040'), (4, '0.015'), (5, '1.555'), (6, '0.001'), (7, '1.556'), (9, '1.642'), (10, '2.142')]"
FUND000013,KR5169950018,C-P2e,CLASS000185,EXACT_NORMALIZED_MATCH,수수료미징구-온라인-퇴직연금형,미징구,온라인,퇴직연금,True,"판매회사 등이 제공하는 전자매체(온라 인)를 통하여 가입하며, 근로자퇴직급여",,,,,1.205,0.350,-,1.207,"{""1y"":""126"",""2y"":""257"",""3y"":""392"",""5y"":""679"",""10y"":""1499""}","[{""label"":""management_fee"",""value"":""0.800""},{""label"":""trustee_fee"",""value"":""0.040""},{""label"":""admin_fee"",""value"":""0.015""},{""label"":""other_expense"",""value"":""0.002""},{""label"":""transaction_cost"",""value"":""1.531""}]","[34,35]",detail_table_cross_validated,0.7,"[상세표 보강] [(1, '0.800'), (2, '0.350'), (3, '0.040'), (4, '0.015'), (5, '1.205'), (6, '0.002'), (7, '1.207'), (9, '1.235'), (10, '1.531')]"
FUND000013,KR5169950018,C-Pe,CLASS000182,EXACT_NORMALIZED_MATCH,수수료미징구-온라인-개인연금형,미징구,온라인,개인연금,True,판매회사의 전자매체(온라인)를 통하여 가입한 자로서 소득세법 제20조의3 및,,,,,1.255,0.400,-,1.257,"{""1y"":""133"",""2y"":""270"",""3y"":""413"",""5y"":""715"",""10y"":""1575""}","[{""label"":""management_fee"",""value"":""0.800""},{""label"":""trustee_fee"",""value"":""0.040""},{""label"":""admin_fee"",""value"":""0.015""},{""label"":""other_expense"",""value"":""0.002""},{""label"":""transaction_cost"",""value"":""1.724""}]","[34,35]",detail_table_cross_validated,0.7,"[상세표 보강] [(1, '0.800'), (2, '0.400'), (3, '0.040'), (4, '0.015'), (5, '1.255'), (6, '0.002'), (7, '1.257'), (9, '1.302'), (10, '1.724')]"
FUND000013,KR5169950018,C-e,CLASS000175,EXACT_NORMALIZED_MATCH,수수료미징구-온라인,미징구,온라인,,True,온라인 가입자,,,,,1.325,0.470,1.160,1.327,"{""1y"":""135"",""2y"":""275"",""3y"":""421"",""5y"":""728"",""10y"":""1604""}","[{""label"":""management_fee"",""value"":""0.800""},{""label"":""trustee_fee"",""value"":""0.040""},{""label"":""admin_fee"",""value"":""0.015""},{""label"":""other_expense"",""value"":""0.002""},{""label"":""transaction_cost"",""value"":""1.428""}]","[3,34]",cell_grid,1.0,"클래스명: 수수료미징구- 온라인형(C-e) | 없음 없음 1.325 0.470 1.160 1,327 135 275 421 728 1,604"
FUND000013,KR5169950018,C-s,CLASS000179,EXACT_NORMALIZED_MATCH,수수료미징구-오프라인-집합투자업자형,미징구,오프라인,,False,당해 집합투자기구의 집합투자업자,,,,,0.865,0.010,-,0.867,"{""1y"":""89"",""2y"":""182"",""3y"":""279"",""5y"":""486"",""10y"":""1083""}","[{""label"":""management_fee"",""value"":""0.800""},{""label"":""trustee_fee"",""value"":""0.040""},{""label"":""admin_fee"",""value"":""0.015""},{""label"":""other_expense"",""value"":""0.002""},{""label"":""transaction_cost"",""value"":""1.258""}]","[34,35]",detail_table_cross_validated,0.7,"[상세표 보강] [(1, '0.800'), (2, '0.010'), (3, '0.040'), (4, '0.015'), (5, '0.865'), (6, '0.002'), (7, '0.867'), (9, '0.875'), (10, '1.258')]"
FUND000013,KR5169950018,C-w,CLASS000180,EXACT_NORMALIZED_MATCH,수수료미징구-오프라인-랩형,미징구,오프라인,,False,"랩어카운트, 특정금전신탁을 통해 가입하",,,,,0.855,0.000,-,0.855,"{""1y"":""87"",""2y"":""178"",""3y"":""273"",""5y"":""475"",""10y"":""1060""}","[{""label"":""management_fee"",""value"":""0.800""},{""label"":""trustee_fee"",""value"":""0.040""},{""label"":""admin_fee"",""value"":""0.015""},{""label"":""other_expense"",""value"":""0.000""},{""label"":""transaction_cost"",""value"":""0.000""}]","[34,35]",detail_table_cross_validated,0.7,"[상세표 보강] [(1, '0.800'), (2, '0.000'), (3, '0.040'), (4, '0.015'), (5, '0.855'), (6, '0.000'), (7, '0.855'), (9, '0.855'), (10, '0.000')]"
FUND000013,KR5169950018,CG,CLASS000176,EXACT_NORMALIZED_MATCH,수수료미징구-오프라인-무권유저비용형,미징구,오프라인,,True,투자자문업자로부터 투자자문을 받고 그 결과에 따라 집합투자증권 매수를 요청 하는 등 금융기관으로부터 별도의 투자 권유 없이 집합투자증권을 매수하는 가 입자,,,,,1.515,0.660,-,1.515,"{""1y"":""154"",""2y"":""314"",""3y"":""479"",""5y"":""828"",""10y"":""1813""}","[{""label"":""management_fee"",""value"":""0.800""},{""label"":""trustee_fee"",""value"":""0.040""},{""label"":""admin_fee"",""value"":""0.015""},{""label"":""other_expense"",""value"":""0.000""},{""label"":""transaction_cost"",""value"":""0.000""}]","[34,35]",detail_table_cross_validated,0.7,"[상세표 보강] [(1, '0.800'), (2, '0.660'), (3, '0.040'), (4, '0.015'), (5, '1.515'), (6, '0.000'), (7, '1.515'), (9, '1.515'), (10, '0.000')]"
FUND000013,KR5169950018,S,CLASS000178,EXACT_NORMALIZED_MATCH,수수료후취-온라인슈퍼,후취,온라인슈퍼,,True,"자산운용사의 공동판매채널로서의 역할 수행을 위해 모든 공모 S클래스를 취급 하고, 객관적 지표를 기준으로 상품을 노 출 및 배열하는 온라인판매시스템에 가 입한 자",,0.15% 이내,,,1.145,0.290,-,1.147,"{""1y"":""119"",""2y"":""243"",""3y"":""372"",""5y"":""645"",""10y"":""1425""}","[{""label"":""management_fee"",""value"":""0.800""},{""label"":""trustee_fee"",""value"":""0.040""},{""label"":""admin_fee"",""value"":""0.015""},{""label"":""other_expense"",""value"":""0.002""},{""label"":""transaction_cost"",""value"":""1.438""}]","[34,35]",detail_table_cross_validated,0.7,"[상세표 보강] [(1, '0.800'), (2, '0.290'), (3, '0.040'), (4, '0.015'), (5, '1.145'), (6, '0.002'), (7, '1.147'), (9, '1.170'), (10, '1.438')]"
FUND000013,KR5169950018,S-P,CLASS000183,EXACT_NORMALIZED_MATCH,수수료미징구-온라인슈퍼-개인연금형,미징구,온라인슈퍼,개인연금,True,"저축계좌를 통하여 가입한 자 자산운용사의 공동판매채널로서의 역할 수행을 위해 모든 공모 S클래스를 취급 하고, 객관적 지표를 기준으로 상품을 노 출 및 배열하는 온라인판매시스템에 가",,,,,1.125,0.270,-,1.125,"{""1y"":""116"",""2y"":""237"",""3y"":""362"",""5y"":""628"",""10y"":""1390""}","[{""label"":""management_fee"",""value"":""0.800""},{""label"":""trustee_fee"",""value"":""0.040""},{""label"":""admin_fee"",""value"":""0.015""},{""label"":""other_expense"",""value"":""0.000""},{""label"":""transaction_cost"",""value"":""1.330""}]","[34,35]",detail_table_cross_validated,0.7,"[상세표 보강] [(1, '0.800'), (2, '0.270'), (3, '0.040'), (4, '0.015'), (5, '1.125'), (6, '0.000'), (7, '1.125'), (9, '1.139'), (10, '1.330')]"
FUND000013,KR5169950018,S-P2,CLASS000186,EXACT_NORMALIZED_MATCH,수수료미징구-온라인슈퍼-퇴직연금형,미징구,온라인슈퍼,퇴직연금,True,"금(IRP), 퇴직연금사업자 자산운용사의 공동판매채널로서의 역할 수행을 위해 모든 공모 S클래스를 취급 하고, 객관적 지표를 기준으로 상품을 노 출 및 배열하는 온라인판매시스템에 가",,,,,1.085,0.230,-,1.085,"{""1y"":""112"",""2y"":""229"",""3y"":""350"",""5y"":""607"",""10y"":""1346""}","[{""label"":""management_fee"",""value"":""0.800""},{""label"":""trustee_fee"",""value"":""0.040""},{""label"":""admin_fee"",""value"":""0.015""},{""label"":""other_expense"",""value"":""0.000""},{""label"":""transaction_cost"",""value"":""1.345""}]","[34,35]",detail_table_cross_validated,0.7,"[상세표 보강] [(1, '0.800'), (2, '0.230'), (3, '0.040'), (4, '0.015'), (5, '1.085'), (6, '0.000'), (7, '1.085'), (9, '1.100'), (10, '1.345')]"
FUND000014,KR5172450019,A,CLASS000187,EXACT_NORMALIZED_MATCH,수수료선취-오프라인,선취,오프라인,,True,,납입금액의 1.0% 이내,없음,없음,,1.697,0.900,1.370,1.698,"{""1y"":""277"",""2y"":""459"",""3y"":""647"",""5y"":""1041"",""10y"":""2144""}","[{""label"":""management_fee"",""value"":""0.750""},{""label"":""trustee_fee"",""value"":""0.030""},{""label"":""admin_fee"",""value"":""0.017""},{""label"":""other_expense"",""value"":""0.001""},{""label"":""transaction_cost"",""value"":""0.109""}]","[4,26]",cell_grid,1.0,"클래스명: 수수료선취- 오프라인(A) | 납입금액의 1.0%이내 수수료선취- 오프라인(A) 납입금액의 1.0%이내 1.697 0.900 1.370 1.698 277 459 647 1,041 2,144"
FUND000014,KR5172450019,Ae,CLASS000204,EXACT_NORMALIZED_MATCH,수수료선취-온라인,선취,온라인,,True,,납입금액의 0.5% 이내,없음,없음,,1.247,0.450,1.020,1.248,"{""1y"":""180"",""2y"":""316"",""3y"":""456"",""5y"":""752"",""10y"":""1593""}","[{""label"":""management_fee"",""value"":""0.750""},{""label"":""trustee_fee"",""value"":""0.030""},{""label"":""admin_fee"",""value"":""0.017""},{""label"":""other_expense"",""value"":""0.001""},{""label"":""transaction_cost"",""value"":""0.109""}]","[4,26]",cell_grid,1.0,"클래스명: 수수료선취- 온라인(Ae) | 납입금액의 0.5%이내 수수료선취- 온라인(Ae) 납입금액의 0.5%이내 1.247 0.450 1.020 1.248 180 316 456 752 1,593"
FUND000014,KR5172450019,C1,CLASS000188,EXACT_NORMALIZED_MATCH,수수료미징구-오프라인-보수체감,미징구,오프라인,,True,,없음,없음,없음,,2.297,1.500,1.580,2.298,{},"[{""label"":""management_fee"",""value"":""0.750""},{""label"":""trustee_fee"",""value"":""0.030""},{""label"":""admin_fee"",""value"":""0.017""},{""label"":""other_expense"",""value"":""0.001""},{""label"":""transaction_cost"",""value"":""0.109""}]",[26],detail_table_cross_validated,0.7,"[상세표 보강] [(1, '0.750'), (2, '1.500'), (3, '0.030'), (4, '0.017'), (5, '2.297'), (6, '0.001'), (7, '2.298'), (8, '1.580'), (9, '0.109')]"
FUND000014,KR5172450019,C2,CLASS000189,EXACT_NORMALIZED_MATCH,수수료미징구-오프라인-보수체감,미징구,오프라인,,True,,없음,없음,없음,,2.147,1.350,-,2.148,{},"[{""label"":""management_fee"",""value"":""0.750""},{""label"":""trustee_fee"",""value"":""0.030""},{""label"":""admin_fee"",""value"":""0.017""},{""label"":""other_expense"",""value"":""0.001""},{""label"":""transaction_cost"",""value"":""0.109""}]",[26],detail_table_cross_validated,0.7,"[상세표 보강] [(1, '0.750'), (2, '1.350'), (3, '0.030'), (4, '0.017'), (5, '2.147'), (6, '0.001'), (7, '2.148'), (9, '0.109')]"
FUND000014,KR5172450019,C3,CLASS000190,EXACT_NORMALIZED_MATCH,수수료미징구-오프라인-보수체감,미징구,오프라인,,True,,없음,없음,없음,,2.017,1.220,-,2.018,{},"[{""label"":""management_fee"",""value"":""0.750""},{""label"":""trustee_fee"",""value"":""0.030""},{""label"":""admin_fee"",""value"":""0.017""},{""label"":""other_expense"",""value"":""0.001""},{""label"":""transaction_cost"",""value"":""0.109""}]",[26],detail_table_cross_validated,0.7,"[상세표 보강] [(1, '0.750'), (2, '1.220'), (3, '0.030'), (4, '0.017'), (5, '2.017'), (6, '0.001'), (7, '2.018'), (9, '0.109')]"
FUND000014,KR5172450019,C4,CLASS000191,EXACT_NORMALIZED_MATCH,수수료미징구-오프라인-보수체감,미징구,오프라인,,True,,없음,없음,없음,,1.897,1.100,1.580,1.898,"{""1y"":""241"",""2y"":""473"",""3y"":""696"",""5y"":""1123"",""10y"":""2280""}","[{""label"":""management_fee"",""value"":""0.750""},{""label"":""trustee_fee"",""value"":""0.030""},{""label"":""admin_fee"",""value"":""0.017""},{""label"":""other_expense"",""value"":""0.001""},{""label"":""transaction_cost"",""value"":""0.109""}]","[4,26]",cell_grid,1.0,"클래스명: 수수료미징구- 오프라인- 보수체감(C4) | 없음 수수료미징구- 오프라인- 보수체감(C4) 없음 1.897 1.100 1.580 1.898 241 473 696 1,123 2,280"
FUND000014,KR5172450019,C5,CLASS000192,EXACT_NORMALIZED_MATCH,수수료미징구-오프라인-보수체감,미징구,오프라인,,True,,없음,없음,없음,,1.797,1.000,-,1.798,{},"[{""label"":""management_fee"",""value"":""0.750""},{""label"":""trustee_fee"",""value"":""0.030""},{""label"":""admin_fee"",""value"":""0.017""},{""label"":""other_expense"",""value"":""0.001""},{""label"":""transaction_cost"",""value"":""0.109""}]",[26],detail_table_cross_validated,0.7,"[상세표 보강] [(1, '0.750'), (2, '1.000'), (3, '0.030'), (4, '0.017'), (5, '1.797'), (6, '0.001'), (7, '1.798'), (9, '0.109')]"
FUND000014,KR5172450019,CG,CLASS000197,EXACT_NORMALIZED_MATCH,수수료미징구-오프라인-무권유저비용,미징구,오프라인,,True,,없음,없음,없음,,1.777,0.980,-,1.778,"{""1y"":""187"",""2y"":""379"",""3y"":""578"",""5y"":""994"",""10y"":""2153""}","[{""label"":""management_fee"",""value"":""0.750""},{""label"":""trustee_fee"",""value"":""0.030""},{""label"":""admin_fee"",""value"":""0.017""},{""label"":""other_expense"",""value"":""0.001""},{""label"":""transaction_cost"",""value"":""0.109""}]","[26,25,27]",detail_table_cross_validated,0.7,"[상세표 보강] [(1, '0.750'), (2, '0.980'), (3, '0.030'), (4, '0.017'), (5, '1.777'), (6, '0.001'), (7, '1.778'), (9, '0.109')]"
FUND000014,KR5172450019,Ce,CLASS000193,EXACT_NORMALIZED_MATCH,수수료미징구-온라인,미징구,온라인,,True,,없음,없음,없음,,1.797,1.000,1.160,1.798,"{""1y"":""189"",""2y"":""383"",""3y"":""584"",""5y"":""1005"",""10y"":""2175""}","[{""label"":""management_fee"",""value"":""0.750""},{""label"":""trustee_fee"",""value"":""0.030""},{""label"":""admin_fee"",""value"":""0.017""},{""label"":""other_expense"",""value"":""0.001""},{""label"":""transaction_cost"",""value"":""0.109""}]","[4,26]",cell_grid,1.0,"클래스명: 수수료미징구- 온라인(Ce) | 없음 수수료미징구- 온라인(Ce) 없음 1.797 1.000 1.160 1.798 189 383 584 1,005 2,175"
FUND000014,KR5172450019,Cp,CLASS000198,EXACT_NORMALIZED_MATCH,수수료미징구-오프라인-개인연금,미징구,오프라인,개인연금,True,,없음,없음,없음,,1.517,0.720,-,1.518,"{""1y"":""159"",""2y"":""324"",""3y"":""495"",""5y"":""853"",""10y"":""1862""}","[{""label"":""management_fee"",""value"":""0.750""},{""label"":""trustee_fee"",""value"":""0.030""},{""label"":""admin_fee"",""value"":""0.017""},{""label"":""other_expense"",""value"":""0.001""},{""label"":""transaction_cost"",""value"":""0.109""}]","[26,25,27]",detail_table_cross_validated,0.7,"[상세표 보강] [(1, '0.750'), (2, '0.720'), (3, '0.030'), (4, '0.017'), (5, '1.517'), (6, '0.001'), (7, '1.518'), (9, '0.109')]"
FUND000014,KR5172450019,Cp-E,CLASS000199,EXACT_NORMALIZED_MATCH,수수료미징구-온라인-개인연금,미징구,온라인,개인연금,True,,없음,없음,없음,,1.157,0.360,-,1.158,"{""1y"":""122"",""2y"":""248"",""3y"":""379"",""5y"":""656"",""10y"":""1445""}","[{""label"":""management_fee"",""value"":""0.750""},{""label"":""trustee_fee"",""value"":""0.030""},{""label"":""admin_fee"",""value"":""0.017""},{""label"":""other_expense"",""value"":""0.001""},{""label"":""transaction_cost"",""value"":""0.109""}]","[26,25,27]",detail_table_cross_validated,0.7,"[상세표 보강] [(1, '0.750'), (2, '0.360'), (3, '0.030'), (4, '0.017'), (5, '1.157'), (6, '0.001'), (7, '1.158'), (9, '0.109')]"
FUND000014,KR5172450019,Cp2,CLASS000201,EXACT_NORMALIZED_MATCH,수수료미징구-오프라인-퇴직연금,미징구,오프라인,퇴직연금,True,,없음,없음,없음,,1.647,0.850,-,1.648,"{""1y"":""173"",""2y"":""352"",""3y"":""536"",""5y"":""924"",""10y"":""2009""}","[{""label"":""management_fee"",""value"":""0.750""},{""label"":""trustee_fee"",""value"":""0.030""},{""label"":""admin_fee"",""value"":""0.017""},{""label"":""other_expense"",""value"":""0.001""},{""label"":""transaction_cost"",""value"":""0.109""}]","[27,25,28]",detail_table_cross_validated,0.7,"[상세표 보강] [(1, '0.750'), (2, '0.850'), (3, '0.030'), (4, '0.017'), (5, '1.647'), (6, '0.001'), (7, '1.648'), (9, '0.109')]"
FUND000014,KR5172450019,Cp2-E,CLASS000203,EXACT_NORMALIZED_MATCH,수수료미징구-온라인-퇴직연금,미징구,온라인,퇴직연금,True,,없음,없음,없음,,1.222,0.425,-,1.223,"{""1y"":""128"",""2y"":""262"",""3y"":""400"",""5y"":""692"",""10y"":""1522""}","[{""label"":""management_fee"",""value"":""0.750""},{""label"":""trustee_fee"",""value"":""0.030""},{""label"":""admin_fee"",""value"":""0.017""},{""label"":""other_expense"",""value"":""0.001""},{""label"":""transaction_cost"",""value"":""0.109""}]","[27,25,28]",detail_table_cross_validated,0.7,"[상세표 보강] [(1, '0.750'), (2, '0.425'), (3, '0.030'), (4, '0.017'), (5, '1.222'), (6, '0.001'), (7, '1.223'), (9, '0.109')]"
FUND000014,KR5172450019,Cp2-F,CLASS000202,EXACT_NORMALIZED_MATCH,"수수료미징구-오프라인-퇴직연금,기관",미징구,오프라인,퇴직연금,False,,없음,없음,없음,,0.822,0.025,-,0.823,"{""1y"":""86"",""2y"":""176"",""3y"":""270"",""5y"":""469"",""10y"":""1044""}","[{""label"":""management_fee"",""value"":""0.750""},{""label"":""trustee_fee"",""value"":""0.030""},{""label"":""admin_fee"",""value"":""0.017""},{""label"":""other_expense"",""value"":""0.001""},{""label"":""transaction_cost"",""value"":""0.109""}]","[27,25,28]",detail_table_cross_validated,0.7,"[상세표 보강] [(1, '0.750'), (2, '0.025'), (3, '0.030'), (4, '0.017'), (5, '0.822'), (6, '0.001'), (7, '0.823'), (9, '0.109')]"
FUND000014,KR5172450019,I,CLASS000195,EXACT_NORMALIZED_MATCH,수수료미징구-오프라인-고액,미징구,오프라인,,False,,없음,없음,없음,,0.827,0.030,-,0.828,"{""1y"":""87"",""2y"":""177"",""3y"":""271"",""5y"":""472"",""10y"":""1049""}","[{""label"":""management_fee"",""value"":""0.750""},{""label"":""trustee_fee"",""value"":""0.030""},{""label"":""admin_fee"",""value"":""0.017""},{""label"":""other_expense"",""value"":""0.001""},{""label"":""transaction_cost"",""value"":""0.109""}]","[26,25,27]",detail_table_cross_validated,0.7,"[상세표 보강] [(1, '0.750'), (2, '0.030'), (3, '0.030'), (4, '0.017'), (5, '0.827'), (6, '0.001'), (7, '0.828'), (9, '0.109')]"
FUND000014,KR5172450019,S,CLASS000196,EXACT_NORMALIZED_MATCH,수수료후취-온라인슈퍼,후취,온라인슈퍼,,True,,,3년 이내 환매시 환매금액의 0.15% 이내,없음,,1.147,0.350,-,1.148,"{""1y"":""121"",""2y"":""246"",""3y"":""376"",""5y"":""650"",""10y"":""1434""}","[{""label"":""management_fee"",""value"":""0.750""},{""label"":""trustee_fee"",""value"":""0.030""},{""label"":""admin_fee"",""value"":""0.017""},{""label"":""other_expense"",""value"":""0.001""},{""label"":""transaction_cost"",""value"":""0.109""}]","[26,25,27]",detail_table_cross_validated,0.7,"[상세표 보강] [(1, '0.750'), (2, '0.350'), (3, '0.030'), (4, '0.017'), (5, '1.147'), (6, '0.001'), (7, '1.148'), (9, '0.109')]"
FUND000014,KR5172450019,S-P,CLASS000200,EXACT_NORMALIZED_MATCH,수수료미징구-온라인슈퍼-개인연금,미징구,온라인슈퍼,개인연금,True,,없음,없음,없음,,1.077,0.280,-,1.078,"{""1y"":""113"",""2y"":""231"",""3y"":""353"",""5y"":""611"",""10y"":""1351""}","[{""label"":""management_fee"",""value"":""0.750""},{""label"":""trustee_fee"",""value"":""0.030""},{""label"":""admin_fee"",""value"":""0.017""},{""label"":""other_expense"",""value"":""0.001""},{""label"":""transaction_cost"",""value"":""0.109""}]","[26,25,27]",detail_table_cross_validated,0.7,"[상세표 보강] [(1, '0.750'), (2, '0.280'), (3, '0.030'), (4, '0.017'), (5, '1.077'), (6, '0.001'), (7, '1.078'), (9, '0.109')]"
FUND000014,KR5172450019,W,CLASS000194,EXACT_NORMALIZED_MATCH,수수료미징구-오프라인-랩,미징구,오프라인,,False,,없음,없음,없음,,0.797,0.000,-,0.798,"{""1y"":""84"",""2y"":""171"",""3y"":""262"",""5y"":""455"",""10y"":""1014""}","[{""label"":""management_fee"",""value"":""0.750""},{""label"":""trustee_fee"",""value"":""0.030""},{""label"":""admin_fee"",""value"":""0.017""},{""label"":""other_expense"",""value"":""0.001""},{""label"":""transaction_cost"",""value"":""0.109""}]","[26,25,27]",detail_table_cross_validated,0.7,"[상세표 보강] [(1, '0.750'), (2, '0.000'), (3, '0.030'), (4, '0.017'), (5, '0.797'), (6, '0.001'), (7, '0.798'), (9, '0.109')]"
FUND000019,KR5174420011,C,CLASS000241,EXACT_NORMALIZED_MATCH,수수료미징구-오프라인-개인연금,미징구,오프라인,개인연금,True,,없음,없음,없음,없음,0.538,0.35,0.400,0.5500,"{""1y"":""56"",""2y"":""115"",""3y"":""177"",""5y"":""308"",""10y"":""691""}","[{""label"":""management_fee"",""value"":""0.1500""},{""label"":""trustee_fee"",""value"":""0.0200""},{""label"":""admin_fee"",""value"":""0.0180""},{""label"":""other_expense"",""value"":""0.0026""},{""label"":""transaction_cost"",""value"":""0.0024""}]","[4,26]",cell_grid,1.0,클래스명: 수수료미징구- 오프라인형(C) | 없음 없음 0.538% 0.35% 0.400% 0.5500% 56 115 177 308 691
FUND000019,KR5174420011,C-E,CLASS000243,EXACT_NORMALIZED_MATCH,수수료미징구-온라인-개인연금,미징구,온라인,개인연금,True,,없음,없음,없음,없음,0.358,0.17,0.270,0.3696,"{""1y"":""38"",""2y"":""78"",""3y"":""119"",""5y"":""208"",""10y"":""468""}","[{""label"":""management_fee"",""value"":""0.1500""},{""label"":""trustee_fee"",""value"":""0.0200""},{""label"":""admin_fee"",""value"":""0.0180""},{""label"":""other_expense"",""value"":""0.0022""},{""label"":""transaction_cost"",""value"":""0.0024""}]","[4,27]",cell_grid,1.0,클래스명: 투자비용 수수료미징구- 온라인형(C-E) | 없음 없음 0.358% 0.17% 0.270% 0.3696% 38 78 119 208 468
FUND000019,KR5174420011,S-P,CLASS000242,EXACT_NORMALIZED_MATCH,수수료미징구-온라인슈퍼-개인연금,미징구,온라인슈퍼,개인연금,True,,없음,없음,없음,없음,0.3380,0.1500,-,0.3404,"{""1y"":""36"",""2y"":""73"",""3y"":""113"",""5y"":""197"",""10y"":""443""}","[{""label"":""management_fee"",""value"":""0.1500""},{""label"":""trustee_fee"",""value"":""0.0200""},{""label"":""admin_fee"",""value"":""0.0180""},{""label"":""other_expense"",""value"":""0.0024""},{""label"":""transaction_cost"",""value"":""0.0024""}]","[27,28]",detail_table_cross_validated,0.7,"[상세표 보강] [(1, '0.1500'), (2, '0.1500'), (3, '0.0200'), (4, '0.0180'), (5, '0.3380'), (7, '0.0024'), (8, '0.3404'), (9, '0.3497'), (10, '0.0024')]"
FUND000075,KR518101002M,C,CLASS000883,EXACT_NORMALIZED_MATCH,수수료미징구-오프라인-퇴직연금,미징구,오프라인,퇴직연금,True,근로자퇴직급여보장법에 의한 퇴직연 금 및 개인퇴직계좌,없음,없음,없음,없음,0.38,0.2,-,0.39,"{""1y"":""39"",""2y"":""81"",""3y"":""125"",""5y"":""219"",""10y"":""487""}","[{""label"":""management_fee"",""value"":""0.15""},{""label"":""trustee_fee"",""value"":""0.02""},{""label"":""admin_fee"",""value"":""0.01""}]","[3,12]",cell_grid,1.0,클래스명: 수수료미징구-오프라인-퇴 직연금(C) | - 수수료미징구-오프라인-퇴 직연금(C) - 0.38 0.2 - 0.39 39 81 125 219 487
FUND000075,KR518101002M,C-F,CLASS000884,EXACT_NORMALIZED_MATCH,"수수료미징구-직판-퇴직연금,펀드등",미징구,직판,퇴직연금,False,집합투자업자가 판매하는 수익증권에,없음,없음,없음,없음,0.18,-,-,0.18,"{""1y"":""18"",""2y"":""37"",""3y"":""58"",""5y"":""101"",""10y"":""224""}","[{""label"":""management_fee"",""value"":""0.15""},{""label"":""trustee_fee"",""value"":""0.02""},{""label"":""admin_fee"",""value"":""0.01""}]","[22,21,23]",detail_table_cross_validated,0.7,"[상세표 보강] [(1, '0.15'), (3, '0.02'), (4, '0.01'), (5, '0.18'), (7, '0.18'), (9, '0.18')]"
FUND000075,KR518101002M,C-P2I,CLASS000886,EXACT_NORMALIZED_MATCH,"수수료미징구-오프라인-퇴직연금,고액",미징구,오프라인,퇴직연금,False,근로자퇴직급여보장법에 의한 확정급 여형퇴직연금제도를 설정한 사용자 중 30억 이상 투자자 및 퇴직연금사업자,없음,없음,없음,없음,0.2300,0.05,-,0.23,"{""1y"":""23"",""2y"":""48"",""3y"":""74"",""5y"":""129"",""10y"":""287""}","[{""label"":""management_fee"",""value"":""0.15""},{""label"":""trustee_fee"",""value"":""0.02""},{""label"":""admin_fee"",""value"":""0.01""}]","[12,22,23]",detail_table_cross_validated,0.7,"[상세표 보강] [(4, '0.15'), (5, '0.05'), (6, '0.02'), (7, '0.01')]"
FUND000075,KR518101002M,C-P2e,CLASS000885,EXACT_NORMALIZED_MATCH,수수료미징구-온라인-퇴직연금,미징구,온라인,퇴직연금,True,"근로자퇴직급여보장법에 의한 퇴직연 금 및 개인퇴직계좌, 퇴직연금사업자 중 온라인 가입자",없음,없음,없음,없음,0.28,0.1,-,0.28,"{""1y"":""28"",""2y"":""58"",""3y"":""90"",""5y"":""157"",""10y"":""349""}","[{""label"":""management_fee"",""value"":""0.15""},{""label"":""trustee_fee"",""value"":""0.02""},{""label"":""admin_fee"",""value"":""0.01""}]","[3,12]",cell_grid,1.0,클래스명: 수수료미징구-온라인-퇴직 연금(C-P2e) | - 수수료미징구-온라인-퇴직 연금(C-P2e) - 0.28 0.1 - 0.28 28 58 90 157 349
FUND000092,KR518101012M,C,CLASS001069,EXACT_NORMALIZED_MATCH,수수료미징구-오프라인-퇴직연금,미징구,오프라인,퇴직연금,True,,없음,없음,90일 미만 : 이익금의 30%,,0.5400,0.3950,0.3900,0.5517,"{""1y"":""57"",""2y"":""116"",""3y"":""177"",""5y"":""309"",""10y"":""693""}","[{""label"":""management_fee"",""value"":""0.1100""},{""label"":""trustee_fee"",""value"":""0.0200""},{""label"":""admin_fee"",""value"":""0.0150""},{""label"":""other_expense"",""value"":""0.0027""},{""label"":""transaction_cost"",""value"":""0.0139""}]","[5,35]",cell_grid,1.0,클래스명: 수수료미 징구-오 프라인- 퇴직연금 (C) | 없음 수수료미 징구-오 프라인- 퇴직연금 (C) 없음 0.5400 0.3950 0.3900 0.5517 57 116 177 309 693
FUND000092,KR518101012M,C-e,CLASS001070,EXACT_NORMALIZED_MATCH,수수료미징구-온라인-퇴직연금,미징구,온라인,퇴직연금,True,,없음,없음,없음,,0.3430,0.1980,0.2500,0.3546,"{""1y"":""36"",""2y"":""74"",""3y"":""114"",""5y"":""199"",""10y"":""449""}","[{""label"":""management_fee"",""value"":""0.1100""},{""label"":""trustee_fee"",""value"":""0.0200""},{""label"":""admin_fee"",""value"":""0.0150""},{""label"":""other_expense"",""value"":""0.0027""},{""label"":""transaction_cost"",""value"":""0.0138""}]","[6,35]",cell_grid,1.0,클래스명: 수수료미 징구-온 라인-퇴 직연금 (C-e) | 없음 수수료미 징구-온 라인-퇴 직연금 (C-e) 없음 0.3430 0.1980 0.2500 0.3546 36 74 114 199 449
FUND000092,KR518101012M,S-R,CLASS001071,EXACT_NORMALIZED_MATCH,수수료미징구-온라인슈퍼-퇴직연금,미징구,온라인슈퍼,퇴직연금,True,,없음,없음,없음,,0.2450,0.1000,-,0.2538,"{""1y"":""26"",""2y"":""53"",""3y"":""82"",""5y"":""143"",""10y"":""323""}","[{""label"":""management_fee"",""value"":""0.1100""},{""label"":""trustee_fee"",""value"":""0.0200""},{""label"":""admin_fee"",""value"":""0.0150""},{""label"":""other_expense"",""value"":""0.0000""},{""label"":""transaction_cost"",""value"":""0.0137""}]","[35,37]",detail_table_cross_validated,0.7,"[상세표 보강] [(1, '0.1100'), (2, '0.1000'), (3, '0.0200'), (4, '0.0150'), (5, '0.2450'), (6, '0.0000'), (7, '0.2450'), (9, '0.2538'), (10, '0.0137')]"
FUND000063,KR518102001M,C,CLASS000800,EXACT_NORMALIZED_MATCH,수수료미징구-오프라인-퇴직연금,미징구,오프라인,퇴직연금,True,근로자퇴직급여보장법에 의한 퇴직연 금 가입자,없음,없음,없음,없음,0.95,0.5,-,0.95,"{""1y"":""97"",""2y"":""199"",""3y"":""306"",""5y"":""534"",""10y"":""1187""}","[{""label"":""management_fee"",""value"":""0.4""},{""label"":""trustee_fee"",""value"":""0.03""},{""label"":""admin_fee"",""value"":""0.02""}]","[3,12]",cell_grid,1.0,클래스명: 수수료미징구-오프라인-퇴 직연금(C) | - 수수료미징구-오프라인-퇴 직연금(C) - 0.95 0.5 - 0.95 97 199 306 534 1187
FUND000063,KR518102001M,C-F,CLASS000801,EXACT_NORMALIZED_MATCH,"수수료미징구-직판-퇴직연금,펀드등",미징구,직판,퇴직연금,False,집합투자업자가 판매하는 수익증권에 가입하는 것으로 근로자퇴직급여보장 법에 의한 퇴직연금 가입자를 대상으로 하는 집합투자기구 또는 퇴직연금보험,없음,없음,없음,없음,0.45,-,-,0.45,"{""1y"":""46"",""2y"":""94"",""3y"":""145"",""5y"":""253"",""10y"":""562""}","[{""label"":""management_fee"",""value"":""0.4""},{""label"":""trustee_fee"",""value"":""0.03""},{""label"":""admin_fee"",""value"":""0.02""}]","[22,21]",detail_table_cross_validated,0.7,"[상세표 보강] [(1, '0.4'), (3, '0.03'), (4, '0.02'), (5, '0.45'), (7, '0.45'), (9, '0.45')]"
FUND000063,KR518102001M,C-P2e,CLASS000802,EXACT_NORMALIZED_MATCH,수수료미징구-온라인-퇴직연금,미징구,온라인,퇴직연금,True,"근로자퇴직급여보장법에 의한 퇴직연 금 및 개인퇴직계좌, 퇴직연금사업자 중 온라인 가입자",없음,없음,없음,없음,0.7,0.25,-,0.7,"{""1y"":""71"",""2y"":""146"",""3y"":""225"",""5y"":""393"",""10y"":""874""}","[{""label"":""management_fee"",""value"":""0.4""},{""label"":""trustee_fee"",""value"":""0.03""},{""label"":""admin_fee"",""value"":""0.02""}]","[3,12]",cell_grid,1.0,클래스명: 수수료미징구-온라인-퇴직 연금(C-P2e) | - 수수료미징구-온라인-퇴직 연금(C-P2e) - 0.7 0.25 - 0.7 71 146 225 393 874
FUND000085,KR5185450009,A-e,CLASS001005,EXACT_NORMALIZED_MATCH,수수료선취-온라인,선취,온라인,,True,판매회사의 전자매체(온라 인)를 이용하여 가입한 자 (선취판매수수료 징구),납입금액의 0.5% 이내,없음,없음,없음,1.100,0.35,1.02,1.106,"{""1y"":""163"",""2y"":""281"",""3y"":""405"",""5y"":""673"",""10y"":""1469""}","[{""label"":""management_fee"",""value"":""0.7000""},{""label"":""trustee_fee"",""value"":""0.0300""},{""label"":""admin_fee"",""value"":""0.0200""},{""label"":""other_expense"",""value"":""0.0061""},{""label"":""transaction_cost"",""value"":""0.1355""}]","[3,29]",cell_grid,1.0,"클래스명: 수수료선취- 온라인(A-e) 투자비용 | 납입 금액의 0.5%이내 납입 금액의 0.5%이내 1.100 0.35 1.02 1.106 163 281 405 673 1,469"
FUND000085,KR5185450009,A1,CLASS000997,EXACT_NORMALIZED_MATCH,수수료선취-오프라인,선취,오프라인,,True,가입제한 없음 (선취판매수수료 징구),납입금액의 1.0% 이내,없음,없음,없음,1.730,0.98,1.37,1.737,"{""1y"":""275"",""2y"":""460"",""3y"":""655"",""5y"":""1073"",""10y"":""2316""}","[{""label"":""management_fee"",""value"":""0.7000""},{""label"":""trustee_fee"",""value"":""0.0300""},{""label"":""admin_fee"",""value"":""0.0200""},{""label"":""other_expense"",""value"":""0.0067""},{""label"":""transaction_cost"",""value"":""0.1350""}]","[3,28]",cell_grid,1.0,"클래스명: 수수료선취- 오프라인(A1) | 납입 금액의 1.0%이내 납입 금액의 1.0%이내 1.730 0.98 1.37 1.737 275 460 655 1,073 2,316"
FUND000085,KR5185450009,AG,CLASS001008,EXACT_NORMALIZED_MATCH,수수료선취-오프라인-무권유저비용,선취,오프라인,,True,투자자문업자로부터 투자자 문을 받고 그 결과에 따라 펀드 매수를 요청하는 등 금융기관등으로부터 별도의 투자권유 없이 가입한 자 (선취판매수수료 징구),납입금액의 0.75% 이내,없음,없음,없음,1.4800,0.7300,-,1.4800,"{""1y"":""225"",""2y"":""383"",""3y"":""549"",""5y"":""906"",""10y"":""1968""}","[{""label"":""management_fee"",""value"":""0.7000""},{""label"":""trustee_fee"",""value"":""0.0300""},{""label"":""admin_fee"",""value"":""0.0200""}]","[29,31]",detail_table_cross_validated,0.7,"[상세표 보강] [(1, '0.7000'), (2, '0.7300'), (3, '0.0300'), (4, '0.0200'), (5, '1.4800'), (8, '1.4800'), (9, '1.4800')]"
FUND000085,KR5185450009,C-F,CLASS001003,EXACT_NORMALIZED_MATCH,수수료미징구-오프라인-기관,미징구,오프라인,,False,,없음,없음,,없음,0.8100,0.0600,-,0.8100,"{""1y"":""83"",""2y"":""170"",""3y"":""262"",""5y"":""459"",""10y"":""1044""}","[{""label"":""management_fee"",""value"":""0.7000""},{""label"":""trustee_fee"",""value"":""0.0300""},{""label"":""admin_fee"",""value"":""0.0200""}]","[29,30]",detail_table_cross_validated,0.7,"[상세표 보강] [(1, '0.7000'), (2, '0.0600'), (3, '0.0300'), (4, '0.0200'), (5, '0.8100'), (8, '0.8100'), (9, '0.8100')]"
FUND000085,KR5185450009,C-P,CLASS001007,EXACT_NORMALIZED_MATCH,수수료미징구-오프라인-개인연금,미징구,오프라인,개인연금,True,소득세법 제20조의3 및 소득세법시행령 제40조의 2에 따른 연금저축계좌를 통하여 가입한 투자자 (판 매수수료가 징구되지 않는 수익증권),없음,없음,없음,없음,1.6500,0.9000,-,1.6554,"{""1y"":""170"",""2y"":""348"",""3y"":""535"",""5y"":""938"",""10y"":""2134""}","[{""label"":""management_fee"",""value"":""0.7000""},{""label"":""trustee_fee"",""value"":""0.0300""},{""label"":""admin_fee"",""value"":""0.0200""},{""label"":""other_expense"",""value"":""0.0054""},{""label"":""transaction_cost"",""value"":""0.1425""}]","[29,30]",detail_table_cross_validated,0.7,"[상세표 보강] [(1, '0.7000'), (2, '0.9000'), (3, '0.0300'), (4, '0.0200'), (5, '1.6500'), (7, '0.0054'), (8, '1.6554'), (9, '1.6554'), (10, '0.1425')]"
FUND000085,KR5185450009,C-P2(퇴직연금),CLASS001010,EXACT_NORMALIZED_MATCH,수수료미징구-오프라인-퇴직연금,미징구,오프라인,퇴직연금,True,"근로자퇴직급여보장법에 의 한 퇴직연금 및 개인퇴직계 좌, 퇴직연금사업자",없음,없음,없음,없음,1.5700,0.8200,-,1.5750,"{""1y"":""161"",""2y"":""331"",""3y"":""509"",""5y"":""892"",""10y"":""2031""}","[{""label"":""management_fee"",""value"":""0.7000""},{""label"":""trustee_fee"",""value"":""0.0300""},{""label"":""admin_fee"",""value"":""0.0200""},{""label"":""other_expense"",""value"":""0.0050""},{""label"":""transaction_cost"",""value"":""0.1324""}]","[29,31]",detail_table_cross_validated,0.7,"[상세표 보강] [(1, '0.7000'), (2, '0.8200'), (3, '0.0300'), (4, '0.0200'), (5, '1.5700'), (7, '0.0050'), (8, '1.5750'), (9, '1.5750'), (10, '0.1324')]"
FUND000085,KR5185450009,C-P2e(퇴직연금),CLASS001011,EXACT_NORMALIZED_MATCH,수수료미징구-온라인-퇴직연금,미징구,온라인,퇴직연금,True,"판매회사의 전자매체(온라 인)를 이용하여 가입한 자 로서, 근로자퇴직급여보장 법에 의한 퇴직연금 및 개 인퇴직계좌, 퇴직연금사업 자",없음,없음,없음,없음,1.1600,0.4100,-,1.1660,"{""1y"":""120"",""2y"":""245"",""3y"":""377"",""5y"":""660"",""10y"":""1503""}","[{""label"":""management_fee"",""value"":""0.7000""},{""label"":""trustee_fee"",""value"":""0.0300""},{""label"":""admin_fee"",""value"":""0.0200""},{""label"":""other_expense"",""value"":""0.0060""},{""label"":""transaction_cost"",""value"":""0.1336""}]","[29,31]",detail_table_cross_validated,0.7,"[상세표 보강] [(1, '0.7000'), (2, '0.4100'), (3, '0.0300'), (4, '0.0200'), (5, '1.1600'), (7, '0.0060'), (8, '1.1660'), (9, '1.1660'), (10, '0.1336')]"
FUND000085,KR5185450009,C-Pe,CLASS001009,EXACT_NORMALIZED_MATCH,수수료미징구-온라인-개인연금,미징구,온라인,개인연금,True,판매회사의 전자매체(온라 인)를 이용하여 가입한 자 로서 소득세법 제20조의3 및 소득세법시행령 제40 조의2에 따른 연금저축계 좌를 통하여 가입한 투자자 (판매수수료가 징구되지 않 는 수익증권),없음,없음,없음,없음,1.2000,0.4500,-,1.2053,"{""1y"":""124"",""2y"":""253"",""3y"":""390"",""5y"":""683"",""10y"":""1554""}","[{""label"":""management_fee"",""value"":""0.7000""},{""label"":""trustee_fee"",""value"":""0.0300""},{""label"":""admin_fee"",""value"":""0.0200""},{""label"":""other_expense"",""value"":""0.0053""},{""label"":""transaction_cost"",""value"":""0.1340""}]","[29,31]",detail_table_cross_validated,0.7,"[상세표 보강] [(1, '0.7000'), (2, '0.4500'), (3, '0.0300'), (4, '0.0200'), (5, '1.2000'), (7, '0.0053'), (8, '1.2053'), (9, '1.2053'), (10, '0.1340')]"
FUND000085,KR5185450009,C-W,CLASS001004,EXACT_NORMALIZED_MATCH,수수료미징구-오프라인-랩,미징구,오프라인,,False,판매회사의 일임형 Wrap 계좌를 보유한 자,없음,없음,없음,없음,0.7500,0.0000,-,0.7500,"{""1y"":""77"",""2y"":""158"",""3y"":""242"",""5y"":""425"",""10y"":""967""}","[{""label"":""management_fee"",""value"":""0.7000""},{""label"":""trustee_fee"",""value"":""0.0300""},{""label"":""admin_fee"",""value"":""0.0200""}]","[29,30]",detail_table_cross_validated,0.7,"[상세표 보강] [(1, '0.7000'), (2, '0.0000'), (3, '0.0300'), (4, '0.0200'), (5, '0.7500'), (8, '0.7500'), (9, '0.7500')]"
FUND000085,KR5185450009,C-e,CLASS001002,EXACT_NORMALIZED_MATCH,수수료미징구-온라인,미징구,온라인,,True,판매회사의 전자매체(온라 인)를 이용하여 가입한 자,없음,없음,없음,없음,1.720,0.97,1.16,1.727,"{""1y"":""177"",""2y"":""363"",""3y"":""558"",""5y"":""978"",""10y"":""2226""}","[{""label"":""management_fee"",""value"":""0.7000""},{""label"":""trustee_fee"",""value"":""0.0300""},{""label"":""admin_fee"",""value"":""0.0200""},{""label"":""other_expense"",""value"":""0.0067""},{""label"":""transaction_cost"",""value"":""0.1349""}]","[3,28]",cell_grid,1.0,"클래스명: 수수료미징구- 온라인(C-e) ※ 로 자동 | 없음 없음 1.720 0.97 1.16 1.727 177 363 558 978 2,226"
FUND000085,KR5185450009,C1,CLASS000998,EXACT_NORMALIZED_MATCH,수수료미징구-오프라인-보수체감,미징구,오프라인,,True,가입제한 없음,없음,없음,없음,없음,2.250,1.50,1.59,2.255,"{""1y"":""231"",""2y"":""458"",""3y"":""655"",""5y"":""1056"",""10y"":""2246""}","[{""label"":""management_fee"",""value"":""0.7000""},{""label"":""trustee_fee"",""value"":""0.0300""},{""label"":""admin_fee"",""value"":""0.0200""},{""label"":""other_expense"",""value"":""0.0048""},{""label"":""transaction_cost"",""value"":""0.1504""}]","[3,28]",cell_grid,1.0,"클래스명: 수수료미징구- 오프라인- 보수체감(C1) | 없음 없음 2.250 1.50 1.59 2.255 231 458 655 1,056 2,246"
FUND000085,KR5185450009,C2,CLASS000999,EXACT_NORMALIZED_MATCH,수수료미징구-오프라인-보수체감,미징구,오프라인,,True,Class C1 수익증권 보유기간이 1년 이상인 투자자,없음,없음,없음,없음,2.1000,1.3500,1.59,2.1059,"{""1y"":""216"",""2y"":""404"",""3y"":""590"",""5y"":""990"",""10y"":""2180""}","[{""label"":""management_fee"",""value"":""0.7000""},{""label"":""trustee_fee"",""value"":""0.0300""},{""label"":""admin_fee"",""value"":""0.0200""},{""label"":""other_expense"",""value"":""0.0059""},{""label"":""transaction_cost"",""value"":""0.1184""}]","[28,30]",detail_table_cross_validated,0.7,"[상세표 보강] [(1, '0.7000'), (2, '1.3500'), (3, '0.0300'), (4, '0.0200'), (5, '2.1000'), (6, '1.59'), (7, '0.0059'), (8, '2.1059'), (9, '2.1059'), (10, '0.1184')]"
FUND000085,KR5185450009,C3,CLASS001000,EXACT_NORMALIZED_MATCH,수수료미징구-오프라인-보수체감,미징구,오프라인,,True,Class C2 수익증권 보유기간이 1년 이상인 투자자,없음,없음,없음,없음,1.7400,0.9900,1.59,1.7454,"{""1y"":""179"",""2y"":""356"",""3y"":""542"",""5y"":""943"",""10y"":""2133""}","[{""label"":""management_fee"",""value"":""0.7000""},{""label"":""trustee_fee"",""value"":""0.0300""},{""label"":""admin_fee"",""value"":""0.0200""},{""label"":""other_expense"",""value"":""0.0054""},{""label"":""transaction_cost"",""value"":""0.2293""}]","[28,30]",detail_table_cross_validated,0.7,"[상세표 보강] [(1, '0.7000'), (2, '0.9900'), (3, '0.0300'), (4, '0.0200'), (5, '1.7400'), (6, '1.59'), (7, '0.0054'), (8, '1.7454'), (9, '1.7454'), (10, '0.2293')]"
FUND000085,KR5185450009,C4,CLASS001001,EXACT_NORMALIZED_MATCH,수수료미징구-오프라인-보수체감,미징구,오프라인,,True,Class C3 수익증권 보유기간이 1년 이상인 투자자,없음,없음,없음,없음,1.6400,0.8900,1.59,1.6462,"{""1y"":""169"",""2y"":""346"",""3y"":""532"",""5y"":""932"",""10y"":""2123""}","[{""label"":""management_fee"",""value"":""0.7000""},{""label"":""trustee_fee"",""value"":""0.0300""},{""label"":""admin_fee"",""value"":""0.0200""},{""label"":""other_expense"",""value"":""0.0062""},{""label"":""transaction_cost"",""value"":""0.1197""}]","[28,30]",detail_table_cross_validated,0.7,"[상세표 보강] [(1, '0.7000'), (2, '0.8900'), (3, '0.0300'), (4, '0.0200'), (5, '1.6400'), (6, '1.59'), (7, '0.0062'), (8, '1.6462'), (9, '1.6462'), (10, '0.1197')]"
FUND000085,KR5185450009,S,CLASS001006,EXACT_NORMALIZED_MATCH,수수료후취-온라인슈퍼,후취,온라인슈퍼,,True,"자산운용사의 공동판매채널 로서의 역할 수행을 위해 모든 공모 S클래스(S-T 및 S-P클래스 포함)를 취급하 고, 객관적 지표를 기준으 로 상품을 노출 및 배열하 는 온라인판매시스템을 통 하여 가입한 자 (후취판매 수수료 징구)",없음,3년 미만 환매시 환매금액의 0.15% 이 내,없음,없음,1.1000,0.3500,-,1.1054,"{""1y"":""113"",""2y"":""232"",""3y"":""357"",""5y"":""626"",""10y"":""1425""}","[{""label"":""management_fee"",""value"":""0.7000""},{""label"":""trustee_fee"",""value"":""0.0300""},{""label"":""admin_fee"",""value"":""0.0200""},{""label"":""other_expense"",""value"":""0.0054""},{""label"":""transaction_cost"",""value"":""0.1381""}]","[29,30]",detail_table_cross_validated,0.7,"[상세표 보강] [(1, '0.7000'), (2, '0.3500'), (3, '0.0300'), (4, '0.0200'), (5, '1.1000'), (7, '0.0054'), (8, '1.1054'), (9, '1.1055'), (10, '0.1381')]"
FUND000085,KR5185450009,S-P,CLASS001012,EXACT_NORMALIZED_MATCH,수수료미징구-온라인슈퍼-개인연금,미징구,온라인슈퍼,개인연금,True,"자산운용사의 공동판매채널 로서의 역할 수행을 위해 모든 공모 S클래스(S-T 및 S-P클래스 포함)를 취급하 고, 객관적 지표를 기준으 로 상품을 노출 및 배열하 는 온라인판매시스템을 통 하여 판매되는 것으로서 소",없음,없음,없음,없음,1.0200,0.2700,-,1.0200,"{""1y"":""105"",""2y"":""214"",""3y"":""330"",""5y"":""578"",""10y"":""1315""}","[{""label"":""management_fee"",""value"":""0.7000""},{""label"":""trustee_fee"",""value"":""0.0300""},{""label"":""admin_fee"",""value"":""0.0200""}]","[29,31]",detail_table_cross_validated,0.7,"[상세표 보강] [(1, '0.7000'), (2, '0.2700'), (3, '0.0300'), (4, '0.0200'), (5, '1.0200'), (8, '1.0200'), (9, '1.0200')]"
FUND000085,KR5185450009,S-P2(퇴직연금),CLASS001013,EXACT_NORMALIZED_MATCH,수수료미징구-온라인슈퍼-퇴직연금,미징구,온라인슈퍼,퇴직연금,True,"자산운용사의 공동판매채널 로서의 역할 수행을 위해 모든 공모 S클래스(S-T 및 S-P클래스 포함)를 취급하 고, 객관적 지표를 기준으 로 상품을 노출 및 배열하 는 온라인판매시스템을 통 하여 판매되는 것으로서, 근로자퇴직급여보장법에 의 한 퇴직연금 및 개인퇴직계 좌, 퇴직연금사업자(단, 근 로자퇴직급여보장법상의 사 전지정운용제도(디폴트옵 션) 전용으로 설정ㆍ설립된 경우는 제외)",없음,없음,없음,없음,1.0100,0.2600,-,1.0100,"{""1y"":""104"",""2y"":""212"",""3y"":""326"",""5y"":""572"",""10y"":""1302""}","[{""label"":""management_fee"",""value"":""0.7000""},{""label"":""trustee_fee"",""value"":""0.0300""},{""label"":""admin_fee"",""value"":""0.0200""}]","[29,31]",detail_table_cross_validated,0.7,"[상세표 보강] [(1, '0.7000'), (2, '0.2600'), (3, '0.0300'), (4, '0.0200'), (5, '1.0100'), (8, '1.0100'), (9, '1.0100')]"
FUND000015,KR5194450018,A,CLASS000205,EXACT_NORMALIZED_MATCH,수수료선취-오프라인,선취,오프라인,,True,투자자 자격 제한 없음 선취판매수수료 징구,납입금액의 1% 이내,없음,30일 미만 : 이익금의 70% 30일 이상 90일 미만 : 이익금의 30%,없음,1.488,0.72,1.38,1.4876,"{""1y"":""252"",""2y"":""412"",""3y"":""580"",""5y"":""942"",""10y"":""2017""}","[{""label"":""management_fee"",""value"":""0.72""},{""label"":""trustee_fee"",""value"":""0.03""},{""label"":""admin_fee"",""value"":""0.015""},{""label"":""other_expense"",""value"":""0.0025""},{""label"":""transaction_cost"",""value"":""0.5609""}]","[5,36]",cell_grid,1.0,"클래스명: 수수료선취- 오프라인(A) | 납입금액의 1% 이내 수수료선취- 오프라인(A) 납입금액의 1% 이내 1.488 0.72 1.38 252 412 580 942 2,017"
FUND000015,KR5194450018,A-e,CLASS000206,EXACT_NORMALIZED_MATCH,수수료선취-오프라인,선취,온라인,,True,"투자자 자격 제한 없으며 판매사의 온라인을 통해 가입, 선취판매수수료 징구",납입금액의 0.5% 이내,없음,30일 미만 : 이익금의 70% 30일 이상 90일 미만 : 이익금의 30%,없음,1.128,0.36,1.03,1.1276,"{""1y"":""166"",""2y"":""287"",""3y"":""414"",""5y"":""688"",""10y"":""1503""}","[{""label"":""management_fee"",""value"":""0.72""},{""label"":""trustee_fee"",""value"":""0.03""},{""label"":""admin_fee"",""value"":""0.015""},{""label"":""other_expense"",""value"":""0.0027""},{""label"":""transaction_cost"",""value"":""0.5565""}]","[5,36]",cell_grid,1.0,"클래스명: 수수료선취- 온라인(A-e) | 납입금액의 0.5% 이내 수수료선취- 온라인(A-e) 납입금액의 0.5% 이내 1.128 0.36 1.03 166 287 414 688 1,503"
FUND000015,KR5194450018,C-e,CLASS000211,EXACT_NORMALIZED_MATCH,수수료미징구-온라인,미징구,온라인,,True,투자자 자격 제한 없으며 판매사의 온라인을 통해 가입,없음,없음,30일 미만 : 이익금의 70% 30일 이상 90일 미만 : 이익금의 30%,없음,1.265,0.50,1.17,1.2650,"{""1y"":""130"",""2y"":""266"",""3y"":""409"",""5y"":""717"",""10y"":""1631""}","[{""label"":""management_fee"",""value"":""0.72""},{""label"":""trustee_fee"",""value"":""0.03""},{""label"":""admin_fee"",""value"":""0.015""},{""label"":""transaction_cost"",""value"":""0.5593""}]","[5,37]",cell_grid,1.0,"클래스명: 수수료미징구- 온라인-보수체감(C-e) | 없음 수수료미징구- 온라인-보수체감(C-e) 없음 1.265 0.50 1.17 130 266 409 717 1,631"
FUND000015,KR5194450018,C1,CLASS000207,EXACT_NORMALIZED_MATCH,수수료미징구-오프라인-보수체감,미징구,오프라인,,True,투자자 자격 제한 없음 판매수수료 징구하지 않음,없음,없음,30일 미만 : 이익금의 70% 30일 이상 90일 미만 : 이익금의 30%,없음,2.068,1.30,1.59,2.0679,"{""1y"":""212"",""2y"":""412"",""3y"":""614"",""5y"":""971"",""10y"":""2031""}","[{""label"":""management_fee"",""value"":""0.72""},{""label"":""trustee_fee"",""value"":""0.03""},{""label"":""admin_fee"",""value"":""0.015""},{""label"":""other_expense"",""value"":""0.0029""},{""label"":""transaction_cost"",""value"":""0.1909""}]","[5,36]",cell_grid,1.0,"클래스명: 수수료미징구- 오프라인- 보수체감(C1) | 없음 수수료미징구- 오프라인- 보수체감(C1) 없음 2.068 1.30 1.59 212 412 614 971 2,031"
FUND000015,KR5194450018,C2,CLASS000208,EXACT_NORMALIZED_MATCH,수수료미징구-오프라인-보수체감,미징구,오프라인,,True,종류C1 수익증권 최초매 수일로부터 1년이 되는 날에 전환되는 수익증권,없음,없음,30일 미만 : 이익금의 70% 30일 이상 90일 미만 : 이익금의 30%,없음,1.8676,1.10,1.59,1.8676,{},"[{""label"":""management_fee"",""value"":""0.72""},{""label"":""trustee_fee"",""value"":""0.03""},{""label"":""admin_fee"",""value"":""0.015""},{""label"":""transaction_cost"",""value"":""0.3063""}]",[36],detail_table_cross_validated,0.7,"[상세표 보강] [(1, '0.72'), (2, '1.10'), (3, '0.03'), (4, '0.015'), (5, '1.865'), (6, '1.59'), (8, '1.8676'), (9, '1.8676'), (10, '0.3063')]"
FUND000015,KR5194450018,C3,CLASS000209,EXACT_NORMALIZED_MATCH,수수료미징구-오프라인-보수체감,미징구,오프라인,,True,종류C1 수익증권 최초매 수일로부터 2년이 되는 날에 전환되는 수익증권,없음,없음,30일 미만 : 이익금의 70% 30일 이상 90일 미만 : 이익금의 30%,없음,1.6675,0.90,1.59,1.6675,{},"[{""label"":""management_fee"",""value"":""0.72""},{""label"":""trustee_fee"",""value"":""0.03""},{""label"":""admin_fee"",""value"":""0.015""},{""label"":""transaction_cost"",""value"":""0.1286""}]",[36],detail_table_cross_validated,0.7,"[상세표 보강] [(1, '0.72'), (2, '0.90'), (3, '0.03'), (4, '0.015'), (5, '1.665'), (6, '1.59'), (8, '1.6675'), (9, '1.6675'), (10, '0.1286')]"
FUND000015,KR5194450018,C4,CLASS000210,EXACT_NORMALIZED_MATCH,수수료미징구-오프라인-보수체감,미징구,오프라인,,True,종류C1 수익증권 최초매 수일로부터 3년이 되는 날에 전환되는 수익증권,없음,없음,30일 미만 : 이익금의 70% 30일 이상 90일 미만 : 이익금의 30%,없음,1.4650,0.70,1.59,1.4650,{},"[{""label"":""management_fee"",""value"":""0.72""},{""label"":""trustee_fee"",""value"":""0.03""},{""label"":""admin_fee"",""value"":""0.015""},{""label"":""transaction_cost"",""value"":""0.5598""}]",[36],detail_table_cross_validated,0.7,"[상세표 보강] [(1, '0.72'), (2, '0.70'), (3, '0.03'), (4, '0.015'), (5, '1.465'), (6, '1.59'), (8, '1.4650'), (9, '1.4650'), (10, '0.5598')]"
FUND000015,KR5194450018,CP,CLASS000218,EXACT_NORMALIZED_MATCH,수수료미징구-오프라인-개인연금,미징구,오프라인,개인연금,True,"소득세법 제 20조의3 및 동법 시행령 제40조의2에 따른 연금저축계좌를 통 해 가입할 수 있으며, 판 매수수료가 징구 되지 않 는 수익증권",없음,없음,없음,없음,1.465,0.70,-,1.4650,"{""1y"":""150"",""2y"":""234"",""3y"":""473"",""5y"":""830"",""10y"":""1889""}","[{""label"":""management_fee"",""value"":""0.72""},{""label"":""trustee_fee"",""value"":""0.03""},{""label"":""admin_fee"",""value"":""0.015""}]","[5,37]",cell_grid,1.0,"클래스명: 수수료미징구-오프라 인-개인연금(CP) | 없음 수수료미징구-오프라 인-개인연금(CP) 없음 1.465 0.70 - 150 234 473 830 1,889"
FUND000015,KR5194450018,CP-e,CLASS000219,EXACT_NORMALIZED_MATCH,수수료미징구-온라인-개인연금,미징구,온라인,개인연금,True,"소득세법 제 20조의3 및 동법 시행령 제40조의2에 따른 연금저축계좌를 통 해 가입할 수 있으며, 인 터넷을 통하여 가입하는 투자자 전용 수익증권",없음,없음,없음,없음,1.115,0.35,1.59,1.1150,"{""1y"":""114"",""2y"":""234"",""3y"":""360"",""5y"":""632"",""10y"":""1437""}","[{""label"":""management_fee"",""value"":""0.72""},{""label"":""trustee_fee"",""value"":""0.03""},{""label"":""admin_fee"",""value"":""0.015""},{""label"":""transaction_cost"",""value"":""0.5650""}]","[5,37]",cell_grid,1.0,"클래스명: 수수료미징구-온라인- 개인연금(CP-e) | 없음 수수료미징구-온라인- 개인연금(CP-e) 없음 1.115 0.35 1.59 114 234 360 632 1,437"
FUND000015,KR5194450018,F,CLASS000213,EXACT_NORMALIZED_MATCH,수수료미징구-오프라인-기관,미징구,오프라인,,False,"법에 의한 집합투자기구(외국 법령에 의한 것으로서 집합투 자기구의 성질을 가진 것을 포 함), 기관투자자 또는 국가재 정법에 따른 기금 전용 종류형 수익증권",없음,없음,"30일 미만: 이익 금의 70%, 30일 이상 90일 미만: 이익금의 30%",없음,0.798,0.03,-,0.7977,"{""1y"":""82"",""2y"":""168"",""3y"":""258"",""5y"":""452"",""10y"":""1028""}","[{""label"":""management_fee"",""value"":""0.72""},{""label"":""trustee_fee"",""value"":""0.03""},{""label"":""admin_fee"",""value"":""0.015""},{""label"":""transaction_cost"",""value"":""0.5936""}]","[5,37]",cell_grid,1.0,"클래스명: 수수료미징구- 오프라인-기관(F) | 없음 수수료미징구- 오프라인-기관(F) 없음 0.798 0.03 - 82 168 258 452 1,028"
FUND000015,KR5194450018,RP,CLASS000215,EXACT_NORMALIZED_MATCH,수수료미징구-오프라인-퇴직연금,미징구,오프라인,퇴직연금,True,근로자퇴직급여보장법에 따른 퇴직연금 전용 수익 증권,없음,없음,없음,없음,1.465,0.70,,1.465,"{""1y"":""150"",""2y"":""308"",""3y"":""473"",""5y"":""830"",""10y"":""1889""}","[{""label"":""management_fee"",""value"":""0.72""},{""label"":""trustee_fee"",""value"":""0.03""},{""label"":""admin_fee"",""value"":""0.015""},{""label"":""transaction_cost"",""value"":""0.2256""}]","[5,37]",cell_grid,1.0,"클래스명: 수수료미징구-오프라 인-퇴직연금(RP) | 없음 수수료미징구-오프라 인-퇴직연금(RP) 없음 1.465 0.70 150 308 473 830 1,889"
FUND000015,KR5194450018,RP-e,CLASS000216,EXACT_NORMALIZED_MATCH,수수료미징구-온라인-퇴직연금,미징구,온라인,퇴직연금,True,근로자퇴직급여보장법에 따른 퇴직연금 전용 수익 증권으로서 인터넷을 통 하여 가입하는 투자자 전 용 수익증권,없음,없음,없음,없음,1.115,0.35,-,1.1150,"{""1y"":""107"",""2y"":""220"",""3y"":""338"",""5y"":""592"",""10y"":""1347""}","[{""label"":""management_fee"",""value"":""0.72""},{""label"":""trustee_fee"",""value"":""0.03""},{""label"":""admin_fee"",""value"":""0.015""},{""label"":""transaction_cost"",""value"":""0.5430""}]","[5,37]",cell_grid,1.0,"클래스명: 수수료미징구-온라인- 퇴직연금(RP-e) | 없음 수수료미징구-온라인- 퇴직연금(RP-e) 없음 1.115 0.35 - 107 220 338 592 1,347"
FUND000015,KR5194450018,S,CLASS000214,EXACT_NORMALIZED_MATCH,수수료후취-온라인슈퍼,후취,온라인슈퍼,,True,펀드슈퍼마켓 전용으로서 후취판매수수료 징구,없음,3년미만 환매시 환 매금액의 0.15% 이내,"30일 미만: 이익 금의 70%, 30일 이상 90일 미만: 이익금의 30%",없음,1.115,0.35,-,1.1150,"{""1y"":""114"",""2y"":""234"",""3y"":""360"",""5y"":""632"",""10y"":""1437""}","[{""label"":""management_fee"",""value"":""0.72""},{""label"":""trustee_fee"",""value"":""0.03""},{""label"":""admin_fee"",""value"":""0.015""},{""label"":""transaction_cost"",""value"":""0.5402""}]","[5,37]",cell_grid,1.0,"클래스명: 수수료후취- 온라인슈퍼(S) | 3년 미만 환매시 환매금액의 0.15% 수수료후취- 온라인슈퍼(S) 3년 미만 환매시 환매금액의 0.15% 1.115 0.35 - 114 234 360 632 1,437"
FUND000015,KR5194450018,S-P,CLASS000217,EXACT_NORMALIZED_MATCH,수수료미징구-온라인슈퍼-개인연금,미징구,온라인슈퍼,개인연금,True,"집합투자증권에 한정하여 투자중개업 인가를 받은 회사(겸영금융투자업자는 제외)가 개설한 온라인 판매시스템에 회원으로 가입한 투자자 전용으로 서, 소득세법 제 20조의3 및 동법 시행령 제40조의 2에 따른 연금저축계좌를 통하여 가입할 수 있는 수 익증권",없음,없음,없음,없음,1.045,0.28,-,1.045,"{""1y"":""114"",""2y"":""234"",""3y"":""360"",""5y"":""632"",""10y"":""1437""}","[{""label"":""management_fee"",""value"":""0.72""},{""label"":""trustee_fee"",""value"":""0.03""},{""label"":""admin_fee"",""value"":""0.015""},{""label"":""transaction_cost"",""value"":""0.4309""}]","[5,37]",cell_grid,1.0,"클래스명: 수수료미징구-온라인 슈퍼-개인연금(S-P) | 없음 수수료미징구-온라인 슈퍼-개인연금(S-P) 없음 1.045 0.28 - 114 234 360 632 1,437"
FUND000015,KR5194450018,W,CLASS000212,EXACT_NORMALIZED_MATCH,수수료미징구-오프라인-랩,미징구,오프라인,,False,판매회사의 일임형 종합 자산관리계좌(Wrap Acc ount) 전용,없음,없음,30일 미만 : 이익금의 70% 30일 이상 90일 미만 : 이익금의 30%,없음,0.765,-,-,0.765,"{""1y"":""78"",""2y"":""161"",""3y"":""247"",""5y"":""433"",""10y"":""986""}","[{""label"":""management_fee"",""value"":""0.72""},{""label"":""trustee_fee"",""value"":""0.03""},{""label"":""admin_fee"",""value"":""0.015""}]","[5,37]",cell_grid,1.0,클래스명: 수수료미징구- 오프라인-랩(W) | 없음 수수료미징구- 오프라인-랩(W) 없음 0.765 - - 78 161 247 433 986
FUND000009,KR555202013M,A,CLASS000124,EXACT_NORMALIZED_MATCH,수수료선취-오프라인,선취,오프라인,,True,,납입액의 1.0% 이내,없음,없음,없음,1.756,1.000,1.700,1.766,"{""1y"":""277"",""2y"":""461"",""3y"":""651"",""5y"":""1049"",""10y"":""2160""}","[{""label"":""management_fee"",""value"":""0.700""},{""label"":""trustee_fee"",""value"":""0.040""},{""label"":""admin_fee"",""value"":""0.016""},{""label"":""other_expense"",""value"":""0.010""}]","[4,23]",cell_grid,1.0,"클래스명: 수수료선취- 오프라인형(A) | 납입금액의 1.0%이내 납입금액의 1.0%이내 1.756% 1.000% 1.700% 1.766% 277 461 651 1,049 2,160"
FUND000009,KR555202013M,Ae,CLASS000125,EXACT_NORMALIZED_MATCH,수수료선취-온라인,선취,온라인,,True,,납입액의 0.5% 이내,없음,없음,없음,1.156,0.400,1.190,1.166,"{""1y"":""168"",""2y"":""291"",""3y"":""419"",""5y"":""689"",""10y"":""1459""}","[{""label"":""management_fee"",""value"":""0.700""},{""label"":""trustee_fee"",""value"":""0.040""},{""label"":""admin_fee"",""value"":""0.016""},{""label"":""other_expense"",""value"":""0.010""}]","[4,23]",cell_grid,1.0,"클래스명: 수수료선취- 온라인형(Ae) | 납입금액의 0.5%이내 납입금액의 0.5%이내 1.156% 0.400% 1.190% 1.166% 168 291 419 689 1,459"
FUND000009,KR555202013M,C-I,CLASS000127,EXACT_NORMALIZED_MATCH,수수료미징구-오프라인-기관형,미징구,오프라인,,False,,없음,없음,없음,없음,0.786,0.030,-,0.796,"{""1y"":""81"",""2y"":""166"",""3y"":""255"",""5y"":""443"",""10y"":""985""}","[{""label"":""management_fee"",""value"":""0.700""},{""label"":""trustee_fee"",""value"":""0.040""},{""label"":""admin_fee"",""value"":""0.016""},{""label"":""other_expense"",""value"":""0.010""}]","[23,24]",detail_table_cross_validated,0.7,"[상세표 보강] [(1, '0.700'), (2, '0.030'), (3, '0.040'), (4, '0.016'), (5, '0.786'), (7, '0.010'), (8, '0.796'), (9, '0.796')]"
FUND000009,KR555202013M,C-P,CLASS000129,EXACT_NORMALIZED_MATCH,수수료미징구-오프라인-개인연금형,미징구,오프라인,개인연금,True,,없음,없음,없음,없음,1.506,0.750,-,1.516,"{""1y"":""155"",""2y"":""315"",""3y"":""480"",""5y"":""829"",""10y"":""1809""}","[{""label"":""management_fee"",""value"":""0.700""},{""label"":""trustee_fee"",""value"":""0.040""},{""label"":""admin_fee"",""value"":""0.016""},{""label"":""other_expense"",""value"":""0.010""}]","[23,24]",detail_table_cross_validated,0.7,"[상세표 보강] [(1, '0.700'), (2, '0.750'), (3, '0.040'), (4, '0.016'), (5, '1.506'), (7, '0.010'), (8, '1.516'), (9, '1.516')]"
FUND000009,KR555202013M,C-W,CLASS000128,EXACT_NORMALIZED_MATCH,수수료미징구-오프라인-랩형,미징구,오프라인,,False,,없음,없음,없음,없음,0.756,-,-,0.766,"{""1y"":""78"",""2y"":""160"",""3y"":""245"",""5y"":""426"",""10y"":""950""}","[{""label"":""management_fee"",""value"":""0.700""},{""label"":""trustee_fee"",""value"":""0.040""},{""label"":""admin_fee"",""value"":""0.016""},{""label"":""other_expense"",""value"":""0.010""}]","[23,24]",detail_table_cross_validated,0.7,"[상세표 보강] [(1, '0.700'), (3, '0.040'), (4, '0.016'), (5, '0.756'), (7, '0.010'), (8, '0.766'), (9, '0.766')]"
FUND000009,KR555202013M,Ce,CLASS000126,EXACT_NORMALIZED_MATCH,수수료미징구-온라인,미징구,온라인,,True,,없음,없음,없음,없음,1.256,0.500,1.370,1.266,"{""1y"":""129"",""2y"":""263"",""3y"":""402"",""5y"":""696"",""10y"":""1530""}","[{""label"":""management_fee"",""value"":""0.700""},{""label"":""trustee_fee"",""value"":""0.040""},{""label"":""admin_fee"",""value"":""0.016""},{""label"":""other_expense"",""value"":""0.010""}]","[4,23]",cell_grid,1.0,"클래스명: 투자비용 수수료미징구- 온라인형(Ce) | 없음 없음 1.256% 0.500% 1.370% 1.266% 129 263 402 696 1,530"
FUND000009,KR555202013M,P-F,CLASS000130,EXACT_NORMALIZED_MATCH,"수수료미징구-오프라인-개인연금,기관형",미징구,오프라인,개인연금,False,,없음,없음,없음,없음,0.786,0.030,-,0.794,"{""1y"":""81"",""2y"":""166"",""3y"":""254"",""5y"":""441"",""10y"":""982""}","[{""label"":""management_fee"",""value"":""0.700""},{""label"":""trustee_fee"",""value"":""0.040""},{""label"":""admin_fee"",""value"":""0.016""},{""label"":""other_expense"",""value"":""0.008""}]",[24],detail_table_cross_validated,0.7,"[상세표 보강] [(1, '0.700'), (2, '0.030'), (3, '0.040'), (4, '0.016'), (5, '0.786'), (7, '0.008'), (8, '0.794'), (9, '0.794')]"
FUND000009,KR555202013M,S,CLASS000131,EXACT_NORMALIZED_MATCH,수수료후취-온라인슈퍼,후취,온라인슈퍼,,True,,없음,없음,없음,없음,1.106,0.350,-,1.116,"{""1y"":""114"",""2y"":""232"",""3y"":""355"",""5y"":""616"",""10y"":""1359""}","[{""label"":""management_fee"",""value"":""0.700""},{""label"":""trustee_fee"",""value"":""0.040""},{""label"":""admin_fee"",""value"":""0.016""},{""label"":""other_expense"",""value"":""0.010""}]",[24],detail_table_cross_validated,0.7,"[상세표 보강] [(1, '0.700'), (2, '0.350'), (3, '0.040'), (4, '0.016'), (5, '1.106'), (7, '0.010'), (8, '1.116'), (9, '1.116')]"
FUND000009,KR555202013M,S-P,CLASS000132,EXACT_NORMALIZED_MATCH,수수료미징구-온라인슈퍼-개인연금형,미징구,온라인슈퍼,개인연금,True,,없음,없음,없음,없음,0.956,0.200,-,0.966,"{""1y"":""99"",""2y"":""201"",""3y"":""308"",""5y"":""535"",""10y"":""1185""}","[{""label"":""management_fee"",""value"":""0.700""},{""label"":""trustee_fee"",""value"":""0.040""},{""label"":""admin_fee"",""value"":""0.016""},{""label"":""other_expense"",""value"":""0.010""}]",[24],detail_table_cross_validated,0.7,"[상세표 보강] [(1, '0.700'), (2, '0.200'), (3, '0.040'), (4, '0.016'), (5, '0.956'), (7, '0.010'), (8, '0.966'), (9, '0.966')]"
