fund_id,product_code,class_id,team_class_code,row_kind,year_rank,period,return_pct,source_page,quality_status
FUND000052,KR510902511M,CLASS000685,A,class_return,1,24.01.01~24.12.31,-23.62,47,NORMAL
FUND000052,KR510902511M,CLASS000685,A,class_return,2,23.01.01~23.12.31,35.66,47,NORMAL
FUND000052,KR510902511M,CLASS000685,A,class_return,3,22.01.01~22.12.31,-31.08,47,NORMAL
FUND000052,KR510902511M,CLASS000685,A,class_return,4,21.01.01~21.12.31,18.99,47,NORMAL
FUND000052,KR510902511M,CLASS000685,A,class_return,5,20.01.01~20.12.31,33.38,47,NORMAL
FUND000052,KR510902511M,CLASS000686,A-e,class_return,1,24.01.01~24.12.31,-23.33,47,NORMAL
FUND000052,KR510902511M,CLASS000686,A-e,class_return,2,23.01.01~23.12.31,36.13,47,NORMAL
FUND000052,KR510902511M,CLASS000686,A-e,class_return,3,22.01.01~22.12.31,-30.82,47,NORMAL
FUND000052,KR510902511M,CLASS000686,A-e,class_return,4,21.01.01~21.12.31,19.2,47,NORMAL
FUND000052,KR510902511M,CLASS000686,A-e,class_return,5,20.01.01~20.12.31,33.59,47,NORMAL
FUND000052,KR510902511M,CLASS000690,C4,class_return,1,24.01.01~24.12.31,-23.62,47,NORMAL
FUND000052,KR510902511M,CLASS000690,C4,class_return,2,23.01.01~23.12.31,35.66,47,NORMAL
FUND000052,KR510902511M,CLASS000690,C4,class_return,3,22.01.01~22.12.31,-31.08,47,NORMAL
FUND000052,KR510902511M,CLASS000690,C4,class_return,4,21.01.01~21.12.31,18.96,47,NORMAL
FUND000052,KR510902511M,CLASS000690,C4,class_return,5,20.01.01~20.12.31,33.33,47,NORMAL
FUND000052,KR510902511M,CLASS000691,C-e,class_return,1,24.01.01~24.12.31,-23.42,47,NORMAL
FUND000052,KR510902511M,CLASS000691,C-e,class_return,2,23.01.01~23.12.31,36.0,47,NORMAL
FUND000052,KR510902511M,CLASS000691,C-e,class_return,3,22.01.01~22.12.31,-30.91,47,NORMAL
FUND000052,KR510902511M,CLASS000691,C-e,class_return,4,21.01.01~21.12.31,19.33,47,NORMAL
FUND000052,KR510902511M,CLASS000691,C-e,class_return,5,20.01.01~20.12.31,33.86,47,NORMAL
FUND000052,KR510902511M,CLASS000693,F,class_return,1,24.01.01~24.12.31,-23.05,47,NORMAL
FUND000052,KR510902511M,CLASS000693,F,class_return,2,23.01.01~23.12.31,36.59,47,NORMAL
FUND000052,KR510902511M,CLASS000693,F,class_return,3,22.01.01~22.12.31,-30.57,47,NORMAL
FUND000052,KR510902511M,CLASS000693,F,class_return,4,21.01.01~21.12.31,19.96,47,NORMAL
FUND000052,KR510902511M,CLASS000693,F,class_return,5,20.01.01~20.12.31,34.61,47,NORMAL
FUND000052,KR510902511M,CLASS000694,S,class_return,1,24.01.01~24.12.31,-23.33,47,NORMAL
FUND000052,KR510902511M,CLASS000694,S,class_return,2,23.01.01~23.12.31,36.13,47,NORMAL
FUND000052,KR510902511M,CLASS000694,S,class_return,3,22.01.01~22.12.31,-30.82,47,NORMAL
FUND000052,KR510902511M,CLASS000694,S,class_return,4,21.01.01~21.12.31,19.55,47,NORMAL
FUND000052,KR510902511M,CLASS000694,S,class_return,5,20.01.01~20.12.31,34.18,47,NORMAL
FUND000052,KR510902511M,,,fund,1,24.01.01~24.12.31,-22.43,47,NORMAL
FUND000052,KR510902511M,,,fund,2,23.01.01~23.12.31,37.62,47,NORMAL
FUND000052,KR510902511M,,,fund,3,22.01.01~22.12.31,-30.0,47,NORMAL
FUND000052,KR510902511M,,,fund,4,21.01.01~21.12.31,20.87,47,NORMAL
FUND000052,KR510902511M,,,fund,5,20.01.01~20.12.31,35.68,47,NORMAL
FUND000052,KR510902511M,,,benchmark,1,24.01.01~24.12.31,-9.63,47,NORMAL
FUND000052,KR510902511M,,,benchmark,2,23.01.01~23.12.31,18.73,47,NORMAL
FUND000052,KR510902511M,,,benchmark,3,22.01.01~22.12.31,-24.89,47,NORMAL
FUND000052,KR510902511M,,,benchmark,4,21.01.01~21.12.31,3.63,47,NORMAL
FUND000052,KR510902511M,,,benchmark,5,20.01.01~20.12.31,30.75,47,NORMAL
FUND000053,KR510902773M,CLASS000699,C,class_return,1,24.11.01~25.10.31,42.12,45,NORMAL
FUND000053,KR510902773M,CLASS000699,C,class_return,2,23.11.01~24.10.31,14.19,45,NORMAL
FUND000053,KR510902773M,CLASS000699,C,class_return,3,22.11.01~23.10.31,5.76,45,NORMAL
FUND000053,KR510902773M,CLASS000699,C,class_return,4,21.11.01~22.10.31,-18.89,45,NORMAL
FUND000053,KR510902773M,CLASS000699,C,class_return,5,20.11.01~21.10.31,33.73,45,NORMAL
FUND000053,KR510902773M,CLASS000700,C-e,class_return,1,24.11.01~25.10.31,42.77,45,NORMAL
FUND000053,KR510902773M,CLASS000700,C-e,class_return,2,23.11.01~24.10.31,14.72,45,NORMAL
FUND000053,KR510902773M,CLASS000700,C-e,class_return,3,22.11.01~23.10.31,6.26,45,NORMAL
FUND000053,KR510902773M,CLASS000700,C-e,class_return,4,21.11.01~22.10.31,-18.5,45,NORMAL
FUND000053,KR510902773M,CLASS000700,C-e,class_return,5,20.11.01~21.10.31,34.34,45,NORMAL
FUND000053,KR510902773M,,,fund,1,24.11.01~25.10.31,44.24,45,NORMAL
FUND000053,KR510902773M,,,fund,2,23.11.01~24.10.31,15.92,45,NORMAL
FUND000053,KR510902773M,,,fund,3,22.11.01~23.10.31,7.39,45,NORMAL
FUND000053,KR510902773M,,,fund,4,21.11.01~22.10.31,-17.62,45,NORMAL
FUND000053,KR510902773M,,,fund,5,20.11.01~21.10.31,35.74,45,NORMAL
FUND000053,KR510902773M,,,benchmark,1,24.11.01~25.10.31,60.69,45,NORMAL
FUND000053,KR510902773M,,,benchmark,2,23.11.01~24.10.31,12.21,45,NORMAL
FUND000053,KR510902773M,,,benchmark,3,22.11.01~23.10.31,-0.68,45,NORMAL
FUND000053,KR510902773M,,,benchmark,4,21.11.01~22.10.31,-22.79,45,NORMAL
FUND000053,KR510902773M,,,benchmark,5,20.11.01~21.10.31,31.03,45,NORMAL
FUND000054,KR510902777M,CLASS000702,C,class_return,1,24.11.01~25.10.31,68.12,48,NORMAL
FUND000054,KR510902777M,CLASS000702,C,class_return,2,23.11.01~24.10.31,9.07,48,NORMAL
FUND000054,KR510902777M,CLASS000702,C,class_return,3,22.11.01~23.10.31,-0.66,48,NORMAL
FUND000054,KR510902777M,CLASS000702,C,class_return,4,21.11.01~22.10.31,-21.26,48,NORMAL
FUND000054,KR510902777M,CLASS000702,C,class_return,5,20.11.01~21.10.31,44.95,48,NORMAL
FUND000054,KR510902777M,CLASS000703,C-e,class_return,1,24.11.01~25.10.31,68.88,49,NORMAL
FUND000054,KR510902777M,CLASS000703,C-e,class_return,2,23.11.01~24.10.31,9.57,49,NORMAL
FUND000054,KR510902777M,CLASS000703,C-e,class_return,3,22.11.01~23.10.31,-0.18,49,NORMAL
FUND000054,KR510902777M,CLASS000703,C-e,class_return,4,21.11.01~22.10.31,-20.87,49,NORMAL
FUND000054,KR510902777M,CLASS000703,C-e,class_return,5,20.11.01~21.10.31,45.6,49,NORMAL
FUND000054,KR510902777M,CLASS000705,S-P,class_return,1,24.11.01~25.10.31,69.03,49,NORMAL
FUND000054,KR510902777M,CLASS000705,S-P,class_return,2,23.11.01~24.10.31,9.67,49,NORMAL
FUND000054,KR510902777M,CLASS000705,S-P,class_return,3,22.11.01~23.10.31,-0.08,49,NORMAL
FUND000054,KR510902777M,CLASS000705,S-P,class_return,4,21.11.01~22.10.31,-20.79,49,NORMAL
FUND000054,KR510902777M,CLASS000705,S-P,class_return,5,20.11.01~21.10.31,45.73,49,NORMAL
FUND000054,KR510902777M,,,fund,1,24.11.01~25.10.31,70.6,49,NORMAL
FUND000054,KR510902777M,,,fund,2,23.11.01~24.10.31,10.7,49,NORMAL
FUND000054,KR510902777M,,,fund,3,22.11.01~23.10.31,0.9,49,NORMAL
FUND000054,KR510902777M,,,fund,4,21.11.01~22.10.31,-19.99,49,NORMAL
FUND000054,KR510902777M,,,fund,5,20.11.01~21.10.31,47.09,49,NORMAL
FUND000054,KR510902777M,,,benchmark,1,24.11.01~25.10.31,60.69,49,NORMAL
FUND000054,KR510902777M,,,benchmark,2,23.11.01~24.10.31,12.21,49,NORMAL
FUND000054,KR510902777M,,,benchmark,3,22.11.01~23.10.31,-0.68,49,NORMAL
FUND000054,KR510902777M,,,benchmark,4,21.11.01~22.10.31,-22.79,49,NORMAL
FUND000054,KR510902777M,,,benchmark,5,20.11.01~21.10.31,31.03,49,NORMAL
FUND000055,KR5110501016,CLASS000707,A-e,class_return,1,24.12.01~25.11.30,3.19,46,NORMAL
FUND000055,KR5110501016,CLASS000707,A-e,class_return,2,23.12.01~24.11.30,4.42,46,NORMAL
FUND000055,KR5110501016,CLASS000707,A-e,class_return,3,22.12.01~23.11.30,5.31,46,NORMAL
FUND000055,KR5110501016,CLASS000707,A-e,class_return,4,21.12.01~22.11.30,1.58,46,NORMAL
FUND000055,KR5110501016,CLASS000707,A-e,class_return,5,20.12.01~21.11.30,0.9,46,NORMAL
FUND000055,KR5110501016,CLASS000712,C-P,class_return,1,24.12.01~25.11.30,2.95,46,NORMAL
FUND000055,KR5110501016,CLASS000712,C-P,class_return,2,23.12.01~24.11.30,4.09,46,NORMAL
FUND000055,KR5110501016,CLASS000712,C-P,class_return,3,22.12.01~23.11.30,4.96,46,NORMAL
FUND000055,KR5110501016,CLASS000712,C-P,class_return,4,21.12.01~22.11.30,1.4,46,NORMAL
FUND000055,KR5110501016,CLASS000712,C-P,class_return,5,20.12.01~21.11.30,0.76,46,NORMAL
FUND000055,KR5110501016,CLASS000713,C-Pe,class_return,1,24.12.01~25.11.30,3.07,46,NORMAL
FUND000055,KR5110501016,CLASS000713,C-Pe,class_return,2,23.12.01~24.11.30,4.21,46,NORMAL
FUND000055,KR5110501016,CLASS000713,C-Pe,class_return,3,22.12.01~23.11.30,5.09,46,NORMAL
FUND000055,KR5110501016,CLASS000713,C-Pe,class_return,4,21.12.01~22.11.30,1.52,46,NORMAL
FUND000055,KR5110501016,CLASS000713,C-Pe,class_return,5,20.12.01~21.11.30,0.88,46,NORMAL
FUND000055,KR5110501016,CLASS000716,Crp,class_return,1,24.12.01~25.11.30,2.96,46,NORMAL
FUND000055,KR5110501016,CLASS000716,Crp,class_return,2,23.12.01~24.11.30,4.1,46,NORMAL
FUND000055,KR5110501016,CLASS000716,Crp,class_return,3,22.12.01~23.11.30,4.97,46,NORMAL
FUND000055,KR5110501016,CLASS000716,Crp,class_return,4,21.12.01~22.11.30,1.41,46,NORMAL
FUND000055,KR5110501016,CLASS000716,Crp,class_return,5,20.12.01~21.11.30,0.77,46,NORMAL
FUND000055,KR5110501016,CLASS000717,Crp-e,class_return,1,24.12.01~25.11.30,3.08,46,NORMAL
FUND000055,KR5110501016,CLASS000717,Crp-e,class_return,2,23.12.01~24.11.30,2.89,46,NORMAL
FUND000055,KR5110501016,CLASS000718,C-F,class_return,1,24.12.01~25.11.30,3.02,46,NORMAL
FUND000055,KR5110501016,CLASS000719,C-I,class_return,1,24.12.01~25.11.30,2.41,47,NORMAL
FUND000055,KR5110501016,,,fund,1,24.12.01~25.11.30,3.29,47,NORMAL
FUND000055,KR5110501016,,,fund,2,23.12.01~24.11.30,4.43,47,NORMAL
FUND000055,KR5110501016,,,fund,3,22.12.01~23.11.30,5.31,47,NORMAL
FUND000055,KR5110501016,,,fund,4,21.12.01~22.11.30,1.74,47,NORMAL
FUND000055,KR5110501016,,,fund,5,20.12.01~21.11.30,1.09,47,NORMAL
FUND000055,KR5110501016,,,benchmark,1,24.12.01~25.11.30,2.59,47,NORMAL
FUND000055,KR5110501016,,,benchmark,2,23.12.01~24.11.30,3.92,47,NORMAL
FUND000055,KR5110501016,,,benchmark,3,22.12.01~23.11.30,4.04,47,NORMAL
FUND000055,KR5110501016,,,benchmark,4,21.12.01~22.11.30,1.18,47,NORMAL
FUND000055,KR5110501016,,,benchmark,5,20.12.01~21.11.30,0.53,47,NORMAL
FUND000056,KR5110601022,CLASS000721,A,class_return,1,24.07.01~25.06.30,15.4,50,NORMAL
FUND000056,KR5110601022,CLASS000721,A,class_return,2,23.07.01~24.06.30,14.5,50,NORMAL
FUND000056,KR5110601022,CLASS000721,A,class_return,3,22.07.01~23.06.30,10.76,50,NORMAL
FUND000056,KR5110601022,CLASS000721,A,class_return,4,21.07.01~22.06.30,-26.49,50,NORMAL
FUND000056,KR5110601022,CLASS000721,A,class_return,5,20.07.01~21.06.30,59.01,50,NORMAL
FUND000056,KR5110601022,CLASS000724,Ce,class_return,1,24.07.01~25.06.30,15.14,50,NORMAL
FUND000056,KR5110601022,CLASS000724,Ce,class_return,2,23.07.01~24.06.30,14.55,50,NORMAL
FUND000056,KR5110601022,CLASS000724,Ce,class_return,3,22.07.01~23.06.30,10.75,50,NORMAL
FUND000056,KR5110601022,CLASS000724,Ce,class_return,4,21.07.01~22.06.30,-26.49,50,NORMAL
FUND000056,KR5110601022,CLASS000724,Ce,class_return,5,20.07.01~21.06.30,59.01,50,NORMAL
FUND000056,KR5110601022,CLASS000725,C-P,class_return,1,24.07.01~25.06.30,14.91,50,NORMAL
FUND000056,KR5110601022,CLASS000725,C-P,class_return,2,23.07.01~24.06.30,14.33,50,NORMAL
FUND000056,KR5110601022,CLASS000725,C-P,class_return,3,22.07.01~23.06.30,10.52,50,NORMAL
FUND000056,KR5110601022,CLASS000725,C-P,class_return,4,21.07.01~22.06.30,-26.65,50,NORMAL
FUND000056,KR5110601022,CLASS000725,C-P,class_return,5,20.07.01~21.06.30,58.7,50,NORMAL
FUND000056,KR5110601022,CLASS000726,C-Pe,class_return,1,24.07.01~25.06.30,15.08,50,NORMAL
FUND000056,KR5110601022,CLASS000726,C-Pe,class_return,2,23.07.01~24.06.30,14.49,50,NORMAL
FUND000056,KR5110601022,CLASS000726,C-Pe,class_return,3,22.07.01~23.06.30,10.69,50,NORMAL
FUND000056,KR5110601022,CLASS000726,C-Pe,class_return,4,21.07.01~22.06.30,-26.53,50,NORMAL
FUND000056,KR5110601022,CLASS000726,C-Pe,class_return,5,20.07.01~21.06.30,58.93,50,NORMAL
FUND000056,KR5110601022,CLASS000727,Crp,class_return,1,24.07.01~25.06.30,14.97,50,NORMAL
FUND000056,KR5110601022,CLASS000727,Crp,class_return,2,23.07.01~24.06.30,14.38,50,NORMAL
FUND000056,KR5110601022,CLASS000727,Crp,class_return,3,22.07.01~23.06.30,10.58,50,NORMAL
FUND000056,KR5110601022,CLASS000727,Crp,class_return,4,21.07.01~22.06.30,-26.61,50,NORMAL
FUND000056,KR5110601022,CLASS000727,Crp,class_return,5,20.07.01~21.06.30,58.78,50,NORMAL
FUND000056,KR5110601022,CLASS000728,Crp-e,class_return,1,24.07.01~25.06.30,15.11,50,NORMAL
FUND000056,KR5110601022,CLASS000728,Crp-e,class_return,2,23.07.01~24.06.30,14.53,50,NORMAL
FUND000056,KR5110601022,CLASS000728,Crp-e,class_return,3,22.07.01~23.06.30,10.72,50,NORMAL
FUND000056,KR5110601022,CLASS000728,Crp-e,class_return,4,21.07.01~22.06.30,-26.51,50,NORMAL
FUND000056,KR5110601022,CLASS000728,Crp-e,class_return,5,20.07.01~21.06.30,58.97,50,NORMAL
FUND000056,KR5110601022,CLASS000729,S-P,class_return,1,24.07.01~25.06.30,15.19,50,NORMAL
FUND000056,KR5110601022,CLASS000729,S-P,class_return,2,23.07.01~24.06.30,14.56,50,NORMAL
FUND000056,KR5110601022,CLASS000729,S-P,class_return,3,22.07.01~23.06.30,10.76,50,NORMAL
FUND000056,KR5110601022,CLASS000729,S-P,class_return,4,21.07.01~22.06.30,-26.49,50,NORMAL
FUND000056,KR5110601022,CLASS000729,S-P,class_return,5,20.07.01~21.06.30,59.02,50,NORMAL
FUND000056,KR5110601022,CLASS000736,Cd,class_return,1,24.07.01~25.06.30,14.98,50,NORMAL
FUND000056,KR5110601022,CLASS000736,Cd,class_return,2,23.07.01~24.06.30,14.4,50,NORMAL
FUND000056,KR5110601022,CLASS000736,Cd,class_return,3,22.07.01~23.06.30,10.58,50,NORMAL
FUND000056,KR5110601022,CLASS000736,Cd,class_return,4,21.07.01~22.06.30,-26.61,50,NORMAL
FUND000056,KR5110601022,CLASS000736,Cd,class_return,5,20.07.01~21.06.30,58.78,50,NORMAL
FUND000056,KR5110601022,,,fund,1,24.07.01~25.06.30,15.45,51,NORMAL
FUND000056,KR5110601022,,,fund,2,23.07.01~24.06.30,14.86,51,NORMAL
FUND000056,KR5110601022,,,fund,3,22.07.01~23.06.30,11.07,51,NORMAL
FUND000056,KR5110601022,,,fund,4,21.07.01~22.06.30,-26.28,51,NORMAL
FUND000056,KR5110601022,,,fund,5,20.07.01~21.06.30,59.42,51,NORMAL
FUND000056,KR5110601022,,,benchmark,1,24.07.01~25.06.30,7.96,51,NORMAL
FUND000056,KR5110601022,,,benchmark,2,23.07.01~24.06.30,13.63,51,NORMAL
FUND000056,KR5110601022,,,benchmark,3,22.07.01~23.06.30,10.01,51,NORMAL
FUND000056,KR5110601022,,,benchmark,4,21.07.01~22.06.30,-30.0,51,NORMAL
FUND000056,KR5110601022,,,benchmark,5,20.07.01~21.06.30,56.68,51,NORMAL
FUND000034,KR5111420047,,,fund,1,2024/04/17~2025/04/16,4.26,51,NORMAL
FUND000034,KR5111420047,,,fund,2,2023/04/17~2024/04/16,4.64,51,NORMAL
FUND000034,KR5111420047,,,fund,3,2022/04/17~2023/04/16,3.8,51,NORMAL
FUND000034,KR5111420047,,,fund,4,2021/04/17~2022/04/16,0.95,51,NORMAL
FUND000034,KR5111420047,,,fund,5,2020/04/17~2021/04/16,1.36,51,NORMAL
FUND000034,KR5111420047,,,benchmark,1,2024/04/17~2025/04/16,3.48,51,NORMAL
FUND000034,KR5111420047,,,benchmark,2,2023/04/17~2024/04/16,3.77,51,NORMAL
FUND000034,KR5111420047,,,benchmark,3,2022/04/17~2023/04/16,2.91,51,NORMAL
FUND000034,KR5111420047,,,benchmark,4,2021/04/17~2022/04/16,0.95,51,NORMAL
FUND000034,KR5111420047,,,benchmark,5,2020/04/17~2021/04/16,0.78,51,NORMAL
FUND000034,KR5111420047,CLASS000461,A,class_return,1,2024/04/17~2025/04/16,4.21,51,NORMAL
FUND000034,KR5111420047,CLASS000461,A,class_return,2,2023/04/17~2024/04/16,4.58,51,NORMAL
FUND000034,KR5111420047,CLASS000461,A,class_return,3,2022/04/17~2023/04/16,3.75,51,NORMAL
FUND000034,KR5111420047,CLASS000461,A,class_return,4,2021/04/17~2022/04/16,0.91,51,NORMAL
FUND000034,KR5111420047,CLASS000461,A,class_return,5,2020/04/17~2021/04/16,1.33,51,NORMAL
FUND000034,KR5111420047,CLASS000464,C,class_return,1,2024/04/17~2025/04/16,4.2,51,NORMAL
FUND000034,KR5111420047,CLASS000464,C,class_return,2,2023/04/17~2024/04/16,4.57,51,NORMAL
FUND000034,KR5111420047,CLASS000464,C,class_return,3,2022/04/17~2023/04/16,3.73,51,NORMAL
FUND000034,KR5111420047,CLASS000464,C,class_return,4,2021/04/17~2022/04/16,0.9,51,NORMAL
FUND000034,KR5111420047,CLASS000464,C,class_return,5,2020/04/17~2021/04/16,1.32,51,NORMAL
FUND000034,KR5111420047,CLASS000469,W,class_return,1,2024/04/17~2025/04/16,4.31,51,NORMAL
FUND000034,KR5111420047,CLASS000469,W,class_return,2,2023/04/17~2024/04/16,4.68,51,NORMAL
FUND000034,KR5111420047,CLASS000469,W,class_return,3,2022/04/17~2023/04/16,3.85,51,NORMAL
FUND000034,KR5111420047,CLASS000469,W,class_return,4,2021/04/17~2022/04/16,1.02,51,NORMAL
FUND000034,KR5111420047,CLASS000469,W,class_return,5,2020/04/17~2021/04/16,1.43,51,NORMAL
FUND000034,KR5111420047,CLASS000466,C-F,class_return,1,2024/04/17~2025/04/16,4.29,51,NORMAL
FUND000034,KR5111420047,CLASS000466,C-F,class_return,2,2023/04/17~2024/04/16,4.66,51,NORMAL
FUND000034,KR5111420047,CLASS000466,C-F,class_return,3,2022/04/17~2023/04/16,3.83,51,NORMAL
FUND000034,KR5111420047,CLASS000466,C-F,class_return,4,2021/04/17~2022/04/16,0.99,51,NORMAL
FUND000034,KR5111420047,CLASS000466,C-F,class_return,5,2020/04/17~2021/04/16,1.41,51,NORMAL
FUND000034,KR5111420047,CLASS000462,A2,class_return,1,2024/04/17~2025/04/16,4.3,51,NORMAL
FUND000034,KR5111420047,CLASS000462,A2,class_return,2,2023/04/17~2024/04/16,4.67,51,NORMAL
FUND000034,KR5111420047,CLASS000462,A2,class_return,3,2022/04/17~2023/04/16,3.84,51,NORMAL
FUND000034,KR5111420047,CLASS000462,A2,class_return,4,2021/04/17~2022/04/16,1.01,51,NORMAL
FUND000034,KR5111420047,CLASS000462,A2,class_return,5,2020/04/17~2021/04/16,1.42,51,NORMAL
FUND000034,KR5111420047,CLASS000463,A-E,class_return,1,2024/04/17~2025/04/16,4.26,51,NORMAL
FUND000034,KR5111420047,CLASS000463,A-E,class_return,2,2023/04/17~2024/04/16,4.63,51,NORMAL
FUND000034,KR5111420047,CLASS000463,A-E,class_return,3,2022/04/17~2023/04/16,3.8,51,NORMAL
FUND000034,KR5111420047,CLASS000463,A-E,class_return,4,2021/04/17~2022/04/16,0.97,51,NORMAL
FUND000034,KR5111420047,CLASS000463,A-E,class_return,5,2020/04/17~2021/04/16,1.38,51,NORMAL
FUND000034,KR5111420047,CLASS000465,C-E,class_return,1,2024/04/17~2025/04/16,4.26,51,NORMAL
FUND000034,KR5111420047,CLASS000465,C-E,class_return,2,2023/04/17~2024/04/16,4.62,51,NORMAL
FUND000034,KR5111420047,CLASS000465,C-E,class_return,3,2022/04/17~2023/04/16,3.79,51,NORMAL
FUND000034,KR5111420047,CLASS000465,C-E,class_return,4,2021/04/17~2022/04/16,0.96,51,NORMAL
FUND000034,KR5111420047,CLASS000465,C-E,class_return,5,2020/04/17~2021/04/16,1.38,51,NORMAL
FUND000034,KR5111420047,CLASS000467,C-P,class_return,1,2024/04/17~2025/04/16,4.21,51,NORMAL
FUND000034,KR5111420047,CLASS000467,C-P,class_return,2,2023/04/17~2024/04/16,4.58,51,NORMAL
FUND000034,KR5111420047,CLASS000467,C-P,class_return,3,2022/04/17~2023/04/16,3.74,51,NORMAL
FUND000034,KR5111420047,CLASS000467,C-P,class_return,4,2021/04/17~2022/04/16,0.91,51,NORMAL
FUND000034,KR5111420047,CLASS000467,C-P,class_return,5,2020/04/17~2021/04/16,1.33,51,NORMAL
FUND000034,KR5111420047,CLASS000468,C-P2,class_return,1,2024/04/17~2025/04/16,4.21,51,NORMAL
FUND000034,KR5111420047,CLASS000468,C-P2,class_return,2,2023/04/17~2024/04/16,4.58,51,NORMAL
FUND000034,KR5111420047,CLASS000468,C-P2,class_return,3,2022/04/17~2023/04/16,3.75,51,NORMAL
FUND000034,KR5111420047,CLASS000468,C-P2,class_return,4,2021/04/17~2022/04/16,0.91,51,NORMAL
FUND000034,KR5111420047,CLASS000468,C-P2,class_return,5,2020/04/17~2021/04/16,1.33,51,NORMAL
FUND000034,KR5111420047,CLASS000470,C-PE,class_return,1,2024/04/17~2025/04/16,4.25,51,NORMAL
FUND000034,KR5111420047,CLASS000470,C-PE,class_return,2,2023/04/17~2024/04/16,4.62,51,NORMAL
FUND000034,KR5111420047,CLASS000470,C-PE,class_return,3,2022/04/17~2023/04/16,3.79,51,NORMAL
FUND000034,KR5111420047,CLASS000470,C-PE,class_return,4,2021/04/17~2022/04/16,0.96,51,NORMAL
FUND000034,KR5111420047,CLASS000470,C-PE,class_return,5,2020/04/17~2021/04/16,1.38,51,NORMAL
FUND000034,KR5111420047,CLASS000471,C-P2E,class_return,1,2024/04/17~2025/04/16,4.26,51,NORMAL
FUND000034,KR5111420047,CLASS000471,C-P2E,class_return,2,2023/04/17~2024/04/16,4.63,51,NORMAL
FUND000034,KR5111420047,CLASS000471,C-P2E,class_return,3,2022/04/17~2023/04/16,3.8,51,NORMAL
FUND000034,KR5111420047,CLASS000471,C-P2E,class_return,4,2021/04/17~2022/04/16,0.97,51,NORMAL
FUND000034,KR5111420047,CLASS000471,C-P2E,class_return,5,2020/04/17~2021/04/16,1.38,51,NORMAL
FUND000035,KR5111450067,,,fund,1,2024/05/03~2025/05/02,-25.69,58,NORMAL
FUND000035,KR5111450067,,,fund,2,2023/05/03~2024/05/02,13.68,58,NORMAL
FUND000035,KR5111450067,,,fund,3,2022/05/03~2023/05/02,-5.88,58,NORMAL
FUND000035,KR5111450067,,,fund,4,2021/05/03~2022/05/02,-6.41,58,NORMAL
FUND000035,KR5111450067,,,fund,5,2020/05/03~2021/05/02,69.42,58,NORMAL
FUND000035,KR5111450067,CLASS000475,A,class_return,1,2024/05/03~2025/05/02,-25.77,58,NORMAL
FUND000035,KR5111450067,CLASS000475,A,class_return,2,2023/05/03~2024/05/02,13.57,58,NORMAL
FUND000035,KR5111450067,CLASS000475,A,class_return,3,2022/05/03~2023/05/02,-5.86,58,NORMAL
FUND000035,KR5111450067,CLASS000475,A,class_return,4,2021/05/03~2022/05/02,-6.38,58,NORMAL
FUND000035,KR5111450067,CLASS000475,A,class_return,5,2020/05/03~2021/05/02,69.56,58,NORMAL
FUND000035,KR5111450067,CLASS000478,C1,class_return,1,2024/05/03~2025/05/02,-26.35,58,NORMAL
FUND000035,KR5111450067,CLASS000478,C1,class_return,2,2023/05/03~2024/05/02,12.71,58,NORMAL
FUND000035,KR5111450067,CLASS000478,C1,class_return,3,2022/05/03~2023/05/02,-6.57,58,NORMAL
FUND000035,KR5111450067,CLASS000478,C1,class_return,4,2021/05/03~2022/05/02,-7.1,58,NORMAL
FUND000035,KR5111450067,CLASS000478,C1,class_return,5,2020/05/03~2021/05/02,68.27,58,NORMAL
FUND000035,KR5111450067,CLASS000479,C2,class_return,1,2024/05/03~2025/05/02,-26.26,58,NORMAL
FUND000035,KR5111450067,CLASS000479,C2,class_return,2,2023/05/03~2024/05/02,12.85,58,NORMAL
FUND000035,KR5111450067,CLASS000479,C2,class_return,3,2022/05/03~2023/05/02,-6.45,58,NORMAL
FUND000035,KR5111450067,CLASS000479,C2,class_return,4,2021/05/03~2022/05/02,-6.99,58,NORMAL
FUND000035,KR5111450067,CLASS000479,C2,class_return,5,2020/05/03~2021/05/02,68.56,58,NORMAL
FUND000035,KR5111450067,CLASS000480,C3,class_return,1,2024/05/03~2025/05/02,-26.17,58,NORMAL
FUND000035,KR5111450067,CLASS000480,C3,class_return,2,2023/05/03~2024/05/02,12.99,58,NORMAL
FUND000035,KR5111450067,CLASS000480,C3,class_return,3,2022/05/03~2023/05/02,-6.33,58,NORMAL
FUND000035,KR5111450067,CLASS000480,C3,class_return,4,2021/05/03~2022/05/02,-6.87,58,NORMAL
FUND000035,KR5111450067,CLASS000480,C3,class_return,5,2020/05/03~2021/05/02,68.73,58,NORMAL
FUND000035,KR5111450067,CLASS000481,C4,class_return,1,2024/05/03~2025/05/02,-26.07,58,NORMAL
FUND000035,KR5111450067,CLASS000481,C4,class_return,2,2023/05/03~2024/05/02,13.13,58,NORMAL
FUND000035,KR5111450067,CLASS000481,C4,class_return,3,2022/05/03~2023/05/02,-6.21,58,NORMAL
FUND000035,KR5111450067,CLASS000481,C4,class_return,4,2021/05/03~2022/05/02,-6.75,58,NORMAL
FUND000035,KR5111450067,CLASS000481,C4,class_return,5,2020/05/03~2021/05/02,68.93,58,NORMAL
FUND000035,KR5111450067,CLASS000482,C5,class_return,1,2024/05/03~2025/05/02,-25.97,58,NORMAL
FUND000035,KR5111450067,CLASS000482,C5,class_return,2,2023/05/03~2024/05/02,13.27,58,NORMAL
FUND000035,KR5111450067,CLASS000482,C5,class_return,3,2022/05/03~2023/05/02,-6.1,58,NORMAL
FUND000035,KR5111450067,CLASS000482,C5,class_return,4,2021/05/03~2022/05/02,-6.63,58,NORMAL
FUND000035,KR5111450067,CLASS000482,C5,class_return,5,2020/05/03~2021/05/02,69.11,58,NORMAL
FUND000035,KR5111450067,CLASS000477,A-U,class_return,1,2024/05/03~2025/05/02,-25.84,58,NORMAL
FUND000035,KR5111450067,CLASS000477,A-U,class_return,2,2023/05/03~2024/05/02,13.46,58,NORMAL
FUND000035,KR5111450067,CLASS000477,A-U,class_return,3,2022/05/03~2023/05/02,-5.95,58,NORMAL
FUND000035,KR5111450067,CLASS000477,A-U,class_return,4,2021/05/03~2022/05/02,-6.47,58,NORMAL
FUND000035,KR5111450067,CLASS000477,A-U,class_return,5,2020/05/03~2021/05/02,69.3,58,NORMAL
FUND000035,KR5111450067,CLASS000484,C-F,class_return,1,2024/05/03~2025/05/02,-6.99,58,NORMAL
FUND000035,KR5111450067,CLASS000484,C-F,class_return,2,2023/05/03~2024/05/02,0.19,58,NORMAL
FUND000035,KR5111450067,CLASS000486,C-P2,class_return,1,2024/05/03~2025/05/02,-25.66,58,NORMAL
FUND000035,KR5111450067,CLASS000486,C-P2,class_return,2,2023/05/03~2024/05/02,13.73,58,NORMAL
FUND000035,KR5111450067,CLASS000486,C-P2,class_return,3,2022/05/03~2023/05/02,-5.73,58,NORMAL
FUND000035,KR5111450067,CLASS000486,C-P2,class_return,4,2021/05/03~2022/05/02,-6.25,58,NORMAL
FUND000035,KR5111450067,CLASS000486,C-P2,class_return,5,2020/05/03~2021/05/02,69.74,58,NORMAL
FUND000035,KR5111450067,CLASS000476,A-E,class_return,1,2024/05/03~2025/05/02,-25.48,58,NORMAL
FUND000035,KR5111450067,CLASS000476,A-E,class_return,2,2023/05/03~2024/05/02,13.99,58,NORMAL
FUND000035,KR5111450067,CLASS000476,A-E,class_return,3,2022/05/03~2023/05/02,-5.52,58,NORMAL
FUND000035,KR5111450067,CLASS000476,A-E,class_return,4,2021/05/03~2022/05/02,-6.03,58,NORMAL
FUND000035,KR5111450067,CLASS000476,A-E,class_return,5,2020/05/03~2021/05/02,70.13,58,NORMAL
FUND000035,KR5111450067,CLASS000483,C-E,class_return,1,2024/05/03~2025/05/02,-25.73,58,NORMAL
FUND000035,KR5111450067,CLASS000483,C-E,class_return,2,2023/05/03~2024/05/02,13.63,58,NORMAL
FUND000035,KR5111450067,CLASS000483,C-E,class_return,3,2022/05/03~2023/05/02,-5.82,58,NORMAL
FUND000035,KR5111450067,CLASS000483,C-E,class_return,4,2021/05/03~2022/05/02,-6.34,58,NORMAL
FUND000035,KR5111450067,CLASS000483,C-E,class_return,5,2020/05/03~2021/05/02,69.61,58,NORMAL
FUND000035,KR5111450067,CLASS000485,C-P,class_return,1,2024/05/03~2025/05/02,-25.74,58,NORMAL
FUND000035,KR5111450067,CLASS000485,C-P,class_return,2,2023/05/03~2024/05/02,13.61,58,NORMAL
FUND000035,KR5111450067,CLASS000485,C-P,class_return,3,2022/05/03~2023/05/02,-5.82,58,NORMAL
FUND000035,KR5111450067,CLASS000485,C-P,class_return,4,2021/05/03~2022/05/02,-6.35,58,NORMAL
FUND000035,KR5111450067,CLASS000485,C-P,class_return,5,2020/05/03~2021/05/02,69.6,58,NORMAL
FUND000035,KR5111450067,CLASS000489,AG,class_return,1,2024/05/03~2025/05/02,-25.48,58,NORMAL
FUND000035,KR5111450067,CLASS000489,AG,class_return,2,2023/05/03~2024/05/02,13.99,58,NORMAL
FUND000035,KR5111450067,CLASS000489,AG,class_return,3,2022/05/03~2023/05/02,-5.52,58,NORMAL
FUND000035,KR5111450067,CLASS000489,AG,class_return,4,2021/05/03~2022/05/02,-6.03,58,NORMAL
FUND000035,KR5111450067,CLASS000489,AG,class_return,5,2020/05/03~2021/05/02,70.14,58,NORMAL
FUND000035,KR5111450067,CLASS000487,W,class_return,1,2024/05/03~2025/05/02,-25.19,58,NORMAL
FUND000035,KR5111450067,CLASS000487,W,class_return,2,2023/05/03~2024/05/02,14.42,58,NORMAL
FUND000035,KR5111450067,CLASS000487,W,class_return,3,2022/05/03~2023/05/02,-5.17,58,NORMAL
FUND000035,KR5111450067,CLASS000487,W,class_return,4,2021/05/03~2022/05/02,-5.66,58,NORMAL
FUND000035,KR5111450067,CLASS000487,W,class_return,5,2020/05/03~2021/05/02,62.11,58,NORMAL
FUND000035,KR5111450067,CLASS000490,CG,class_return,1,2024/05/03~2025/05/02,-25.75,58,NORMAL
FUND000035,KR5111450067,CLASS000490,CG,class_return,2,2023/05/03~2024/05/02,13.59,58,NORMAL
FUND000035,KR5111450067,CLASS000490,CG,class_return,3,2022/05/03~2023/05/02,-5.85,58,NORMAL
FUND000035,KR5111450067,CLASS000490,CG,class_return,4,2021/05/03~2022/05/02,-6.38,58,NORMAL
FUND000035,KR5111450067,CLASS000490,CG,class_return,5,2020/05/03~2021/05/02,69.54,58,NORMAL
FUND000035,KR5111450067,CLASS000488,S,class_return,1,2024/05/03~2025/05/02,-25.43,58,NORMAL
FUND000035,KR5111450067,CLASS000488,S,class_return,2,2023/05/03~2024/05/02,14.07,58,NORMAL
FUND000035,KR5111450067,CLASS000488,S,class_return,3,2022/05/03~2023/05/02,-5.45,58,NORMAL
FUND000035,KR5111450067,CLASS000488,S,class_return,4,2021/05/03~2022/05/02,-5.96,58,NORMAL
FUND000035,KR5111450067,CLASS000488,S,class_return,5,2020/05/03~2021/05/02,70.24,58,NORMAL
FUND000035,KR5111450067,CLASS000491,C-PE,class_return,1,2024/05/03~2025/05/02,-25.47,58,NORMAL
FUND000035,KR5111450067,CLASS000491,C-PE,class_return,2,2023/05/03~2024/05/02,14.01,58,NORMAL
FUND000035,KR5111450067,CLASS000491,C-PE,class_return,3,2022/05/03~2023/05/02,-5.5,58,NORMAL
FUND000035,KR5111450067,CLASS000491,C-PE,class_return,4,2021/05/03~2022/05/02,-6.01,58,NORMAL
FUND000035,KR5111450067,CLASS000491,C-PE,class_return,5,2020/05/03~2021/05/02,70.17,58,NORMAL
FUND000035,KR5111450067,CLASS000492,C-P2E,class_return,1,2024/05/03~2025/05/02,-25.43,58,NORMAL
FUND000035,KR5111450067,CLASS000492,C-P2E,class_return,2,2023/05/03~2024/05/02,14.07,58,NORMAL
FUND000035,KR5111450067,CLASS000492,C-P2E,class_return,3,2022/05/03~2023/05/02,-5.45,58,NORMAL
FUND000035,KR5111450067,CLASS000492,C-P2E,class_return,4,2021/05/03~2022/05/02,-5.96,58,NORMAL
FUND000035,KR5111450067,CLASS000492,C-P2E,class_return,5,2020/05/03~2021/05/02,70.22,58,NORMAL
FUND000035,KR5111450067,CLASS000493,S-P2,class_return,1,2024/05/03~2025/05/02,-25.35,58,NORMAL
FUND000035,KR5111450067,CLASS000493,S-P2,class_return,2,2023/05/03~2024/05/02,14.19,58,NORMAL
FUND000035,KR5111450067,CLASS000493,S-P2,class_return,3,2022/05/03~2023/05/02,-5.36,58,NORMAL
FUND000035,KR5111450067,CLASS000493,S-P2,class_return,4,2021/05/03~2022/05/02,-5.87,58,NORMAL
FUND000035,KR5111450067,CLASS000493,S-P2,class_return,5,2020/05/03~2021/05/02,45.96,58,NORMAL
FUND000086,KR5113420012,,,fund,1,2024.02.29~2025.02.28,5.93,52,NORMAL
FUND000086,KR5113420012,,,fund,2,2023.02.28~2024.02.28,4.86,52,NORMAL
FUND000086,KR5113420012,,,fund,3,2022.02.28~2023.02.27,-0.72,52,NORMAL
FUND000086,KR5113420012,,,fund,4,2021.02.28~2022.02.27,-1.0,52,NORMAL
FUND000086,KR5113420012,,,fund,5,2020.02.28~2021.02.27,-0.54,52,NORMAL
FUND000086,KR5113420012,,,benchmark,1,2024.02.29~2025.02.28,5.45,52,NORMAL
FUND000086,KR5113420012,,,benchmark,2,2023.02.28~2024.02.28,4.61,52,NORMAL
FUND000086,KR5113420012,,,benchmark,3,2022.02.28~2023.02.27,-0.37,52,NORMAL
FUND000086,KR5113420012,,,benchmark,4,2021.02.28~2022.02.27,-0.94,52,NORMAL
FUND000086,KR5113420012,,,benchmark,5,2020.02.28~2021.02.27,-0.64,52,NORMAL
FUND000086,KR5113420012,CLASS001014,C,class_return,1,2024.02.29~2025.02.28,5.35,52,NORMAL
FUND000086,KR5113420012,CLASS001014,C,class_return,2,2023.02.28~2024.02.28,4.29,52,NORMAL
FUND000086,KR5113420012,CLASS001014,C,class_return,3,2022.02.28~2023.02.27,-1.26,52,NORMAL
FUND000086,KR5113420012,CLASS001014,C,class_return,4,2021.02.28~2022.02.27,-1.54,52,NORMAL
FUND000086,KR5113420012,CLASS001014,C,class_return,5,2020.02.28~2021.02.27,-1.08,52,NORMAL
FUND000086,KR5113420012,CLASS001015,C-e,class_return,1,2024.02.29~2025.02.28,5.56,52,NORMAL
FUND000086,KR5113420012,CLASS001015,C-e,class_return,2,2023.02.28~2024.02.28,4.49,52,NORMAL
FUND000086,KR5113420012,CLASS001015,C-e,class_return,3,2022.02.28~2023.02.27,-1.07,52,NORMAL
FUND000086,KR5113420012,CLASS001015,C-e,class_return,4,2021.02.28~2022.02.27,-1.35,52,NORMAL
FUND000086,KR5113420012,CLASS001015,C-e,class_return,5,2020.02.28~2021.02.27,-0.89,52,NORMAL
FUND000087,KR5113420013,,,fund,1,2024.02.29~2025.02.28,5.75,58,NORMAL
FUND000087,KR5113420013,,,fund,2,2023.02.28~2024.02.28,4.93,58,NORMAL
FUND000087,KR5113420013,,,fund,3,2022.02.28~2023.02.27,-0.41,58,NORMAL
FUND000087,KR5113420013,,,fund,4,2021.02.28~2022.02.27,-0.78,58,NORMAL
FUND000087,KR5113420013,,,fund,5,2020.02.28~2021.02.27,-0.43,58,NORMAL
FUND000087,KR5113420013,,,benchmark,1,2024.02.29~2025.02.28,5.39,58,NORMAL
FUND000087,KR5113420013,,,benchmark,2,2023.02.28~2024.02.28,4.79,58,NORMAL
FUND000087,KR5113420013,,,benchmark,3,2022.02.28~2023.02.27,0.01,58,NORMAL
FUND000087,KR5113420013,,,benchmark,4,2021.02.28~2022.02.27,-0.78,58,NORMAL
FUND000087,KR5113420013,,,benchmark,5,2020.02.28~2021.02.27,-0.48,58,NORMAL
FUND000087,KR5113420013,CLASS001017,C,class_return,1,2024.02.29~2025.02.28,5.18,58,NORMAL
FUND000087,KR5113420013,CLASS001017,C,class_return,2,2023.02.28~2024.02.28,4.36,58,NORMAL
FUND000087,KR5113420013,CLASS001017,C,class_return,3,2022.02.28~2023.02.27,-0.95,58,NORMAL
FUND000087,KR5113420013,CLASS001017,C,class_return,4,2021.02.28~2022.02.27,-1.33,58,NORMAL
FUND000087,KR5113420013,CLASS001017,C,class_return,5,2020.02.28~2021.02.27,-0.97,58,NORMAL
FUND000087,KR5113420013,CLASS001018,C-e,class_return,1,2024.02.29~2025.02.28,5.39,58,NORMAL
FUND000087,KR5113420013,CLASS001018,C-e,class_return,2,2023.02.28~2024.02.28,4.56,58,NORMAL
FUND000087,KR5113420013,CLASS001018,C-e,class_return,3,2022.02.28~2023.02.27,-0.76,58,NORMAL
FUND000087,KR5113420013,CLASS001018,C-e,class_return,4,2021.02.28~2022.02.27,-1.13,58,NORMAL
FUND000087,KR5113420013,CLASS001018,C-e,class_return,5,2020.02.28~2021.02.27,-0.78,58,NORMAL
FUND000087,KR5113420015,,,fund,1,2024.02.29~2025.02.28,5.75,58,NORMAL
FUND000087,KR5113420015,,,fund,2,2023.02.28~2024.02.28,4.93,58,NORMAL
FUND000087,KR5113420015,,,fund,3,2022.02.28~2023.02.27,-0.41,58,NORMAL
FUND000087,KR5113420015,,,fund,4,2021.02.28~2022.02.27,-0.78,58,NORMAL
FUND000087,KR5113420015,,,fund,5,2020.02.28~2021.02.27,-0.43,58,NORMAL
FUND000087,KR5113420015,,,benchmark,1,2024.02.29~2025.02.28,5.39,58,NORMAL
FUND000087,KR5113420015,,,benchmark,2,2023.02.28~2024.02.28,4.79,58,NORMAL
FUND000087,KR5113420015,,,benchmark,3,2022.02.28~2023.02.27,0.01,58,NORMAL
FUND000087,KR5113420015,,,benchmark,4,2021.02.28~2022.02.27,-0.78,58,NORMAL
FUND000087,KR5113420015,,,benchmark,5,2020.02.28~2021.02.27,-0.48,58,NORMAL
FUND000087,KR5113420015,CLASS001017,C,class_return,1,2024.02.29~2025.02.28,5.18,58,NORMAL
FUND000087,KR5113420015,CLASS001017,C,class_return,2,2023.02.28~2024.02.28,4.36,58,NORMAL
FUND000087,KR5113420015,CLASS001017,C,class_return,3,2022.02.28~2023.02.27,-0.95,58,NORMAL
FUND000087,KR5113420015,CLASS001017,C,class_return,4,2021.02.28~2022.02.27,-1.33,58,NORMAL
FUND000087,KR5113420015,CLASS001017,C,class_return,5,2020.02.28~2021.02.27,-0.97,58,NORMAL
FUND000087,KR5113420015,CLASS001018,C-e,class_return,1,2024.02.29~2025.02.28,5.39,58,NORMAL
FUND000087,KR5113420015,CLASS001018,C-e,class_return,2,2023.02.28~2024.02.28,4.56,58,NORMAL
FUND000087,KR5113420015,CLASS001018,C-e,class_return,3,2022.02.28~2023.02.27,-0.76,58,NORMAL
FUND000087,KR5113420015,CLASS001018,C-e,class_return,4,2021.02.28~2022.02.27,-1.13,58,NORMAL
FUND000087,KR5113420015,CLASS001018,C-e,class_return,5,2020.02.28~2021.02.27,-0.78,58,NORMAL
FUND000088,KR5113420069,,,fund,1,2024.11.29~2025.11.28,3.76,62,NORMAL
FUND000088,KR5113420069,,,fund,2,2023.11.29~2024.11.28,7.47,62,NORMAL
FUND000088,KR5113420069,,,fund,3,2022.11.29~2023.11.28,8.84,62,NORMAL
FUND000088,KR5113420069,,,fund,4,2021.11.29~2022.11.28,-1.62,62,NORMAL
FUND000088,KR5113420069,,,fund,5,2020.11.29~2021.11.28,1.56,62,NORMAL
FUND000088,KR5113420069,,,benchmark,1,2024.11.29~2025.11.28,2.66,62,NORMAL
FUND000088,KR5113420069,,,benchmark,2,2023.11.29~2024.11.28,4.29,62,NORMAL
FUND000088,KR5113420069,,,benchmark,3,2022.11.29~2023.11.28,4.48,62,NORMAL
FUND000088,KR5113420069,,,benchmark,4,2021.11.29~2022.11.28,0.52,62,NORMAL
FUND000088,KR5113420069,,,benchmark,5,2020.11.29~2021.11.28,0.43,62,NORMAL
FUND000088,KR5113420069,CLASS001030,C-F,class_return,1,2024.11.29~2025.11.28,3.54,62,NORMAL
FUND000088,KR5113420069,CLASS001030,C-F,class_return,2,2023.11.29~2024.11.28,7.24,62,NORMAL
FUND000088,KR5113420069,CLASS001030,C-F,class_return,3,2022.11.29~2023.11.28,8.61,62,NORMAL
FUND000088,KR5113420069,CLASS001030,C-F,class_return,4,2021.11.29~2022.11.28,-1.83,62,NORMAL
FUND000088,KR5113420069,CLASS001030,C-F,class_return,5,2020.11.29~2021.11.28,1.34,62,NORMAL
FUND000088,KR5113420069,CLASS001026,A-e,class_return,1,2024.11.29~2025.11.28,3.46,63,NORMAL
FUND000088,KR5113420069,CLASS001026,A-e,class_return,2,2023.11.29~2024.11.28,7.16,63,NORMAL
FUND000088,KR5113420069,CLASS001026,A-e,class_return,3,2022.11.29~2023.11.28,8.53,63,NORMAL
FUND000088,KR5113420069,CLASS001026,A-e,class_return,4,2021.11.29~2022.11.28,-1.9,63,NORMAL
FUND000088,KR5113420069,CLASS001026,A-e,class_return,5,2020.11.29~2021.11.28,1.27,63,NORMAL
FUND000088,KR5113420069,CLASS001034,C-R,class_return,1,2024.11.29~2025.11.28,3.34,63,NORMAL
FUND000088,KR5113420069,CLASS001034,C-R,class_return,2,2023.11.29~2024.11.28,7.04,63,NORMAL
FUND000088,KR5113420069,CLASS001034,C-R,class_return,3,2022.11.29~2023.11.28,8.41,63,NORMAL
FUND000088,KR5113420069,CLASS001034,C-R,class_return,4,2021.11.29~2022.11.28,-2.02,63,NORMAL
FUND000088,KR5113420069,CLASS001034,C-R,class_return,5,2020.11.29~2021.11.28,1.15,63,NORMAL
FUND000088,KR5113420069,CLASS001036,C-W,class_return,1,2024.11.29~2025.11.28,3.57,63,NORMAL
FUND000088,KR5113420069,CLASS001036,C-W,class_return,2,2023.11.29~2024.11.28,7.27,63,NORMAL
FUND000088,KR5113420069,CLASS001036,C-W,class_return,3,2022.11.29~2023.11.28,8.64,63,NORMAL
FUND000088,KR5113420069,CLASS001036,C-W,class_return,4,2021.11.29~2022.11.28,-1.8,63,NORMAL
FUND000088,KR5113420069,CLASS001036,C-W,class_return,5,2020.11.29~2021.11.28,1.37,63,NORMAL
FUND000088,KR5113420069,CLASS001035,C-Re,class_return,1,2024.11.29~2025.11.28,3.45,63,NORMAL
FUND000088,KR5113420069,CLASS001035,C-Re,class_return,2,2023.11.29~2024.11.28,7.15,63,NORMAL
FUND000088,KR5113420069,CLASS001035,C-Re,class_return,3,2022.11.29~2023.11.28,8.52,63,NORMAL
FUND000088,KR5113420069,CLASS001035,C-Re,class_return,4,2021.11.29~2022.11.28,-1.91,63,NORMAL
FUND000088,KR5113420069,CLASS001035,C-Re,class_return,5,2020.11.29~2021.11.28,1.26,63,NORMAL
FUND000088,KR5113420069,CLASS001038,S-P,class_return,1,2024.11.29~2025.11.28,3.47,63,NORMAL
FUND000088,KR5113420069,CLASS001038,S-P,class_return,2,2023.11.29~2024.11.28,7.17,63,NORMAL
FUND000088,KR5113420069,CLASS001038,S-P,class_return,3,2022.11.29~2023.11.28,8.55,63,NORMAL
FUND000088,KR5113420069,CLASS001038,S-P,class_return,4,2021.11.29~2022.11.28,-1.89,63,NORMAL
FUND000088,KR5113420069,CLASS001038,S-P,class_return,5,2020.11.29~2021.11.28,1.28,63,NORMAL
FUND000088,KR5113420069,CLASS001032,C-P,class_return,1,2024.11.29~2025.11.28,3.34,63,NORMAL
FUND000088,KR5113420069,CLASS001032,C-P,class_return,2,2023.11.29~2024.11.28,7.03,63,NORMAL
FUND000088,KR5113420069,CLASS001032,C-P,class_return,3,2022.11.29~2023.11.28,8.4,63,NORMAL
FUND000088,KR5113420069,CLASS001032,C-P,class_return,4,2021.11.29~2022.11.28,-2.02,63,NORMAL
FUND000088,KR5113420069,CLASS001032,C-P,class_return,5,2020.11.29~2021.11.28,1.14,63,NORMAL
FUND000088,KR5113420069,CLASS001033,C-Pe,class_return,1,2024.11.29~2025.11.28,3.45,63,NORMAL
FUND000088,KR5113420069,CLASS001033,C-Pe,class_return,2,2023.11.29~2024.11.28,7.15,63,NORMAL
FUND000088,KR5113420069,CLASS001033,C-Pe,class_return,3,2022.11.29~2023.11.28,8.52,63,NORMAL
FUND000088,KR5113420069,CLASS001033,C-Pe,class_return,4,2021.11.29~2022.11.28,-1.91,63,NORMAL
FUND000088,KR5113420069,CLASS001033,C-Pe,class_return,5,2020.11.29~2021.11.28,1.26,63,NORMAL
FUND000088,KR5113420069,CLASS001039,S-R,class_return,1,2024.11.29~2025.11.28,3.48,63,NORMAL
FUND000088,KR5113420069,CLASS001039,S-R,class_return,2,2023.11.29~2024.11.28,7.19,63,NORMAL
FUND000088,KR5113420069,CLASS001039,S-R,class_return,3,2022.11.29~2023.11.28,8.56,63,NORMAL
FUND000088,KR5113420069,CLASS001039,S-R,class_return,4,2021.11.29~2022.11.28,-1.88,63,NORMAL
FUND000088,KR5113420069,CLASS001039,S-R,class_return,5,2020.11.29~2021.11.28,1.3,63,NORMAL
FUND000088,KR5113420069,CLASS001037,S,class_return,1,2024.11.29~2025.11.28,3.46,63,NORMAL
FUND000088,KR5113420069,CLASS001037,S,class_return,2,2023.11.29~2024.11.28,7.16,63,NORMAL
FUND000088,KR5113420069,CLASS001037,S,class_return,3,2022.11.29~2023.11.28,8.53,63,NORMAL
FUND000088,KR5113420069,CLASS001037,S,class_return,4,2021.11.29~2022.11.28,-1.9,63,NORMAL
FUND000088,KR5113420069,CLASS001037,S,class_return,5,2020.11.29~2021.11.28,1.27,63,NORMAL
FUND000088,KR5113420069,CLASS001025,A1,class_return,1,2024.11.29~2025.11.28,3.43,63,NORMAL
FUND000088,KR5113420069,CLASS001025,A1,class_return,2,2023.11.29~2024.11.28,7.13,63,NORMAL
FUND000088,KR5113420069,CLASS001025,A1,class_return,3,2022.11.29~2023.11.28,5.35,63,NORMAL
FUND000088,KR5113420069,CLASS001024,A,class_return,1,2024.11.29~2025.11.28,3.35,63,NORMAL
FUND000088,KR5113420069,CLASS001024,A,class_return,2,2023.11.29~2024.11.28,7.05,63,NORMAL
FUND000088,KR5113420069,CLASS001024,A,class_return,3,2022.11.29~2023.11.28,8.42,63,NORMAL
FUND000088,KR5113420069,CLASS001024,A,class_return,4,2021.11.29~2022.11.28,-2.01,63,NORMAL
FUND000088,KR5113420069,CLASS001024,A,class_return,5,2020.11.29~2021.11.28,1.16,63,NORMAL
FUND000088,KR5113420069,CLASS001028,C,class_return,1,2024.11.29~2025.11.28,3.33,63,NORMAL
FUND000088,KR5113420069,CLASS001028,C,class_return,2,2023.11.29~2024.11.28,7.03,63,NORMAL
FUND000088,KR5113420069,CLASS001028,C,class_return,3,2022.11.29~2023.11.28,8.39,63,NORMAL
FUND000088,KR5113420069,CLASS001028,C,class_return,4,2021.11.29~2022.11.28,-2.03,63,NORMAL
FUND000088,KR5113420069,CLASS001028,C,class_return,5,2020.11.29~2021.11.28,1.14,63,NORMAL
FUND000088,KR5113420069,CLASS001029,C-e,class_return,1,2024.11.29~2025.11.28,3.41,63,NORMAL
FUND000088,KR5113420069,CLASS001029,C-e,class_return,2,2023.11.29~2024.11.28,7.11,63,NORMAL
FUND000088,KR5113420069,CLASS001029,C-e,class_return,3,2022.11.29~2023.11.28,8.48,63,NORMAL
FUND000088,KR5113420069,CLASS001029,C-e,class_return,4,2021.11.29~2022.11.28,-1.95,63,NORMAL
FUND000088,KR5113420069,CLASS001029,C-e,class_return,5,2020.11.29~2021.11.28,1.22,63,NORMAL
FUND000089,KR5113450111,,,fund,1,2024.02.29~2025.02.28,-2.05,53,NORMAL
FUND000089,KR5113450111,,,fund,2,2023.02.28~2024.02.28,15.15,53,NORMAL
FUND000089,KR5113450111,,,fund,3,2022.02.28~2023.02.27,-6.94,53,NORMAL
FUND000089,KR5113450111,,,fund,4,2021.02.28~2022.02.27,-6.93,53,NORMAL
FUND000089,KR5113450111,,,fund,5,2020.02.28~2021.02.27,48.03,53,NORMAL
FUND000089,KR5113450111,,,benchmark,1,2024.02.29~2025.02.28,-3.15,53,NORMAL
FUND000089,KR5113450111,,,benchmark,2,2023.02.28~2024.02.28,9.56,53,NORMAL
FUND000089,KR5113450111,,,benchmark,3,2022.02.28~2023.02.27,-8.27,53,NORMAL
FUND000089,KR5113450111,,,benchmark,4,2021.02.28~2022.02.27,-9.38,53,NORMAL
FUND000089,KR5113450111,,,benchmark,5,2020.02.28~2021.02.27,39.59,53,NORMAL
FUND000089,KR5113450111,CLASS001042,S-P,class_return,1,2024.02.29~2025.02.28,-2.55,53,NORMAL
FUND000089,KR5113450111,CLASS001042,S-P,class_return,2,2023.02.28~2024.02.28,14.56,53,NORMAL
FUND000089,KR5113450111,CLASS001042,S-P,class_return,3,2022.02.28~2023.02.27,-7.42,53,NORMAL
FUND000089,KR5113450111,CLASS001042,S-P,class_return,4,2021.02.28~2022.02.27,-7.42,53,NORMAL
FUND000089,KR5113450111,CLASS001042,S-P,class_return,5,2020.02.28~2021.02.27,47.3,53,NORMAL
FUND000089,KR5113450111,CLASS001040,C,class_return,1,2024.02.29~2025.02.28,-3.2,53,NORMAL
FUND000089,KR5113450111,CLASS001040,C,class_return,2,2023.02.28~2024.02.28,13.79,53,NORMAL
FUND000089,KR5113450111,CLASS001040,C,class_return,3,2022.02.28~2023.02.27,-8.04,53,NORMAL
FUND000089,KR5113450111,CLASS001040,C,class_return,4,2021.02.28~2022.02.27,-8.05,53,NORMAL
FUND000089,KR5113450111,CLASS001040,C,class_return,5,2020.02.28~2021.02.27,46.35,53,NORMAL
FUND000089,KR5113450111,CLASS001041,C-e,class_return,1,2024.02.29~2025.02.28,-2.74,53,NORMAL
FUND000089,KR5113450111,CLASS001041,C-e,class_return,2,2023.02.28~2024.02.28,14.34,53,NORMAL
FUND000089,KR5113450111,CLASS001041,C-e,class_return,3,2022.02.28~2023.02.27,-7.6,53,NORMAL
FUND000089,KR5113450111,CLASS001041,C-e,class_return,4,2021.02.28~2022.02.27,-7.6,53,NORMAL
FUND000089,KR5113450111,CLASS001041,C-e,class_return,5,2020.02.28~2021.02.27,47.02,53,NORMAL
FUND000090,KR5113450401,,,fund,1,2024.08.30~2025.08.29,29.31,62,NORMAL
FUND000090,KR5113450401,,,fund,2,2023.08.30~2024.08.29,15.34,62,NORMAL
FUND000090,KR5113450401,,,fund,3,2022.08.30~2023.08.29,5.12,62,NORMAL
FUND000090,KR5113450401,,,fund,4,2021.08.30~2022.08.29,-7.49,62,NORMAL
FUND000090,KR5113450401,,,fund,5,2020.08.30~2021.08.29,36.6,62,NORMAL
FUND000090,KR5113450401,,,benchmark,1,2024.08.30~2025.08.29,15.91,62,NORMAL
FUND000090,KR5113450401,,,benchmark,2,2023.08.30~2024.08.29,0.66,62,NORMAL
FUND000090,KR5113450401,,,benchmark,3,2022.08.30~2023.08.29,0.44,62,NORMAL
FUND000090,KR5113450401,,,benchmark,4,2021.08.30~2022.08.29,-15.74,62,NORMAL
FUND000090,KR5113450401,,,benchmark,5,2020.08.30~2021.08.29,37.61,62,NORMAL
FUND000090,KR5113450401,CLASS001045,A-e,class_return,1,2024.08.30~2025.08.29,28.46,62,NORMAL
FUND000090,KR5113450401,CLASS001045,A-e,class_return,2,2023.08.30~2024.08.29,14.56,62,NORMAL
FUND000090,KR5113450401,CLASS001045,A-e,class_return,3,2022.08.30~2023.08.29,4.4,62,NORMAL
FUND000090,KR5113450401,CLASS001045,A-e,class_return,4,2021.08.30~2022.08.29,-8.12,62,NORMAL
FUND000090,KR5113450401,CLASS001045,A-e,class_return,5,2020.08.30~2021.08.29,35.71,62,NORMAL
FUND000090,KR5113450401,CLASS001056,S,class_return,1,2024.08.30~2025.08.29,28.17,63,NORMAL
FUND000090,KR5113450401,CLASS001056,S,class_return,2,2023.08.30~2024.08.29,14.29,63,NORMAL
FUND000090,KR5113450401,CLASS001056,S,class_return,3,2022.08.30~2023.08.29,4.15,63,NORMAL
FUND000090,KR5113450401,CLASS001056,S,class_return,4,2021.08.30~2022.08.29,-8.34,63,NORMAL
FUND000090,KR5113450401,CLASS001056,S,class_return,5,2020.08.30~2021.08.29,35.4,63,NORMAL
FUND000090,KR5113450401,CLASS001057,S-P,class_return,1,2024.08.30~2025.08.29,28.25,63,NORMAL
FUND000090,KR5113450401,CLASS001057,S-P,class_return,2,2023.08.30~2024.08.29,14.37,63,NORMAL
FUND000090,KR5113450401,CLASS001057,S-P,class_return,3,2022.08.30~2023.08.29,4.22,63,NORMAL
FUND000090,KR5113450401,CLASS001057,S-P,class_return,4,2021.08.30~2022.08.29,-8.28,63,NORMAL
FUND000090,KR5113450401,CLASS001057,S-P,class_return,5,2020.08.30~2021.08.29,35.49,63,NORMAL
FUND000090,KR5113450401,CLASS001043,A,class_return,1,2024.08.30~2025.08.29,27.7,63,NORMAL
FUND000090,KR5113450401,CLASS001043,A,class_return,2,2023.08.30~2024.08.29,13.86,63,NORMAL
FUND000090,KR5113450401,CLASS001043,A,class_return,3,2022.08.30~2023.08.29,3.75,63,NORMAL
FUND000090,KR5113450401,CLASS001043,A,class_return,4,2021.08.30~2022.08.29,-8.69,63,NORMAL
FUND000090,KR5113450401,CLASS001043,A,class_return,5,2020.08.30~2021.08.29,34.91,63,NORMAL
FUND000090,KR5113450401,CLASS001047,C,class_return,1,2024.08.30~2025.08.29,27.37,63,NORMAL
FUND000090,KR5113450401,CLASS001047,C,class_return,2,2023.08.30~2024.08.29,13.55,63,NORMAL
FUND000090,KR5113450401,CLASS001047,C,class_return,3,2022.08.30~2023.08.29,3.47,63,NORMAL
FUND000090,KR5113450401,CLASS001047,C,class_return,4,2021.08.30~2022.08.29,-8.94,63,NORMAL
FUND000090,KR5113450401,CLASS001047,C,class_return,5,2020.08.30~2021.08.29,34.56,63,NORMAL
FUND000090,KR5113450401,CLASS001048,C-e,class_return,1,2024.08.30~2025.08.29,28.07,63,NORMAL
FUND000090,KR5113450401,CLASS001048,C-e,class_return,2,2023.08.30~2024.08.29,14.2,63,NORMAL
FUND000090,KR5113450401,CLASS001048,C-e,class_return,3,2022.08.30~2023.08.29,4.06,63,NORMAL
FUND000090,KR5113450401,CLASS001048,C-e,class_return,4,2021.08.30~2022.08.29,-8.42,63,NORMAL
FUND000090,KR5113450401,CLASS001048,C-e,class_return,5,2020.08.30~2021.08.29,35.3,63,NORMAL
FUND000090,KR5113450401,CLASS001055,C-W,class_return,1,2024.08.30~2025.08.29,28.6,63,NORMAL
FUND000090,KR5113450401,CLASS001055,C-W,class_return,2,2023.08.30~2024.08.29,14.69,63,NORMAL
FUND000090,KR5113450401,CLASS001055,C-W,class_return,3,2022.08.30~2023.08.29,4.52,63,NORMAL
FUND000090,KR5113450401,CLASS001055,C-W,class_return,4,2021.08.30~2022.08.29,-8.01,63,NORMAL
FUND000090,KR5113450401,CLASS001055,C-W,class_return,5,2020.08.30~2021.08.29,35.85,63,NORMAL
FUND000090,KR5113450401,CLASS001053,C-R,class_return,1,2024.08.30~2025.08.29,27.82,63,NORMAL
FUND000090,KR5113450401,CLASS001053,C-R,class_return,2,2023.08.30~2024.08.29,13.97,63,NORMAL
FUND000090,KR5113450401,CLASS001053,C-R,class_return,3,2022.08.30~2023.08.29,3.85,63,NORMAL
FUND000090,KR5113450401,CLASS001053,C-R,class_return,4,2021.08.30~2022.08.29,-8.6,63,NORMAL
FUND000090,KR5113450401,CLASS001053,C-R,class_return,5,2020.08.30~2021.08.29,35.04,63,NORMAL
FUND000090,KR5113450401,CLASS001044,A1,class_return,1,2024.08.30~2025.08.29,28.32,63,NORMAL
FUND000090,KR5113450401,CLASS001044,A1,class_return,2,2023.08.30~2024.08.29,14.43,63,NORMAL
FUND000090,KR5113450401,CLASS001044,A1,class_return,3,2022.08.30~2023.08.29,4.3,63,NORMAL
FUND000090,KR5113450401,CLASS001044,A1,class_return,4,2021.08.30~2022.08.29,-8.23,63,NORMAL
FUND000090,KR5113450401,CLASS001044,A1,class_return,5,2020.08.30~2021.08.29,35.56,63,NORMAL
FUND000090,KR5113450401,CLASS001050,C-G,class_return,1,2024.08.30~2025.08.29,27.74,63,NORMAL
FUND000090,KR5113450401,CLASS001050,C-G,class_return,2,2023.08.30~2024.08.29,13.9,63,NORMAL
FUND000090,KR5113450401,CLASS001050,C-G,class_return,3,2022.08.30~2023.08.29,3.79,63,NORMAL
FUND000090,KR5113450401,CLASS001050,C-G,class_return,4,2021.08.30~2022.08.29,-8.66,63,NORMAL
FUND000090,KR5113450401,CLASS001050,C-G,class_return,5,2020.08.30~2021.08.29,34.96,63,NORMAL
FUND000090,KR5113450401,CLASS001052,C-Pe,class_return,1,2024.08.30~2025.08.29,28.01,63,NORMAL
FUND000090,KR5113450401,CLASS001052,C-Pe,class_return,2,2023.08.30~2024.08.29,14.15,63,NORMAL
FUND000090,KR5113450401,CLASS001052,C-Pe,class_return,3,2022.08.30~2023.08.29,4.02,63,NORMAL
FUND000090,KR5113450401,CLASS001052,C-Pe,class_return,4,2021.08.30~2022.08.29,-8.46,63,NORMAL
FUND000090,KR5113450401,CLASS001052,C-Pe,class_return,5,2020.08.30~2021.08.29,35.24,63,NORMAL
FUND000090,KR5113450401,CLASS001049,C-F,class_return,1,2024.08.30~2025.08.29,24.71,63,NORMAL
FUND000090,KR5113450401,CLASS001054,C-Re,class_return,1,2024.08.30~2025.08.29,28.21,63,NORMAL
FUND000090,KR5113450401,CLASS001054,C-Re,class_return,2,2023.08.30~2024.08.29,14.33,63,NORMAL
FUND000090,KR5113450401,CLASS001054,C-Re,class_return,3,2022.08.30~2023.08.29,4.18,63,NORMAL
FUND000090,KR5113450401,CLASS001054,C-Re,class_return,4,2021.08.30~2022.08.29,-8.31,63,NORMAL
FUND000090,KR5113450401,CLASS001054,C-Re,class_return,5,2020.08.30~2021.08.29,35.44,63,NORMAL
FUND000090,KR5113450401,CLASS001051,C-P,class_return,1,2024.08.30~2025.08.29,27.43,63,NORMAL
FUND000090,KR5113450401,CLASS001051,C-P,class_return,2,2023.08.30~2024.08.29,13.61,63,NORMAL
FUND000090,KR5113450401,CLASS001051,C-P,class_return,3,2022.08.30~2023.08.29,3.52,63,NORMAL
FUND000090,KR5113450401,CLASS001051,C-P,class_return,4,2021.08.30~2022.08.29,-8.89,63,NORMAL
FUND000090,KR5113450401,CLASS001051,C-P,class_return,5,2020.08.30~2021.08.29,34.63,63,NORMAL
FUND000091,KR5113470030,,,fund,1,2024.11.01~2025.10.31,75.86,56,NORMAL
FUND000091,KR5113470030,,,fund,2,2023.11.01~2024.10.31,14.54,56,NORMAL
FUND000091,KR5113470030,,,fund,3,2022.11.01~2023.10.31,4.31,56,NORMAL
FUND000091,KR5113470030,,,fund,4,2021.11.01~2022.10.31,-20.74,56,NORMAL
FUND000091,KR5113470030,,,fund,5,2020.11.01~2021.10.31,32.03,56,NORMAL
FUND000091,KR5113470030,,,benchmark,1,2024.11.01~2025.10.31,70.77,56,NORMAL
FUND000091,KR5113470030,,,benchmark,2,2023.11.01~2024.10.31,11.05,56,NORMAL
FUND000091,KR5113470030,,,benchmark,3,2022.11.01~2023.10.31,2.0,56,NORMAL
FUND000091,KR5113470030,,,benchmark,4,2021.11.01~2022.10.31,-22.88,56,NORMAL
FUND000091,KR5113470030,,,benchmark,5,2020.11.01~2021.10.31,28.8,56,NORMAL
FUND000091,KR5113470030,CLASS001065,C-Pe,class_return,1,2024.11.01~2025.10.31,75.21,56,NORMAL
FUND000091,KR5113470030,CLASS001065,C-Pe,class_return,2,2023.11.01~2024.10.31,14.02,56,NORMAL
FUND000091,KR5113470030,CLASS001065,C-Pe,class_return,3,2022.11.01~2023.10.31,3.74,56,NORMAL
FUND000091,KR5113470030,CLASS001065,C-Pe,class_return,4,2021.11.01~2022.10.31,-21.19,56,NORMAL
FUND000091,KR5113470030,CLASS001065,C-Pe,class_return,5,2020.11.01~2021.10.31,31.32,56,NORMAL
FUND000091,KR5113470030,CLASS001059,A-e,class_return,1,2024.11.01~2025.10.31,75.29,56,NORMAL
FUND000091,KR5113470030,CLASS001059,A-e,class_return,2,2023.11.01~2024.10.31,14.07,56,NORMAL
FUND000091,KR5113470030,CLASS001059,A-e,class_return,3,2022.11.01~2023.10.31,3.78,56,NORMAL
FUND000091,KR5113470030,CLASS001059,A-e,class_return,4,2021.11.01~2022.10.31,-21.16,56,NORMAL
FUND000091,KR5113470030,CLASS001059,A-e,class_return,5,2020.11.01~2021.10.31,31.38,56,NORMAL
FUND000091,KR5113470030,CLASS001060,A-H,class_return,1,2024.11.01~2025.10.31,74.99,56,NORMAL
FUND000091,KR5113470030,CLASS001060,A-H,class_return,2,2023.11.01~2024.10.31,13.85,56,NORMAL
FUND000091,KR5113470030,CLASS001060,A-H,class_return,3,2022.11.01~2023.10.31,3.59,56,NORMAL
FUND000091,KR5113470030,CLASS001060,A-H,class_return,4,2021.11.01~2022.10.31,-21.31,56,NORMAL
FUND000091,KR5113470030,CLASS001060,A-H,class_return,5,2020.11.01~2021.10.31,31.15,56,NORMAL
FUND000091,KR5113470030,CLASS001061,C,class_return,1,2024.11.01~2025.10.31,74.0,56,NORMAL
FUND000091,KR5113470030,CLASS001061,C,class_return,2,2023.11.01~2024.10.31,13.15,56,NORMAL
FUND000091,KR5113470030,CLASS001061,C,class_return,3,2022.11.01~2023.10.31,2.96,56,NORMAL
FUND000091,KR5113470030,CLASS001061,C,class_return,4,2021.11.01~2022.10.31,-21.81,56,NORMAL
FUND000091,KR5113470030,CLASS001061,C,class_return,5,2020.11.01~2021.10.31,30.38,56,NORMAL
FUND000091,KR5113470030,CLASS001058,A,class_return,1,2024.11.01~2025.10.31,74.96,56,NORMAL
FUND000091,KR5113470030,CLASS001058,A,class_return,2,2023.11.01~2024.10.31,13.84,56,NORMAL
FUND000091,KR5113470030,CLASS001058,A,class_return,3,2022.11.01~2023.10.31,3.58,56,NORMAL
FUND000091,KR5113470030,CLASS001058,A,class_return,4,2021.11.01~2022.10.31,-21.32,56,NORMAL
FUND000091,KR5113470030,CLASS001058,A,class_return,5,2020.11.01~2021.10.31,31.13,56,NORMAL
FUND000091,KR5113470030,CLASS001062,C-e,class_return,1,2024.11.01~2025.10.31,74.8,56,NORMAL
FUND000091,KR5113470030,CLASS001062,C-e,class_return,2,2023.11.01~2024.10.31,13.73,56,NORMAL
FUND000091,KR5113470030,CLASS001062,C-e,class_return,3,2022.11.01~2023.10.31,3.48,56,NORMAL
FUND000091,KR5113470030,CLASS001062,C-e,class_return,4,2021.11.01~2022.10.31,-21.4,56,NORMAL
FUND000091,KR5113470030,CLASS001062,C-e,class_return,5,2020.11.01~2021.10.31,31.0,56,NORMAL
FUND000091,KR5113470030,CLASS001067,S,class_return,1,2024.11.01~2025.10.31,75.34,57,NORMAL
FUND000091,KR5113470030,CLASS001067,S,class_return,2,2023.11.01~2024.10.31,14.1,57,NORMAL
FUND000091,KR5113470030,CLASS001067,S,class_return,3,2022.11.01~2023.10.31,3.81,57,NORMAL
FUND000091,KR5113470030,CLASS001067,S,class_return,4,2021.11.01~2022.10.31,-21.14,57,NORMAL
FUND000091,KR5113470030,CLASS001067,S,class_return,5,2020.11.01~2021.10.31,31.41,57,NORMAL
FUND000091,KR5113470030,CLASS001068,S-P,class_return,1,2024.11.01~2025.10.31,75.38,57,NORMAL
FUND000091,KR5113470030,CLASS001068,S-P,class_return,2,2023.11.01~2024.10.31,14.13,57,NORMAL
FUND000091,KR5113470030,CLASS001068,S-P,class_return,3,2022.11.01~2023.10.31,3.84,57,NORMAL
FUND000091,KR5113470030,CLASS001068,S-P,class_return,4,2021.11.01~2022.10.31,-21.11,57,NORMAL
FUND000091,KR5113470030,CLASS001068,S-P,class_return,5,2020.11.01~2021.10.31,31.46,57,NORMAL
FUND000091,KR5113470030,CLASS001064,C-P,class_return,1,2024.11.01~2025.10.31,74.82,57,NORMAL
FUND000091,KR5113470030,CLASS001064,C-P,class_return,2,2023.11.01~2024.10.31,13.74,57,NORMAL
FUND000091,KR5113470030,CLASS001064,C-P,class_return,3,2022.11.01~2023.10.31,3.49,57,NORMAL
FUND000091,KR5113470030,CLASS001064,C-P,class_return,4,2021.11.01~2022.10.31,-21.39,57,NORMAL
FUND000091,KR5113470030,CLASS001064,C-P,class_return,5,2020.11.01~2021.10.31,31.02,57,NORMAL
FUND000091,KR5113470031,,,fund,1,2024.11.01~2025.10.31,75.86,56,NORMAL
FUND000091,KR5113470031,,,fund,2,2023.11.01~2024.10.31,14.54,56,NORMAL
FUND000091,KR5113470031,,,fund,3,2022.11.01~2023.10.31,4.31,56,NORMAL
FUND000091,KR5113470031,,,fund,4,2021.11.01~2022.10.31,-20.74,56,NORMAL
FUND000091,KR5113470031,,,fund,5,2020.11.01~2021.10.31,32.03,56,NORMAL
FUND000091,KR5113470031,,,benchmark,1,2024.11.01~2025.10.31,70.77,56,NORMAL
FUND000091,KR5113470031,,,benchmark,2,2023.11.01~2024.10.31,11.05,56,NORMAL
FUND000091,KR5113470031,,,benchmark,3,2022.11.01~2023.10.31,2.0,56,NORMAL
FUND000091,KR5113470031,,,benchmark,4,2021.11.01~2022.10.31,-22.88,56,NORMAL
FUND000091,KR5113470031,,,benchmark,5,2020.11.01~2021.10.31,28.8,56,NORMAL
FUND000091,KR5113470031,CLASS001065,C-Pe,class_return,1,2024.11.01~2025.10.31,75.21,56,NORMAL
FUND000091,KR5113470031,CLASS001065,C-Pe,class_return,2,2023.11.01~2024.10.31,14.02,56,NORMAL
FUND000091,KR5113470031,CLASS001065,C-Pe,class_return,3,2022.11.01~2023.10.31,3.74,56,NORMAL
FUND000091,KR5113470031,CLASS001065,C-Pe,class_return,4,2021.11.01~2022.10.31,-21.19,56,NORMAL
FUND000091,KR5113470031,CLASS001065,C-Pe,class_return,5,2020.11.01~2021.10.31,31.32,56,NORMAL
FUND000091,KR5113470031,CLASS001059,A-e,class_return,1,2024.11.01~2025.10.31,75.29,56,NORMAL
FUND000091,KR5113470031,CLASS001059,A-e,class_return,2,2023.11.01~2024.10.31,14.07,56,NORMAL
FUND000091,KR5113470031,CLASS001059,A-e,class_return,3,2022.11.01~2023.10.31,3.78,56,NORMAL
FUND000091,KR5113470031,CLASS001059,A-e,class_return,4,2021.11.01~2022.10.31,-21.16,56,NORMAL
FUND000091,KR5113470031,CLASS001059,A-e,class_return,5,2020.11.01~2021.10.31,31.38,56,NORMAL
FUND000091,KR5113470031,CLASS001060,A-H,class_return,1,2024.11.01~2025.10.31,74.99,56,NORMAL
FUND000091,KR5113470031,CLASS001060,A-H,class_return,2,2023.11.01~2024.10.31,13.85,56,NORMAL
FUND000091,KR5113470031,CLASS001060,A-H,class_return,3,2022.11.01~2023.10.31,3.59,56,NORMAL
FUND000091,KR5113470031,CLASS001060,A-H,class_return,4,2021.11.01~2022.10.31,-21.31,56,NORMAL
FUND000091,KR5113470031,CLASS001060,A-H,class_return,5,2020.11.01~2021.10.31,31.15,56,NORMAL
FUND000091,KR5113470031,CLASS001061,C,class_return,1,2024.11.01~2025.10.31,74.0,56,NORMAL
FUND000091,KR5113470031,CLASS001061,C,class_return,2,2023.11.01~2024.10.31,13.15,56,NORMAL
FUND000091,KR5113470031,CLASS001061,C,class_return,3,2022.11.01~2023.10.31,2.96,56,NORMAL
FUND000091,KR5113470031,CLASS001061,C,class_return,4,2021.11.01~2022.10.31,-21.81,56,NORMAL
FUND000091,KR5113470031,CLASS001061,C,class_return,5,2020.11.01~2021.10.31,30.38,56,NORMAL
FUND000091,KR5113470031,CLASS001058,A,class_return,1,2024.11.01~2025.10.31,74.96,56,NORMAL
FUND000091,KR5113470031,CLASS001058,A,class_return,2,2023.11.01~2024.10.31,13.84,56,NORMAL
FUND000091,KR5113470031,CLASS001058,A,class_return,3,2022.11.01~2023.10.31,3.58,56,NORMAL
FUND000091,KR5113470031,CLASS001058,A,class_return,4,2021.11.01~2022.10.31,-21.32,56,NORMAL
FUND000091,KR5113470031,CLASS001058,A,class_return,5,2020.11.01~2021.10.31,31.13,56,NORMAL
FUND000091,KR5113470031,CLASS001062,C-e,class_return,1,2024.11.01~2025.10.31,74.8,56,NORMAL
FUND000091,KR5113470031,CLASS001062,C-e,class_return,2,2023.11.01~2024.10.31,13.73,56,NORMAL
FUND000091,KR5113470031,CLASS001062,C-e,class_return,3,2022.11.01~2023.10.31,3.48,56,NORMAL
FUND000091,KR5113470031,CLASS001062,C-e,class_return,4,2021.11.01~2022.10.31,-21.4,56,NORMAL
FUND000091,KR5113470031,CLASS001062,C-e,class_return,5,2020.11.01~2021.10.31,31.0,56,NORMAL
FUND000091,KR5113470031,CLASS001067,S,class_return,1,2024.11.01~2025.10.31,75.34,57,NORMAL
FUND000091,KR5113470031,CLASS001067,S,class_return,2,2023.11.01~2024.10.31,14.1,57,NORMAL
FUND000091,KR5113470031,CLASS001067,S,class_return,3,2022.11.01~2023.10.31,3.81,57,NORMAL
FUND000091,KR5113470031,CLASS001067,S,class_return,4,2021.11.01~2022.10.31,-21.14,57,NORMAL
FUND000091,KR5113470031,CLASS001067,S,class_return,5,2020.11.01~2021.10.31,31.41,57,NORMAL
FUND000091,KR5113470031,CLASS001068,S-P,class_return,1,2024.11.01~2025.10.31,75.38,57,NORMAL
FUND000091,KR5113470031,CLASS001068,S-P,class_return,2,2023.11.01~2024.10.31,14.13,57,NORMAL
FUND000091,KR5113470031,CLASS001068,S-P,class_return,3,2022.11.01~2023.10.31,3.84,57,NORMAL
FUND000091,KR5113470031,CLASS001068,S-P,class_return,4,2021.11.01~2022.10.31,-21.11,57,NORMAL
FUND000091,KR5113470031,CLASS001068,S-P,class_return,5,2020.11.01~2021.10.31,31.46,57,NORMAL
FUND000091,KR5113470031,CLASS001064,C-P,class_return,1,2024.11.01~2025.10.31,74.82,57,NORMAL
FUND000091,KR5113470031,CLASS001064,C-P,class_return,2,2023.11.01~2024.10.31,13.74,57,NORMAL
FUND000091,KR5113470031,CLASS001064,C-P,class_return,3,2022.11.01~2023.10.31,3.49,57,NORMAL
FUND000091,KR5113470031,CLASS001064,C-P,class_return,4,2021.11.01~2022.10.31,-21.39,57,NORMAL
FUND000091,KR5113470031,CLASS001064,C-P,class_return,5,2020.11.01~2021.10.31,31.02,57,NORMAL
FUND000046,KR5114420016,,,fund,1,24.05.20~25.05.19,9.53,68,NORMAL
FUND000046,KR5114420016,,,fund,2,23.05.20~24.05.19,4.69,68,NORMAL
FUND000046,KR5114420016,,,fund,3,22.05.20~23.05.19,2.04,68,NORMAL
FUND000046,KR5114420016,,,fund,4,21.05.20~22.05.19,-6.84,68,NORMAL
FUND000046,KR5114420016,,,fund,5,20.05.20~21.05.19,-3.78,68,NORMAL
FUND000046,KR5114420016,,,benchmark,1,24.05.20~25.05.19,9.44,68,NORMAL
FUND000046,KR5114420016,,,benchmark,2,23.05.20~24.05.19,4.38,68,NORMAL
FUND000046,KR5114420016,,,benchmark,3,22.05.20~23.05.19,1.55,68,NORMAL
FUND000046,KR5114420016,,,benchmark,4,21.05.20~22.05.19,-7.24,68,NORMAL
FUND000046,KR5114420016,,,benchmark,5,20.05.20~21.05.19,-51.76,68,NORMAL
FUND000046,KR5114420016,CLASS000637,Re,class_return,1,24.05.20~25.05.19,9.11,69,NORMAL
FUND000046,KR5114420016,CLASS000637,Re,class_return,2,23.05.20~24.05.19,4.28,69,NORMAL
FUND000046,KR5114420016,CLASS000637,Re,class_return,3,22.05.20~23.05.19,1.64,69,NORMAL
FUND000046,KR5114420016,CLASS000637,Re,class_return,4,21.05.20~22.05.19,-7.21,69,NORMAL
FUND000046,KR5114420016,CLASS000637,Re,class_return,5,20.05.20~21.05.19,-4.16,69,NORMAL
FUND000046,KR5114420016,CLASS000638,R-Ae,class_return,1,24.05.20~25.05.19,9.21,70,NORMAL
FUND000046,KR5114420016,CLASS000638,R-Ae,class_return,2,23.05.20~24.05.19,4.38,70,NORMAL
FUND000046,KR5114420016,CLASS000638,R-Ae,class_return,3,22.05.20~23.05.19,1.74,70,NORMAL
FUND000046,KR5114420016,CLASS000638,R-Ae,class_return,4,21.05.20~22.05.19,-7.12,70,NORMAL
FUND000046,KR5114420016,CLASS000638,R-Ae,class_return,5,20.05.20~21.05.19,-4.07,70,NORMAL
FUND000046,KR5114420016,CLASS000639,A,class_return,1,24.05.20~25.05.19,9.28,70,NORMAL
FUND000046,KR5114420016,CLASS000639,A,class_return,2,23.05.20~24.05.19,4.44,70,NORMAL
FUND000046,KR5114420016,CLASS000639,A,class_return,3,22.05.20~23.05.19,1.8,70,NORMAL
FUND000046,KR5114420016,CLASS000639,A,class_return,4,21.05.20~22.05.19,-7.07,70,NORMAL
FUND000046,KR5114420016,CLASS000639,A,class_return,5,20.05.20~21.05.19,-4.01,70,NORMAL
FUND000046,KR5114420016,CLASS000642,Cf,class_return,1,24.05.20~25.05.19,9.31,71,NORMAL
FUND000046,KR5114420016,CLASS000642,Cf,class_return,2,23.05.20~24.05.19,4.47,71,NORMAL
FUND000046,KR5114420016,CLASS000642,Cf,class_return,3,22.05.20~23.05.19,1.83,71,NORMAL
FUND000046,KR5114420016,CLASS000642,Cf,class_return,4,21.05.20~22.05.19,-7.04,71,NORMAL
FUND000046,KR5114420016,CLASS000642,Cf,class_return,5,20.05.20~21.05.19,-3.98,71,NORMAL
FUND000046,KR5114420016,CLASS000644,C-P,class_return,1,24.05.20~25.05.19,8.93,72,NORMAL
FUND000046,KR5114420016,CLASS000644,C-P,class_return,2,23.05.20~24.05.19,4.1,72,NORMAL
FUND000046,KR5114420016,CLASS000644,C-P,class_return,3,22.05.20~23.05.19,1.47,72,NORMAL
FUND000046,KR5114420016,CLASS000644,C-P,class_return,4,21.05.20~22.05.19,-7.37,72,NORMAL
FUND000046,KR5114420016,CLASS000644,C-P,class_return,5,20.05.20~21.05.19,-4.32,72,NORMAL
FUND000046,KR5114420016,CLASS000645,C-Pe,class_return,1,24.05.20~25.05.19,9.13,73,NORMAL
FUND000046,KR5114420016,CLASS000645,C-Pe,class_return,2,23.05.20~24.05.19,4.3,73,NORMAL
FUND000046,KR5114420016,CLASS000645,C-Pe,class_return,3,22.05.20~23.05.19,1.66,73,NORMAL
FUND000046,KR5114420016,CLASS000645,C-Pe,class_return,4,21.05.20~22.05.19,-7.2,73,NORMAL
FUND000046,KR5114420016,CLASS000645,C-Pe,class_return,5,20.05.20~21.05.19,-4.14,73,NORMAL
FUND000046,KR5114420016,CLASS000646,Cp(퇴직연금),class_return,1,24.05.20~25.05.19,8.99,74,NORMAL
FUND000046,KR5114420016,CLASS000646,Cp(퇴직연금),class_return,2,23.05.20~24.05.19,4.16,74,NORMAL
FUND000046,KR5114420016,CLASS000646,Cp(퇴직연금),class_return,3,22.05.20~23.05.19,1.53,74,NORMAL
FUND000046,KR5114420016,CLASS000646,Cp(퇴직연금),class_return,4,21.05.20~22.05.19,-7.32,74,NORMAL
FUND000046,KR5114420016,CLASS000646,Cp(퇴직연금),class_return,5,20.05.20~21.05.19,-4.27,74,NORMAL
FUND000046,KR5114420016,CLASS000647,Cpe(퇴직연금),class_return,1,24.05.20~25.05.19,9.16,74,NORMAL
FUND000046,KR5114420016,CLASS000647,Cpe(퇴직연금),class_return,2,23.05.20~24.05.19,4.33,74,NORMAL
FUND000046,KR5114420016,CLASS000647,Cpe(퇴직연금),class_return,3,22.05.20~23.05.19,1.69,74,NORMAL
FUND000046,KR5114420016,CLASS000647,Cpe(퇴직연금),class_return,4,21.05.20~22.05.19,-7.17,74,NORMAL
FUND000046,KR5114420016,CLASS000647,Cpe(퇴직연금),class_return,5,20.05.20~21.05.19,-4.12,74,NORMAL
FUND000046,KR5114420016,CLASS000649,I,class_return,1,24.05.20~25.05.19,9.28,75,NORMAL
FUND000046,KR5114420016,CLASS000649,I,class_return,2,23.05.20~24.05.19,4.44,75,NORMAL
FUND000046,KR5114420016,CLASS000649,I,class_return,3,22.05.20~23.05.19,1.79,75,NORMAL
FUND000046,KR5114420016,CLASS000649,I,class_return,4,21.05.20~22.05.19,-7.06,75,NORMAL
FUND000046,KR5114420016,CLASS000649,I,class_return,5,20.05.20~21.05.19,-4.01,75,NORMAL
FUND000046,KR5114420016,CLASS000650,R,class_return,1,24.05.20~25.05.19,8.88,76,NORMAL
FUND000046,KR5114420016,CLASS000650,R,class_return,2,23.05.20~24.05.19,4.06,76,NORMAL
FUND000046,KR5114420016,CLASS000650,R,class_return,3,22.05.20~23.05.19,1.43,76,NORMAL
FUND000046,KR5114420016,CLASS000650,R,class_return,4,21.05.20~22.05.19,-7.41,76,NORMAL
FUND000046,KR5114420016,CLASS000650,R,class_return,5,20.05.20~21.05.19,-4.36,76,NORMAL
FUND000046,KR5114420016,CLASS000651,R-A,class_return,1,24.05.20~25.05.19,9.1,77,NORMAL
FUND000046,KR5114420016,CLASS000651,R-A,class_return,2,23.05.20~24.05.19,4.27,77,NORMAL
FUND000046,KR5114420016,CLASS000651,R-A,class_return,3,22.05.20~23.05.19,1.63,77,NORMAL
FUND000046,KR5114420016,CLASS000651,R-A,class_return,4,21.05.20~22.05.19,-7.22,77,NORMAL
FUND000046,KR5114420016,CLASS000651,R-A,class_return,5,20.05.20~21.05.19,-4.17,77,NORMAL
FUND000046,KR5114420016,CLASS000652,S,class_return,1,24.05.20~25.05.19,9.17,77,NORMAL
FUND000046,KR5114420016,CLASS000652,S,class_return,2,23.05.20~24.05.19,4.34,77,NORMAL
FUND000046,KR5114420016,CLASS000652,S,class_return,3,22.05.20~23.05.19,1.7,77,NORMAL
FUND000046,KR5114420016,CLASS000652,S,class_return,4,21.05.20~22.05.19,-7.16,77,NORMAL
FUND000046,KR5114420016,CLASS000652,S,class_return,5,20.05.20~21.05.19,-4.11,77,NORMAL
FUND000046,KR5114420016,CLASS000653,S-P,class_return,1,24.05.20~25.05.19,9.2,78,NORMAL
FUND000046,KR5114420016,CLASS000653,S-P,class_return,2,23.05.20~24.05.19,4.37,78,NORMAL
FUND000046,KR5114420016,CLASS000653,S-P,class_return,3,22.05.20~23.05.19,1.73,78,NORMAL
FUND000046,KR5114420016,CLASS000653,S-P,class_return,4,21.05.20~22.05.19,-7.13,78,NORMAL
FUND000046,KR5114420016,CLASS000653,S-P,class_return,5,20.05.20~21.05.19,-4.08,78,NORMAL
FUND000046,KR5114420016,CLASS000654,S-P(퇴직연금),class_return,1,24.05.20~25.05.19,9.21,79,NORMAL
FUND000046,KR5114420016,CLASS000654,S-P(퇴직연금),class_return,2,23.05.20~24.05.19,4.38,79,NORMAL
FUND000046,KR5114420016,CLASS000654,S-P(퇴직연금),class_return,3,22.05.20~23.05.19,1.74,79,NORMAL
FUND000046,KR5114420016,CLASS000654,S-P(퇴직연금),class_return,4,21.05.20~22.05.19,-7.12,79,NORMAL
FUND000046,KR5114420016,CLASS000654,S-P(퇴직연금),class_return,5,20.05.20~21.05.19,-4.07,79,NORMAL
FUND000047,KR5114420022,,,fund,1,24.02.21~25.02.20,4.42,50,NORMAL
FUND000047,KR5114420022,,,fund,2,23.02.21~24.02.20,4.05,50,NORMAL
FUND000047,KR5114420022,,,fund,3,22.02.21~23.02.20,0.84,50,NORMAL
FUND000047,KR5114420022,,,fund,4,21.02.21~22.02.20,-0.44,50,NORMAL
FUND000047,KR5114420022,,,fund,5,20.02.21~21.02.20,1.56,50,NORMAL
FUND000047,KR5114420022,,,benchmark,1,24.02.21~25.02.20,4.53,50,NORMAL
FUND000047,KR5114420022,,,benchmark,2,23.02.21~24.02.20,4.13,50,NORMAL
FUND000047,KR5114420022,,,benchmark,3,22.02.21~23.02.20,0.77,50,NORMAL
FUND000047,KR5114420022,,,benchmark,4,21.02.21~22.02.20,-0.47,50,NORMAL
FUND000047,KR5114420022,,,benchmark,5,20.02.21~21.02.20,1.68,50,NORMAL
FUND000047,KR5114420022,CLASS000656,C,class_return,1,24.02.21~25.02.20,3.44,51,NORMAL
FUND000047,KR5114420022,CLASS000656,C,class_return,2,23.02.21~24.02.20,3.07,51,NORMAL
FUND000047,KR5114420022,CLASS000656,C,class_return,3,22.02.21~23.02.20,-0.11,51,NORMAL
FUND000047,KR5114420022,CLASS000656,C,class_return,4,21.02.21~22.02.20,-1.38,51,NORMAL
FUND000047,KR5114420022,CLASS000656,C,class_return,5,20.02.21~21.02.20,0.6,51,NORMAL
FUND000047,KR5114420022,CLASS000657,Ce,class_return,1,24.02.21~25.02.20,3.77,52,NORMAL
FUND000047,KR5114420022,CLASS000657,Ce,class_return,2,23.02.21~24.02.20,3.41,52,NORMAL
FUND000047,KR5114420022,CLASS000657,Ce,class_return,3,22.02.21~23.02.20,0.21,52,NORMAL
FUND000047,KR5114420022,CLASS000657,Ce,class_return,4,21.02.21~22.02.20,-1.06,52,NORMAL
FUND000047,KR5114420022,CLASS000657,Ce,class_return,5,20.02.21~21.02.20,0.92,52,NORMAL
FUND000047,KR5114420022,CLASS000658,S-P,class_return,1,24.02.21~25.02.20,3.99,52,NORMAL
FUND000047,KR5114420022,CLASS000658,S-P,class_return,2,23.02.21~24.02.20,3.63,52,NORMAL
FUND000047,KR5114420022,CLASS000658,S-P,class_return,3,22.02.21~23.02.20,0.43,52,NORMAL
FUND000047,KR5114420022,CLASS000658,S-P,class_return,4,21.02.21~22.02.20,-0.85,52,NORMAL
FUND000047,KR5114420022,CLASS000658,S-P,class_return,5,20.02.21~21.02.20,1.15,52,NORMAL
FUND000048,KR5114420027,,,fund,1,24.07.08~25.07.07,5.89,60,NORMAL
FUND000048,KR5114420027,,,fund,2,23.07.08~24.07.07,8.28,60,NORMAL
FUND000048,KR5114420027,,,fund,3,22.07.08~23.07.07,3.1,60,NORMAL
FUND000048,KR5114420027,,,fund,4,21.07.08~22.07.07,-5.97,60,NORMAL
FUND000048,KR5114420027,,,fund,5,20.07.08~21.07.07,-0.41,60,NORMAL
FUND000048,KR5114420027,,,benchmark,1,24.07.08~25.07.07,5.25,60,NORMAL
FUND000048,KR5114420027,,,benchmark,2,23.07.08~24.07.07,7.0,60,NORMAL
FUND000048,KR5114420027,,,benchmark,3,22.07.08~23.07.07,1.45,60,NORMAL
FUND000048,KR5114420027,,,benchmark,4,21.07.08~22.07.07,-4.33,60,NORMAL
FUND000048,KR5114420027,,,benchmark,5,20.07.08~21.07.07,-1.16,60,NORMAL
FUND000048,KR5114420027,CLASS000659,A,class_return,1,24.07.08~25.07.07,5.57,61,NORMAL
FUND000048,KR5114420027,CLASS000659,A,class_return,2,23.07.08~24.07.07,7.96,61,NORMAL
FUND000048,KR5114420027,CLASS000659,A,class_return,3,22.07.08~23.07.07,2.79,61,NORMAL
FUND000048,KR5114420027,CLASS000659,A,class_return,4,21.07.08~22.07.07,-6.25,61,NORMAL
FUND000048,KR5114420027,CLASS000659,A,class_return,5,20.07.08~21.07.07,-0.71,61,NORMAL
FUND000048,KR5114420027,CLASS000660,Ae,class_return,1,24.07.08~25.07.07,5.66,62,NORMAL
FUND000048,KR5114420027,CLASS000660,Ae,class_return,2,23.07.08~24.07.07,8.05,62,NORMAL
FUND000048,KR5114420027,CLASS000660,Ae,class_return,3,22.07.08~23.07.07,2.88,62,NORMAL
FUND000048,KR5114420027,CLASS000660,Ae,class_return,4,21.07.08~22.07.07,-6.17,62,NORMAL
FUND000048,KR5114420027,CLASS000660,Ae,class_return,5,20.07.08~21.07.07,-0.62,62,NORMAL
FUND000048,KR5114420027,CLASS000661,C,class_return,1,24.07.08~25.07.07,5.41,62,NORMAL
FUND000048,KR5114420027,CLASS000661,C,class_return,2,23.07.08~24.07.07,7.8,62,NORMAL
FUND000048,KR5114420027,CLASS000661,C,class_return,3,22.07.08~23.07.07,2.64,62,NORMAL
FUND000048,KR5114420027,CLASS000661,C,class_return,4,21.07.08~22.07.07,-6.4,62,NORMAL
FUND000048,KR5114420027,CLASS000661,C,class_return,5,20.07.08~21.07.07,-0.86,62,NORMAL
FUND000048,KR5114420027,CLASS000662,Ce,class_return,1,24.07.08~25.07.07,5.58,63,NORMAL
FUND000048,KR5114420027,CLASS000662,Ce,class_return,2,23.07.08~24.07.07,7.97,63,NORMAL
FUND000048,KR5114420027,CLASS000662,Ce,class_return,3,22.07.08~23.07.07,2.8,63,NORMAL
FUND000048,KR5114420027,CLASS000662,Ce,class_return,4,21.07.08~22.07.07,-6.24,63,NORMAL
FUND000048,KR5114420027,CLASS000662,Ce,class_return,5,20.07.08~21.07.07,-0.7,63,NORMAL
FUND000048,KR5114420027,CLASS000663,Cf,class_return,1,24.07.08~25.07.07,5.73,64,NORMAL
FUND000048,KR5114420027,CLASS000663,Cf,class_return,2,23.07.08~24.07.07,8.12,64,NORMAL
FUND000048,KR5114420027,CLASS000663,Cf,class_return,3,22.07.08~23.07.07,2.94,64,NORMAL
FUND000048,KR5114420027,CLASS000663,Cf,class_return,4,21.07.08~22.07.07,-6.11,64,NORMAL
FUND000048,KR5114420027,CLASS000663,Cf,class_return,5,20.07.08~21.07.07,-0.56,64,NORMAL
FUND000048,KR5114420027,CLASS000666,C-P,class_return,1,24.07.08~25.07.07,5.43,64,NORMAL
FUND000048,KR5114420027,CLASS000666,C-P,class_return,2,23.07.08~24.07.07,7.82,64,NORMAL
FUND000048,KR5114420027,CLASS000666,C-P,class_return,3,22.07.08~23.07.07,2.66,64,NORMAL
FUND000048,KR5114420027,CLASS000666,C-P,class_return,4,21.07.08~22.07.07,-6.38,64,NORMAL
FUND000048,KR5114420027,CLASS000666,C-P,class_return,5,20.07.08~21.07.07,-0.84,64,NORMAL
FUND000048,KR5114420027,CLASS000667,C-Pe,class_return,1,24.07.08~25.07.07,5.58,65,NORMAL
FUND000048,KR5114420027,CLASS000667,C-Pe,class_return,2,23.07.08~24.07.07,7.97,65,NORMAL
FUND000048,KR5114420027,CLASS000667,C-Pe,class_return,3,22.07.08~23.07.07,2.8,65,NORMAL
FUND000048,KR5114420027,CLASS000667,C-Pe,class_return,4,21.07.08~22.07.07,-6.24,65,NORMAL
FUND000048,KR5114420027,CLASS000667,C-Pe,class_return,5,20.07.08~21.07.07,-0.7,65,NORMAL
FUND000048,KR5114420027,CLASS000669,Cpe(퇴직연금),class_return,1,24.07.08~25.07.07,5.63,66,NORMAL
FUND000048,KR5114420027,CLASS000669,Cpe(퇴직연금),class_return,2,23.07.08~24.07.07,8.02,66,NORMAL
FUND000048,KR5114420027,CLASS000669,Cpe(퇴직연금),class_return,3,22.07.08~23.07.07,2.86,66,NORMAL
FUND000048,KR5114420027,CLASS000669,Cpe(퇴직연금),class_return,4,21.07.08~22.07.07,-6.19,66,NORMAL
FUND000048,KR5114420027,CLASS000670,CYe,class_return,1,24.07.08~25.07.07,5.62,66,NORMAL
FUND000048,KR5114420027,CLASS000670,CYe,class_return,2,23.07.08~24.07.07,8.01,66,NORMAL
FUND000048,KR5114420027,CLASS000670,CYe,class_return,3,22.07.08~23.07.07,2.85,66,NORMAL
FUND000048,KR5114420027,CLASS000670,CYe,class_return,4,21.07.08~22.07.07,-6.2,66,NORMAL
FUND000048,KR5114420027,CLASS000671,S,class_return,1,24.07.08~25.07.07,5.59,67,NORMAL
FUND000048,KR5114420027,CLASS000671,S,class_return,2,23.07.08~24.07.07,7.98,67,NORMAL
FUND000048,KR5114420027,CLASS000671,S,class_return,3,22.07.08~23.07.07,2.81,67,NORMAL
FUND000048,KR5114420027,CLASS000671,S,class_return,4,21.07.08~22.07.07,-6.24,67,NORMAL
FUND000048,KR5114420027,CLASS000671,S,class_return,5,20.07.08~21.07.07,-0.69,67,NORMAL
FUND000048,KR5114420027,CLASS000672,S-P,class_return,1,24.07.08~25.07.07,5.64,68,NORMAL
FUND000048,KR5114420027,CLASS000672,S-P,class_return,2,23.07.08~24.07.07,8.03,68,NORMAL
FUND000048,KR5114420027,CLASS000672,S-P,class_return,3,22.07.08~23.07.07,2.86,68,NORMAL
FUND000048,KR5114420027,CLASS000672,S-P,class_return,4,21.07.08~22.07.07,-6.19,68,NORMAL
FUND000048,KR5114420027,CLASS000672,S-P,class_return,5,20.07.08~21.07.07,-0.64,68,NORMAL
FUND000049,KR5114420046,,,fund,1,25.01.03~26.01.02,2.71,41,NORMAL
FUND000049,KR5114420046,,,fund,2,24.01.03~25.01.02,4.2,41,NORMAL
FUND000049,KR5114420046,,,fund,3,23.01.03~24.01.02,4.63,41,NORMAL
FUND000049,KR5114420046,,,fund,4,22.01.03~23.01.02,1.18,41,NORMAL
FUND000049,KR5114420046,,,fund,5,21.01.03~22.01.02,0.6,41,NORMAL
FUND000049,KR5114420046,,,benchmark,1,25.01.03~26.01.02,2.48,41,NORMAL
FUND000049,KR5114420046,,,benchmark,2,24.01.03~25.01.02,3.8,41,NORMAL
FUND000049,KR5114420046,,,benchmark,3,23.01.03~24.01.02,4.02,41,NORMAL
FUND000049,KR5114420046,,,benchmark,4,22.01.03~23.01.02,1.06,41,NORMAL
FUND000049,KR5114420046,,,benchmark,5,21.01.03~22.01.02,0.52,41,NORMAL
FUND000049,KR5114420046,CLASS000675,C,class_return,1,25.01.03~26.01.02,2.28,42,NORMAL
FUND000049,KR5114420046,CLASS000675,C,class_return,2,24.01.03~25.01.02,3.76,42,NORMAL
FUND000049,KR5114420046,CLASS000675,C,class_return,3,23.01.03~24.01.02,4.19,42,NORMAL
FUND000049,KR5114420046,CLASS000675,C,class_return,4,22.01.03~23.01.02,0.75,42,NORMAL
FUND000049,KR5114420046,CLASS000675,C,class_return,5,21.01.03~22.01.02,0.17,42,NORMAL
FUND000049,KR5114420046,CLASS000676,Ce,class_return,1,25.01.03~26.01.02,2.43,43,NORMAL
FUND000049,KR5114420046,CLASS000676,Ce,class_return,2,24.01.03~25.01.02,3.9,43,NORMAL
FUND000049,KR5114420046,CLASS000676,Ce,class_return,3,23.01.03~24.01.02,4.34,43,NORMAL
FUND000049,KR5114420046,CLASS000676,Ce,class_return,4,22.01.03~23.01.02,0.9,43,NORMAL
FUND000049,KR5114420046,CLASS000676,Ce,class_return,5,21.01.03~22.01.02,0.31,43,NORMAL
FUND000050,KR5114450222,,,fund,1,24.01.11~25.01.10,7.05,54,NORMAL
FUND000050,KR5114450222,,,fund,2,23.01.11~24.01.10,9.14,54,NORMAL
FUND000050,KR5114450222,,,fund,3,22.01.11~23.01.10,-20.39,54,NORMAL
FUND000050,KR5114450222,,,fund,4,21.01.11~22.01.10,-4.5,54,NORMAL
FUND000050,KR5114450222,,,fund,5,20.01.11~21.01.10,47.63,54,NORMAL
FUND000050,KR5114450222,,,benchmark,1,24.01.11~25.01.10,-0.71,54,NORMAL
FUND000050,KR5114450222,,,benchmark,2,23.01.11~24.01.10,7.87,54,NORMAL
FUND000050,KR5114450222,,,benchmark,3,22.01.11~23.01.10,-18.68,54,NORMAL
FUND000050,KR5114450222,,,benchmark,4,21.01.11~22.01.10,-6.72,54,NORMAL
FUND000050,KR5114450222,,,benchmark,5,20.01.11~21.01.10,40.69,54,NORMAL
FUND000050,KR5114450222,CLASS000678,C,class_return,1,24.01.11~25.01.10,5.51,55,NORMAL
FUND000050,KR5114450222,CLASS000678,C,class_return,2,23.01.11~24.01.10,7.57,55,NORMAL
FUND000050,KR5114450222,CLASS000678,C,class_return,3,22.01.11~23.01.10,-21.62,55,NORMAL
FUND000050,KR5114450222,CLASS000678,C,class_return,4,21.01.11~22.01.10,-5.9,55,NORMAL
FUND000050,KR5114450222,CLASS000678,C,class_return,5,20.01.11~21.01.10,45.47,55,NORMAL
FUND000050,KR5114450222,CLASS000680,S-P,class_return,1,24.01.11~25.01.10,6.22,56,NORMAL
FUND000050,KR5114450222,CLASS000680,S-P,class_return,2,23.01.11~24.01.10,8.29,56,NORMAL
FUND000050,KR5114450222,CLASS000680,S-P,class_return,3,22.01.11~23.01.10,-21.06,56,NORMAL
FUND000050,KR5114450222,CLASS000680,S-P,class_return,4,21.01.11~22.01.10,-5.25,56,NORMAL
FUND000051,KR5114450270,,,fund,1,25.01.03~26.01.02,100.93,41,NORMAL
FUND000051,KR5114450270,,,fund,2,24.01.03~25.01.02,-9.53,41,NORMAL
FUND000051,KR5114450270,,,fund,3,23.01.03~24.01.02,25.58,41,NORMAL
FUND000051,KR5114450270,,,fund,4,22.01.03~23.01.02,-23.76,41,NORMAL
FUND000051,KR5114450270,,,fund,5,21.01.03~22.01.02,3.35,41,NORMAL
FUND000051,KR5114450270,,,benchmark,1,25.01.03~26.01.02,96.42,41,NORMAL
FUND000051,KR5114450270,,,benchmark,2,24.01.03~25.01.02,-11.81,41,NORMAL
FUND000051,KR5114450270,,,benchmark,3,23.01.03~24.01.02,23.57,41,NORMAL
FUND000051,KR5114450270,,,benchmark,4,22.01.03~23.01.02,-25.47,41,NORMAL
FUND000051,KR5114450270,,,benchmark,5,21.01.03~22.01.02,1.3,41,NORMAL
FUND000051,KR5114450270,CLASS000681,C,class_return,1,25.01.03~26.01.02,99.84,42,NORMAL
FUND000051,KR5114450270,CLASS000681,C,class_return,2,24.01.03~25.01.02,-10.06,42,NORMAL
FUND000051,KR5114450270,CLASS000681,C,class_return,3,23.01.03~24.01.02,24.85,42,NORMAL
FUND000051,KR5114450270,CLASS000681,C,class_return,4,22.01.03~23.01.02,-24.23,42,NORMAL
FUND000051,KR5114450270,CLASS000681,C,class_return,5,21.01.03~22.01.02,2.75,42,NORMAL
FUND000051,KR5114450270,CLASS000682,Ce,class_return,1,25.01.03~26.01.02,100.2,43,NORMAL
FUND000051,KR5114450270,CLASS000682,Ce,class_return,2,24.01.03~25.01.02,-9.88,43,NORMAL
FUND000051,KR5114450270,CLASS000682,Ce,class_return,3,23.01.03~24.01.02,25.1,43,NORMAL
FUND000051,KR5114450270,CLASS000682,Ce,class_return,4,22.01.03~23.01.02,-24.07,43,NORMAL
FUND000051,KR5114450270,CLASS000682,Ce,class_return,5,21.01.03~22.01.02,2.95,43,NORMAL
FUND000051,KR5114450270,CLASS000684,Sp,class_return,1,25.01.03~26.01.02,100.28,43,NORMAL
FUND000051,KR5114450270,CLASS000684,Sp,class_return,2,24.01.03~25.01.02,-9.84,43,NORMAL
FUND000051,KR5114450270,CLASS000684,Sp,class_return,3,23.01.03~24.01.02,25.15,43,NORMAL
FUND000051,KR5114450270,CLASS000684,Sp,class_return,4,22.01.03~23.01.02,-24.04,43,NORMAL
FUND000051,KR5114450270,CLASS000684,Sp,class_return,5,21.01.03~22.01.02,2.99,43,NORMAL
FUND000018,KR5116501001,,,fund,1,19.12.30~20.12.29,2.18,41,NORMAL
FUND000018,KR5116501001,,,fund,2,18.12.30~19.12.29,3.37,41,NORMAL
FUND000018,KR5116501001,,,fund,3,17.12.30~18.12.29,4.03,41,NORMAL
FUND000018,KR5116501001,,,fund,4,16.12.30~17.12.29,0.25,41,NORMAL
FUND000018,KR5116501001,,,fund,5,15.12.30~16.12.29,1.23,41,NORMAL
FUND000018,KR5116501001,,,benchmark,1,19.12.30~20.12.29,1.67,41,NORMAL
FUND000018,KR5116501001,,,benchmark,2,18.12.30~19.12.29,3.51,41,NORMAL
FUND000018,KR5116501001,,,benchmark,3,17.12.30~18.12.29,4.72,41,NORMAL
FUND000018,KR5116501001,,,benchmark,4,16.12.30~17.12.29,0.64,41,NORMAL
FUND000018,KR5116501001,,,benchmark,5,15.12.30~16.12.29,1.72,41,NORMAL
FUND000018,KR5116501001,CLASS000239,C-P,class_return,1,19.12.30~20.12.29,1.64,42,NORMAL
FUND000018,KR5116501001,CLASS000239,C-P,class_return,2,18.12.30~19.12.29,2.82,42,NORMAL
FUND000018,KR5116501001,CLASS000239,C-P,class_return,3,17.12.30~18.12.29,3.47,42,NORMAL
FUND000018,KR5116501001,CLASS000239,C-P,class_return,4,16.12.30~17.12.29,0.08,42,NORMAL
FUND000018,KR5116501001,CLASS000239,C-P,class_return,5,15.12.30~16.12.29,1.23,42,NORMAL
FUND000018,KR5116501001,CLASS000240,C-Pe,class_return,1,19.12.30~20.12.29,2.17,42,NORMAL
FUND000018,KR5116501001,CLASS000240,C-Pe,class_return,2,18.12.30~19.12.29,3.45,42,NORMAL
FUND000038,KR5117420097,CLASS000531,C1,class_return,1,2024.08.01~2025.07.31,3.28,39,NORMAL
FUND000038,KR5117420097,CLASS000532,C-e,class_return,1,2024.08.01~2025.07.31,3.44,39,NORMAL
FUND000038,KR5117420097,CLASS000536,C-p,class_return,1,2024.08.01~2025.07.31,3.48,39,NORMAL
FUND000038,KR5117420097,CLASS000537,C-pe,class_return,1,2024.08.01~2025.07.31,3.46,39,NORMAL
FUND000038,KR5117420097,CLASS000538,C-r,class_return,1,2024.08.01~2025.07.31,3.37,39,NORMAL
FUND000038,KR5117420097,CLASS000540,C-s,class_return,1,2024.08.01~2025.07.31,3.58,39,NORMAL
FUND000038,KR5117420097,,,benchmark,1,2024.08.01~2025.07.31,3.1,39,NORMAL
FUND000076,KR5118201004,,,fund,1,2024.11.01~2025.10.31,4.13,53,NORMAL
FUND000076,KR5118201004,,,fund,2,2023.11.01~2024.10.31,6.39,53,NORMAL
FUND000076,KR5118201004,,,fund,3,2022.11.01~2023.10.31,6.0,53,NORMAL
FUND000076,KR5118201004,,,fund,4,2021.11.01~2022.10.31,0.15,53,NORMAL
FUND000076,KR5118201004,,,fund,5,2020.11.01~2021.10.31,0.92,53,NORMAL
FUND000076,KR5118201004,,,benchmark,1,2024.11.01~2025.10.31,3.05,53,NORMAL
FUND000076,KR5118201004,,,benchmark,2,2023.11.01~2024.10.31,4.43,53,NORMAL
FUND000076,KR5118201004,,,benchmark,3,2022.11.01~2023.10.31,4.43,53,NORMAL
FUND000076,KR5118201004,,,benchmark,4,2021.11.01~2022.10.31,0.22,53,NORMAL
FUND000076,KR5118201004,,,benchmark,5,2020.11.01~2021.10.31,0.3,53,NORMAL
FUND000076,KR5118201004,CLASS000887,A,class_return,1,2024.11.01~2025.10.31,3.52,53,NORMAL
FUND000076,KR5118201004,CLASS000887,A,class_return,2,2023.11.01~2024.10.31,5.76,53,NORMAL
FUND000076,KR5118201004,CLASS000887,A,class_return,3,2022.11.01~2023.10.31,5.37,53,NORMAL
FUND000076,KR5118201004,CLASS000887,A,class_return,4,2021.11.01~2022.10.31,-0.45,53,NORMAL
FUND000076,KR5118201004,CLASS000887,A,class_return,5,2020.11.01~2021.10.31,0.33,53,NORMAL
FUND000076,KR5118201004,CLASS000889,A-G,class_return,1,2024.11.01~2025.10.31,3.63,53,NORMAL
FUND000076,KR5118201004,CLASS000889,A-G,class_return,2,2023.11.01~2024.10.31,5.87,53,NORMAL
FUND000076,KR5118201004,CLASS000889,A-G,class_return,3,2022.11.01~2023.10.31,5.48,53,NORMAL
FUND000076,KR5118201004,CLASS000889,A-G,class_return,4,2021.11.01~2022.10.31,-0.34,53,NORMAL
FUND000076,KR5118201004,CLASS000889,A-G,class_return,5,2020.11.01~2021.10.31,0.43,53,NORMAL
FUND000076,KR5118201004,CLASS000890,B,class_return,1,2024.11.01~2025.10.31,3.72,53,NORMAL
FUND000076,KR5118201004,CLASS000890,B,class_return,2,2023.11.01~2024.10.31,5.97,53,NORMAL
FUND000076,KR5118201004,CLASS000890,B,class_return,3,2022.11.01~2023.10.31,5.58,53,NORMAL
FUND000076,KR5118201004,CLASS000890,B,class_return,4,2021.11.01~2022.10.31,-0.25,53,NORMAL
FUND000076,KR5118201004,CLASS000890,B,class_return,5,2020.11.01~2021.10.31,0.53,53,NORMAL
FUND000076,KR5118201004,CLASS000892,B-e,class_return,1,2024.11.01~2025.10.31,3.83,53,NORMAL
FUND000076,KR5118201004,CLASS000892,B-e,class_return,2,2023.11.01~2024.10.31,6.08,53,NORMAL
FUND000076,KR5118201004,CLASS000892,B-e,class_return,3,2022.11.01~2023.10.31,5.69,53,NORMAL
FUND000076,KR5118201004,CLASS000892,B-e,class_return,4,2021.11.01~2022.10.31,-0.15,53,NORMAL
FUND000076,KR5118201004,CLASS000892,B-e,class_return,5,2020.11.01~2021.10.31,0.63,53,NORMAL
FUND000076,KR5118201004,CLASS000898,C-Pe,class_return,1,2024.11.01~2025.10.31,3.85,53,NORMAL
FUND000076,KR5118201004,CLASS000898,C-Pe,class_return,2,2023.11.01~2024.10.31,6.1,53,NORMAL
FUND000076,KR5118201004,CLASS000898,C-Pe,class_return,3,2022.11.01~2023.10.31,5.71,53,NORMAL
FUND000076,KR5118201004,CLASS000898,C-Pe,class_return,4,2021.11.01~2022.10.31,-0.13,53,NORMAL
FUND000076,KR5118201004,CLASS000898,C-Pe,class_return,5,2020.11.01~2021.10.31,0.65,53,NORMAL
FUND000076,KR5118201004,CLASS000897,C-P,class_return,1,2024.11.01~2025.10.31,3.76,53,NORMAL
FUND000076,KR5118201004,CLASS000897,C-P,class_return,2,2023.11.01~2024.10.31,6.02,53,NORMAL
FUND000076,KR5118201004,CLASS000897,C-P,class_return,3,2022.11.01~2023.10.31,5.62,53,NORMAL
FUND000076,KR5118201004,CLASS000897,C-P,class_return,4,2021.11.01~2022.10.31,-0.21,53,NORMAL
FUND000076,KR5118201004,CLASS000897,C-P,class_return,5,2020.11.01~2021.10.31,0.57,53,NORMAL
FUND000076,KR5118201004,CLASS000901,C-P1e,class_return,1,2024.11.01~2025.10.31,3.79,53,NORMAL
FUND000076,KR5118201004,CLASS000901,C-P1e,class_return,2,2023.11.01~2024.10.31,6.04,53,NORMAL
FUND000076,KR5118201004,CLASS000901,C-P1e,class_return,3,2022.11.01~2023.10.31,5.64,53,NORMAL
FUND000076,KR5118201004,CLASS000901,C-P1e,class_return,4,2021.11.01~2022.10.31,-0.19,53,NORMAL
FUND000076,KR5118201004,CLASS000901,C-P1e,class_return,5,2020.11.01~2021.10.31,0.59,53,NORMAL
FUND000076,KR5118201004,CLASS000903,S-P(퇴직),class_return,1,2024.11.01~2025.10.31,3.85,53,NORMAL
FUND000076,KR5118201004,CLASS000903,S-P(퇴직),class_return,2,2023.11.01~2024.10.31,6.11,53,NORMAL
FUND000076,KR5118201004,CLASS000903,S-P(퇴직),class_return,3,2022.11.01~2023.10.31,5.72,53,NORMAL
FUND000076,KR5118201004,CLASS000903,S-P(퇴직),class_return,4,2021.11.01~2022.10.31,-0.12,53,NORMAL
FUND000076,KR5118201004,CLASS000903,S-P(퇴직),class_return,5,2020.11.01~2021.10.31,0.64,53,NORMAL
FUND000076,KR5118201004,CLASS000896,C-W,class_return,1,2024.11.01~2025.10.31,3.93,53,NORMAL
FUND000076,KR5118201004,CLASS000896,C-W,class_return,2,2023.11.01~2024.10.31,6.18,53,NORMAL
FUND000076,KR5118201004,CLASS000896,C-W,class_return,3,2022.11.01~2023.10.31,5.79,53,NORMAL
FUND000076,KR5118201004,CLASS000896,C-W,class_return,4,2021.11.01~2022.10.31,-0.05,53,NORMAL
FUND000076,KR5118201004,CLASS000896,C-W,class_return,5,2020.11.01~2021.10.31,0.73,53,NORMAL
FUND000076,KR5118201004,CLASS000891,B2,class_return,1,2024.11.01~2025.10.31,3.83,53,NORMAL
FUND000076,KR5118201004,CLASS000891,B2,class_return,2,2023.11.01~2024.10.31,3.09,53,NORMAL
FUND000076,KR5118201004,CLASS000894,I,class_return,1,2024.11.01~2025.10.31,3.93,53,NORMAL
FUND000076,KR5118201004,CLASS000894,I,class_return,2,2023.11.01~2024.10.31,6.18,53,NORMAL
FUND000076,KR5118201004,CLASS000894,I,class_return,3,2022.11.01~2023.10.31,5.79,53,NORMAL
FUND000076,KR5118201004,CLASS000894,I,class_return,4,2021.11.01~2022.10.31,-0.05,53,NORMAL
FUND000076,KR5118201004,CLASS000894,I,class_return,5,2020.11.01~2021.10.31,0.73,53,NORMAL
FUND000076,KR5118201004,CLASS000899,S,class_return,1,2024.11.01~2025.10.31,3.83,53,NORMAL
FUND000076,KR5118201004,CLASS000899,S,class_return,2,2023.11.01~2024.10.31,6.08,53,NORMAL
FUND000076,KR5118201004,CLASS000899,S,class_return,3,2022.11.01~2023.10.31,5.69,53,NORMAL
FUND000076,KR5118201004,CLASS000899,S,class_return,4,2021.11.01~2022.10.31,-0.15,53,NORMAL
FUND000076,KR5118201004,CLASS000899,S,class_return,5,2020.11.01~2021.10.31,0.63,53,NORMAL
FUND000076,KR5118201004,CLASS000900,C-P1,class_return,1,2024.11.01~2025.10.31,3.64,53,NORMAL
FUND000076,KR5118201004,CLASS000900,C-P1,class_return,2,2023.11.01~2024.10.31,5.89,53,NORMAL
FUND000076,KR5118201004,CLASS000900,C-P1,class_return,3,2022.11.01~2023.10.31,5.5,53,NORMAL
FUND000076,KR5118201004,CLASS000900,C-P1,class_return,4,2021.11.01~2022.10.31,-0.33,53,NORMAL
FUND000076,KR5118201004,CLASS000900,C-P1,class_return,5,2020.11.01~2021.10.31,0.45,53,NORMAL
FUND000076,KR5118201004,CLASS000895,C-I,class_return,1,2024.11.01~2025.10.31,3.91,53,NORMAL
FUND000076,KR5118201004,CLASS000895,C-I,class_return,2,2023.11.01~2024.10.31,6.16,53,NORMAL
FUND000076,KR5118201004,CLASS000895,C-I,class_return,3,2022.11.01~2023.10.31,5.77,53,NORMAL
FUND000076,KR5118201004,CLASS000895,C-I,class_return,4,2021.11.01~2022.10.31,-0.07,53,NORMAL
FUND000076,KR5118201004,CLASS000895,C-I,class_return,5,2020.11.01~2021.10.31,0.71,53,NORMAL
FUND000076,KR5118201004,CLASS000902,S-P,class_return,1,2024.11.01~2025.10.31,3.84,53,NORMAL
FUND000076,KR5118201004,CLASS000902,S-P,class_return,2,2023.11.01~2024.10.31,6.1,53,NORMAL
FUND000076,KR5118201004,CLASS000902,S-P,class_return,3,2022.11.01~2023.10.31,5.7,53,NORMAL
FUND000076,KR5118201004,CLASS000902,S-P,class_return,4,2021.11.01~2022.10.31,-0.13,53,NORMAL
FUND000076,KR5118201004,CLASS000902,S-P,class_return,5,2020.11.01~2021.10.31,0.64,53,NORMAL
FUND000077,KR5118420006,,,fund,1,2024.11.01~2025.10.31,3.52,46,NORMAL
FUND000077,KR5118420006,,,fund,2,2023.11.01~2024.10.31,2.22,46,NORMAL
FUND000077,KR5118420006,,,benchmark,1,2024.11.01~2025.10.31,2.85,46,NORMAL
FUND000077,KR5118420006,,,benchmark,2,2023.11.01~2024.10.31,1.89,46,NORMAL
FUND000077,KR5118420006,CLASS000904,A1,class_return,1,2024.11.01~2025.10.31,3.31,46,NORMAL
FUND000077,KR5118420006,CLASS000905,A2,class_return,1,2024.11.01~2025.10.31,3.21,46,NORMAL
FUND000077,KR5118420006,CLASS000906,A-e,class_return,1,2024.11.01~2025.10.31,3.36,46,NORMAL
FUND000077,KR5118420006,CLASS000907,C,class_return,1,2024.11.01~2025.10.31,3.1,46,NORMAL
FUND000077,KR5118420006,CLASS000908,C-e,class_return,1,2024.11.01~2025.10.31,3.26,46,NORMAL
FUND000077,KR5118420006,CLASS000909,C-F,class_return,1,2024.11.01~2025.10.31,3.4,46,NORMAL
FUND000077,KR5118420006,CLASS000909,C-F,class_return,2,2023.11.01~2024.10.31,2.16,46,NORMAL
FUND000077,KR5118420006,CLASS000910,C-I,class_return,1,2024.11.01~2025.10.31,3.38,46,NORMAL
FUND000077,KR5118420006,CLASS000910,C-I,class_return,2,2023.11.01~2024.10.31,2.15,46,NORMAL
FUND000077,KR5118420006,CLASS000911,C-W,class_return,1,2024.11.01~2025.10.31,1.82,46,NORMAL
FUND000077,KR5118420006,CLASS000912,S,class_return,1,2024.11.01~2025.10.31,3.37,46,NORMAL
FUND000077,KR5118420006,CLASS000913,C-P,class_return,1,2024.11.01~2025.10.31,3.21,46,NORMAL
FUND000077,KR5118420006,CLASS000914,C-Pe,class_return,1,2024.11.01~2025.10.31,3.31,46,NORMAL
FUND000077,KR5118420006,CLASS000916,S-P(퇴직),class_return,1,2024.11.01~2025.10.31,3.36,46,NORMAL
FUND000077,KR5118420006,CLASS000917,C-P1,class_return,1,2024.11.01~2025.10.31,2.23,46,NORMAL
FUND000077,KR5118420006,CLASS000918,C-P1e,class_return,1,2024.11.01~2025.10.31,3.34,46,NORMAL
FUND000077,KR5118420006,CLASS000919,S-P,class_return,1,2024.11.01~2025.10.31,3.36,46,NORMAL
FUND000078,KR5118420036,,,fund,1,2024.02.01~2025.01.31,4.51,55,NORMAL
FUND000078,KR5118420036,,,fund,2,2023.02.01~2024.01.31,4.2,55,NORMAL
FUND000078,KR5118420036,,,fund,3,2022.02.01~2023.01.31,0.58,55,NORMAL
FUND000078,KR5118420036,,,fund,4,2021.02.01~2022.01.31,0.43,55,NORMAL
FUND000078,KR5118420036,,,fund,5,2020.02.01~2021.01.31,2.12,55,NORMAL
FUND000078,KR5118420036,,,benchmark,1,2024.02.01~2025.01.31,4.18,55,NORMAL
FUND000078,KR5118420036,,,benchmark,2,2023.02.01~2024.01.31,4.26,55,NORMAL
FUND000078,KR5118420036,,,benchmark,3,2022.02.01~2023.01.31,1.93,55,NORMAL
FUND000078,KR5118420036,,,benchmark,4,2021.02.01~2022.01.31,0.42,55,NORMAL
FUND000078,KR5118420036,,,benchmark,5,2020.02.01~2021.01.31,1.66,55,NORMAL
FUND000078,KR5118420036,CLASS000925,A,class_return,1,2024.02.01~2025.01.31,4.28,55,NORMAL
FUND000078,KR5118420036,CLASS000925,A,class_return,2,2023.02.01~2024.01.31,3.97,55,NORMAL
FUND000078,KR5118420036,CLASS000925,A,class_return,3,2022.02.01~2023.01.31,0.36,55,NORMAL
FUND000078,KR5118420036,CLASS000925,A,class_return,4,2021.02.01~2022.01.31,0.21,55,NORMAL
FUND000078,KR5118420036,CLASS000925,A,class_return,5,2020.02.01~2021.01.31,1.89,55,NORMAL
FUND000078,KR5118420036,CLASS000926,A-e,class_return,1,2024.02.01~2025.01.31,4.29,55,NORMAL
FUND000078,KR5118420036,CLASS000926,A-e,class_return,2,2023.02.01~2024.01.31,3.99,55,NORMAL
FUND000078,KR5118420036,CLASS000926,A-e,class_return,3,2022.02.01~2023.01.31,0.38,55,NORMAL
FUND000078,KR5118420036,CLASS000926,A-e,class_return,4,2021.02.01~2022.01.31,0.23,55,NORMAL
FUND000078,KR5118420036,CLASS000926,A-e,class_return,5,2020.02.01~2021.01.31,1.92,55,NORMAL
FUND000078,KR5118420036,CLASS000920,C,class_return,1,2024.02.01~2025.01.31,3.91,55,NORMAL
FUND000078,KR5118420036,CLASS000920,C,class_return,2,2023.02.01~2024.01.31,3.61,55,NORMAL
FUND000078,KR5118420036,CLASS000920,C,class_return,3,2022.02.01~2023.01.31,0.01,55,NORMAL
FUND000078,KR5118420036,CLASS000920,C,class_return,4,2021.02.01~2022.01.31,-0.14,55,NORMAL
FUND000078,KR5118420036,CLASS000920,C,class_return,5,2020.02.01~2021.01.31,1.54,55,NORMAL
FUND000078,KR5118420036,CLASS000921,C-e,class_return,1,2024.02.01~2025.01.31,3.99,55,NORMAL
FUND000078,KR5118420036,CLASS000921,C-e,class_return,2,2023.02.01~2024.01.31,3.69,55,NORMAL
FUND000078,KR5118420036,CLASS000921,C-e,class_return,3,2022.02.01~2023.01.31,0.08,55,NORMAL
FUND000078,KR5118420036,CLASS000921,C-e,class_return,4,2021.02.01~2022.01.31,-0.06,55,NORMAL
FUND000078,KR5118420036,CLASS000921,C-e,class_return,5,2020.02.01~2021.01.31,1.62,55,NORMAL
FUND000078,KR5118420036,CLASS000928,C-P,class_return,1,2024.02.01~2025.01.31,4.16,55,NORMAL
FUND000078,KR5118420036,CLASS000928,C-P,class_return,2,2023.02.01~2024.01.31,3.85,55,NORMAL
FUND000078,KR5118420036,CLASS000928,C-P,class_return,3,2022.02.01~2023.01.31,0.24,55,NORMAL
FUND000078,KR5118420036,CLASS000928,C-P,class_return,4,2021.02.01~2022.01.31,0.1,55,NORMAL
FUND000078,KR5118420036,CLASS000928,C-P,class_return,5,2020.02.01~2021.01.31,1.78,55,NORMAL
FUND000078,KR5118420036,CLASS000934,S-P(퇴직),class_return,1,2024.02.01~2025.01.31,4.31,55,NORMAL
FUND000078,KR5118420036,CLASS000934,S-P(퇴직),class_return,2,2023.02.01~2024.01.31,4.0,55,NORMAL
FUND000078,KR5118420036,CLASS000934,S-P(퇴직),class_return,3,2022.02.01~2023.01.31,0.39,55,NORMAL
FUND000078,KR5118420036,CLASS000934,S-P(퇴직),class_return,4,2021.02.01~2022.01.31,0.24,55,NORMAL
FUND000078,KR5118420036,CLASS000930,C-P1,class_return,1,2024.02.01~2025.01.31,4.04,55,NORMAL
FUND000078,KR5118420036,CLASS000930,C-P1,class_return,2,2023.02.01~2024.01.31,3.73,55,NORMAL
FUND000078,KR5118420036,CLASS000930,C-P1,class_return,3,2022.02.01~2023.01.31,0.13,55,NORMAL
FUND000078,KR5118420036,CLASS000930,C-P1,class_return,4,2021.02.01~2022.01.31,-0.02,55,NORMAL
FUND000078,KR5118420036,CLASS000930,C-P1,class_return,5,2020.02.01~2021.01.31,1.66,55,NORMAL
FUND000078,KR5118420036,CLASS000931,C-P1e,class_return,1,2024.02.01~2025.01.31,4.18,55,NORMAL
FUND000078,KR5118420036,CLASS000931,C-P1e,class_return,2,2023.02.01~2024.01.31,3.87,55,NORMAL
FUND000078,KR5118420036,CLASS000931,C-P1e,class_return,3,2022.02.01~2023.01.31,0.27,55,NORMAL
FUND000078,KR5118420036,CLASS000931,C-P1e,class_return,4,2021.02.01~2022.01.31,0.12,55,NORMAL
FUND000078,KR5118420036,CLASS000931,C-P1e,class_return,5,2020.02.01~2021.01.31,1.8,55,NORMAL
FUND000078,KR5118420036,CLASS000933,S-P,class_return,1,2024.02.01~2025.01.31,4.3,55,NORMAL
FUND000078,KR5118420036,CLASS000933,S-P,class_return,2,2023.02.01~2024.01.31,3.99,55,NORMAL
FUND000078,KR5118420036,CLASS000933,S-P,class_return,3,2022.02.01~2023.01.31,0.38,55,NORMAL
FUND000078,KR5118420036,CLASS000933,S-P,class_return,4,2021.02.01~2022.01.31,0.24,55,NORMAL
FUND000078,KR5118420036,CLASS000933,S-P,class_return,5,2020.02.01~2021.01.31,1.92,55,NORMAL
FUND000078,KR5118420036,CLASS000929,C-Pe,class_return,1,2024.02.01~2025.01.31,4.24,55,NORMAL
FUND000078,KR5118420036,CLASS000929,C-Pe,class_return,2,2023.02.01~2024.01.31,3.93,55,NORMAL
FUND000078,KR5118420036,CLASS000929,C-Pe,class_return,3,2022.02.01~2023.01.31,0.33,55,NORMAL
FUND000078,KR5118420036,CLASS000929,C-Pe,class_return,4,2021.02.01~2022.01.31,0.18,55,NORMAL
FUND000078,KR5118420036,CLASS000929,C-Pe,class_return,5,2020.02.01~2021.01.31,1.87,55,NORMAL
FUND000079,KR5118420062,,,fund,1,2024.11.01~2025.10.31,3.69,45,NORMAL
FUND000079,KR5118420062,,,fund,2,2023.11.01~2024.10.31,5.49,45,NORMAL
FUND000079,KR5118420062,,,fund,3,2022.11.01~2023.10.31,5.87,45,NORMAL
FUND000079,KR5118420062,,,fund,4,2021.11.01~2022.10.31,1.32,45,NORMAL
FUND000079,KR5118420062,,,fund,5,2020.11.01~2021.10.31,1.2,45,NORMAL
FUND000079,KR5118420062,,,benchmark,1,2024.11.01~2025.10.31,3.06,45,NORMAL
FUND000079,KR5118420062,,,benchmark,2,2023.11.01~2024.10.31,4.13,45,NORMAL
FUND000079,KR5118420062,,,benchmark,3,2022.11.01~2023.10.31,4.44,45,NORMAL
FUND000079,KR5118420062,,,benchmark,4,2021.11.01~2022.10.31,0.92,45,NORMAL
FUND000079,KR5118420062,,,benchmark,5,2020.11.01~2021.10.31,0.65,45,NORMAL
FUND000079,KR5118420062,CLASS000944,C-Pe,class_return,1,2024.11.01~2025.10.31,3.46,45,NORMAL
FUND000079,KR5118420062,CLASS000944,C-Pe,class_return,2,2023.11.01~2024.10.31,5.26,45,NORMAL
FUND000079,KR5118420062,CLASS000944,C-Pe,class_return,3,2022.11.01~2023.10.31,5.65,45,NORMAL
FUND000079,KR5118420062,CLASS000944,C-Pe,class_return,4,2021.11.01~2022.10.31,1.11,45,NORMAL
FUND000079,KR5118420062,CLASS000944,C-Pe,class_return,5,2020.11.01~2021.10.31,0.98,45,NORMAL
FUND000079,KR5118420062,CLASS000947,C-P1e,class_return,1,2024.11.01~2025.10.31,3.44,45,NORMAL
FUND000079,KR5118420062,CLASS000947,C-P1e,class_return,2,2023.11.01~2024.10.31,5.24,45,NORMAL
FUND000079,KR5118420062,CLASS000947,C-P1e,class_return,3,2022.11.01~2023.10.31,5.62,45,NORMAL
FUND000079,KR5118420062,CLASS000947,C-P1e,class_return,4,2021.11.01~2022.10.31,1.08,45,NORMAL
FUND000079,KR5118420062,CLASS000947,C-P1e,class_return,5,2020.11.01~2021.10.31,0.95,45,NORMAL
FUND000079,KR5118420062,CLASS000950,S-P(퇴직),class_return,1,2024.11.01~2025.10.31,3.52,45,NORMAL
FUND000079,KR5118420062,CLASS000950,S-P(퇴직),class_return,2,2023.11.01~2024.10.31,5.32,45,NORMAL
FUND000079,KR5118420062,CLASS000950,S-P(퇴직),class_return,3,2022.11.01~2023.10.31,5.71,45,NORMAL
FUND000079,KR5118420062,CLASS000950,S-P(퇴직),class_return,4,2021.11.01~2022.10.31,1.16,45,NORMAL
FUND000079,KR5118420062,CLASS000950,S-P(퇴직),class_return,5,2020.11.01~2021.10.31,1.04,45,NORMAL
FUND000079,KR5118420062,CLASS000949,S-P,class_return,1,2024.11.01~2025.10.31,2.98,45,NORMAL
FUND000079,KR5118420062,CLASS000938,A-G,class_return,1,2024.11.01~2025.10.31,3.47,45,NORMAL
FUND000079,KR5118420062,CLASS000938,A-G,class_return,2,2023.11.01~2024.10.31,5.27,45,NORMAL
FUND000079,KR5118420062,CLASS000938,A-G,class_return,3,2022.11.01~2023.10.31,5.65,45,NORMAL
FUND000079,KR5118420062,CLASS000938,A-G,class_return,4,2021.11.01~2022.10.31,1.11,45,NORMAL
FUND000079,KR5118420062,CLASS000938,A-G,class_return,5,2020.11.01~2021.10.31,0.98,45,NORMAL
FUND000079,KR5118420062,CLASS000941,C-G,class_return,1,2024.11.01~2025.10.31,3.31,45,NORMAL
FUND000079,KR5118420062,CLASS000941,C-G,class_return,2,2023.11.01~2024.10.31,5.11,45,NORMAL
FUND000079,KR5118420062,CLASS000941,C-G,class_return,3,2022.11.01~2023.10.31,5.49,45,NORMAL
FUND000079,KR5118420062,CLASS000941,C-G,class_return,4,2021.11.01~2022.10.31,0.96,45,NORMAL
FUND000079,KR5118420062,CLASS000941,C-G,class_return,5,2020.11.01~2021.10.31,0.83,45,NORMAL
FUND000079,KR5118420062,CLASS000935,A,class_return,1,2024.11.01~2025.10.31,3.43,45,NORMAL
FUND000079,KR5118420062,CLASS000935,A,class_return,2,2023.11.01~2024.10.31,5.23,45,NORMAL
FUND000079,KR5118420062,CLASS000935,A,class_return,3,2022.11.01~2023.10.31,5.61,45,NORMAL
FUND000079,KR5118420062,CLASS000935,A,class_return,4,2021.11.01~2022.10.31,1.07,45,NORMAL
FUND000079,KR5118420062,CLASS000935,A,class_return,5,2020.11.01~2021.10.31,0.94,45,NORMAL
FUND000079,KR5118420062,CLASS000937,A-e,class_return,1,2024.11.01~2025.10.31,3.48,45,NORMAL
FUND000079,KR5118420062,CLASS000937,A-e,class_return,2,2023.11.01~2024.10.31,5.28,45,NORMAL
FUND000079,KR5118420062,CLASS000937,A-e,class_return,3,2022.11.01~2023.10.31,5.66,45,NORMAL
FUND000079,KR5118420062,CLASS000937,A-e,class_return,4,2021.11.01~2022.10.31,1.12,45,NORMAL
FUND000079,KR5118420062,CLASS000937,A-e,class_return,5,2020.11.01~2021.10.31,0.99,45,NORMAL
FUND000079,KR5118420062,CLASS000939,C,class_return,1,2024.11.01~2025.10.31,3.22,46,NORMAL
FUND000079,KR5118420062,CLASS000939,C,class_return,2,2023.11.01~2024.10.31,5.02,46,NORMAL
FUND000079,KR5118420062,CLASS000939,C,class_return,3,2022.11.01~2023.10.31,5.4,46,NORMAL
FUND000079,KR5118420062,CLASS000939,C,class_return,4,2021.11.01~2022.10.31,0.87,46,NORMAL
FUND000079,KR5118420062,CLASS000939,C,class_return,5,2020.11.01~2021.10.31,0.74,46,NORMAL
FUND000079,KR5118420062,CLASS000940,C-e,class_return,1,2024.11.01~2025.10.31,3.4,46,NORMAL
FUND000079,KR5118420062,CLASS000940,C-e,class_return,2,2023.11.01~2024.10.31,5.2,46,NORMAL
FUND000079,KR5118420062,CLASS000940,C-e,class_return,3,2022.11.01~2023.10.31,5.58,46,NORMAL
FUND000079,KR5118420062,CLASS000940,C-e,class_return,4,2021.11.01~2022.10.31,1.05,46,NORMAL
FUND000079,KR5118420062,CLASS000940,C-e,class_return,5,2020.11.01~2021.10.31,0.92,46,NORMAL
FUND000079,KR5118420062,CLASS000942,C-F,class_return,1,2024.11.01~2025.10.31,3.56,46,NORMAL
FUND000079,KR5118420062,CLASS000942,C-F,class_return,2,2023.11.01~2024.10.31,5.37,46,NORMAL
FUND000079,KR5118420062,CLASS000942,C-F,class_return,3,2022.11.01~2023.10.31,5.75,46,NORMAL
FUND000079,KR5118420062,CLASS000942,C-F,class_return,4,2021.11.01~2022.10.31,1.2,46,NORMAL
FUND000079,KR5118420062,CLASS000942,C-F,class_return,5,2020.11.01~2021.10.31,1.08,46,NORMAL
FUND000079,KR5118420062,CLASS000948,S,class_return,1,2024.11.01~2025.10.31,2.93,46,NORMAL
FUND000079,KR5118420062,CLASS000945,C-W,class_return,1,2024.11.01~2025.10.31,3.58,46,NORMAL
FUND000079,KR5118420062,CLASS000945,C-W,class_return,2,2023.11.01~2024.10.31,5.38,46,NORMAL
FUND000079,KR5118420062,CLASS000945,C-W,class_return,3,2022.11.01~2023.10.31,5.77,46,NORMAL
FUND000079,KR5118420062,CLASS000945,C-W,class_return,4,2021.11.01~2022.10.31,1.22,46,NORMAL
FUND000079,KR5118420062,CLASS000945,C-W,class_return,5,2020.11.01~2021.10.31,1.09,46,NORMAL
FUND000079,KR5118420062,CLASS000943,C-P,class_return,1,2024.11.01~2025.10.31,3.34,46,NORMAL
FUND000079,KR5118420062,CLASS000943,C-P,class_return,2,2023.11.01~2024.10.31,5.14,46,NORMAL
FUND000079,KR5118420062,CLASS000943,C-P,class_return,3,2022.11.01~2023.10.31,5.53,46,NORMAL
FUND000079,KR5118420062,CLASS000943,C-P,class_return,4,2021.11.01~2022.10.31,0.99,46,NORMAL
FUND000079,KR5118420062,CLASS000943,C-P,class_return,5,2020.11.01~2021.10.31,0.86,46,NORMAL
FUND000079,KR5118420062,CLASS000946,C-P1,class_return,1,2024.11.01~2025.10.31,3.29,46,NORMAL
FUND000079,KR5118420062,CLASS000946,C-P1,class_return,2,2023.11.01~2024.10.31,5.09,46,NORMAL
FUND000079,KR5118420062,CLASS000946,C-P1,class_return,3,2022.11.01~2023.10.31,5.47,46,NORMAL
FUND000079,KR5118420062,CLASS000946,C-P1,class_return,4,2021.11.01~2022.10.31,0.94,46,NORMAL
FUND000079,KR5118420062,CLASS000946,C-P1,class_return,5,2020.11.01~2021.10.31,0.81,46,NORMAL
FUND000079,KR5118420062,CLASS000936,A2,class_return,1,2024.11.01~2025.10.31,3.58,46,NORMAL
FUND000079,KR5118420062,CLASS000936,A2,class_return,2,2023.11.01~2024.10.31,5.38,46,NORMAL
FUND000079,KR5118420062,CLASS000936,A2,class_return,3,2022.11.01~2023.10.31,5.77,46,NORMAL
FUND000079,KR5118420062,CLASS000936,A2,class_return,4,2021.11.01~2022.10.31,1.22,46,NORMAL
FUND000079,KR5118420062,CLASS000936,A2,class_return,5,2020.11.01~2021.10.31,1.09,46,NORMAL
FUND000039,KR5119450058,CLASS000542,A1,class_return,1,2024.02.01~2025.01.31,-5.98,49,NORMAL
FUND000039,KR5119450058,CLASS000542,A1,class_return,2,2023.02.01~2024.01.31,-1.49,49,NORMAL
FUND000039,KR5119450058,CLASS000542,A1,class_return,3,2022.02.01~2023.01.31,-1.99,49,NORMAL
FUND000039,KR5119450058,CLASS000542,A1,class_return,4,2021.02.01~2022.01.31,11.37,49,NORMAL
FUND000039,KR5119450058,CLASS000542,A1,class_return,5,2020.02.01~2021.01.31,17.13,49,NORMAL
FUND000039,KR5119450058,CLASS000543,A-e,class_return,1,2024.02.01~2025.01.31,-5.65,49,NORMAL
FUND000039,KR5119450058,CLASS000543,A-e,class_return,2,2023.02.01~2024.01.31,-1.14,49,NORMAL
FUND000039,KR5119450058,CLASS000543,A-e,class_return,3,2022.02.01~2023.01.31,-1.64,49,NORMAL
FUND000039,KR5119450058,CLASS000543,A-e,class_return,4,2021.02.01~2022.01.31,11.75,49,NORMAL
FUND000039,KR5119450058,CLASS000543,A-e,class_return,5,2020.02.01~2021.01.31,17.54,49,NORMAL
FUND000039,KR5119450058,CLASS000544,C1,class_return,1,2024.02.01~2025.01.31,-6.45,49,NORMAL
FUND000039,KR5119450058,CLASS000544,C1,class_return,2,2023.02.01~2024.01.31,-1.98,49,NORMAL
FUND000039,KR5119450058,CLASS000544,C1,class_return,3,2022.02.01~2023.01.31,-2.47,49,NORMAL
FUND000039,KR5119450058,CLASS000544,C1,class_return,4,2021.02.01~2022.01.31,10.82,49,NORMAL
FUND000039,KR5119450058,CLASS000544,C1,class_return,5,2020.02.01~2021.01.31,16.55,49,NORMAL
FUND000039,KR5119450058,CLASS000545,C2,class_return,1,2024.02.01~2025.01.31,-8.35,49,NORMAL
FUND000039,KR5119450058,CLASS000545,C2,class_return,5,2020.02.01~2021.01.31,4.15,49,NORMAL
FUND000039,KR5119450058,CLASS000547,C4,class_return,1,2024.02.01~2025.01.31,-6.06,49,NORMAL
FUND000039,KR5119450058,CLASS000547,C4,class_return,2,2023.02.01~2024.01.31,-1.58,49,NORMAL
FUND000039,KR5119450058,CLASS000547,C4,class_return,3,2022.02.01~2023.01.31,-2.07,49,NORMAL
FUND000039,KR5119450058,CLASS000547,C4,class_return,4,2021.02.01~2022.01.31,11.27,49,NORMAL
FUND000039,KR5119450058,CLASS000547,C4,class_return,5,2020.02.01~2021.01.31,17.04,49,NORMAL
FUND000039,KR5119450058,CLASS000548,C-e,class_return,1,2024.02.01~2025.01.31,-5.79,49,NORMAL
FUND000039,KR5119450058,CLASS000548,C-e,class_return,2,2023.02.01~2024.01.31,-1.29,49,NORMAL
FUND000039,KR5119450058,CLASS000548,C-e,class_return,3,2022.02.01~2023.01.31,-1.79,49,NORMAL
FUND000039,KR5119450058,CLASS000548,C-e,class_return,4,2021.02.01~2022.01.31,11.59,49,NORMAL
FUND000039,KR5119450058,CLASS000548,C-e,class_return,5,2020.02.01~2021.01.31,17.37,49,NORMAL
FUND000039,KR5119450058,CLASS000552,C-r,class_return,1,2024.02.01~2025.01.31,-6.06,49,NORMAL
FUND000039,KR5119450058,CLASS000552,C-r,class_return,2,2023.02.01~2024.01.31,-1.57,49,NORMAL
FUND000039,KR5119450058,CLASS000552,C-r,class_return,3,2022.02.01~2023.01.31,-2.07,49,NORMAL
FUND000039,KR5119450058,CLASS000552,C-r,class_return,4,2021.02.01~2022.01.31,11.28,49,NORMAL
FUND000039,KR5119450058,CLASS000552,C-r,class_return,5,2020.02.01~2021.01.31,17.04,49,NORMAL
FUND000039,KR5119450058,CLASS000553,C-re,class_return,1,2024.02.01~2025.01.31,-5.69,49,NORMAL
FUND000039,KR5119450058,CLASS000553,C-re,class_return,2,2023.02.01~2024.01.31,-1.18,49,NORMAL
FUND000039,KR5119450058,CLASS000553,C-re,class_return,3,2022.02.01~2023.01.31,-1.69,49,NORMAL
FUND000039,KR5119450058,CLASS000553,C-re,class_return,4,2021.02.01~2022.01.31,11.7,49,NORMAL
FUND000039,KR5119450058,CLASS000553,C-re,class_return,5,2020.02.01~2021.01.31,17.49,49,NORMAL
FUND000039,KR5119450058,CLASS000555,S,class_return,1,2024.02.01~2025.01.31,-5.64,49,NORMAL
FUND000039,KR5119450058,CLASS000555,S,class_return,2,2023.02.01~2024.01.31,-1.14,49,NORMAL
FUND000039,KR5119450058,CLASS000555,S,class_return,3,2022.02.01~2023.01.31,-1.64,49,NORMAL
FUND000039,KR5119450058,CLASS000555,S,class_return,4,2021.02.01~2022.01.31,11.75,49,NORMAL
FUND000039,KR5119450058,CLASS000555,S,class_return,5,2020.02.01~2021.01.31,17.54,49,NORMAL
FUND000039,KR5119450058,CLASS000556,S-P,class_return,1,2024.02.01~2025.01.31,-5.55,49,NORMAL
FUND000039,KR5119450058,CLASS000556,S-P,class_return,2,2023.02.01~2024.01.31,-1.05,49,NORMAL
FUND000039,KR5119450058,CLASS000556,S-P,class_return,3,2022.02.01~2023.01.31,-1.55,49,NORMAL
FUND000039,KR5119450058,CLASS000556,S-P,class_return,4,2021.02.01~2022.01.31,11.86,49,NORMAL
FUND000039,KR5119450058,CLASS000556,S-P,class_return,5,2020.02.01~2021.01.31,17.67,49,NORMAL
FUND000039,KR5119450058,,,benchmark,1,2024.02.01~2025.01.31,-5.55,49,NORMAL
FUND000039,KR5119450058,,,benchmark,2,2023.02.01~2024.01.31,-1.05,49,NORMAL
FUND000039,KR5119450058,,,benchmark,3,2022.02.01~2023.01.31,-1.55,49,NORMAL
FUND000039,KR5119450058,,,benchmark,4,2021.02.01~2022.01.31,11.86,49,NORMAL
FUND000039,KR5119450058,,,benchmark,5,2020.02.01~2021.01.31,17.67,49,NORMAL
FUND000040,KR5119501001,CLASS000557,C1,class_return,1,2024.08.01~2025.07.31,3.15,34,NORMAL
FUND000040,KR5119501001,CLASS000557,C1,class_return,2,2023.08.01~2024.07.31,3.98,34,NORMAL
FUND000040,KR5119501001,CLASS000557,C1,class_return,3,2022.08.01~2023.07.31,2.73,34,NORMAL
FUND000040,KR5119501001,CLASS000557,C1,class_return,4,2021.08.01~2022.07.31,-0.57,34,NORMAL
FUND000040,KR5119501001,CLASS000557,C1,class_return,5,2020.08.01~2021.07.31,0.01,34,NORMAL
FUND000040,KR5119501001,CLASS000558,C-e,class_return,1,2024.08.01~2025.07.31,3.29,34,NORMAL
FUND000040,KR5119501001,CLASS000558,C-e,class_return,2,2023.08.01~2024.07.31,4.13,34,NORMAL
FUND000040,KR5119501001,CLASS000558,C-e,class_return,3,2022.08.01~2023.07.31,2.86,34,NORMAL
FUND000040,KR5119501001,CLASS000558,C-e,class_return,4,2021.08.01~2022.07.31,-0.44,34,NORMAL
FUND000040,KR5119501001,CLASS000558,C-e,class_return,5,2020.08.01~2021.07.31,0.15,34,NORMAL
FUND000040,KR5119501001,,,benchmark,1,2024.08.01~2025.07.31,3.74,34,NORMAL
FUND000040,KR5119501001,,,benchmark,2,2023.08.01~2024.07.31,4.44,34,NORMAL
FUND000040,KR5119501001,,,benchmark,3,2022.08.01~2023.07.31,3.33,34,NORMAL
FUND000040,KR5119501001,,,benchmark,4,2021.08.01~2022.07.31,0.2,34,NORMAL
FUND000040,KR5119501001,,,benchmark,5,2020.08.01~2021.07.31,0.51,34,NORMAL
FUND000041,KR5119520012,CLASS000569,C-r,class_return,1,2024.02.01~2025.01.31,6.35,49,NORMAL
FUND000041,KR5119520012,CLASS000569,C-r,class_return,2,2023.02.01~2024.01.31,4.36,49,NORMAL
FUND000041,KR5119520012,CLASS000569,C-r,class_return,3,2022.02.01~2023.01.31,-1.31,49,NORMAL
FUND000041,KR5119520012,CLASS000569,C-r,class_return,4,2021.02.01~2022.01.31,-2.34,49,NORMAL
FUND000041,KR5119520012,CLASS000569,C-r,class_return,5,2020.02.01~2021.01.31,1.35,49,NORMAL
FUND000041,KR5119520012,CLASS000570,C-re,class_return,1,2024.02.01~2025.01.31,6.45,49,NORMAL
FUND000041,KR5119520012,CLASS000570,C-re,class_return,2,2023.02.01~2024.01.31,4.46,49,NORMAL
FUND000041,KR5119520012,CLASS000570,C-re,class_return,3,2022.02.01~2023.01.31,-1.21,49,NORMAL
FUND000041,KR5119520012,CLASS000570,C-re,class_return,4,2021.02.01~2022.01.31,-2.24,49,NORMAL
FUND000041,KR5119520012,CLASS000570,C-re,class_return,5,2020.02.01~2021.01.31,1.45,49,NORMAL
FUND000041,KR5119520012,,,benchmark,1,2024.02.01~2025.01.31,6.73,49,NORMAL
FUND000041,KR5119520012,,,benchmark,2,2023.02.01~2024.01.31,4.26,49,NORMAL
FUND000041,KR5119520012,,,benchmark,3,2022.02.01~2023.01.31,-1.38,49,NORMAL
FUND000041,KR5119520012,,,benchmark,4,2021.02.01~2022.01.31,-2.52,49,NORMAL
FUND000041,KR5119520012,,,benchmark,5,2020.02.01~2021.01.31,0.86,49,NORMAL
FUND000042,KR5120420039,,,fund,1,2024/09/05~2025/09/04,4.85,60,NORMAL
FUND000042,KR5120420039,,,fund,2,2023/09/05~2024/09/04,8.95,60,NORMAL
FUND000042,KR5120420039,,,fund,3,2022/09/05~2023/09/04,4.35,60,NORMAL
FUND000042,KR5120420039,,,fund,4,2021/09/05~2022/09/04,-6.05,60,NORMAL
FUND000042,KR5120420039,,,fund,5,2020/09/05~2021/09/04,0.8,60,NORMAL
FUND000042,KR5120420039,,,benchmark,1,2024/09/05~2025/09/04,4.21,60,NORMAL
FUND000042,KR5120420039,,,benchmark,2,2023/09/05~2024/09/04,7.52,60,NORMAL
FUND000042,KR5120420039,,,benchmark,3,2022/09/05~2023/09/04,3.76,60,NORMAL
FUND000042,KR5120420039,,,benchmark,4,2021/09/05~2022/09/04,-6.58,60,NORMAL
FUND000042,KR5120420039,,,benchmark,5,2020/09/05~2021/09/04,-0.14,60,NORMAL
FUND000042,KR5120420039,CLASS000575,A,class_return,1,2024/09/05~2025/09/04,4.72,60,NORMAL
FUND000042,KR5120420039,CLASS000575,A,class_return,2,2023/09/05~2024/09/04,8.82,60,NORMAL
FUND000042,KR5120420039,CLASS000575,A,class_return,3,2022/09/05~2023/09/04,4.23,60,NORMAL
FUND000042,KR5120420039,CLASS000575,A,class_return,4,2021/09/05~2022/09/04,-6.17,60,NORMAL
FUND000042,KR5120420039,CLASS000575,A,class_return,5,2020/09/05~2021/09/04,0.68,60,NORMAL
FUND000042,KR5120420039,CLASS000576,C1,class_return,1,2024/09/05~2025/09/04,4.41,60,NORMAL
FUND000042,KR5120420039,CLASS000576,C1,class_return,2,2023/09/05~2024/09/04,8.5,60,NORMAL
FUND000042,KR5120420039,CLASS000576,C1,class_return,3,2022/09/05~2023/09/04,3.92,60,NORMAL
FUND000042,KR5120420039,CLASS000576,C1,class_return,4,2021/09/05~2022/09/04,-6.45,60,NORMAL
FUND000042,KR5120420039,CLASS000576,C1,class_return,5,2020/09/05~2021/09/04,0.38,60,NORMAL
FUND000042,KR5120420039,CLASS000577,C2,class_return,1,2024/09/05~2025/09/04,4.22,60,NORMAL
FUND000042,KR5120420039,CLASS000577,C2,class_return,2,2023/09/05~2024/09/04,4.59,60,NORMAL
FUND000042,KR5120420039,CLASS000577,C2,class_return,3,2022/09/05~2023/09/04,5.62,60,NORMAL
FUND000042,KR5120420039,CLASS000577,C2,class_return,4,2021/09/05~2022/09/04,-6.36,60,NORMAL
FUND000042,KR5120420039,CLASS000577,C2,class_return,5,2020/09/05~2021/09/04,0.48,60,NORMAL
FUND000042,KR5120420039,CLASS000580,CF,class_return,1,2024/09/05~2025/09/04,4.67,60,NORMAL
FUND000042,KR5120420039,CLASS000580,CF,class_return,2,2023/09/05~2024/09/04,8.77,60,NORMAL
FUND000042,KR5120420039,CLASS000580,CF,class_return,3,2022/09/05~2023/09/04,-0.02,60,NORMAL
FUND000042,KR5120420039,CLASS000581,CP,class_return,1,2024/09/05~2025/09/04,4.51,61,NORMAL
FUND000042,KR5120420039,CLASS000581,CP,class_return,2,2023/09/05~2024/09/04,8.61,61,NORMAL
FUND000042,KR5120420039,CLASS000581,CP,class_return,3,2022/09/05~2023/09/04,4.02,61,NORMAL
FUND000042,KR5120420039,CLASS000581,CP,class_return,4,2021/09/05~2022/09/04,-6.36,61,NORMAL
FUND000042,KR5120420039,CLASS000581,CP,class_return,5,2020/09/05~2021/09/04,0.48,61,NORMAL
FUND000042,KR5120420039,CLASS000578,CW,class_return,1,2024/09/05~2025/09/04,4.72,61,NORMAL
FUND000042,KR5120420039,CLASS000578,CW,class_return,2,2023/09/05~2024/09/04,8.82,61,NORMAL
FUND000042,KR5120420039,CLASS000578,CW,class_return,3,2022/09/05~2023/09/04,4.23,61,NORMAL
FUND000042,KR5120420039,CLASS000578,CW,class_return,4,2021/09/05~2022/09/04,-6.17,61,NORMAL
FUND000042,KR5120420039,CLASS000578,CW,class_return,5,2020/09/05~2021/09/04,0.68,61,NORMAL
FUND000042,KR5120420039,CLASS000584,A2,class_return,1,2024/09/05~2025/09/04,4.51,61,NORMAL
FUND000042,KR5120420039,CLASS000584,A2,class_return,2,2023/09/05~2024/09/04,8.61,61,NORMAL
FUND000042,KR5120420039,CLASS000584,A2,class_return,3,2022/09/05~2023/09/04,4.02,61,NORMAL
FUND000042,KR5120420039,CLASS000584,A2,class_return,4,2021/09/05~2022/09/04,-6.36,61,NORMAL
FUND000042,KR5120420039,CLASS000584,A2,class_return,5,2020/09/05~2021/09/04,0.48,61,NORMAL
FUND000042,KR5120420039,CLASS000586,S,class_return,1,2024/09/05~2025/09/04,4.63,61,NORMAL
FUND000042,KR5120420039,CLASS000586,S,class_return,2,2023/09/05~2024/09/04,8.72,61,NORMAL
FUND000042,KR5120420039,CLASS000586,S,class_return,3,2022/09/05~2023/09/04,4.12,61,NORMAL
FUND000042,KR5120420039,CLASS000586,S,class_return,4,2021/09/05~2022/09/04,-6.26,61,NORMAL
FUND000042,KR5120420039,CLASS000586,S,class_return,5,2020/09/05~2021/09/04,0.58,61,NORMAL
FUND000042,KR5120420039,CLASS000587,S-P,class_return,1,2024/09/05~2025/09/04,4.64,61,NORMAL
FUND000042,KR5120420039,CLASS000587,S-P,class_return,2,2023/09/05~2024/09/04,8.74,61,NORMAL
FUND000042,KR5120420039,CLASS000587,S-P,class_return,3,2022/09/05~2023/09/04,4.14,61,NORMAL
FUND000042,KR5120420039,CLASS000587,S-P,class_return,4,2021/09/05~2022/09/04,-6.25,61,NORMAL
FUND000042,KR5120420039,CLASS000587,S-P,class_return,5,2020/09/05~2021/09/04,0.6,61,NORMAL
FUND000042,KR5120420039,CLASS000588,Ae,class_return,1,2024/09/05~2025/09/04,4.62,61,NORMAL
FUND000042,KR5120420039,CLASS000588,Ae,class_return,2,2023/09/05~2024/09/04,8.72,61,NORMAL
FUND000042,KR5120420039,CLASS000588,Ae,class_return,3,2022/09/05~2023/09/04,4.12,61,NORMAL
FUND000042,KR5120420039,CLASS000588,Ae,class_return,4,2021/09/05~2022/09/04,-6.26,61,NORMAL
FUND000042,KR5120420039,CLASS000588,Ae,class_return,5,2020/09/05~2021/09/04,0.58,61,NORMAL
FUND000042,KR5120420039,CLASS000590,C-Pe,class_return,1,2024/09/05~2025/09/04,4.62,61,NORMAL
FUND000042,KR5120420039,CLASS000590,C-Pe,class_return,2,2023/09/05~2024/09/04,8.72,61,NORMAL
FUND000042,KR5120420039,CLASS000590,C-Pe,class_return,3,2022/09/05~2023/09/04,4.12,61,NORMAL
FUND000042,KR5120420039,CLASS000590,C-Pe,class_return,4,2021/09/05~2022/09/04,-6.26,61,NORMAL
FUND000042,KR5120420039,CLASS000590,C-Pe,class_return,5,2020/09/05~2021/09/04,0.58,61,NORMAL
FUND000042,KR5120420039,CLASS000591,C-P2e,class_return,1,2024/09/05~2025/09/04,4.6,61,NORMAL
FUND000042,KR5120420039,CLASS000591,C-P2e,class_return,2,2023/09/05~2024/09/04,8.69,61,NORMAL
FUND000042,KR5120420039,CLASS000591,C-P2e,class_return,3,2022/09/05~2023/09/04,4.1,61,NORMAL
FUND000042,KR5120420039,CLASS000591,C-P2e,class_return,4,2021/09/05~2022/09/04,-6.28,61,NORMAL
FUND000042,KR5120420039,CLASS000591,C-P2e,class_return,5,2020/09/05~2021/09/04,0.56,61,NORMAL
FUND000042,KR5120420039,CLASS000583,C-P2,class_return,1,2024/09/05~2025/09/04,4.46,61,NORMAL
FUND000042,KR5120420039,CLASS000583,C-P2,class_return,2,2023/09/05~2024/09/04,8.56,61,NORMAL
FUND000042,KR5120420039,CLASS000583,C-P2,class_return,3,2022/09/05~2023/09/04,3.97,61,NORMAL
FUND000042,KR5120420039,CLASS000583,C-P2,class_return,4,2021/09/05~2022/09/04,-6.41,61,NORMAL
FUND000042,KR5120420039,CLASS000583,C-P2,class_return,5,2020/09/05~2021/09/04,0.43,61,NORMAL
FUND000043,KR5120420091,,,fund,1,2023/12/21~2024/12/20,4.24,60,NORMAL
FUND000043,KR5120420091,,,fund,2,2022/12/21~2023/12/20,4.73,60,NORMAL
FUND000043,KR5120420091,,,benchmark,1,2023/12/21~2024/12/20,3.73,60,NORMAL
FUND000043,KR5120420091,,,benchmark,2,2022/12/21~2023/12/20,4.04,60,NORMAL
FUND000043,KR5120420091,CLASS000593,A,class_return,1,2023/12/21~2024/12/20,3.92,60,NORMAL
FUND000043,KR5120420091,CLASS000593,A,class_return,2,2022/12/21~2023/12/20,4.43,60,NORMAL
FUND000043,KR5120420091,CLASS000594,Ae,class_return,1,2023/12/21~2024/12/20,4.01,60,NORMAL
FUND000043,KR5120420091,CLASS000594,Ae,class_return,2,2022/12/21~2023/12/20,4.54,60,NORMAL
FUND000043,KR5120420091,CLASS000595,C,class_return,1,2023/12/21~2024/12/20,3.35,60,NORMAL
FUND000043,KR5120420091,CLASS000595,C,class_return,2,2022/12/21~2023/12/20,4.29,60,NORMAL
FUND000043,KR5120420091,CLASS000596,Ce,class_return,1,2023/12/21~2024/12/20,3.95,60,NORMAL
FUND000043,KR5120420091,CLASS000596,Ce,class_return,2,2022/12/21~2023/12/20,4.44,60,NORMAL
FUND000043,KR5120420091,CLASS000597,C-F,class_return,1,2023/12/21~2024/12/20,4.07,60,NORMAL
FUND000043,KR5120420091,CLASS000597,C-F,class_return,2,2022/12/21~2023/12/20,4.56,60,NORMAL
FUND000043,KR5120420091,,C-P(연금),class_return,1,2023/12/21~2024/12/20,4.08,60,NORMAL
FUND000043,KR5120420091,,C-P(연금),class_return,2,2022/12/21~2023/12/20,4.5,60,NORMAL
FUND000043,KR5120420091,,C-Pe(연금),class_return,1,2023/12/21~2024/12/20,4.02,60,NORMAL
FUND000043,KR5120420091,,C-Pe(연금),class_return,2,2022/12/21~2023/12/20,4.51,60,NORMAL
FUND000043,KR5120420091,,C-Re(퇴직연금),class_return,1,2023/12/21~2024/12/20,4.03,61,NORMAL
FUND000043,KR5120420091,,C-Re(퇴직연금),class_return,2,2022/12/21~2023/12/20,4.52,61,NORMAL
FUND000043,KR5120420091,CLASS000605,S,class_return,1,2023/12/21~2024/12/20,4.0,61,NORMAL
FUND000043,KR5120420091,CLASS000605,S,class_return,2,2022/12/21~2023/12/20,4.5,61,NORMAL
FUND000043,KR5120420091,CLASS000606,S-P,class_return,1,2023/12/21~2024/12/20,4.02,61,NORMAL
FUND000043,KR5120420091,CLASS000606,S-P,class_return,2,2022/12/21~2023/12/20,4.52,61,NORMAL
FUND000043,KR5120420091,,S-R(퇴직연금),class_return,1,2023/12/21~2024/12/20,4.03,61,NORMAL
FUND000043,KR5120420091,,S-R(퇴직연금),class_return,2,2022/12/21~2023/12/20,4.44,61,NORMAL
FUND000043,KR5120420091,,C-R(퇴직연금),class_return,1,2023/12/21~2024/12/20,3.99,61,NORMAL
FUND000043,KR5120420091,,C-R(퇴직연금),class_return,2,2022/12/21~2023/12/20,4.51,61,NORMAL
FUND000044,KR5120450015,,,fund,1,2023/12/19~2024/12/18,-1.15,68,NORMAL
FUND000044,KR5120450015,,,fund,2,2022/12/19~2023/12/18,14.73,68,NORMAL
FUND000044,KR5120450015,,,fund,3,2021/12/19~2022/12/18,-20.65,68,NORMAL
FUND000044,KR5120450015,,,fund,4,2020/12/19~2021/12/18,11.29,68,NORMAL
FUND000044,KR5120450015,,,fund,5,2019/12/19~2020/12/18,29.46,68,NORMAL
FUND000044,KR5120450015,,,benchmark,1,2023/12/19~2024/12/18,-4.01,68,NORMAL
FUND000044,KR5120450015,,,benchmark,2,2022/12/19~2023/12/18,11.71,68,NORMAL
FUND000044,KR5120450015,,,benchmark,3,2021/12/19~2022/12/18,-22.93,68,NORMAL
FUND000044,KR5120450015,,,benchmark,4,2020/12/19~2021/12/18,7.38,68,NORMAL
FUND000044,KR5120450015,,,benchmark,5,2019/12/19~2020/12/18,26.28,68,NORMAL
FUND000044,KR5120450015,CLASS000609,A1,class_return,1,2023/12/19~2024/12/18,-1.79,68,NORMAL
FUND000044,KR5120450015,CLASS000609,A1,class_return,2,2022/12/19~2023/12/18,14.01,68,NORMAL
FUND000044,KR5120450015,CLASS000609,A1,class_return,3,2021/12/19~2022/12/18,-21.18,68,NORMAL
FUND000044,KR5120450015,CLASS000609,A1,class_return,4,2020/12/19~2021/12/18,10.58,68,NORMAL
FUND000044,KR5120450015,CLASS000609,A1,class_return,5,2019/12/19~2020/12/18,28.62,68,NORMAL
FUND000044,KR5120450015,CLASS000610,C1,class_return,1,2023/12/19~2024/12/18,-2.43,68,NORMAL
FUND000044,KR5120450015,CLASS000610,C1,class_return,2,2022/12/19~2023/12/18,13.29,68,NORMAL
FUND000044,KR5120450015,CLASS000610,C1,class_return,3,2021/12/19~2022/12/18,-21.7,68,NORMAL
FUND000044,KR5120450015,CLASS000610,C1,class_return,4,2020/12/19~2021/12/18,9.88,68,NORMAL
FUND000044,KR5120450015,CLASS000610,C1,class_return,5,2019/12/19~2020/12/18,27.83,68,NORMAL
FUND000044,KR5120450015,CLASS000611,C2,class_return,1,2023/12/19~2024/12/18,-2.32,68,NORMAL
FUND000044,KR5120450015,CLASS000611,C2,class_return,2,2022/12/19~2023/12/18,13.42,68,NORMAL
FUND000044,KR5120450015,CLASS000611,C2,class_return,3,2021/12/19~2022/12/18,-21.61,68,NORMAL
FUND000044,KR5120450015,CLASS000611,C2,class_return,4,2020/12/19~2021/12/18,10.0,68,NORMAL
FUND000044,KR5120450015,CLASS000611,C2,class_return,5,2019/12/19~2020/12/18,27.94,68,NORMAL
FUND000044,KR5120450015,CLASS000612,C3,class_return,1,2023/12/19~2024/12/18,-2.22,68,NORMAL
FUND000044,KR5120450015,CLASS000612,C3,class_return,2,2022/12/19~2023/12/18,13.53,68,NORMAL
FUND000044,KR5120450015,CLASS000612,C3,class_return,3,2021/12/19~2022/12/18,-21.53,68,NORMAL
FUND000044,KR5120450015,CLASS000612,C3,class_return,4,2020/12/19~2021/12/18,10.11,68,NORMAL
FUND000044,KR5120450015,CLASS000612,C3,class_return,5,2019/12/19~2020/12/18,28.05,68,NORMAL
FUND000044,KR5120450015,CLASS000613,C4,class_return,1,2023/12/19~2024/12/18,-2.13,68,NORMAL
FUND000044,KR5120450015,CLASS000613,C4,class_return,2,2022/12/19~2023/12/18,13.63,68,NORMAL
FUND000044,KR5120450015,CLASS000613,C4,class_return,3,2021/12/19~2022/12/18,-21.46,68,NORMAL
FUND000044,KR5120450015,CLASS000613,C4,class_return,4,2020/12/19~2021/12/18,10.21,68,NORMAL
FUND000044,KR5120450015,CLASS000613,C4,class_return,5,2019/12/19~2020/12/18,28.17,68,NORMAL
FUND000044,KR5120450015,CLASS000615,Ce,class_return,1,2023/12/19~2024/12/18,-1.51,68,NORMAL
FUND000044,KR5120450015,CLASS000615,Ce,class_return,2,2022/12/19~2023/12/18,14.32,68,NORMAL
FUND000044,KR5120450015,CLASS000615,Ce,class_return,3,2021/12/19~2022/12/18,-20.95,68,NORMAL
FUND000044,KR5120450015,CLASS000615,Ce,class_return,4,2020/12/19~2021/12/18,10.89,68,NORMAL
FUND000044,KR5120450015,CLASS000615,Ce,class_return,5,2019/12/19~2020/12/18,28.99,68,NORMAL
FUND000044,KR5120450015,CLASS000616,C(장마),class_return,1,2023/12/19~2024/12/18,-2.3,68,NORMAL
FUND000044,KR5120450015,CLASS000616,C(장마),class_return,2,2022/12/19~2023/12/18,13.44,68,NORMAL
FUND000044,KR5120450015,CLASS000616,C(장마),class_return,3,2021/12/19~2022/12/18,-21.6,68,NORMAL
FUND000044,KR5120450015,CLASS000616,C(장마),class_return,4,2020/12/19~2021/12/18,10.02,68,NORMAL
FUND000044,KR5120450015,CLASS000616,C(장마),class_return,5,2019/12/19~2020/12/18,27.94,68,NORMAL
FUND000044,KR5120450015,CLASS000618,CP,class_return,1,2023/12/19~2024/12/18,-1.91,68,NORMAL
FUND000044,KR5120450015,CLASS000618,CP,class_return,2,2022/12/19~2023/12/18,13.87,68,NORMAL
FUND000044,KR5120450015,CLASS000618,CP,class_return,3,2021/12/19~2022/12/18,-21.28,68,NORMAL
FUND000044,KR5120450015,CLASS000618,CP,class_return,4,2020/12/19~2021/12/18,10.45,68,NORMAL
FUND000044,KR5120450015,CLASS000618,CP,class_return,5,2019/12/19~2020/12/18,28.46,68,NORMAL
FUND000044,KR5120450015,CLASS000619,S,class_return,1,2023/12/19~2024/12/18,-1.46,68,NORMAL
FUND000044,KR5120450015,CLASS000619,S,class_return,2,2022/12/19~2023/12/18,14.38,68,NORMAL
FUND000044,KR5120450015,CLASS000619,S,class_return,3,2021/12/19~2022/12/18,-20.91,68,NORMAL
FUND000044,KR5120450015,CLASS000619,S,class_return,4,2020/12/19~2021/12/18,10.95,68,NORMAL
FUND000044,KR5120450015,CLASS000619,S,class_return,5,2019/12/19~2020/12/18,29.05,68,NORMAL
FUND000044,KR5120450015,CLASS000620,CW,class_return,1,2023/12/19~2024/12/18,-1.32,68,NORMAL
FUND000044,KR5120450015,CLASS000620,CW,class_return,2,2022/12/19~2023/12/18,14.54,68,NORMAL
FUND000044,KR5120450015,CLASS000620,CW,class_return,3,2021/12/19~2022/12/18,-20.79,68,NORMAL
FUND000044,KR5120450015,CLASS000620,CW,class_return,4,2020/12/19~2021/12/18,11.11,68,NORMAL
FUND000044,KR5120450015,CLASS000620,CW,class_return,5,2019/12/19~2020/12/18,29.24,68,NORMAL
FUND000044,KR5120450015,CLASS000621,AG,class_return,1,2023/12/19~2024/12/18,-1.66,68,NORMAL
FUND000044,KR5120450015,CLASS000621,AG,class_return,2,2022/12/19~2023/12/18,14.16,68,NORMAL
FUND000044,KR5120450015,CLASS000621,AG,class_return,3,2021/12/19~2022/12/18,-21.07,68,NORMAL
FUND000044,KR5120450015,CLASS000621,AG,class_return,4,2020/12/19~2021/12/18,10.73,68,NORMAL
FUND000044,KR5120450015,CLASS000621,AG,class_return,5,2019/12/19~2020/12/18,28.78,68,NORMAL
FUND000044,KR5120450015,CLASS000623,Ae,class_return,1,2023/12/19~2024/12/18,-1.55,68,NORMAL
FUND000044,KR5120450015,CLASS000623,Ae,class_return,2,2022/12/19~2023/12/18,14.28,68,NORMAL
FUND000044,KR5120450015,CLASS000623,Ae,class_return,3,2021/12/19~2022/12/18,-20.99,68,NORMAL
FUND000044,KR5120450015,CLASS000623,Ae,class_return,4,2020/12/19~2021/12/18,10.85,68,NORMAL
FUND000044,KR5120450015,CLASS000623,Ae,class_return,5,2019/12/19~2020/12/18,28.94,68,NORMAL
FUND000044,KR5120450015,CLASS000624,C-Pe,class_return,1,2023/12/19~2024/12/18,-1.61,68,NORMAL
FUND000044,KR5120450015,CLASS000624,C-Pe,class_return,2,2022/12/19~2023/12/18,14.21,68,NORMAL
FUND000044,KR5120450015,CLASS000624,C-Pe,class_return,3,2021/12/19~2022/12/18,-21.03,68,NORMAL
FUND000044,KR5120450015,CLASS000624,C-Pe,class_return,4,2020/12/19~2021/12/18,10.78,68,NORMAL
FUND000044,KR5120450015,CLASS000624,C-Pe,class_return,5,2019/12/19~2020/12/18,28.86,68,NORMAL
FUND000044,KR5120450015,CLASS000625,C-P2,class_return,1,2023/12/19~2024/12/18,-1.93,68,NORMAL
FUND000044,KR5120450015,CLASS000625,C-P2,class_return,2,2022/12/19~2023/12/18,13.85,68,NORMAL
FUND000044,KR5120450015,CLASS000625,C-P2,class_return,3,2021/12/19~2022/12/18,-21.3,68,NORMAL
FUND000044,KR5120450015,CLASS000625,C-P2,class_return,4,2020/12/19~2021/12/18,10.43,68,NORMAL
FUND000044,KR5120450015,CLASS000625,C-P2,class_return,5,2019/12/19~2020/12/18,28.43,68,NORMAL
FUND000044,KR5120450015,CLASS000626,C-P2e,class_return,1,2023/12/19~2024/12/18,-1.62,69,NORMAL
FUND000044,KR5120450015,CLASS000626,C-P2e,class_return,2,2022/12/19~2023/12/18,14.2,69,NORMAL
FUND000044,KR5120450015,CLASS000626,C-P2e,class_return,3,2021/12/19~2022/12/18,-21.04,69,NORMAL
FUND000044,KR5120450015,CLASS000626,C-P2e,class_return,4,2020/12/19~2021/12/18,10.77,69,NORMAL
FUND000044,KR5120450015,CLASS000626,C-P2e,class_return,5,2019/12/19~2020/12/18,28.85,69,NORMAL
FUND000044,KR5120450015,CLASS000628,S-P,class_return,1,2023/12/19~2024/12/18,-1.44,69,NORMAL
FUND000044,KR5120450015,CLASS000628,S-P,class_return,2,2022/12/19~2023/12/18,14.4,69,NORMAL
FUND000044,KR5120450015,CLASS000628,S-P,class_return,3,2021/12/19~2022/12/18,-20.9,69,NORMAL
FUND000044,KR5120450015,CLASS000628,S-P,class_return,4,2020/12/19~2021/12/18,10.97,69,NORMAL
FUND000044,KR5120450015,CLASS000617,Af,class_return,1,2023/12/19~2024/12/18,-1.31,69,NORMAL
FUND000044,KR5120450015,CLASS000617,Af,class_return,2,2022/12/19~2023/12/18,14.54,69,NORMAL
FUND000044,KR5120450015,CLASS000617,Af,class_return,3,2021/12/19~2022/12/18,-20.79,69,NORMAL
FUND000044,KR5120450015,CLASS000617,Af,class_return,4,2020/12/19~2021/12/18,11.11,69,NORMAL
FUND000044,KR5120450015,CLASS000617,Af,class_return,5,2019/12/19~2020/12/18,29.24,69,NORMAL
FUND000044,KR5120450018,,,fund,1,2023/12/19~2024/12/18,-1.15,68,NORMAL
FUND000044,KR5120450018,,,fund,2,2022/12/19~2023/12/18,14.73,68,NORMAL
FUND000044,KR5120450018,,,fund,3,2021/12/19~2022/12/18,-20.65,68,NORMAL
FUND000044,KR5120450018,,,fund,4,2020/12/19~2021/12/18,11.29,68,NORMAL
FUND000044,KR5120450018,,,fund,5,2019/12/19~2020/12/18,29.46,68,NORMAL
FUND000044,KR5120450018,,,benchmark,1,2023/12/19~2024/12/18,-4.01,68,NORMAL
FUND000044,KR5120450018,,,benchmark,2,2022/12/19~2023/12/18,11.71,68,NORMAL
FUND000044,KR5120450018,,,benchmark,3,2021/12/19~2022/12/18,-22.93,68,NORMAL
FUND000044,KR5120450018,,,benchmark,4,2020/12/19~2021/12/18,7.38,68,NORMAL
FUND000044,KR5120450018,,,benchmark,5,2019/12/19~2020/12/18,26.28,68,NORMAL
FUND000044,KR5120450018,CLASS000609,A1,class_return,1,2023/12/19~2024/12/18,-1.79,68,NORMAL
FUND000044,KR5120450018,CLASS000609,A1,class_return,2,2022/12/19~2023/12/18,14.01,68,NORMAL
FUND000044,KR5120450018,CLASS000609,A1,class_return,3,2021/12/19~2022/12/18,-21.18,68,NORMAL
FUND000044,KR5120450018,CLASS000609,A1,class_return,4,2020/12/19~2021/12/18,10.58,68,NORMAL
FUND000044,KR5120450018,CLASS000609,A1,class_return,5,2019/12/19~2020/12/18,28.62,68,NORMAL
FUND000044,KR5120450018,CLASS000610,C1,class_return,1,2023/12/19~2024/12/18,-2.43,68,NORMAL
FUND000044,KR5120450018,CLASS000610,C1,class_return,2,2022/12/19~2023/12/18,13.29,68,NORMAL
FUND000044,KR5120450018,CLASS000610,C1,class_return,3,2021/12/19~2022/12/18,-21.7,68,NORMAL
FUND000044,KR5120450018,CLASS000610,C1,class_return,4,2020/12/19~2021/12/18,9.88,68,NORMAL
FUND000044,KR5120450018,CLASS000610,C1,class_return,5,2019/12/19~2020/12/18,27.83,68,NORMAL
FUND000044,KR5120450018,CLASS000611,C2,class_return,1,2023/12/19~2024/12/18,-2.32,68,NORMAL
FUND000044,KR5120450018,CLASS000611,C2,class_return,2,2022/12/19~2023/12/18,13.42,68,NORMAL
FUND000044,KR5120450018,CLASS000611,C2,class_return,3,2021/12/19~2022/12/18,-21.61,68,NORMAL
FUND000044,KR5120450018,CLASS000611,C2,class_return,4,2020/12/19~2021/12/18,10.0,68,NORMAL
FUND000044,KR5120450018,CLASS000611,C2,class_return,5,2019/12/19~2020/12/18,27.94,68,NORMAL
FUND000044,KR5120450018,CLASS000612,C3,class_return,1,2023/12/19~2024/12/18,-2.22,68,NORMAL
FUND000044,KR5120450018,CLASS000612,C3,class_return,2,2022/12/19~2023/12/18,13.53,68,NORMAL
FUND000044,KR5120450018,CLASS000612,C3,class_return,3,2021/12/19~2022/12/18,-21.53,68,NORMAL
FUND000044,KR5120450018,CLASS000612,C3,class_return,4,2020/12/19~2021/12/18,10.11,68,NORMAL
FUND000044,KR5120450018,CLASS000612,C3,class_return,5,2019/12/19~2020/12/18,28.05,68,NORMAL
FUND000044,KR5120450018,CLASS000613,C4,class_return,1,2023/12/19~2024/12/18,-2.13,68,NORMAL
FUND000044,KR5120450018,CLASS000613,C4,class_return,2,2022/12/19~2023/12/18,13.63,68,NORMAL
FUND000044,KR5120450018,CLASS000613,C4,class_return,3,2021/12/19~2022/12/18,-21.46,68,NORMAL
FUND000044,KR5120450018,CLASS000613,C4,class_return,4,2020/12/19~2021/12/18,10.21,68,NORMAL
FUND000044,KR5120450018,CLASS000613,C4,class_return,5,2019/12/19~2020/12/18,28.17,68,NORMAL
FUND000044,KR5120450018,CLASS000615,Ce,class_return,1,2023/12/19~2024/12/18,-1.51,68,NORMAL
FUND000044,KR5120450018,CLASS000615,Ce,class_return,2,2022/12/19~2023/12/18,14.32,68,NORMAL
FUND000044,KR5120450018,CLASS000615,Ce,class_return,3,2021/12/19~2022/12/18,-20.95,68,NORMAL
FUND000044,KR5120450018,CLASS000615,Ce,class_return,4,2020/12/19~2021/12/18,10.89,68,NORMAL
FUND000044,KR5120450018,CLASS000615,Ce,class_return,5,2019/12/19~2020/12/18,28.99,68,NORMAL
FUND000044,KR5120450018,CLASS000616,C(장마),class_return,1,2023/12/19~2024/12/18,-2.3,68,NORMAL
FUND000044,KR5120450018,CLASS000616,C(장마),class_return,2,2022/12/19~2023/12/18,13.44,68,NORMAL
FUND000044,KR5120450018,CLASS000616,C(장마),class_return,3,2021/12/19~2022/12/18,-21.6,68,NORMAL
FUND000044,KR5120450018,CLASS000616,C(장마),class_return,4,2020/12/19~2021/12/18,10.02,68,NORMAL
FUND000044,KR5120450018,CLASS000616,C(장마),class_return,5,2019/12/19~2020/12/18,27.94,68,NORMAL
FUND000044,KR5120450018,CLASS000618,CP,class_return,1,2023/12/19~2024/12/18,-1.91,68,NORMAL
FUND000044,KR5120450018,CLASS000618,CP,class_return,2,2022/12/19~2023/12/18,13.87,68,NORMAL
FUND000044,KR5120450018,CLASS000618,CP,class_return,3,2021/12/19~2022/12/18,-21.28,68,NORMAL
FUND000044,KR5120450018,CLASS000618,CP,class_return,4,2020/12/19~2021/12/18,10.45,68,NORMAL
FUND000044,KR5120450018,CLASS000618,CP,class_return,5,2019/12/19~2020/12/18,28.46,68,NORMAL
FUND000044,KR5120450018,CLASS000619,S,class_return,1,2023/12/19~2024/12/18,-1.46,68,NORMAL
FUND000044,KR5120450018,CLASS000619,S,class_return,2,2022/12/19~2023/12/18,14.38,68,NORMAL
FUND000044,KR5120450018,CLASS000619,S,class_return,3,2021/12/19~2022/12/18,-20.91,68,NORMAL
FUND000044,KR5120450018,CLASS000619,S,class_return,4,2020/12/19~2021/12/18,10.95,68,NORMAL
FUND000044,KR5120450018,CLASS000619,S,class_return,5,2019/12/19~2020/12/18,29.05,68,NORMAL
FUND000044,KR5120450018,CLASS000620,CW,class_return,1,2023/12/19~2024/12/18,-1.32,68,NORMAL
FUND000044,KR5120450018,CLASS000620,CW,class_return,2,2022/12/19~2023/12/18,14.54,68,NORMAL
FUND000044,KR5120450018,CLASS000620,CW,class_return,3,2021/12/19~2022/12/18,-20.79,68,NORMAL
FUND000044,KR5120450018,CLASS000620,CW,class_return,4,2020/12/19~2021/12/18,11.11,68,NORMAL
FUND000044,KR5120450018,CLASS000620,CW,class_return,5,2019/12/19~2020/12/18,29.24,68,NORMAL
FUND000044,KR5120450018,CLASS000621,AG,class_return,1,2023/12/19~2024/12/18,-1.66,68,NORMAL
FUND000044,KR5120450018,CLASS000621,AG,class_return,2,2022/12/19~2023/12/18,14.16,68,NORMAL
FUND000044,KR5120450018,CLASS000621,AG,class_return,3,2021/12/19~2022/12/18,-21.07,68,NORMAL
FUND000044,KR5120450018,CLASS000621,AG,class_return,4,2020/12/19~2021/12/18,10.73,68,NORMAL
FUND000044,KR5120450018,CLASS000621,AG,class_return,5,2019/12/19~2020/12/18,28.78,68,NORMAL
FUND000044,KR5120450018,CLASS000623,Ae,class_return,1,2023/12/19~2024/12/18,-1.55,68,NORMAL
FUND000044,KR5120450018,CLASS000623,Ae,class_return,2,2022/12/19~2023/12/18,14.28,68,NORMAL
FUND000044,KR5120450018,CLASS000623,Ae,class_return,3,2021/12/19~2022/12/18,-20.99,68,NORMAL
FUND000044,KR5120450018,CLASS000623,Ae,class_return,4,2020/12/19~2021/12/18,10.85,68,NORMAL
FUND000044,KR5120450018,CLASS000623,Ae,class_return,5,2019/12/19~2020/12/18,28.94,68,NORMAL
FUND000044,KR5120450018,CLASS000624,C-Pe,class_return,1,2023/12/19~2024/12/18,-1.61,68,NORMAL
FUND000044,KR5120450018,CLASS000624,C-Pe,class_return,2,2022/12/19~2023/12/18,14.21,68,NORMAL
FUND000044,KR5120450018,CLASS000624,C-Pe,class_return,3,2021/12/19~2022/12/18,-21.03,68,NORMAL
FUND000044,KR5120450018,CLASS000624,C-Pe,class_return,4,2020/12/19~2021/12/18,10.78,68,NORMAL
FUND000044,KR5120450018,CLASS000624,C-Pe,class_return,5,2019/12/19~2020/12/18,28.86,68,NORMAL
FUND000044,KR5120450018,CLASS000625,C-P2,class_return,1,2023/12/19~2024/12/18,-1.93,68,NORMAL
FUND000044,KR5120450018,CLASS000625,C-P2,class_return,2,2022/12/19~2023/12/18,13.85,68,NORMAL
FUND000044,KR5120450018,CLASS000625,C-P2,class_return,3,2021/12/19~2022/12/18,-21.3,68,NORMAL
FUND000044,KR5120450018,CLASS000625,C-P2,class_return,4,2020/12/19~2021/12/18,10.43,68,NORMAL
FUND000044,KR5120450018,CLASS000625,C-P2,class_return,5,2019/12/19~2020/12/18,28.43,68,NORMAL
FUND000044,KR5120450018,CLASS000626,C-P2e,class_return,1,2023/12/19~2024/12/18,-1.62,69,NORMAL
FUND000044,KR5120450018,CLASS000626,C-P2e,class_return,2,2022/12/19~2023/12/18,14.2,69,NORMAL
FUND000044,KR5120450018,CLASS000626,C-P2e,class_return,3,2021/12/19~2022/12/18,-21.04,69,NORMAL
FUND000044,KR5120450018,CLASS000626,C-P2e,class_return,4,2020/12/19~2021/12/18,10.77,69,NORMAL
FUND000044,KR5120450018,CLASS000626,C-P2e,class_return,5,2019/12/19~2020/12/18,28.85,69,NORMAL
FUND000044,KR5120450018,CLASS000628,S-P,class_return,1,2023/12/19~2024/12/18,-1.44,69,NORMAL
FUND000044,KR5120450018,CLASS000628,S-P,class_return,2,2022/12/19~2023/12/18,14.4,69,NORMAL
FUND000044,KR5120450018,CLASS000628,S-P,class_return,3,2021/12/19~2022/12/18,-20.9,69,NORMAL
FUND000044,KR5120450018,CLASS000628,S-P,class_return,4,2020/12/19~2021/12/18,10.97,69,NORMAL
FUND000044,KR5120450018,CLASS000617,Af,class_return,1,2023/12/19~2024/12/18,-1.31,69,NORMAL
FUND000044,KR5120450018,CLASS000617,Af,class_return,2,2022/12/19~2023/12/18,14.54,69,NORMAL
FUND000044,KR5120450018,CLASS000617,Af,class_return,3,2021/12/19~2022/12/18,-20.79,69,NORMAL
FUND000044,KR5120450018,CLASS000617,Af,class_return,4,2020/12/19~2021/12/18,11.11,69,NORMAL
FUND000044,KR5120450018,CLASS000617,Af,class_return,5,2019/12/19~2020/12/18,29.24,69,NORMAL
FUND000045,KR5120451001,,,fund,1,2024/06/04~2025/06/03,1.81,55,NORMAL
FUND000045,KR5120451001,,,fund,2,2023/06/04~2024/06/03,9.32,55,NORMAL
FUND000045,KR5120451001,,,fund,3,2022/06/04~2023/06/03,-0.09,55,NORMAL
FUND000045,KR5120451001,,,fund,4,2021/06/04~2022/06/03,-16.2,55,NORMAL
FUND000045,KR5120451001,,,fund,5,2020/06/04~2021/06/03,56.83,55,NORMAL
FUND000045,KR5120451001,,,benchmark,1,2024/06/04~2025/06/03,-1.58,55,NORMAL
FUND000045,KR5120451001,,,benchmark,2,2023/06/04~2024/06/03,6.66,55,NORMAL
FUND000045,KR5120451001,,,benchmark,3,2022/06/04~2023/06/03,-2.65,55,NORMAL
FUND000045,KR5120451001,,,benchmark,4,2021/06/04~2022/06/03,-18.87,55,NORMAL
FUND000045,KR5120451001,,,benchmark,5,2020/06/04~2021/06/03,51.75,55,NORMAL
FUND000045,KR5120451001,CLASS000629,A1,class_return,1,2024/06/04~2025/06/03,1.42,55,NORMAL
FUND000045,KR5120451001,CLASS000629,A1,class_return,2,2023/06/04~2024/06/03,8.9,55,NORMAL
FUND000045,KR5120451001,CLASS000629,A1,class_return,3,2022/06/04~2023/06/03,-0.47,55,NORMAL
FUND000045,KR5120451001,CLASS000629,A1,class_return,4,2021/06/04~2022/06/03,-16.53,55,NORMAL
FUND000045,KR5120451001,CLASS000629,A1,class_return,5,2020/06/04~2021/06/03,56.26,55,NORMAL
FUND000045,KR5120451001,CLASS000630,C1,class_return,1,2024/06/04~2025/06/03,0.63,55,NORMAL
FUND000045,KR5120451001,CLASS000630,C1,class_return,2,2023/06/04~2024/06/03,8.06,55,NORMAL
FUND000045,KR5120451001,CLASS000630,C1,class_return,3,2022/06/04~2023/06/03,-1.23,55,NORMAL
FUND000045,KR5120451001,CLASS000630,C1,class_return,4,2021/06/04~2022/06/03,-17.18,55,NORMAL
FUND000045,KR5120451001,CLASS000630,C1,class_return,5,2020/06/04~2021/06/03,55.12,55,NORMAL
FUND000045,KR5120451001,CLASS000633,Ae,class_return,1,2024/06/04~2025/06/03,1.53,55,NORMAL
FUND000045,KR5120451001,CLASS000633,Ae,class_return,2,2023/06/04~2024/06/03,9.02,55,NORMAL
FUND000045,KR5120451001,CLASS000633,Ae,class_return,3,2022/06/04~2023/06/03,-0.36,55,NORMAL
FUND000045,KR5120451001,CLASS000633,Ae,class_return,4,2021/06/04~2022/06/03,-16.43,55,NORMAL
FUND000045,KR5120451001,CLASS000633,Ae,class_return,5,2020/06/04~2021/06/03,56.43,55,NORMAL
FUND000045,KR5120451001,CLASS000634,Ce,class_return,1,2024/06/04~2025/06/03,1.14,55,NORMAL
FUND000045,KR5120451001,CLASS000634,Ce,class_return,2,2023/06/04~2024/06/03,8.6,55,NORMAL
FUND000045,KR5120451001,CLASS000634,Ce,class_return,3,2022/06/04~2023/06/03,-0.74,55,NORMAL
FUND000045,KR5120451001,CLASS000634,Ce,class_return,4,2021/06/04~2022/06/03,-16.76,55,NORMAL
FUND000045,KR5120451001,CLASS000634,Ce,class_return,5,2020/06/04~2021/06/03,55.85,55,NORMAL
FUND000045,KR5120451001,CLASS000635,C-R,class_return,1,2024/06/04~2025/06/03,0.93,55,NORMAL
FUND000045,KR5120451001,CLASS000635,C-R,class_return,2,2023/06/04~2024/06/03,8.38,55,NORMAL
FUND000045,KR5120451001,CLASS000635,C-R,class_return,3,2022/06/04~2023/06/03,-0.94,55,NORMAL
FUND000045,KR5120451001,CLASS000635,C-R,class_return,4,2021/06/04~2022/06/03,-16.93,55,NORMAL
FUND000045,KR5120451001,CLASS000635,C-R,class_return,5,2020/06/04~2021/06/03,55.56,55,NORMAL
FUND000045,KR5120451001,CLASS000636,C-Re,class_return,1,2024/06/04~2025/06/03,1.28,55,NORMAL
FUND000045,KR5120451001,CLASS000636,C-Re,class_return,2,2023/06/04~2024/06/03,8.76,55,NORMAL
FUND000045,KR5120451001,CLASS000636,C-Re,class_return,3,2022/06/04~2023/06/03,-0.6,55,NORMAL
FUND000045,KR5120451001,CLASS000636,C-Re,class_return,4,2021/06/04~2022/06/03,-16.64,55,NORMAL
FUND000045,KR5120451001,CLASS000636,C-Re,class_return,5,2020/06/04~2021/06/03,56.07,55,NORMAL
FUND000012,KR5122420005,,,fund,1,25.01.01~25.12.31,3.26,53,NORMAL
FUND000012,KR5122420005,,,fund,2,24.01.01~24.12.31,4.53,53,NORMAL
FUND000012,KR5122420005,,,fund,3,23.01.01~23.12.31,5.7,53,NORMAL
FUND000012,KR5122420005,,,fund,4,22.01.01~22.12.31,2.33,53,NORMAL
FUND000012,KR5122420005,,,fund,5,21.01.01~21.12.31,0.9,53,NORMAL
FUND000012,KR5122420005,,,benchmark,1,25.01.01~25.12.31,2.76,53,NORMAL
FUND000012,KR5122420005,,,benchmark,2,24.01.01~24.12.31,3.59,53,NORMAL
FUND000012,KR5122420005,,,benchmark,3,23.01.01~23.12.31,3.99,53,NORMAL
FUND000012,KR5122420005,,,benchmark,4,22.01.01~22.12.31,1.82,53,NORMAL
FUND000012,KR5122420005,,,benchmark,5,21.01.01~21.12.31,0.8,53,NORMAL
FUND000012,KR5122420005,CLASS000152,A,class_return,1,25.01.01~25.12.31,2.95,53,NORMAL
FUND000012,KR5122420005,CLASS000152,A,class_return,2,24.01.01~24.12.31,4.22,53,NORMAL
FUND000012,KR5122420005,CLASS000152,A,class_return,3,23.01.01~23.12.31,5.38,53,NORMAL
FUND000012,KR5122420005,CLASS000152,A,class_return,4,22.01.01~22.12.31,2.03,53,NORMAL
FUND000012,KR5122420005,CLASS000152,A,class_return,5,21.01.01~21.12.31,0.59,53,NORMAL
FUND000012,KR5122420005,CLASS000153,A-E,class_return,1,25.01.01~25.12.31,3.05,53,NORMAL
FUND000012,KR5122420005,CLASS000153,A-E,class_return,2,24.01.01~24.12.31,4.32,53,NORMAL
FUND000012,KR5122420005,CLASS000153,A-E,class_return,3,23.01.01~23.12.31,5.49,53,NORMAL
FUND000012,KR5122420005,CLASS000153,A-E,class_return,4,22.01.01~22.12.31,2.13,53,NORMAL
FUND000012,KR5122420005,CLASS000153,A-E,class_return,5,21.01.01~21.12.31,0.7,53,NORMAL
FUND000012,KR5122420005,CLASS000154,C,class_return,1,25.01.01~25.12.31,2.85,53,NORMAL
FUND000012,KR5122420005,CLASS000154,C,class_return,2,24.01.01~24.12.31,4.13,53,NORMAL
FUND000012,KR5122420005,CLASS000154,C,class_return,3,23.01.01~23.12.31,5.29,53,NORMAL
FUND000012,KR5122420005,CLASS000154,C,class_return,4,22.01.01~22.12.31,1.93,53,NORMAL
FUND000012,KR5122420005,CLASS000154,C,class_return,5,21.01.01~21.12.31,0.5,53,NORMAL
FUND000012,KR5122420005,CLASS000155,C-E,class_return,1,25.01.01~25.12.31,3.0,53,NORMAL
FUND000012,KR5122420005,CLASS000155,C-E,class_return,2,24.01.01~24.12.31,4.28,53,NORMAL
FUND000012,KR5122420005,CLASS000155,C-E,class_return,3,23.01.01~23.12.31,5.44,53,NORMAL
FUND000012,KR5122420005,CLASS000155,C-E,class_return,4,22.01.01~22.12.31,2.08,53,NORMAL
FUND000012,KR5122420005,CLASS000155,C-E,class_return,5,21.01.01~21.12.31,0.65,53,NORMAL
FUND000012,KR5122420005,CLASS000159,C-W,class_return,1,25.01.01~25.12.31,3.15,53,NORMAL
FUND000012,KR5122420005,CLASS000159,C-W,class_return,2,24.01.01~24.12.31,4.43,53,NORMAL
FUND000012,KR5122420005,CLASS000159,C-W,class_return,3,23.01.01~23.12.31,5.59,53,NORMAL
FUND000012,KR5122420005,CLASS000159,C-W,class_return,4,22.01.01~22.12.31,2.23,53,NORMAL
FUND000012,KR5122420005,CLASS000159,C-W,class_return,5,21.01.01~21.12.31,0.8,53,NORMAL
FUND000012,KR5122420005,CLASS000164,S,class_return,1,25.01.01~25.12.31,3.07,53,NORMAL
FUND000012,KR5122420005,CLASS000164,S,class_return,2,24.01.01~24.12.31,4.35,53,NORMAL
FUND000012,KR5122420005,CLASS000164,S,class_return,3,23.01.01~23.12.31,5.51,53,NORMAL
FUND000012,KR5122420005,CLASS000164,S,class_return,4,22.01.01~22.12.31,2.15,53,NORMAL
FUND000012,KR5122420005,CLASS000164,S,class_return,5,21.01.01~21.12.31,0.72,53,NORMAL
FUND000012,KR5122420005,CLASS000165,S-P,class_return,1,25.01.01~25.12.31,3.09,53,NORMAL
FUND000012,KR5122420005,CLASS000165,S-P,class_return,2,24.01.01~24.12.31,4.37,53,NORMAL
FUND000012,KR5122420005,CLASS000165,S-P,class_return,3,23.01.01~23.12.31,5.53,53,NORMAL
FUND000012,KR5122420005,CLASS000165,S-P,class_return,4,22.01.01~22.12.31,2.17,53,NORMAL
FUND000012,KR5122420005,CLASS000165,S-P,class_return,5,21.01.01~21.12.31,0.74,53,NORMAL
FUND000012,KR5122420005,CLASS000160,C-P1,class_return,1,25.01.01~25.12.31,2.91,53,NORMAL
FUND000012,KR5122420005,CLASS000160,C-P1,class_return,2,24.01.01~24.12.31,4.19,53,NORMAL
FUND000012,KR5122420005,CLASS000160,C-P1,class_return,3,23.01.01~23.12.31,5.35,53,NORMAL
FUND000012,KR5122420005,CLASS000160,C-P1,class_return,4,22.01.01~22.12.31,2.0,53,NORMAL
FUND000012,KR5122420005,CLASS000160,C-P1,class_return,5,21.01.01~21.12.31,0.56,53,NORMAL
FUND000012,KR5122420005,CLASS000162,C-P2,class_return,1,25.01.01~25.12.31,2.92,53,NORMAL
FUND000012,KR5122420005,CLASS000162,C-P2,class_return,2,24.01.01~24.12.31,4.2,53,NORMAL
FUND000012,KR5122420005,CLASS000162,C-P2,class_return,3,23.01.01~23.12.31,5.36,53,NORMAL
FUND000012,KR5122420005,CLASS000162,C-P2,class_return,4,22.01.01~22.12.31,2.01,53,NORMAL
FUND000012,KR5122420005,CLASS000162,C-P2,class_return,5,21.01.01~21.12.31,0.57,53,NORMAL
FUND000012,KR5122420005,CLASS000161,C-Pe,class_return,1,25.01.01~25.12.31,3.04,53,NORMAL
FUND000012,KR5122420005,CLASS000161,C-Pe,class_return,2,24.01.01~24.12.31,4.31,53,NORMAL
FUND000012,KR5122420005,CLASS000161,C-Pe,class_return,3,23.01.01~23.12.31,5.48,53,NORMAL
FUND000012,KR5122420005,CLASS000161,C-Pe,class_return,4,22.01.01~22.12.31,2.12,53,NORMAL
FUND000012,KR5122420005,CLASS000161,C-Pe,class_return,5,21.01.01~21.12.31,0.69,53,NORMAL
FUND000012,KR5122420005,CLASS000157,C-I,class_return,1,25.01.01~25.12.31,3.06,54,NORMAL
FUND000012,KR5122420005,CLASS000157,C-I,class_return,2,24.01.01~24.12.31,4.34,54,NORMAL
FUND000012,KR5122420005,CLASS000157,C-I,class_return,3,23.01.01~23.12.31,5.59,54,NORMAL
FUND000012,KR5122420005,CLASS000157,C-I,class_return,4,22.01.01~22.12.31,2.27,54,NORMAL
FUND000012,KR5122420005,CLASS000157,C-I,class_return,5,21.01.01~21.12.31,0.71,54,NORMAL
FUND000012,KR5122420005,CLASS000156,C-F,class_return,1,25.01.01~25.12.31,3.14,54,NORMAL
FUND000012,KR5122420005,CLASS000156,C-F,class_return,2,24.01.01~24.12.31,4.41,54,NORMAL
FUND000012,KR5122420005,CLASS000156,C-F,class_return,3,23.01.01~23.12.31,5.58,54,NORMAL
FUND000012,KR5122420005,CLASS000156,C-F,class_return,4,22.01.01~22.12.31,2.22,54,NORMAL
FUND000012,KR5122420005,CLASS000156,C-F,class_return,5,21.01.01~21.12.31,0.78,54,NORMAL
FUND000012,KR5122420005,CLASS000163,C-Pe2,class_return,1,25.01.01~25.12.31,3.04,54,NORMAL
FUND000012,KR5122420005,CLASS000163,C-Pe2,class_return,2,24.01.01~24.12.31,4.32,54,NORMAL
FUND000012,KR5122420005,CLASS000163,C-Pe2,class_return,3,23.01.01~23.12.31,5.48,54,NORMAL
FUND000012,KR5122420005,CLASS000163,C-Pe2,class_return,4,22.01.01~22.12.31,2.12,54,NORMAL
FUND000012,KR5122420005,CLASS000163,C-Pe2,class_return,5,21.01.01~21.12.31,0.69,54,NORMAL
FUND000012,KR5122420005,CLASS000166,A2,class_return,1,25.01.01~25.12.31,3.1,54,NORMAL
FUND000012,KR5122420005,CLASS000166,A2,class_return,2,24.01.01~24.12.31,4.38,54,NORMAL
FUND000012,KR5122420005,CLASS000166,A2,class_return,3,23.01.01~23.12.31,5.54,54,NORMAL
FUND000012,KR5122420005,CLASS000166,A2,class_return,4,22.01.01~22.12.31,2.18,54,NORMAL
FUND000012,KR5122420005,CLASS000166,A2,class_return,5,21.01.01~21.12.31,0.75,54,NORMAL
FUND000012,KR5122420005,CLASS000167,S-R,class_return,1,25.01.01~25.12.31,3.11,54,NORMAL
FUND000012,KR5122420005,CLASS000167,S-R,class_return,2,24.01.01~24.12.31,4.39,54,NORMAL
FUND000012,KR5122420005,CLASS000167,S-R,class_return,3,23.01.01~23.12.31,5.55,54,NORMAL
FUND000012,KR5122420005,CLASS000167,S-R,class_return,4,22.01.01~22.12.31,2.19,54,NORMAL
FUND000012,KR5122420005,CLASS000167,S-R,class_return,5,21.01.01~21.12.31,0.76,54,NORMAL
FUND000080,KR5123365001,,,fund,1,2024.03.26~2025.03.25,3.69,32,NORMAL
FUND000080,KR5123365001,,,fund,2,2023.03.26~2024.03.25,3.56,32,NORMAL
FUND000080,KR5123365001,,,fund,3,2022.03.26~2023.03.25,1.35,32,NORMAL
FUND000080,KR5123365001,,,fund,4,2021.03.26~2022.03.25,-0.2,32,NORMAL
FUND000080,KR5123365001,,,fund,5,2020.03.26~2021.03.25,0.66,32,NORMAL
FUND000080,KR5123365001,,,benchmark,1,2024.03.26~2025.03.25,3.9,32,NORMAL
FUND000080,KR5123365001,,,benchmark,2,2023.03.26~2024.03.25,3.58,32,NORMAL
FUND000080,KR5123365001,,,benchmark,3,2022.03.26~2023.03.25,2.24,32,NORMAL
FUND000080,KR5123365001,,,benchmark,4,2021.03.26~2022.03.25,0.45,32,NORMAL
FUND000080,KR5123365001,,,benchmark,5,2020.03.26~2021.03.25,1.15,32,NORMAL
FUND000081,KR5123420015,,,fund,1,2024.03.26~2025.03.25,3.75,41,NORMAL
FUND000081,KR5123420015,,,fund,2,2023.03.26~2024.03.25,3.84,41,NORMAL
FUND000081,KR5123420015,,,fund,3,2022.03.26~2023.03.25,3.29,41,NORMAL
FUND000081,KR5123420015,,,fund,4,2021.03.26~2022.03.25,0.95,41,NORMAL
FUND000081,KR5123420015,,,fund,5,2020.03.26~2021.03.25,1.36,41,NORMAL
FUND000081,KR5123420015,,,benchmark,1,2024.03.26~2025.03.25,3.56,41,NORMAL
FUND000081,KR5123420015,,,benchmark,2,2023.03.26~2024.03.25,3.72,41,NORMAL
FUND000081,KR5123420015,,,benchmark,3,2022.03.26~2023.03.25,2.65,41,NORMAL
FUND000081,KR5123420015,,,benchmark,4,2021.03.26~2022.03.25,0.91,41,NORMAL
FUND000081,KR5123420015,,,benchmark,5,2020.03.26~2021.03.25,1.04,41,NORMAL
FUND000081,KR5123420015,CLASS000952,A1,class_return,1,2024.03.26~2025.03.25,3.47,41,NORMAL
FUND000081,KR5123420015,CLASS000952,A1,class_return,2,2023.03.26~2024.03.25,3.55,41,NORMAL
FUND000081,KR5123420015,CLASS000952,A1,class_return,3,2022.03.26~2023.03.25,3.0,41,NORMAL
FUND000081,KR5123420015,CLASS000952,A1,class_return,4,2021.03.26~2022.03.25,0.67,41,NORMAL
FUND000081,KR5123420015,CLASS000952,A1,class_return,5,2020.03.26~2021.03.25,1.08,41,NORMAL
FUND000081,KR5123420015,CLASS000953,C1,class_return,1,2024.03.26~2025.03.25,3.36,42,NORMAL
FUND000081,KR5123420015,CLASS000954,C-F,class_return,1,2024.03.26~2025.03.25,3.6,42,NORMAL
FUND000081,KR5123420015,CLASS000954,C-F,class_return,2,2023.03.26~2024.03.25,3.69,42,NORMAL
FUND000081,KR5123420015,CLASS000954,C-F,class_return,3,2022.03.26~2023.03.25,3.13,42,NORMAL
FUND000081,KR5123420015,CLASS000954,C-F,class_return,4,2021.03.26~2022.03.25,0.8,42,NORMAL
FUND000081,KR5123420015,CLASS000954,C-F,class_return,5,2020.03.26~2021.03.25,1.21,42,NORMAL
FUND000081,KR5123420015,CLASS000955,A-e,class_return,1,2024.03.26~2025.03.25,3.54,42,NORMAL
FUND000081,KR5123420015,CLASS000955,A-e,class_return,2,2023.03.26~2024.03.25,3.63,42,NORMAL
FUND000081,KR5123420015,CLASS000955,A-e,class_return,3,2022.03.26~2023.03.25,3.08,42,NORMAL
FUND000081,KR5123420015,CLASS000955,A-e,class_return,4,2021.03.26~2022.03.25,0.75,42,NORMAL
FUND000081,KR5123420015,CLASS000955,A-e,class_return,5,2020.03.26~2021.03.25,1.15,42,NORMAL
FUND000081,KR5123420015,CLASS000956,C-e,class_return,1,2024.03.26~2025.03.25,3.49,42,NORMAL
FUND000081,KR5123420015,CLASS000956,C-e,class_return,2,2023.03.26~2024.03.25,3.58,42,NORMAL
FUND000081,KR5123420015,CLASS000956,C-e,class_return,3,2022.03.26~2023.03.25,3.03,42,NORMAL
FUND000081,KR5123420015,CLASS000956,C-e,class_return,4,2021.03.26~2022.03.25,0.7,42,NORMAL
FUND000081,KR5123420015,CLASS000956,C-e,class_return,5,2020.03.26~2021.03.25,1.1,42,NORMAL
FUND000081,KR5123420015,CLASS000957,C-W,class_return,1,2024.03.26~2025.03.25,3.62,42,NORMAL
FUND000081,KR5123420015,CLASS000957,C-W,class_return,2,2023.03.26~2024.03.25,3.71,42,NORMAL
FUND000081,KR5123420015,CLASS000957,C-W,class_return,3,2022.03.26~2023.03.25,3.15,42,NORMAL
FUND000081,KR5123420015,CLASS000957,C-W,class_return,4,2021.03.26~2022.03.25,0.82,42,NORMAL
FUND000081,KR5123420015,CLASS000957,C-W,class_return,5,2020.03.26~2021.03.25,1.23,42,NORMAL
FUND000081,KR5123420015,CLASS000958,S,class_return,1,2024.03.26~2025.03.25,3.55,42,NORMAL
FUND000081,KR5123420015,CLASS000958,S,class_return,2,2023.03.26~2024.03.25,3.63,42,NORMAL
FUND000081,KR5123420015,CLASS000958,S,class_return,3,2022.03.26~2023.03.25,3.08,42,NORMAL
FUND000081,KR5123420015,CLASS000958,S,class_return,4,2021.03.26~2022.03.25,0.75,42,NORMAL
FUND000081,KR5123420015,CLASS000958,S,class_return,5,2020.03.26~2021.03.25,1.16,42,NORMAL
FUND000081,KR5123420015,CLASS000959,C-P,class_return,1,2024.03.26~2025.03.25,3.4,42,NORMAL
FUND000081,KR5123420015,CLASS000959,C-P,class_return,2,2023.03.26~2024.03.25,3.49,42,NORMAL
FUND000081,KR5123420015,CLASS000959,C-P,class_return,3,2022.03.26~2023.03.25,2.94,42,NORMAL
FUND000081,KR5123420015,CLASS000959,C-P,class_return,4,2021.03.26~2022.03.25,0.61,42,NORMAL
FUND000081,KR5123420015,CLASS000959,C-P,class_return,5,2020.03.26~2021.03.25,1.02,42,NORMAL
FUND000081,KR5123420015,CLASS000960,C-P2(퇴직연금),class_return,1,2024.03.26~2025.03.25,3.41,42,NORMAL
FUND000081,KR5123420015,CLASS000960,C-P2(퇴직연금),class_return,2,2023.03.26~2024.03.25,3.5,42,NORMAL
FUND000081,KR5123420015,CLASS000960,C-P2(퇴직연금),class_return,3,2022.03.26~2023.03.25,2.95,42,NORMAL
FUND000081,KR5123420015,CLASS000960,C-P2(퇴직연금),class_return,4,2021.03.26~2022.03.25,0.62,42,NORMAL
FUND000081,KR5123420015,CLASS000960,C-P2(퇴직연금),class_return,5,2020.03.26~2021.03.25,1.03,42,NORMAL
FUND000081,KR5123420015,CLASS000963,C-Pe,class_return,1,2024.03.26~2025.03.25,3.52,42,NORMAL
FUND000081,KR5123420015,CLASS000963,C-Pe,class_return,2,2023.03.26~2024.03.25,3.6,42,NORMAL
FUND000081,KR5123420015,CLASS000964,C-P2e(퇴직연금),class_return,1,2024.03.26~2025.03.25,3.52,42,NORMAL
FUND000081,KR5123420015,CLASS000964,C-P2e(퇴직연금),class_return,2,2023.03.26~2024.03.25,3.61,42,NORMAL
FUND000081,KR5123420015,CLASS000953,C1,class_return,2,2023.03.26~2024.03.25,3.45,42,NORMAL
FUND000081,KR5123420015,CLASS000953,C1,class_return,3,2022.03.26~2023.03.25,2.9,42,NORMAL
FUND000081,KR5123420015,CLASS000953,C1,class_return,4,2021.03.26~2022.03.25,0.57,42,NORMAL
FUND000081,KR5123420015,CLASS000953,C1,class_return,5,2020.03.26~2021.03.25,0.98,42,NORMAL
FUND000082,KR5123420039,,,fund,1,2024.01.20~2025.01.19,7.64,40,NORMAL
FUND000082,KR5123420039,,,fund,2,2023.01.20~2024.01.19,5.03,40,NORMAL
FUND000082,KR5123420039,,,fund,3,2022.01.20~2023.01.19,-2.08,40,NORMAL
FUND000082,KR5123420039,,,fund,4,2021.01.20~2022.01.19,-2.03,40,NORMAL
FUND000082,KR5123420039,,,fund,5,2020.01.20~2021.01.19,1.96,40,NORMAL
FUND000082,KR5123420039,,,benchmark,1,2024.01.20~2025.01.19,7.26,40,NORMAL
FUND000082,KR5123420039,,,benchmark,2,2023.01.20~2024.01.19,3.99,40,NORMAL
FUND000082,KR5123420039,,,benchmark,3,2022.01.20~2023.01.19,-1.93,40,NORMAL
FUND000082,KR5123420039,,,benchmark,4,2021.01.20~2022.01.19,-2.45,40,NORMAL
FUND000082,KR5123420039,,,benchmark,5,2020.01.20~2021.01.19,1.82,40,NORMAL
FUND000082,KR5123420039,CLASS000965,C,class_return,1,2024.01.20~2025.01.19,7.24,40,NORMAL
FUND000082,KR5123420039,CLASS000965,C,class_return,2,2023.01.20~2024.01.19,4.64,40,NORMAL
FUND000082,KR5123420039,CLASS000965,C,class_return,3,2022.01.20~2023.01.19,-2.45,40,NORMAL
FUND000082,KR5123420039,CLASS000965,C,class_return,4,2021.01.20~2022.01.19,-2.39,40,NORMAL
FUND000082,KR5123420039,CLASS000965,C,class_return,5,2020.01.20~2021.01.19,1.58,40,NORMAL
FUND000082,KR5123420039,CLASS000966,C-e,class_return,1,2024.01.20~2025.01.19,7.35,40,NORMAL
FUND000082,KR5123420039,CLASS000966,C-e,class_return,2,2023.01.20~2024.01.19,4.74,40,NORMAL
FUND000082,KR5123420039,CLASS000966,C-e,class_return,3,2022.01.20~2023.01.19,-2.35,40,NORMAL
FUND000082,KR5123420039,CLASS000966,C-e,class_return,4,2021.01.20~2022.01.19,-2.3,40,NORMAL
FUND000082,KR5123420039,CLASS000966,C-e,class_return,5,2020.01.20~2021.01.19,1.68,40,NORMAL
FUND000083,KR5123420049,,,fund,1,2024.01.20~2025.01.19,4.79,40,NORMAL
FUND000083,KR5123420049,,,fund,2,2023.01.20~2024.01.19,5.66,40,NORMAL
FUND000083,KR5123420049,,,fund,3,2022.01.20~2023.01.19,2.72,40,NORMAL
FUND000083,KR5123420049,,,fund,4,2021.01.20~2022.01.19,1.25,40,NORMAL
FUND000083,KR5123420049,,,fund,5,2020.01.20~2021.01.19,2.15,40,NORMAL
FUND000083,KR5123420049,CLASS000968,A,class_return,1,2024.01.20~2025.01.19,4.5,41,NORMAL
FUND000083,KR5123420049,CLASS000968,A,class_return,2,2023.01.20~2024.01.19,5.37,41,NORMAL
FUND000083,KR5123420049,CLASS000968,A,class_return,3,2022.01.20~2023.01.19,2.43,41,NORMAL
FUND000083,KR5123420049,CLASS000968,A,class_return,4,2021.01.20~2022.01.19,0.97,41,NORMAL
FUND000083,KR5123420049,CLASS000968,A,class_return,5,2020.01.20~2021.01.19,1.86,41,NORMAL
FUND000083,KR5123420049,,,benchmark,1,2024.01.20~2025.01.19,3.65,41,NORMAL
FUND000083,KR5123420049,,,benchmark,2,2023.01.20~2024.01.19,3.85,41,NORMAL
FUND000083,KR5123420049,,,benchmark,3,2022.01.20~2023.01.19,2.21,41,NORMAL
FUND000083,KR5123420049,,,benchmark,4,2021.01.20~2022.01.19,0.75,41,NORMAL
FUND000083,KR5123420049,,,benchmark,5,2020.01.20~2021.01.19,1.28,41,NORMAL
FUND000083,KR5123420049,CLASS000969,A-e,class_return,1,2024.01.20~2025.01.19,4.61,41,NORMAL
FUND000083,KR5123420049,CLASS000969,A-e,class_return,2,2023.01.20~2024.01.19,5.48,41,NORMAL
FUND000083,KR5123420049,CLASS000969,A-e,class_return,3,2022.01.20~2023.01.19,2.54,41,NORMAL
FUND000083,KR5123420049,CLASS000969,A-e,class_return,4,2021.01.20~2022.01.19,1.08,41,NORMAL
FUND000083,KR5123420049,CLASS000969,A-e,class_return,5,2020.01.20~2021.01.19,1.96,41,NORMAL
FUND000083,KR5123420049,CLASS000970,C,class_return,1,2024.01.20~2025.01.19,4.45,41,NORMAL
FUND000083,KR5123420049,CLASS000970,C,class_return,2,2023.01.20~2024.01.19,5.32,41,NORMAL
FUND000083,KR5123420049,CLASS000970,C,class_return,3,2022.01.20~2023.01.19,2.38,41,NORMAL
FUND000083,KR5123420049,CLASS000970,C,class_return,4,2021.01.20~2022.01.19,0.92,41,NORMAL
FUND000083,KR5123420049,CLASS000970,C,class_return,5,2020.01.20~2021.01.19,1.81,41,NORMAL
FUND000083,KR5123420049,CLASS000971,C-e,class_return,1,2024.01.20~2025.01.19,4.58,41,NORMAL
FUND000083,KR5123420049,CLASS000971,C-e,class_return,2,2023.01.20~2024.01.19,5.45,41,NORMAL
FUND000083,KR5123420049,CLASS000971,C-e,class_return,3,2022.01.20~2023.01.19,2.51,41,NORMAL
FUND000083,KR5123420049,CLASS000971,C-e,class_return,4,2021.01.20~2022.01.19,1.05,41,NORMAL
FUND000083,KR5123420049,CLASS000971,C-e,class_return,5,2020.01.20~2021.01.19,1.94,41,NORMAL
FUND000083,KR5123420049,CLASS000973,C-F,class_return,1,2024.01.20~2025.01.19,4.69,41,NORMAL
FUND000083,KR5123420049,CLASS000973,C-F,class_return,2,2023.01.20~2024.01.19,5.56,41,NORMAL
FUND000083,KR5123420049,CLASS000973,C-F,class_return,3,2022.01.20~2023.01.19,2.62,41,NORMAL
FUND000083,KR5123420049,CLASS000973,C-F,class_return,4,2021.01.20~2022.01.19,1.16,41,NORMAL
FUND000083,KR5123420049,CLASS000973,C-F,class_return,5,2020.01.20~2021.01.19,2.05,41,NORMAL
FUND000083,KR5123420049,CLASS000974,C-W,class_return,1,2024.01.20~2025.01.19,4.71,41,NORMAL
FUND000083,KR5123420049,CLASS000974,C-W,class_return,2,2023.01.20~2024.01.19,5.58,41,NORMAL
FUND000083,KR5123420049,CLASS000974,C-W,class_return,3,2022.01.20~2023.01.19,2.64,41,NORMAL
FUND000083,KR5123420049,CLASS000974,C-W,class_return,4,2021.01.20~2022.01.19,0.84,41,NORMAL
FUND000083,KR5123420049,CLASS000975,C-P,class_return,1,2024.01.20~2025.01.19,4.48,41,NORMAL
FUND000083,KR5123420049,CLASS000975,C-P,class_return,2,2023.01.20~2024.01.19,5.35,41,NORMAL
FUND000083,KR5123420049,CLASS000975,C-P,class_return,3,2022.01.20~2023.01.19,2.41,41,NORMAL
FUND000083,KR5123420049,CLASS000975,C-P,class_return,4,2021.01.20~2022.01.19,0.95,41,NORMAL
FUND000083,KR5123420049,CLASS000975,C-P,class_return,5,2020.01.20~2021.01.19,1.84,41,NORMAL
FUND000083,KR5123420049,CLASS000976,C-P2(퇴직연금),class_return,1,2024.01.20~2025.01.19,4.49,41,NORMAL
FUND000083,KR5123420049,CLASS000976,C-P2(퇴직연금),class_return,2,2023.01.20~2024.01.19,5.36,41,NORMAL
FUND000083,KR5123420049,CLASS000976,C-P2(퇴직연금),class_return,3,2022.01.20~2023.01.19,2.42,41,NORMAL
FUND000083,KR5123420049,CLASS000976,C-P2(퇴직연금),class_return,4,2021.01.20~2022.01.19,0.96,41,NORMAL
FUND000083,KR5123420049,CLASS000976,C-P2(퇴직연금),class_return,5,2020.01.20~2021.01.19,1.85,41,NORMAL
FUND000083,KR5123420049,CLASS000977,S,class_return,1,2024.01.20~2025.01.19,4.63,41,NORMAL
FUND000083,KR5123420049,CLASS000978,C-Pe,class_return,1,2024.01.20~2025.01.19,4.6,41,NORMAL
FUND000083,KR5123420049,CLASS000978,C-Pe,class_return,2,2023.01.20~2024.01.19,5.47,41,NORMAL
FUND000083,KR5123420049,CLASS000978,C-Pe,class_return,3,2022.01.20~2023.01.19,2.53,41,NORMAL
FUND000083,KR5123420049,CLASS000978,C-Pe,class_return,4,2021.01.20~2022.01.19,1.07,41,NORMAL
FUND000083,KR5123420049,CLASS000978,C-Pe,class_return,5,2020.01.20~2021.01.19,1.96,41,NORMAL
FUND000083,KR5123420049,CLASS000979,C-P2e(퇴직연금),class_return,1,2024.01.20~2025.01.19,4.61,41,NORMAL
FUND000083,KR5123420049,CLASS000979,C-P2e(퇴직연금),class_return,2,2023.01.20~2024.01.19,5.48,41,NORMAL
FUND000083,KR5123420049,CLASS000979,C-P2e(퇴직연금),class_return,3,2022.01.20~2023.01.19,2.54,41,NORMAL
FUND000083,KR5123420049,CLASS000979,C-P2e(퇴직연금),class_return,4,2021.01.20~2022.01.19,1.08,41,NORMAL
FUND000083,KR5123420049,CLASS000979,C-P2e(퇴직연금),class_return,5,2020.01.20~2021.01.19,1.97,41,NORMAL
FUND000084,KR5123490013,,,fund,1,2024.05.13~2025.05.12,-4.38,51,NORMAL
FUND000084,KR5123490013,,,fund,2,2023.05.13~2024.05.12,16.52,51,NORMAL
FUND000084,KR5123490013,,,fund,3,2022.05.13~2023.05.12,-1.69,51,NORMAL
FUND000084,KR5123490013,,,fund,4,2021.05.13~2022.05.12,-13.06,51,NORMAL
FUND000084,KR5123490013,,,fund,5,2020.05.13~2021.05.12,48.93,51,NORMAL
FUND000084,KR5123490013,,,benchmark,1,2024.05.13~2025.05.12,0.0,51,NORMAL
FUND000084,KR5123490013,,,benchmark,2,2023.05.13~2024.05.12,0.0,51,NORMAL
FUND000084,KR5123490013,,,benchmark,3,2022.05.13~2023.05.12,0.0,51,NORMAL
FUND000084,KR5123490013,,,benchmark,4,2021.05.13~2022.05.12,0.0,51,NORMAL
FUND000084,KR5123490013,,,benchmark,5,2020.05.13~2021.05.12,0.0,51,NORMAL
FUND000084,KR5123490013,CLASS000982,A1,class_return,1,2024.05.13~2025.05.12,-5.19,51,NORMAL
FUND000084,KR5123490013,CLASS000982,A1,class_return,2,2023.05.13~2024.05.12,15.55,51,NORMAL
FUND000084,KR5123490013,CLASS000982,A1,class_return,3,2022.05.13~2023.05.12,-2.54,51,NORMAL
FUND000084,KR5123490013,CLASS000982,A1,class_return,4,2021.05.13~2022.05.12,-13.81,51,NORMAL
FUND000084,KR5123490013,CLASS000982,A1,class_return,5,2020.05.13~2021.05.12,47.73,51,NORMAL
FUND000084,KR5123490013,CLASS000983,Ae,class_return,1,2024.05.13~2025.05.12,-5.0,51,NORMAL
FUND000084,KR5123490013,CLASS000983,Ae,class_return,2,2023.05.13~2024.05.12,15.77,51,NORMAL
FUND000084,KR5123490013,CLASS000983,Ae,class_return,3,2022.05.13~2023.05.12,-2.34,51,NORMAL
FUND000084,KR5123490013,CLASS000983,Ae,class_return,4,2021.05.13~2022.05.12,-13.63,51,NORMAL
FUND000084,KR5123490013,CLASS000983,Ae,class_return,5,2020.05.13~2021.05.12,48.02,51,NORMAL
FUND000084,KR5123490013,CLASS000984,C1,class_return,1,2024.05.13~2025.05.12,-5.58,51,NORMAL
FUND000084,KR5123490013,CLASS000984,C1,class_return,2,2023.05.13~2024.05.12,15.09,51,NORMAL
FUND000084,KR5123490013,CLASS000984,C1,class_return,3,2022.05.13~2023.05.12,-2.94,51,NORMAL
FUND000084,KR5123490013,CLASS000984,C1,class_return,4,2021.05.13~2022.05.12,-14.15,51,NORMAL
FUND000084,KR5123490013,CLASS000984,C1,class_return,5,2020.05.13~2021.05.12,47.18,51,NORMAL
FUND000084,KR5123490013,CLASS000985,Ce,class_return,1,2024.05.13~2025.05.12,-5.19,51,NORMAL
FUND000084,KR5123490013,CLASS000985,Ce,class_return,2,2023.05.13~2024.05.12,15.55,51,NORMAL
FUND000084,KR5123490013,CLASS000985,Ce,class_return,3,2022.05.13~2023.05.12,-2.54,51,NORMAL
FUND000084,KR5123490013,CLASS000985,Ce,class_return,4,2021.05.13~2022.05.12,-13.81,51,NORMAL
FUND000084,KR5123490013,CLASS000985,Ce,class_return,5,2020.05.13~2021.05.12,47.73,51,NORMAL
FUND000084,KR5123490013,CLASS000987,C-W,class_return,1,2024.05.13~2025.05.12,-4.9,51,NORMAL
FUND000084,KR5123490013,CLASS000987,C-W,class_return,2,2023.05.13~2024.05.12,15.89,51,NORMAL
FUND000084,KR5123490013,CLASS000987,C-W,class_return,3,2022.05.13~2023.05.12,-2.24,51,NORMAL
FUND000084,KR5123490013,CLASS000987,C-W,class_return,4,2021.05.13~2022.05.12,-13.54,51,NORMAL
FUND000084,KR5123490013,CLASS000987,C-W,class_return,5,2020.05.13~2021.05.12,48.16,51,NORMAL
FUND000084,KR5123490013,CLASS000988,C-P,class_return,1,2024.05.13~2025.05.12,-5.29,51,NORMAL
FUND000084,KR5123490013,CLASS000988,C-P,class_return,2,2023.05.13~2024.05.12,15.43,51,NORMAL
FUND000084,KR5123490013,CLASS000988,C-P,class_return,3,2022.05.13~2023.05.12,-2.64,51,NORMAL
FUND000084,KR5123490013,CLASS000988,C-P,class_return,4,2021.05.13~2022.05.12,-13.89,51,NORMAL
FUND000084,KR5123490013,CLASS000988,C-P,class_return,5,2020.05.13~2021.05.12,47.6,51,NORMAL
FUND000084,KR5123490013,CLASS000989,S,class_return,1,2024.05.13~2025.05.12,-5.0,51,NORMAL
FUND000084,KR5123490013,CLASS000989,S,class_return,2,2023.05.13~2024.05.12,15.77,51,NORMAL
FUND000084,KR5123490013,CLASS000989,S,class_return,3,2022.05.13~2023.05.12,-2.34,51,NORMAL
FUND000084,KR5123490013,CLASS000989,S,class_return,4,2021.05.13~2022.05.12,-13.63,51,NORMAL
FUND000084,KR5123490013,CLASS000989,S,class_return,5,2020.05.13~2021.05.12,48.02,51,NORMAL
FUND000084,KR5123490013,CLASS000990,C-P2(퇴직연금),class_return,1,2024.05.13~2025.05.12,-5.24,51,NORMAL
FUND000084,KR5123490013,CLASS000990,C-P2(퇴직연금),class_return,2,2023.05.13~2024.05.12,15.49,51,NORMAL
FUND000084,KR5123490013,CLASS000990,C-P2(퇴직연금),class_return,3,2022.05.13~2023.05.12,-2.59,51,NORMAL
FUND000084,KR5123490013,CLASS000990,C-P2(퇴직연금),class_return,4,2021.05.13~2022.05.12,-13.85,51,NORMAL
FUND000084,KR5123490013,CLASS000990,C-P2(퇴직연금),class_return,5,2020.05.13~2021.05.12,47.67,51,NORMAL
FUND000084,KR5123490013,CLASS000991,C-Pe,class_return,1,2024.05.13~2025.05.12,-5.05,51,NORMAL
FUND000084,KR5123490013,CLASS000991,C-Pe,class_return,2,2023.05.13~2024.05.12,15.72,51,NORMAL
FUND000084,KR5123490013,CLASS000991,C-Pe,class_return,3,2022.05.13~2023.05.12,-2.39,51,NORMAL
FUND000084,KR5123490013,CLASS000991,C-Pe,class_return,4,2021.05.13~2022.05.12,-13.67,51,NORMAL
FUND000084,KR5123490013,CLASS000991,C-Pe,class_return,5,2020.05.13~2021.05.12,47.95,51,NORMAL
FUND000084,KR5123490013,CLASS000992,C-P2e(퇴직연금),class_return,1,2024.05.13~2025.05.12,-5.02,52,NORMAL
FUND000084,KR5123490013,CLASS000992,C-P2e(퇴직연금),class_return,2,2023.05.13~2024.05.12,15.75,52,NORMAL
FUND000084,KR5123490013,CLASS000992,C-P2e(퇴직연금),class_return,3,2022.05.13~2023.05.12,-2.36,52,NORMAL
FUND000084,KR5123490013,CLASS000992,C-P2e(퇴직연금),class_return,4,2021.05.13~2022.05.12,-13.65,52,NORMAL
FUND000084,KR5123490013,CLASS000992,C-P2e(퇴직연금),class_return,5,2020.05.13~2021.05.12,47.99,52,NORMAL
FUND000084,KR5123490013,CLASS000996,S-P2(퇴직연금),class_return,1,2024.05.13~2025.05.12,-4.94,52,NORMAL
FUND000084,KR5123490013,CLASS000996,S-P2(퇴직연금),class_return,2,2023.05.13~2024.05.12,15.85,52,NORMAL
FUND000084,KR5123490013,CLASS000996,S-P2(퇴직연금),class_return,3,2022.05.13~2023.05.12,-2.28,52,NORMAL
FUND000084,KR5123490013,CLASS000996,S-P2(퇴직연금),class_return,4,2021.05.13~2022.05.12,-13.58,52,NORMAL
FUND000084,KR5123490013,CLASS000996,S-P2(퇴직연금),class_return,5,2020.05.13~2021.05.12,28.69,52,NORMAL
FUND000084,KR5123490016,,,fund,1,2024.05.13~2025.05.12,-4.38,51,NORMAL
FUND000084,KR5123490016,,,fund,2,2023.05.13~2024.05.12,16.52,51,NORMAL
FUND000084,KR5123490016,,,fund,3,2022.05.13~2023.05.12,-1.69,51,NORMAL
FUND000084,KR5123490016,,,fund,4,2021.05.13~2022.05.12,-13.06,51,NORMAL
FUND000084,KR5123490016,,,fund,5,2020.05.13~2021.05.12,48.93,51,NORMAL
FUND000084,KR5123490016,,,benchmark,1,2024.05.13~2025.05.12,0.0,51,NORMAL
FUND000084,KR5123490016,,,benchmark,2,2023.05.13~2024.05.12,0.0,51,NORMAL
FUND000084,KR5123490016,,,benchmark,3,2022.05.13~2023.05.12,0.0,51,NORMAL
FUND000084,KR5123490016,,,benchmark,4,2021.05.13~2022.05.12,0.0,51,NORMAL
FUND000084,KR5123490016,,,benchmark,5,2020.05.13~2021.05.12,0.0,51,NORMAL
FUND000084,KR5123490016,CLASS000982,A1,class_return,1,2024.05.13~2025.05.12,-5.19,51,NORMAL
FUND000084,KR5123490016,CLASS000982,A1,class_return,2,2023.05.13~2024.05.12,15.55,51,NORMAL
FUND000084,KR5123490016,CLASS000982,A1,class_return,3,2022.05.13~2023.05.12,-2.54,51,NORMAL
FUND000084,KR5123490016,CLASS000982,A1,class_return,4,2021.05.13~2022.05.12,-13.81,51,NORMAL
FUND000084,KR5123490016,CLASS000982,A1,class_return,5,2020.05.13~2021.05.12,47.73,51,NORMAL
FUND000084,KR5123490016,CLASS000983,Ae,class_return,1,2024.05.13~2025.05.12,-5.0,51,NORMAL
FUND000084,KR5123490016,CLASS000983,Ae,class_return,2,2023.05.13~2024.05.12,15.77,51,NORMAL
FUND000084,KR5123490016,CLASS000983,Ae,class_return,3,2022.05.13~2023.05.12,-2.34,51,NORMAL
FUND000084,KR5123490016,CLASS000983,Ae,class_return,4,2021.05.13~2022.05.12,-13.63,51,NORMAL
FUND000084,KR5123490016,CLASS000983,Ae,class_return,5,2020.05.13~2021.05.12,48.02,51,NORMAL
FUND000084,KR5123490016,CLASS000984,C1,class_return,1,2024.05.13~2025.05.12,-5.58,51,NORMAL
FUND000084,KR5123490016,CLASS000984,C1,class_return,2,2023.05.13~2024.05.12,15.09,51,NORMAL
FUND000084,KR5123490016,CLASS000984,C1,class_return,3,2022.05.13~2023.05.12,-2.94,51,NORMAL
FUND000084,KR5123490016,CLASS000984,C1,class_return,4,2021.05.13~2022.05.12,-14.15,51,NORMAL
FUND000084,KR5123490016,CLASS000984,C1,class_return,5,2020.05.13~2021.05.12,47.18,51,NORMAL
FUND000084,KR5123490016,CLASS000985,Ce,class_return,1,2024.05.13~2025.05.12,-5.19,51,NORMAL
FUND000084,KR5123490016,CLASS000985,Ce,class_return,2,2023.05.13~2024.05.12,15.55,51,NORMAL
FUND000084,KR5123490016,CLASS000985,Ce,class_return,3,2022.05.13~2023.05.12,-2.54,51,NORMAL
FUND000084,KR5123490016,CLASS000985,Ce,class_return,4,2021.05.13~2022.05.12,-13.81,51,NORMAL
FUND000084,KR5123490016,CLASS000985,Ce,class_return,5,2020.05.13~2021.05.12,47.73,51,NORMAL
FUND000084,KR5123490016,CLASS000987,C-W,class_return,1,2024.05.13~2025.05.12,-4.9,51,NORMAL
FUND000084,KR5123490016,CLASS000987,C-W,class_return,2,2023.05.13~2024.05.12,15.89,51,NORMAL
FUND000084,KR5123490016,CLASS000987,C-W,class_return,3,2022.05.13~2023.05.12,-2.24,51,NORMAL
FUND000084,KR5123490016,CLASS000987,C-W,class_return,4,2021.05.13~2022.05.12,-13.54,51,NORMAL
FUND000084,KR5123490016,CLASS000987,C-W,class_return,5,2020.05.13~2021.05.12,48.16,51,NORMAL
FUND000084,KR5123490016,CLASS000988,C-P,class_return,1,2024.05.13~2025.05.12,-5.29,51,NORMAL
FUND000084,KR5123490016,CLASS000988,C-P,class_return,2,2023.05.13~2024.05.12,15.43,51,NORMAL
FUND000084,KR5123490016,CLASS000988,C-P,class_return,3,2022.05.13~2023.05.12,-2.64,51,NORMAL
FUND000084,KR5123490016,CLASS000988,C-P,class_return,4,2021.05.13~2022.05.12,-13.89,51,NORMAL
FUND000084,KR5123490016,CLASS000988,C-P,class_return,5,2020.05.13~2021.05.12,47.6,51,NORMAL
FUND000084,KR5123490016,CLASS000989,S,class_return,1,2024.05.13~2025.05.12,-5.0,51,NORMAL
FUND000084,KR5123490016,CLASS000989,S,class_return,2,2023.05.13~2024.05.12,15.77,51,NORMAL
FUND000084,KR5123490016,CLASS000989,S,class_return,3,2022.05.13~2023.05.12,-2.34,51,NORMAL
FUND000084,KR5123490016,CLASS000989,S,class_return,4,2021.05.13~2022.05.12,-13.63,51,NORMAL
FUND000084,KR5123490016,CLASS000989,S,class_return,5,2020.05.13~2021.05.12,48.02,51,NORMAL
FUND000084,KR5123490016,CLASS000990,C-P2(퇴직연금),class_return,1,2024.05.13~2025.05.12,-5.24,51,NORMAL
FUND000084,KR5123490016,CLASS000990,C-P2(퇴직연금),class_return,2,2023.05.13~2024.05.12,15.49,51,NORMAL
FUND000084,KR5123490016,CLASS000990,C-P2(퇴직연금),class_return,3,2022.05.13~2023.05.12,-2.59,51,NORMAL
FUND000084,KR5123490016,CLASS000990,C-P2(퇴직연금),class_return,4,2021.05.13~2022.05.12,-13.85,51,NORMAL
FUND000084,KR5123490016,CLASS000990,C-P2(퇴직연금),class_return,5,2020.05.13~2021.05.12,47.67,51,NORMAL
FUND000084,KR5123490016,CLASS000991,C-Pe,class_return,1,2024.05.13~2025.05.12,-5.05,51,NORMAL
FUND000084,KR5123490016,CLASS000991,C-Pe,class_return,2,2023.05.13~2024.05.12,15.72,51,NORMAL
FUND000084,KR5123490016,CLASS000991,C-Pe,class_return,3,2022.05.13~2023.05.12,-2.39,51,NORMAL
FUND000084,KR5123490016,CLASS000991,C-Pe,class_return,4,2021.05.13~2022.05.12,-13.67,51,NORMAL
FUND000084,KR5123490016,CLASS000991,C-Pe,class_return,5,2020.05.13~2021.05.12,47.95,51,NORMAL
FUND000084,KR5123490016,CLASS000992,C-P2e(퇴직연금),class_return,1,2024.05.13~2025.05.12,-5.02,52,NORMAL
FUND000084,KR5123490016,CLASS000992,C-P2e(퇴직연금),class_return,2,2023.05.13~2024.05.12,15.75,52,NORMAL
FUND000084,KR5123490016,CLASS000992,C-P2e(퇴직연금),class_return,3,2022.05.13~2023.05.12,-2.36,52,NORMAL
FUND000084,KR5123490016,CLASS000992,C-P2e(퇴직연금),class_return,4,2021.05.13~2022.05.12,-13.65,52,NORMAL
FUND000084,KR5123490016,CLASS000992,C-P2e(퇴직연금),class_return,5,2020.05.13~2021.05.12,47.99,52,NORMAL
FUND000084,KR5123490016,CLASS000996,S-P2(퇴직연금),class_return,1,2024.05.13~2025.05.12,-4.94,52,NORMAL
FUND000084,KR5123490016,CLASS000996,S-P2(퇴직연금),class_return,2,2023.05.13~2024.05.12,15.85,52,NORMAL
FUND000084,KR5123490016,CLASS000996,S-P2(퇴직연금),class_return,3,2022.05.13~2023.05.12,-2.28,52,NORMAL
FUND000084,KR5123490016,CLASS000996,S-P2(퇴직연금),class_return,4,2021.05.13~2022.05.12,-13.58,52,NORMAL
FUND000084,KR5123490016,CLASS000996,S-P2(퇴직연금),class_return,5,2020.05.13~2021.05.12,28.69,52,NORMAL
FUND000084,KR5123490017,,,fund,1,2024.05.13~2025.05.12,-4.38,51,NORMAL
FUND000084,KR5123490017,,,fund,2,2023.05.13~2024.05.12,16.52,51,NORMAL
FUND000084,KR5123490017,,,fund,3,2022.05.13~2023.05.12,-1.69,51,NORMAL
FUND000084,KR5123490017,,,fund,4,2021.05.13~2022.05.12,-13.06,51,NORMAL
FUND000084,KR5123490017,,,fund,5,2020.05.13~2021.05.12,48.93,51,NORMAL
FUND000084,KR5123490017,,,benchmark,1,2024.05.13~2025.05.12,0.0,51,NORMAL
FUND000084,KR5123490017,,,benchmark,2,2023.05.13~2024.05.12,0.0,51,NORMAL
FUND000084,KR5123490017,,,benchmark,3,2022.05.13~2023.05.12,0.0,51,NORMAL
FUND000084,KR5123490017,,,benchmark,4,2021.05.13~2022.05.12,0.0,51,NORMAL
FUND000084,KR5123490017,,,benchmark,5,2020.05.13~2021.05.12,0.0,51,NORMAL
FUND000084,KR5123490017,CLASS000982,A1,class_return,1,2024.05.13~2025.05.12,-5.19,51,NORMAL
FUND000084,KR5123490017,CLASS000982,A1,class_return,2,2023.05.13~2024.05.12,15.55,51,NORMAL
FUND000084,KR5123490017,CLASS000982,A1,class_return,3,2022.05.13~2023.05.12,-2.54,51,NORMAL
FUND000084,KR5123490017,CLASS000982,A1,class_return,4,2021.05.13~2022.05.12,-13.81,51,NORMAL
FUND000084,KR5123490017,CLASS000982,A1,class_return,5,2020.05.13~2021.05.12,47.73,51,NORMAL
FUND000084,KR5123490017,CLASS000983,Ae,class_return,1,2024.05.13~2025.05.12,-5.0,51,NORMAL
FUND000084,KR5123490017,CLASS000983,Ae,class_return,2,2023.05.13~2024.05.12,15.77,51,NORMAL
FUND000084,KR5123490017,CLASS000983,Ae,class_return,3,2022.05.13~2023.05.12,-2.34,51,NORMAL
FUND000084,KR5123490017,CLASS000983,Ae,class_return,4,2021.05.13~2022.05.12,-13.63,51,NORMAL
FUND000084,KR5123490017,CLASS000983,Ae,class_return,5,2020.05.13~2021.05.12,48.02,51,NORMAL
FUND000084,KR5123490017,CLASS000984,C1,class_return,1,2024.05.13~2025.05.12,-5.58,51,NORMAL
FUND000084,KR5123490017,CLASS000984,C1,class_return,2,2023.05.13~2024.05.12,15.09,51,NORMAL
FUND000084,KR5123490017,CLASS000984,C1,class_return,3,2022.05.13~2023.05.12,-2.94,51,NORMAL
FUND000084,KR5123490017,CLASS000984,C1,class_return,4,2021.05.13~2022.05.12,-14.15,51,NORMAL
FUND000084,KR5123490017,CLASS000984,C1,class_return,5,2020.05.13~2021.05.12,47.18,51,NORMAL
FUND000084,KR5123490017,CLASS000985,Ce,class_return,1,2024.05.13~2025.05.12,-5.19,51,NORMAL
FUND000084,KR5123490017,CLASS000985,Ce,class_return,2,2023.05.13~2024.05.12,15.55,51,NORMAL
FUND000084,KR5123490017,CLASS000985,Ce,class_return,3,2022.05.13~2023.05.12,-2.54,51,NORMAL
FUND000084,KR5123490017,CLASS000985,Ce,class_return,4,2021.05.13~2022.05.12,-13.81,51,NORMAL
FUND000084,KR5123490017,CLASS000985,Ce,class_return,5,2020.05.13~2021.05.12,47.73,51,NORMAL
FUND000084,KR5123490017,CLASS000987,C-W,class_return,1,2024.05.13~2025.05.12,-4.9,51,NORMAL
FUND000084,KR5123490017,CLASS000987,C-W,class_return,2,2023.05.13~2024.05.12,15.89,51,NORMAL
FUND000084,KR5123490017,CLASS000987,C-W,class_return,3,2022.05.13~2023.05.12,-2.24,51,NORMAL
FUND000084,KR5123490017,CLASS000987,C-W,class_return,4,2021.05.13~2022.05.12,-13.54,51,NORMAL
FUND000084,KR5123490017,CLASS000987,C-W,class_return,5,2020.05.13~2021.05.12,48.16,51,NORMAL
FUND000084,KR5123490017,CLASS000988,C-P,class_return,1,2024.05.13~2025.05.12,-5.29,51,NORMAL
FUND000084,KR5123490017,CLASS000988,C-P,class_return,2,2023.05.13~2024.05.12,15.43,51,NORMAL
FUND000084,KR5123490017,CLASS000988,C-P,class_return,3,2022.05.13~2023.05.12,-2.64,51,NORMAL
FUND000084,KR5123490017,CLASS000988,C-P,class_return,4,2021.05.13~2022.05.12,-13.89,51,NORMAL
FUND000084,KR5123490017,CLASS000988,C-P,class_return,5,2020.05.13~2021.05.12,47.6,51,NORMAL
FUND000084,KR5123490017,CLASS000989,S,class_return,1,2024.05.13~2025.05.12,-5.0,51,NORMAL
FUND000084,KR5123490017,CLASS000989,S,class_return,2,2023.05.13~2024.05.12,15.77,51,NORMAL
FUND000084,KR5123490017,CLASS000989,S,class_return,3,2022.05.13~2023.05.12,-2.34,51,NORMAL
FUND000084,KR5123490017,CLASS000989,S,class_return,4,2021.05.13~2022.05.12,-13.63,51,NORMAL
FUND000084,KR5123490017,CLASS000989,S,class_return,5,2020.05.13~2021.05.12,48.02,51,NORMAL
FUND000084,KR5123490017,CLASS000990,C-P2(퇴직연금),class_return,1,2024.05.13~2025.05.12,-5.24,51,NORMAL
FUND000084,KR5123490017,CLASS000990,C-P2(퇴직연금),class_return,2,2023.05.13~2024.05.12,15.49,51,NORMAL
FUND000084,KR5123490017,CLASS000990,C-P2(퇴직연금),class_return,3,2022.05.13~2023.05.12,-2.59,51,NORMAL
FUND000084,KR5123490017,CLASS000990,C-P2(퇴직연금),class_return,4,2021.05.13~2022.05.12,-13.85,51,NORMAL
FUND000084,KR5123490017,CLASS000990,C-P2(퇴직연금),class_return,5,2020.05.13~2021.05.12,47.67,51,NORMAL
FUND000084,KR5123490017,CLASS000991,C-Pe,class_return,1,2024.05.13~2025.05.12,-5.05,51,NORMAL
FUND000084,KR5123490017,CLASS000991,C-Pe,class_return,2,2023.05.13~2024.05.12,15.72,51,NORMAL
FUND000084,KR5123490017,CLASS000991,C-Pe,class_return,3,2022.05.13~2023.05.12,-2.39,51,NORMAL
FUND000084,KR5123490017,CLASS000991,C-Pe,class_return,4,2021.05.13~2022.05.12,-13.67,51,NORMAL
FUND000084,KR5123490017,CLASS000991,C-Pe,class_return,5,2020.05.13~2021.05.12,47.95,51,NORMAL
FUND000084,KR5123490017,CLASS000992,C-P2e(퇴직연금),class_return,1,2024.05.13~2025.05.12,-5.02,52,NORMAL
FUND000084,KR5123490017,CLASS000992,C-P2e(퇴직연금),class_return,2,2023.05.13~2024.05.12,15.75,52,NORMAL
FUND000084,KR5123490017,CLASS000992,C-P2e(퇴직연금),class_return,3,2022.05.13~2023.05.12,-2.36,52,NORMAL
FUND000084,KR5123490017,CLASS000992,C-P2e(퇴직연금),class_return,4,2021.05.13~2022.05.12,-13.65,52,NORMAL
FUND000084,KR5123490017,CLASS000992,C-P2e(퇴직연금),class_return,5,2020.05.13~2021.05.12,47.99,52,NORMAL
FUND000084,KR5123490017,CLASS000996,S-P2(퇴직연금),class_return,1,2024.05.13~2025.05.12,-4.94,52,NORMAL
FUND000084,KR5123490017,CLASS000996,S-P2(퇴직연금),class_return,2,2023.05.13~2024.05.12,15.85,52,NORMAL
FUND000084,KR5123490017,CLASS000996,S-P2(퇴직연금),class_return,3,2022.05.13~2023.05.12,-2.28,52,NORMAL
FUND000084,KR5123490017,CLASS000996,S-P2(퇴직연금),class_return,4,2021.05.13~2022.05.12,-13.58,52,NORMAL
FUND000084,KR5123490017,CLASS000996,S-P2(퇴직연금),class_return,5,2020.05.13~2021.05.12,28.69,52,NORMAL
FUND000032,KR5125450023,,,fund,1,2024/05/26~2025/05/25,0.64,45,NORMAL
FUND000032,KR5125450023,,,fund,2,2023/05/26~2024/05/25,18.27,45,NORMAL
FUND000032,KR5125450023,,,fund,3,2022/05/26~2023/05/25,0.24,45,NORMAL
FUND000032,KR5125450023,,,fund,4,2021/05/26~2022/05/25,-9.09,45,NORMAL
FUND000032,KR5125450023,,,fund,5,2020/05/26~2021/05/25,60.26,45,NORMAL
FUND000032,KR5125450023,,,benchmark,1,2024/05/26~2025/05/25,-2.7,45,NORMAL
FUND000032,KR5125450023,,,benchmark,2,2023/05/26~2024/05/25,5.18,45,NORMAL
FUND000032,KR5125450023,,,benchmark,3,2022/05/26~2023/05/25,-1.7,45,NORMAL
FUND000032,KR5125450023,,,benchmark,4,2021/05/26~2022/05/25,-15.69,45,NORMAL
FUND000032,KR5125450023,,,benchmark,5,2020/05/26~2021/05/25,52.17,45,NORMAL
FUND000032,KR5125450023,CLASS000430,A,class_return,1,2024/05/26~2025/05/25,-0.53,45,NORMAL
FUND000032,KR5125450023,CLASS000430,A,class_return,2,2023/05/26~2024/05/25,16.91,45,NORMAL
FUND000032,KR5125450023,CLASS000430,A,class_return,3,2022/05/26~2023/05/25,-0.91,45,NORMAL
FUND000032,KR5125450023,CLASS000430,A,class_return,4,2021/05/26~2022/05/25,-10.19,45,NORMAL
FUND000032,KR5125450023,CLASS000430,A,class_return,5,2020/05/26~2021/05/25,58.47,45,NORMAL
FUND000032,KR5125450023,CLASS000431,Ae,class_return,1,2024/05/26~2025/05/25,-0.16,45,NORMAL
FUND000032,KR5125450023,CLASS000431,Ae,class_return,2,2023/05/26~2024/05/25,17.33,45,NORMAL
FUND000032,KR5125450023,CLASS000431,Ae,class_return,3,2022/05/26~2023/05/25,-0.55,45,NORMAL
FUND000032,KR5125450023,CLASS000431,Ae,class_return,4,2021/05/26~2022/05/25,-9.9,45,NORMAL
FUND000032,KR5125450023,CLASS000431,Ae,class_return,5,2020/05/26~2021/05/25,58.68,45,NORMAL
FUND000032,KR5125450023,CLASS000432,A-G,class_return,1,2024/05/26~2025/05/25,-0.45,45,NORMAL
FUND000032,KR5125450023,CLASS000432,A-G,class_return,2,2023/05/26~2024/05/25,16.99,45,NORMAL
FUND000032,KR5125450023,CLASS000432,A-G,class_return,3,2022/05/26~2023/05/25,-0.84,45,NORMAL
FUND000032,KR5125450023,CLASS000432,A-G,class_return,4,2021/05/26~2022/05/25,-10.12,45,NORMAL
FUND000032,KR5125450023,CLASS000432,A-G,class_return,5,2020/05/26~2021/05/25,58.58,45,NORMAL
FUND000032,KR5125450023,CLASS000433,C,class_return,1,2024/05/26~2025/05/25,-0.69,45,NORMAL
FUND000032,KR5125450023,CLASS000433,C,class_return,2,2023/05/26~2024/05/25,16.72,45,NORMAL
FUND000032,KR5125450023,CLASS000433,C,class_return,3,2022/05/26~2023/05/25,-1.08,45,NORMAL
FUND000032,KR5125450023,CLASS000433,C,class_return,4,2021/05/26~2022/05/25,-10.34,45,NORMAL
FUND000032,KR5125450023,CLASS000433,C,class_return,5,2020/05/26~2021/05/25,58.22,45,NORMAL
FUND000032,KR5125450023,CLASS000440,C-G,class_return,1,2024/05/26~2025/05/25,-0.66,45,NORMAL
FUND000032,KR5125450023,CLASS000440,C-G,class_return,2,2023/05/26~2024/05/25,16.75,45,NORMAL
FUND000032,KR5125450023,CLASS000440,C-G,class_return,3,2022/05/26~2023/05/25,-1.05,45,NORMAL
FUND000032,KR5125450023,CLASS000440,C-G,class_return,4,2021/05/26~2022/05/25,-10.32,45,NORMAL
FUND000032,KR5125450023,CLASS000440,C-G,class_return,5,2020/05/26~2021/05/25,58.26,45,NORMAL
FUND000032,KR5125450023,CLASS000434,W,class_return,1,2024/05/26~2025/05/25,0.17,45,NORMAL
FUND000032,KR5125450023,CLASS000434,W,class_return,2,2023/05/26~2024/05/25,17.72,45,NORMAL
FUND000032,KR5125450023,CLASS000434,W,class_return,3,2022/05/26~2023/05/25,-0.22,45,NORMAL
FUND000032,KR5125450023,CLASS000434,W,class_return,4,2021/05/26~2022/05/25,-9.53,45,NORMAL
FUND000032,KR5125450023,CLASS000434,W,class_return,5,2020/05/26~2021/05/25,59.54,45,NORMAL
FUND000032,KR5125450023,CLASS000435,e,class_return,1,2024/05/26~2025/05/25,-0.25,45,NORMAL
FUND000032,KR5125450023,CLASS000435,e,class_return,2,2023/05/26~2024/05/25,17.24,45,NORMAL
FUND000032,KR5125450023,CLASS000435,e,class_return,3,2022/05/26~2023/05/25,-0.63,45,NORMAL
FUND000032,KR5125450023,CLASS000435,e,class_return,4,2021/05/26~2022/05/25,-10.02,45,NORMAL
FUND000032,KR5125450023,CLASS000435,e,class_return,5,2020/05/26~2021/05/25,58.31,45,NORMAL
FUND000032,KR5125450023,CLASS000437,I,class_return,1,2024/05/26~2025/05/25,0.15,45,NORMAL
FUND000032,KR5125450023,CLASS000437,I,class_return,2,2023/05/26~2024/05/25,17.7,45,NORMAL
FUND000032,KR5125450023,CLASS000437,I,class_return,3,2022/05/26~2023/05/25,-0.24,45,NORMAL
FUND000032,KR5125450023,CLASS000437,I,class_return,4,2021/05/26~2022/05/25,-9.55,45,NORMAL
FUND000032,KR5125450023,CLASS000437,I,class_return,5,2020/05/26~2021/05/25,59.51,45,NORMAL
FUND000032,KR5125450023,CLASS000436,Cy,class_return,1,2024/05/26~2025/05/25,-0.29,46,NORMAL
FUND000032,KR5125450023,CLASS000436,Cy,class_return,2,2023/05/26~2024/05/25,17.19,46,NORMAL
FUND000032,KR5125450023,CLASS000436,Cy,class_return,3,2022/05/26~2023/05/25,-0.68,46,NORMAL
FUND000032,KR5125450023,CLASS000436,Cy,class_return,4,2021/05/26~2022/05/25,-9.97,46,NORMAL
FUND000032,KR5125450023,CLASS000436,Cy,class_return,5,2020/05/26~2021/05/25,58.84,46,NORMAL
FUND000032,KR5125450023,CLASS000438,C-P,class_return,1,2024/05/26~2025/05/25,-0.68,46,NORMAL
FUND000032,KR5125450023,CLASS000438,C-P,class_return,2,2023/05/26~2024/05/25,16.73,46,NORMAL
FUND000032,KR5125450023,CLASS000438,C-P,class_return,3,2022/05/26~2023/05/25,-1.07,46,NORMAL
FUND000032,KR5125450023,CLASS000438,C-P,class_return,4,2021/05/26~2022/05/25,-10.34,46,NORMAL
FUND000032,KR5125450023,CLASS000438,C-P,class_return,5,2020/05/26~2021/05/25,58.23,46,NORMAL
FUND000032,KR5125450023,CLASS000439,C-Pe,class_return,1,2024/05/26~2025/05/25,-0.24,46,NORMAL
FUND000032,KR5125450023,CLASS000439,C-Pe,class_return,2,2023/05/26~2024/05/25,17.24,46,NORMAL
FUND000032,KR5125450023,CLASS000439,C-Pe,class_return,3,2022/05/26~2023/05/25,-0.63,46,NORMAL
FUND000032,KR5125450023,CLASS000439,C-Pe,class_return,4,2021/05/26~2022/05/25,-9.92,46,NORMAL
FUND000032,KR5125450023,CLASS000439,C-Pe,class_return,5,2020/05/26~2021/05/25,58.91,46,NORMAL
FUND000032,KR5125450023,CLASS000441,C-P2,class_return,1,2024/05/26~2025/05/25,-0.59,46,NORMAL
FUND000032,KR5125450023,CLASS000441,C-P2,class_return,2,2023/05/26~2024/05/25,16.84,46,NORMAL
FUND000032,KR5125450023,CLASS000441,C-P2,class_return,3,2022/05/26~2023/05/25,-0.97,46,NORMAL
FUND000032,KR5125450023,CLASS000441,C-P2,class_return,4,2021/05/26~2022/05/25,-10.24,46,NORMAL
FUND000032,KR5125450023,CLASS000441,C-P2,class_return,5,2020/05/26~2021/05/25,58.37,46,NORMAL
FUND000032,KR5125450023,CLASS000442,C-P2e,class_return,1,2024/05/26~2025/05/25,-0.19,46,NORMAL
FUND000032,KR5125450023,CLASS000442,C-P2e,class_return,2,2023/05/26~2024/05/25,17.3,46,NORMAL
FUND000032,KR5125450023,CLASS000442,C-P2e,class_return,3,2022/05/26~2023/05/25,-0.58,46,NORMAL
FUND000032,KR5125450023,CLASS000442,C-P2e,class_return,4,2021/05/26~2022/05/25,-9.87,46,NORMAL
FUND000032,KR5125450023,CLASS000442,C-P2e,class_return,5,2020/05/26~2021/05/25,58.97,46,NORMAL
FUND000032,KR5125450023,CLASS000443,S,class_return,1,2024/05/26~2025/05/25,-0.12,46,NORMAL
FUND000032,KR5125450023,CLASS000443,S,class_return,2,2023/05/26~2024/05/25,17.38,46,NORMAL
FUND000032,KR5125450023,CLASS000444,S-P,class_return,1,2024/05/26~2025/05/25,-0.06,46,NORMAL
FUND000032,KR5125450023,CLASS000444,S-P,class_return,2,2023/05/26~2024/05/25,17.45,46,NORMAL
FUND000032,KR5125450023,CLASS000445,S-P2,class_return,1,2024/05/26~2025/05/25,-0.05,46,NORMAL
FUND000032,KR5125450023,CLASS000445,S-P2,class_return,2,2023/05/26~2024/05/25,17.47,46,NORMAL
FUND000033,KR5125450070,,,fund,1,2024/04/25~2025/04/24,-6.44,43,NORMAL
FUND000033,KR5125450070,,,fund,2,2023/04/25~2024/04/24,13.44,43,NORMAL
FUND000033,KR5125450070,,,fund,3,2022/04/25~2023/04/24,-6.39,43,NORMAL
FUND000033,KR5125450070,,,fund,4,2021/04/25~2022/04/24,-7.72,43,NORMAL
FUND000033,KR5125450070,,,fund,5,2020/04/25~2021/04/24,68.77,43,NORMAL
FUND000033,KR5125450070,,,benchmark,1,2024/04/25~2025/04/24,-4.67,43,NORMAL
FUND000033,KR5125450070,,,benchmark,2,2023/04/25~2024/04/24,5.92,43,NORMAL
FUND000033,KR5125450070,,,benchmark,3,2022/04/25~2023/04/24,-5.62,43,NORMAL
FUND000033,KR5125450070,,,benchmark,4,2021/04/25~2022/04/24,-13.53,43,NORMAL
FUND000033,KR5125450070,,,benchmark,5,2020/04/25~2021/04/24,60.49,43,NORMAL
FUND000033,KR5125450070,CLASS000449,C,class_return,1,2024/04/25~2025/04/24,-7.84,43,NORMAL
FUND000033,KR5125450070,CLASS000449,C,class_return,2,2023/04/25~2024/04/24,11.75,43,NORMAL
FUND000033,KR5125450070,CLASS000449,C,class_return,3,2022/04/25~2023/04/24,-7.8,43,NORMAL
FUND000033,KR5125450070,CLASS000449,C,class_return,4,2021/04/25~2022/04/24,-9.1,43,NORMAL
FUND000033,KR5125450070,CLASS000449,C,class_return,5,2020/04/25~2021/04/24,66.43,43,NORMAL
FUND000033,KR5125450070,CLASS000452,W,class_return,1,2024/04/25~2025/04/24,-6.91,43,NORMAL
FUND000033,KR5125450070,CLASS000452,W,class_return,2,2023/04/25~2024/04/24,12.88,43,NORMAL
FUND000033,KR5125450070,CLASS000452,W,class_return,3,2022/04/25~2023/04/24,-6.86,43,NORMAL
FUND000033,KR5125450070,CLASS000452,W,class_return,4,2021/04/25~2022/04/24,-8.18,43,NORMAL
FUND000033,KR5125450070,CLASS000452,W,class_return,5,2020/04/25~2021/04/24,67.99,43,NORMAL
FUND000033,KR5125450070,CLASS000450,e,class_return,1,2024/04/25~2025/04/24,-7.37,43,NORMAL
FUND000033,KR5125450070,CLASS000450,e,class_return,2,2023/04/25~2024/04/24,12.31,43,NORMAL
FUND000033,KR5125450070,CLASS000450,e,class_return,3,2022/04/25~2023/04/24,-7.33,43,NORMAL
FUND000033,KR5125450070,CLASS000450,e,class_return,4,2021/04/25~2022/04/24,-8.79,43,NORMAL
FUND000033,KR5125450070,CLASS000450,e,class_return,5,2020/04/25~2021/04/24,66.45,43,NORMAL
FUND000033,KR5125450070,CLASS000453,I,class_return,1,2024/04/25~2025/04/24,-6.93,43,NORMAL
FUND000033,KR5125450070,CLASS000453,I,class_return,2,2023/04/25~2024/04/24,11.47,43,NORMAL
FUND000033,KR5125450070,CLASS000453,I,class_return,5,2020/04/25~2021/04/24,62.19,43,NORMAL
FUND000033,KR5125450070,CLASS000454,C-P,class_return,1,2024/04/25~2025/04/24,-7.79,43,NORMAL
FUND000033,KR5125450070,CLASS000454,C-P,class_return,2,2023/04/25~2024/04/24,11.81,43,NORMAL
FUND000033,KR5125450070,CLASS000454,C-P,class_return,3,2022/04/25~2023/04/24,-7.75,43,NORMAL
FUND000033,KR5125450070,CLASS000454,C-P,class_return,4,2021/04/25~2022/04/24,-9.05,43,NORMAL
FUND000033,KR5125450070,CLASS000454,C-P,class_return,5,2020/04/25~2021/04/24,66.5,43,NORMAL
FUND000033,KR5125450070,CLASS000456,C-P2,class_return,1,2024/04/25~2025/04/24,-7.7,43,NORMAL
FUND000033,KR5125450070,CLASS000456,C-P2,class_return,2,2023/04/25~2024/04/24,11.92,43,NORMAL
FUND000033,KR5125450070,CLASS000456,C-P2,class_return,3,2022/04/25~2023/04/24,-7.66,43,NORMAL
FUND000033,KR5125450070,CLASS000456,C-P2,class_return,4,2021/04/25~2022/04/24,-8.96,43,NORMAL
FUND000033,KR5125450070,CLASS000456,C-P2,class_return,5,2020/04/25~2021/04/24,66.66,43,NORMAL
FUND000033,KR5125450070,CLASS000455,C-Pe,class_return,1,2024/04/25~2025/04/24,-7.35,43,NORMAL
FUND000033,KR5125450070,CLASS000455,C-Pe,class_return,2,2023/04/25~2024/04/24,12.34,43,NORMAL
FUND000033,KR5125450070,CLASS000455,C-Pe,class_return,3,2022/04/25~2023/04/24,-7.3,43,NORMAL
FUND000033,KR5125450070,CLASS000455,C-Pe,class_return,4,2021/04/25~2022/04/24,-8.61,43,NORMAL
FUND000033,KR5125450070,CLASS000455,C-Pe,class_return,5,2020/04/25~2021/04/24,67.24,43,NORMAL
FUND000033,KR5125450070,CLASS000457,C-P2e,class_return,1,2024/04/25~2025/04/24,-7.3,43,NORMAL
FUND000033,KR5125450070,CLASS000457,C-P2e,class_return,2,2023/04/25~2024/04/24,12.4,43,NORMAL
FUND000033,KR5125450070,CLASS000457,C-P2e,class_return,3,2022/04/25~2023/04/24,-7.26,43,NORMAL
FUND000033,KR5125450070,CLASS000457,C-P2e,class_return,4,2021/04/25~2022/04/24,-8.57,43,NORMAL
FUND000033,KR5125450070,CLASS000457,C-P2e,class_return,5,2020/04/25~2021/04/24,67.32,43,NORMAL
FUND000033,KR5125450070,CLASS000451,C-G,class_return,1,2024/04/25~2025/04/24,-7.82,44,NORMAL
FUND000033,KR5125450070,CLASS000451,C-G,class_return,2,2023/04/25~2024/04/24,11.76,44,NORMAL
FUND000033,KR5125450070,CLASS000451,C-G,class_return,3,2022/04/25~2023/04/24,-7.79,44,NORMAL
FUND000033,KR5125450070,CLASS000451,C-G,class_return,4,2021/04/25~2022/04/24,-9.09,44,NORMAL
FUND000033,KR5125450070,CLASS000451,C-G,class_return,5,2020/04/25~2021/04/24,66.44,44,NORMAL
FUND000033,KR5125450070,CLASS000446,A,class_return,1,2024/04/25~2025/04/24,-7.56,44,NORMAL
FUND000033,KR5125450070,CLASS000446,A,class_return,2,2023/04/25~2024/04/24,12.09,44,NORMAL
FUND000033,KR5125450070,CLASS000446,A,class_return,3,2022/04/25~2023/04/24,-7.51,44,NORMAL
FUND000033,KR5125450070,CLASS000446,A,class_return,4,2021/04/25~2022/04/24,-8.81,44,NORMAL
FUND000033,KR5125450070,CLASS000446,A,class_return,5,2020/04/25~2021/04/24,66.9,44,NORMAL
FUND000033,KR5125450070,CLASS000447,Ae,class_return,1,2024/04/25~2025/04/24,-7.23,44,NORMAL
FUND000033,KR5125450070,CLASS000447,Ae,class_return,2,2023/04/25~2024/04/24,12.49,44,NORMAL
FUND000033,KR5125450070,CLASS000447,Ae,class_return,3,2022/04/25~2023/04/24,-7.19,44,NORMAL
FUND000033,KR5125450070,CLASS000447,Ae,class_return,4,2021/04/25~2022/04/24,-8.5,44,NORMAL
FUND000033,KR5125450070,CLASS000447,Ae,class_return,5,2020/04/25~2021/04/24,67.43,44,NORMAL
FUND000033,KR5125450070,CLASS000458,S,class_return,1,2024/04/25~2025/04/24,-7.19,44,NORMAL
FUND000033,KR5125450070,CLASS000458,S,class_return,2,2023/04/25~2024/04/24,12.58,44,NORMAL
FUND000033,KR5125450070,CLASS000459,S-P,class_return,1,2024/04/25~2025/04/24,-7.15,44,NORMAL
FUND000033,KR5125450070,CLASS000459,S-P,class_return,2,2023/04/25~2024/04/24,12.59,44,NORMAL
FUND000033,KR5125450070,CLASS000460,S-P2,class_return,1,2024/04/25~2025/04/24,-7.12,44,NORMAL
FUND000033,KR5125450070,CLASS000460,S-P2,class_return,2,2023/04/25~2024/04/24,12.62,44,NORMAL
FUND000021,KR5127420034,CLASS000261,A,class_return,1,,4.6,36,NORMAL
FUND000021,KR5127420034,CLASS000261,A,class_return,2,,7.19,36,NORMAL
FUND000021,KR5127420034,CLASS000261,A,class_return,3,,-5.71,36,NORMAL
FUND000021,KR5127420034,CLASS000261,A,class_return,4,,-1.04,36,NORMAL
FUND000021,KR5127420034,CLASS000261,A,class_return,5,,2.2,36,NORMAL
FUND000021,KR5127420034,CLASS000270,A-E,class_return,1,,4.71,36,NORMAL
FUND000021,KR5127420034,CLASS000258,C,class_return,1,,4.46,36,NORMAL
FUND000021,KR5127420034,CLASS000258,C,class_return,2,,7.04,36,NORMAL
FUND000021,KR5127420034,CLASS000258,C,class_return,3,,-5.84,36,NORMAL
FUND000021,KR5127420034,CLASS000258,C,class_return,4,,-1.18,36,NORMAL
FUND000021,KR5127420034,CLASS000258,C,class_return,5,,2.06,36,NORMAL
FUND000021,KR5127420034,CLASS000267,C-퇴직연금,class_return,1,,4.53,36,NORMAL
FUND000021,KR5127420034,CLASS000267,C-퇴직연금,class_return,2,,7.11,36,NORMAL
FUND000021,KR5127420034,CLASS000267,C-퇴직연금,class_return,3,,-5.77,36,NORMAL
FUND000021,KR5127420034,CLASS000267,C-퇴직연금,class_return,4,,-1.11,36,NORMAL
FUND000021,KR5127420034,CLASS000267,C-퇴직연금,class_return,5,,2.13,36,NORMAL
FUND000021,KR5127420034,CLASS000271,C-퇴직e,class_return,1,,4.67,36,NORMAL
FUND000021,KR5127420034,CLASS000271,C-퇴직e,class_return,2,,7.26,36,NORMAL
FUND000021,KR5127420034,CLASS000271,C-퇴직e,class_return,3,,-5.64,36,NORMAL
FUND000021,KR5127420034,CLASS000271,C-퇴직e,class_return,4,,-0.97,36,NORMAL
FUND000021,KR5127420034,CLASS000271,C-퇴직e,class_return,5,,2.35,36,NORMAL
FUND000021,KR5127420034,CLASS000262,C-E,class_return,1,,4.64,36,NORMAL
FUND000021,KR5127420034,CLASS000262,C-E,class_return,2,,7.22,36,NORMAL
FUND000021,KR5127420034,CLASS000262,C-E,class_return,3,,-5.68,36,NORMAL
FUND000021,KR5127420034,CLASS000262,C-E,class_return,4,,-1.01,36,NORMAL
FUND000021,KR5127420034,CLASS000262,C-E,class_return,5,,2.24,36,NORMAL
FUND000021,KR5127420034,CLASS000259,C-F,class_return,1,,4.8,36,NORMAL
FUND000021,KR5127420034,CLASS000259,C-F,class_return,2,,7.4,36,NORMAL
FUND000021,KR5127420034,CLASS000259,C-F,class_return,3,,-5.52,36,NORMAL
FUND000021,KR5127420034,CLASS000259,C-F,class_return,4,,-0.85,36,NORMAL
FUND000021,KR5127420034,CLASS000259,C-F,class_return,5,,2.4,36,NORMAL
FUND000021,KR5127420034,CLASS000264,C-P,class_return,1,,4.51,36,NORMAL
FUND000021,KR5127420034,CLASS000264,C-P,class_return,2,,7.1,36,NORMAL
FUND000021,KR5127420034,CLASS000264,C-P,class_return,3,,-5.79,36,NORMAL
FUND000021,KR5127420034,CLASS000264,C-P,class_return,4,,-1.13,36,NORMAL
FUND000021,KR5127420034,CLASS000264,C-P,class_return,5,,2.11,36,NORMAL
FUND000021,KR5127420034,CLASS000265,C-Pe,class_return,1,,4.66,36,NORMAL
FUND000021,KR5127420034,CLASS000265,C-Pe,class_return,2,,7.25,36,NORMAL
FUND000021,KR5127420034,CLASS000265,C-Pe,class_return,3,,-5.65,36,NORMAL
FUND000021,KR5127420034,CLASS000265,C-Pe,class_return,4,,-0.98,36,NORMAL
FUND000021,KR5127420034,CLASS000265,C-Pe,class_return,5,,2.26,36,NORMAL
FUND000021,KR5127420034,CLASS000263,C-W,class_return,1,,4.81,36,NORMAL
FUND000021,KR5127420034,CLASS000263,C-W,class_return,2,,7.41,36,NORMAL
FUND000021,KR5127420034,CLASS000263,C-W,class_return,3,,-5.51,36,NORMAL
FUND000021,KR5127420034,CLASS000263,C-W,class_return,4,,-0.84,36,NORMAL
FUND000021,KR5127420034,CLASS000263,C-W,class_return,5,,2.41,36,NORMAL
FUND000021,KR5127420034,CLASS000260,S,class_return,1,,4.71,36,NORMAL
FUND000021,KR5127420034,CLASS000260,S,class_return,2,,7.3,36,NORMAL
FUND000021,KR5127420034,CLASS000260,S,class_return,3,,-5.61,36,NORMAL
FUND000021,KR5127420034,CLASS000260,S,class_return,4,,-0.94,36,NORMAL
FUND000021,KR5127420034,CLASS000260,S,class_return,5,,2.31,36,NORMAL
FUND000021,KR5127420034,CLASS000272,S-퇴직,class_return,1,,4.76,36,NORMAL
FUND000021,KR5127420034,CLASS000266,S-P,class_return,1,,4.73,36,NORMAL
FUND000021,KR5127420034,CLASS000266,S-P,class_return,2,,7.32,36,NORMAL
FUND000021,KR5127420034,CLASS000266,S-P,class_return,3,,-5.59,36,NORMAL
FUND000021,KR5127420034,CLASS000266,S-P,class_return,4,,-0.92,36,NORMAL
FUND000021,KR5127420034,CLASS000266,S-P,class_return,5,,2.33,36,NORMAL
FUND000021,KR5127420034,,,benchmark,1,,4.73,36,NORMAL
FUND000021,KR5127420034,,,benchmark,2,,6.1,36,NORMAL
FUND000021,KR5127420034,,,benchmark,3,,-3.58,36,NORMAL
FUND000021,KR5127420034,,,benchmark,4,,-0.58,36,NORMAL
FUND000021,KR5127420034,,,benchmark,5,,2.52,36,NORMAL
FUND000021,KR5127420039,CLASS000261,A,class_return,1,,4.6,36,NORMAL
FUND000021,KR5127420039,CLASS000261,A,class_return,2,,7.19,36,NORMAL
FUND000021,KR5127420039,CLASS000261,A,class_return,3,,-5.71,36,NORMAL
FUND000021,KR5127420039,CLASS000261,A,class_return,4,,-1.04,36,NORMAL
FUND000021,KR5127420039,CLASS000261,A,class_return,5,,2.2,36,NORMAL
FUND000021,KR5127420039,CLASS000270,A-E,class_return,1,,4.71,36,NORMAL
FUND000021,KR5127420039,CLASS000258,C,class_return,1,,4.46,36,NORMAL
FUND000021,KR5127420039,CLASS000258,C,class_return,2,,7.04,36,NORMAL
FUND000021,KR5127420039,CLASS000258,C,class_return,3,,-5.84,36,NORMAL
FUND000021,KR5127420039,CLASS000258,C,class_return,4,,-1.18,36,NORMAL
FUND000021,KR5127420039,CLASS000258,C,class_return,5,,2.06,36,NORMAL
FUND000021,KR5127420039,CLASS000267,C-퇴직연금,class_return,1,,4.53,36,NORMAL
FUND000021,KR5127420039,CLASS000267,C-퇴직연금,class_return,2,,7.11,36,NORMAL
FUND000021,KR5127420039,CLASS000267,C-퇴직연금,class_return,3,,-5.77,36,NORMAL
FUND000021,KR5127420039,CLASS000267,C-퇴직연금,class_return,4,,-1.11,36,NORMAL
FUND000021,KR5127420039,CLASS000267,C-퇴직연금,class_return,5,,2.13,36,NORMAL
FUND000021,KR5127420039,CLASS000271,C-퇴직e,class_return,1,,4.67,36,NORMAL
FUND000021,KR5127420039,CLASS000271,C-퇴직e,class_return,2,,7.26,36,NORMAL
FUND000021,KR5127420039,CLASS000271,C-퇴직e,class_return,3,,-5.64,36,NORMAL
FUND000021,KR5127420039,CLASS000271,C-퇴직e,class_return,4,,-0.97,36,NORMAL
FUND000021,KR5127420039,CLASS000271,C-퇴직e,class_return,5,,2.35,36,NORMAL
FUND000021,KR5127420039,CLASS000262,C-E,class_return,1,,4.64,36,NORMAL
FUND000021,KR5127420039,CLASS000262,C-E,class_return,2,,7.22,36,NORMAL
FUND000021,KR5127420039,CLASS000262,C-E,class_return,3,,-5.68,36,NORMAL
FUND000021,KR5127420039,CLASS000262,C-E,class_return,4,,-1.01,36,NORMAL
FUND000021,KR5127420039,CLASS000262,C-E,class_return,5,,2.24,36,NORMAL
FUND000021,KR5127420039,CLASS000259,C-F,class_return,1,,4.8,36,NORMAL
FUND000021,KR5127420039,CLASS000259,C-F,class_return,2,,7.4,36,NORMAL
FUND000021,KR5127420039,CLASS000259,C-F,class_return,3,,-5.52,36,NORMAL
FUND000021,KR5127420039,CLASS000259,C-F,class_return,4,,-0.85,36,NORMAL
FUND000021,KR5127420039,CLASS000259,C-F,class_return,5,,2.4,36,NORMAL
FUND000021,KR5127420039,CLASS000264,C-P,class_return,1,,4.51,36,NORMAL
FUND000021,KR5127420039,CLASS000264,C-P,class_return,2,,7.1,36,NORMAL
FUND000021,KR5127420039,CLASS000264,C-P,class_return,3,,-5.79,36,NORMAL
FUND000021,KR5127420039,CLASS000264,C-P,class_return,4,,-1.13,36,NORMAL
FUND000021,KR5127420039,CLASS000264,C-P,class_return,5,,2.11,36,NORMAL
FUND000021,KR5127420039,CLASS000265,C-Pe,class_return,1,,4.66,36,NORMAL
FUND000021,KR5127420039,CLASS000265,C-Pe,class_return,2,,7.25,36,NORMAL
FUND000021,KR5127420039,CLASS000265,C-Pe,class_return,3,,-5.65,36,NORMAL
FUND000021,KR5127420039,CLASS000265,C-Pe,class_return,4,,-0.98,36,NORMAL
FUND000021,KR5127420039,CLASS000265,C-Pe,class_return,5,,2.26,36,NORMAL
FUND000021,KR5127420039,CLASS000263,C-W,class_return,1,,4.81,36,NORMAL
FUND000021,KR5127420039,CLASS000263,C-W,class_return,2,,7.41,36,NORMAL
FUND000021,KR5127420039,CLASS000263,C-W,class_return,3,,-5.51,36,NORMAL
FUND000021,KR5127420039,CLASS000263,C-W,class_return,4,,-0.84,36,NORMAL
FUND000021,KR5127420039,CLASS000263,C-W,class_return,5,,2.41,36,NORMAL
FUND000021,KR5127420039,CLASS000260,S,class_return,1,,4.71,36,NORMAL
FUND000021,KR5127420039,CLASS000260,S,class_return,2,,7.3,36,NORMAL
FUND000021,KR5127420039,CLASS000260,S,class_return,3,,-5.61,36,NORMAL
FUND000021,KR5127420039,CLASS000260,S,class_return,4,,-0.94,36,NORMAL
FUND000021,KR5127420039,CLASS000260,S,class_return,5,,2.31,36,NORMAL
FUND000021,KR5127420039,CLASS000272,S-퇴직,class_return,1,,4.76,36,NORMAL
FUND000021,KR5127420039,CLASS000266,S-P,class_return,1,,4.73,36,NORMAL
FUND000021,KR5127420039,CLASS000266,S-P,class_return,2,,7.32,36,NORMAL
FUND000021,KR5127420039,CLASS000266,S-P,class_return,3,,-5.59,36,NORMAL
FUND000021,KR5127420039,CLASS000266,S-P,class_return,4,,-0.92,36,NORMAL
FUND000021,KR5127420039,CLASS000266,S-P,class_return,5,,2.33,36,NORMAL
FUND000021,KR5127420039,,,benchmark,1,,4.73,36,NORMAL
FUND000021,KR5127420039,,,benchmark,2,,6.1,36,NORMAL
FUND000021,KR5127420039,,,benchmark,3,,-3.58,36,NORMAL
FUND000021,KR5127420039,,,benchmark,4,,-0.58,36,NORMAL
FUND000021,KR5127420039,,,benchmark,5,,2.52,36,NORMAL
FUND000022,KR5127420045,CLASS000273,A,class_return,1,,3.35,38,NORMAL
FUND000022,KR5127420045,CLASS000273,A,class_return,2,,4.07,38,NORMAL
FUND000022,KR5127420045,CLASS000273,A,class_return,3,,3.24,38,NORMAL
FUND000022,KR5127420045,CLASS000273,A,class_return,4,,0.52,38,NORMAL
FUND000022,KR5127420045,CLASS000273,A,class_return,5,,0.58,38,NORMAL
FUND000022,KR5127420045,CLASS000286,A-E,class_return,1,,3.37,38,NORMAL
FUND000022,KR5127420045,CLASS000286,A-E,class_return,2,,4.08,38,NORMAL
FUND000022,KR5127420045,CLASS000286,A-E,class_return,3,,3.25,38,NORMAL
FUND000022,KR5127420045,CLASS000286,A-E,class_return,4,,0.53,38,NORMAL
FUND000022,KR5127420045,CLASS000286,A-E,class_return,5,,0.6,38,NORMAL
FUND000022,KR5127420045,CLASS000274,C,class_return,1,,3.22,38,NORMAL
FUND000022,KR5127420045,CLASS000274,C,class_return,2,,3.93,38,NORMAL
FUND000022,KR5127420045,CLASS000274,C,class_return,3,,3.1,38,NORMAL
FUND000022,KR5127420045,CLASS000274,C,class_return,4,,0.39,38,NORMAL
FUND000022,KR5127420045,CLASS000274,C,class_return,5,,0.45,38,NORMAL
FUND000022,KR5127420045,CLASS000277,C-퇴직연금,class_return,1,,3.24,38,NORMAL
FUND000022,KR5127420045,CLASS000277,C-퇴직연금,class_return,2,,3.96,38,NORMAL
FUND000022,KR5127420045,CLASS000277,C-퇴직연금,class_return,3,,3.13,38,NORMAL
FUND000022,KR5127420045,CLASS000277,C-퇴직연금,class_return,4,,0.41,38,NORMAL
FUND000022,KR5127420045,CLASS000277,C-퇴직연금,class_return,5,,0.48,38,NORMAL
FUND000022,KR5127420045,CLASS000285,C-퇴직e,class_return,1,,3.31,38,NORMAL
FUND000022,KR5127420045,CLASS000285,C-퇴직e,class_return,2,,4.03,38,NORMAL
FUND000022,KR5127420045,CLASS000285,C-퇴직e,class_return,3,,3.2,38,NORMAL
FUND000022,KR5127420045,CLASS000285,C-퇴직e,class_return,4,,0.48,38,NORMAL
FUND000022,KR5127420045,CLASS000285,C-퇴직e,class_return,5,,0.54,38,NORMAL
FUND000022,KR5127420045,CLASS000275,C-E,class_return,1,,3.3,38,NORMAL
FUND000022,KR5127420045,CLASS000275,C-E,class_return,2,,4.02,38,NORMAL
FUND000022,KR5127420045,CLASS000275,C-E,class_return,3,,3.18,38,NORMAL
FUND000022,KR5127420045,CLASS000275,C-E,class_return,4,,0.47,38,NORMAL
FUND000022,KR5127420045,CLASS000275,C-E,class_return,5,,0.53,38,NORMAL
FUND000022,KR5127420045,CLASS000276,C-F,class_return,1,,3.37,38,NORMAL
FUND000022,KR5127420045,CLASS000276,C-F,class_return,2,,4.09,38,NORMAL
FUND000022,KR5127420045,CLASS000276,C-F,class_return,3,,3.26,38,NORMAL
FUND000022,KR5127420045,CLASS000276,C-F,class_return,4,,0.54,38,NORMAL
FUND000022,KR5127420045,CLASS000276,C-F,class_return,5,,0.6,38,NORMAL
FUND000022,KR5127420045,CLASS000279,C-P,class_return,1,,3.23,38,NORMAL
FUND000022,KR5127420045,CLASS000279,C-P,class_return,2,,3.95,38,NORMAL
FUND000022,KR5127420045,CLASS000279,C-P,class_return,3,,3.12,38,NORMAL
FUND000022,KR5127420045,CLASS000279,C-P,class_return,4,,0.4,38,NORMAL
FUND000022,KR5127420045,CLASS000279,C-P,class_return,5,,0.47,38,NORMAL
FUND000022,KR5127420045,CLASS000280,C-Pe,class_return,1,,3.31,38,NORMAL
FUND000022,KR5127420045,CLASS000280,C-Pe,class_return,2,,4.03,38,NORMAL
FUND000022,KR5127420045,CLASS000280,C-Pe,class_return,3,,3.19,38,NORMAL
FUND000022,KR5127420045,CLASS000280,C-Pe,class_return,4,,0.48,38,NORMAL
FUND000022,KR5127420045,CLASS000280,C-Pe,class_return,5,,0.54,38,NORMAL
FUND000022,KR5127420045,CLASS000278,C-W,class_return,1,,3.39,38,NORMAL
FUND000022,KR5127420045,CLASS000278,C-W,class_return,2,,4.11,38,NORMAL
FUND000022,KR5127420045,CLASS000278,C-W,class_return,3,,3.27,38,NORMAL
FUND000022,KR5127420045,CLASS000278,C-W,class_return,4,,0.56,38,NORMAL
FUND000022,KR5127420045,CLASS000278,C-W,class_return,5,,0.61,38,NORMAL
FUND000022,KR5127420045,CLASS000281,S,class_return,1,,3.36,38,NORMAL
FUND000022,KR5127420045,CLASS000281,S,class_return,2,,3.97,38,NORMAL
FUND000022,KR5127420045,CLASS000281,S,class_return,3,,3.14,38,NORMAL
FUND000022,KR5127420045,CLASS000281,S,class_return,4,,0.43,38,NORMAL
FUND000022,KR5127420045,CLASS000281,S,class_return,5,,0.48,38,NORMAL
FUND000022,KR5127420045,CLASS000282,S-P,class_return,1,,3.31,38,NORMAL
FUND000022,KR5127420045,CLASS000282,S-P,class_return,2,,3.98,38,NORMAL
FUND000022,KR5127420045,CLASS000282,S-P,class_return,3,,3.14,38,NORMAL
FUND000022,KR5127420045,CLASS000282,S-P,class_return,4,,0.43,38,NORMAL
FUND000022,KR5127420045,CLASS000282,S-P,class_return,5,,0.49,38,NORMAL
FUND000022,KR5127420045,,,benchmark,1,,3.28,38,NORMAL
FUND000022,KR5127420045,,,benchmark,2,,4.01,38,NORMAL
FUND000022,KR5127420045,,,benchmark,3,,3.18,38,NORMAL
FUND000022,KR5127420045,,,benchmark,4,,0.46,38,NORMAL
FUND000022,KR5127420045,,,benchmark,5,,0.6,38,NORMAL
FUND000023,KR5127420083,CLASS000288,A,class_return,1,,4.6,36,NORMAL
FUND000023,KR5127420083,CLASS000288,A,class_return,2,,13.3,36,NORMAL
FUND000023,KR5127420083,CLASS000288,A,class_return,3,,1.93,36,NORMAL
FUND000023,KR5127420083,CLASS000288,A,class_return,4,,-12.72,36,NORMAL
FUND000023,KR5127420083,CLASS000288,A,class_return,5,,-0.92,36,NORMAL
FUND000023,KR5127420083,CLASS000289,A-E,class_return,1,,4.67,36,NORMAL
FUND000023,KR5127420083,CLASS000289,A-E,class_return,2,,13.38,36,NORMAL
FUND000023,KR5127420083,CLASS000289,A-E,class_return,3,,2.0,36,NORMAL
FUND000023,KR5127420083,CLASS000289,A-E,class_return,4,,-12.67,36,NORMAL
FUND000023,KR5127420083,CLASS000289,A-E,class_return,5,,-0.85,36,NORMAL
FUND000023,KR5127420083,CLASS000290,C,class_return,1,,4.42,36,NORMAL
FUND000023,KR5127420083,CLASS000290,C,class_return,2,,13.1,36,NORMAL
FUND000023,KR5127420083,CLASS000290,C,class_return,3,,1.79,36,NORMAL
FUND000023,KR5127420083,CLASS000290,C,class_return,4,,-12.74,36,NORMAL
FUND000023,KR5127420083,CLASS000290,C,class_return,5,,-1.1,36,NORMAL
FUND000023,KR5127420083,CLASS000297,C-퇴직연금,class_return,1,,4.48,36,NORMAL
FUND000023,KR5127420083,CLASS000297,C-퇴직연금,class_return,2,,13.17,36,NORMAL
FUND000023,KR5127420083,CLASS000297,C-퇴직연금,class_return,3,,1.81,36,NORMAL
FUND000023,KR5127420083,CLASS000297,C-퇴직연금,class_return,4,,-12.84,36,NORMAL
FUND000023,KR5127420083,CLASS000297,C-퇴직연금,class_return,5,,-1.04,36,NORMAL
FUND000023,KR5127420083,CLASS000298,C-퇴직e,class_return,1,,4.61,36,NORMAL
FUND000023,KR5127420083,CLASS000298,C-퇴직e,class_return,2,,13.31,36,NORMAL
FUND000023,KR5127420083,CLASS000298,C-퇴직e,class_return,3,,1.94,36,NORMAL
FUND000023,KR5127420083,CLASS000298,C-퇴직e,class_return,4,,-12.72,36,NORMAL
FUND000023,KR5127420083,CLASS000298,C-퇴직e,class_return,5,,-0.91,36,NORMAL
FUND000023,KR5127420083,CLASS000291,C-E,class_return,1,,4.58,36,NORMAL
FUND000023,KR5127420083,CLASS000291,C-E,class_return,2,,13.28,36,NORMAL
FUND000023,KR5127420083,CLASS000291,C-E,class_return,3,,1.91,36,NORMAL
FUND000023,KR5127420083,CLASS000291,C-E,class_return,4,,-12.75,36,NORMAL
FUND000023,KR5127420083,CLASS000291,C-E,class_return,5,,-0.94,36,NORMAL
FUND000023,KR5127420083,CLASS000295,C-P,class_return,1,,4.47,36,NORMAL
FUND000023,KR5127420083,CLASS000295,C-P,class_return,2,,13.15,36,NORMAL
FUND000023,KR5127420083,CLASS000295,C-P,class_return,3,,1.8,36,NORMAL
FUND000023,KR5127420083,CLASS000295,C-P,class_return,4,,-12.84,36,NORMAL
FUND000023,KR5127420083,CLASS000295,C-P,class_return,5,,-1.05,36,NORMAL
FUND000023,KR5127420083,CLASS000296,C-Pe,class_return,1,,4.61,36,NORMAL
FUND000023,KR5127420083,CLASS000296,C-Pe,class_return,2,,13.3,36,NORMAL
FUND000023,KR5127420083,CLASS000296,C-Pe,class_return,3,,1.93,36,NORMAL
FUND000023,KR5127420083,CLASS000296,C-Pe,class_return,4,,-12.73,36,NORMAL
FUND000023,KR5127420083,CLASS000296,C-Pe,class_return,5,,-0.92,36,NORMAL
FUND000023,KR5127420083,CLASS000294,S,class_return,1,,4.68,36,NORMAL
FUND000023,KR5127420083,CLASS000294,S,class_return,2,,13.39,36,NORMAL
FUND000023,KR5127420083,CLASS000294,S,class_return,3,,2.01,36,NORMAL
FUND000023,KR5127420083,CLASS000294,S,class_return,4,,-12.66,36,NORMAL
FUND000023,KR5127420083,CLASS000294,S,class_return,5,,-0.84,36,NORMAL
FUND000023,KR5127420083,CLASS000300,S-퇴직,class_return,1,,4.71,36,NORMAL
FUND000023,KR5127420083,CLASS000299,S-P,class_return,1,,4.69,36,NORMAL
FUND000023,KR5127420083,,,benchmark,1,,4.47,36,NORMAL
FUND000023,KR5127420083,,,benchmark,2,,12.36,36,NORMAL
FUND000023,KR5127420083,,,benchmark,3,,2.27,36,NORMAL
FUND000023,KR5127420083,,,benchmark,4,,-12.43,36,NORMAL
FUND000023,KR5127420083,,,benchmark,5,,-1.38,36,NORMAL
FUND000024,KR5127450117,CLASS000301,A,class_return,1,,81.86,38,NORMAL
FUND000024,KR5127450117,CLASS000301,A,class_return,2,,9.77,38,NORMAL
FUND000024,KR5127450117,CLASS000301,A,class_return,3,,2.82,38,NORMAL
FUND000024,KR5127450117,CLASS000301,A,class_return,4,,-18.13,38,NORMAL
FUND000024,KR5127450117,CLASS000301,A,class_return,5,,39.87,38,NORMAL
FUND000024,KR5127450117,CLASS000311,A-E,class_return,1,,82.37,38,NORMAL
FUND000024,KR5127450117,CLASS000311,A-E,class_return,2,,10.1,38,NORMAL
FUND000024,KR5127450117,CLASS000311,A-E,class_return,3,,3.12,38,NORMAL
FUND000024,KR5127450117,CLASS000311,A-E,class_return,4,,-17.89,38,NORMAL
FUND000024,KR5127450117,CLASS000311,A-E,class_return,5,,40.27,38,NORMAL
FUND000024,KR5127450117,CLASS000302,C,class_return,2,,8.82,38,NORMAL
FUND000024,KR5127450117,CLASS000302,C,class_return,3,,1.89,38,NORMAL
FUND000024,KR5127450117,CLASS000302,C,class_return,4,,-18.89,38,NORMAL
FUND000024,KR5127450117,CLASS000302,C,class_return,5,,38.64,38,NORMAL
FUND000024,KR5127450117,CLASS000303,C2,class_return,1,,80.7,38,NORMAL
FUND000024,KR5127450117,CLASS000303,C2,class_return,2,,8.96,38,NORMAL
FUND000024,KR5127450117,CLASS000303,C2,class_return,3,,2.07,38,NORMAL
FUND000024,KR5127450117,CLASS000303,C2,class_return,4,,-18.75,38,NORMAL
FUND000024,KR5127450117,CLASS000303,C2,class_return,5,,38.89,38,NORMAL
FUND000024,KR5127450117,CLASS000304,C3,class_return,1,,80.97,38,NORMAL
FUND000024,KR5127450117,CLASS000304,C3,class_return,2,,9.14,38,NORMAL
FUND000024,KR5127450117,CLASS000304,C3,class_return,3,,2.24,38,NORMAL
FUND000024,KR5127450117,CLASS000304,C3,class_return,4,,-18.61,38,NORMAL
FUND000024,KR5127450117,CLASS000304,C3,class_return,5,,39.12,38,NORMAL
FUND000024,KR5127450117,CLASS000305,C4,class_return,1,,81.23,38,NORMAL
FUND000024,KR5127450117,CLASS000305,C4,class_return,2,,9.31,38,NORMAL
FUND000024,KR5127450117,CLASS000305,C4,class_return,3,,2.4,38,NORMAL
FUND000024,KR5127450117,CLASS000305,C4,class_return,4,,-18.48,38,NORMAL
FUND000024,KR5127450117,CLASS000305,C4,class_return,5,,39.33,38,NORMAL
FUND000024,KR5127450117,CLASS000310,C-퇴직연금,class_return,1,,81.84,38,NORMAL
FUND000024,KR5127450117,CLASS000310,C-퇴직연금,class_return,2,,9.71,38,NORMAL
FUND000024,KR5127450117,CLASS000310,C-퇴직연금,class_return,3,,2.76,38,NORMAL
FUND000024,KR5127450117,CLASS000310,C-퇴직연금,class_return,4,,-18.18,38,NORMAL
FUND000024,KR5127450117,CLASS000310,C-퇴직연금,class_return,5,,39.81,38,NORMAL
FUND000024,KR5127450117,CLASS000317,C-퇴직e,class_return,1,,82.38,38,NORMAL
FUND000024,KR5127450117,CLASS000317,C-퇴직e,class_return,2,,10.06,38,NORMAL
FUND000024,KR5127450117,CLASS000317,C-퇴직e,class_return,3,,3.09,38,NORMAL
FUND000024,KR5127450117,CLASS000317,C-퇴직e,class_return,4,,-17.91,38,NORMAL
FUND000024,KR5127450117,CLASS000317,C-퇴직e,class_return,5,,40.24,38,NORMAL
FUND000024,KR5127450117,CLASS000307,C-E,class_return,1,,81.2,38,NORMAL
FUND000024,KR5127450117,CLASS000307,C-E,class_return,2,,9.32,38,NORMAL
FUND000024,KR5127450117,CLASS000307,C-E,class_return,3,,2.41,38,NORMAL
FUND000024,KR5127450117,CLASS000307,C-E,class_return,4,,-18.47,38,NORMAL
FUND000024,KR5127450117,CLASS000307,C-E,class_return,5,,39.33,38,NORMAL
FUND000024,KR5127450117,CLASS000308,C-F,class_return,1,,82.87,38,NORMAL
FUND000024,KR5127450117,CLASS000308,C-F,class_return,2,,10.38,38,NORMAL
FUND000024,KR5127450117,CLASS000308,C-F,class_return,3,,3.39,38,NORMAL
FUND000024,KR5127450117,CLASS000308,C-F,class_return,4,,-17.67,38,NORMAL
FUND000024,KR5127450117,CLASS000308,C-F,class_return,5,,40.64,38,NORMAL
FUND000024,KR5127450117,CLASS000313,C-Pe,class_return,1,,82.19,38,NORMAL
FUND000024,KR5127450117,CLASS000313,C-Pe,class_return,2,,9.94,38,NORMAL
FUND000024,KR5127450117,CLASS000313,C-Pe,class_return,3,,2.98,38,NORMAL
FUND000024,KR5127450117,CLASS000313,C-Pe,class_return,4,,-18.0,38,NORMAL
FUND000024,KR5127450117,CLASS000313,C-Pe,class_return,5,,40.09,38,NORMAL
FUND000024,KR5127450117,CLASS000306,C-R,class_return,1,,81.23,38,NORMAL
FUND000024,KR5127450117,CLASS000306,C-R,class_return,2,,9.31,38,NORMAL
FUND000024,KR5127450117,CLASS000306,C-R,class_return,3,,2.4,38,NORMAL
FUND000024,KR5127450117,CLASS000306,C-R,class_return,4,,-18.48,38,NORMAL
FUND000024,KR5127450117,CLASS000306,C-R,class_return,5,,39.33,38,NORMAL
FUND000024,KR5127450117,CLASS000309,S,class_return,1,,82.5,38,NORMAL
FUND000024,KR5127450117,CLASS000309,S,class_return,2,,10.14,38,NORMAL
FUND000024,KR5127450117,CLASS000309,S,class_return,3,,3.16,38,NORMAL
FUND000024,KR5127450117,CLASS000309,S,class_return,4,,-17.85,38,NORMAL
FUND000024,KR5127450117,CLASS000309,S,class_return,5,,40.34,38,NORMAL
FUND000024,KR5127450117,CLASS000318,S-퇴직,class_return,1,,82.55,38,NORMAL
FUND000024,KR5127450117,CLASS000318,S-퇴직,class_return,2,,10.17,38,NORMAL
FUND000024,KR5127450117,CLASS000318,S-퇴직,class_return,3,,3.19,38,NORMAL
FUND000024,KR5127450117,CLASS000318,S-퇴직,class_return,4,,-17.82,38,NORMAL
FUND000024,KR5127450117,CLASS000318,S-퇴직,class_return,5,,40.37,38,NORMAL
FUND000024,KR5127450117,CLASS000314,S-P,class_return,1,,82.53,38,NORMAL
FUND000024,KR5127450117,CLASS000314,S-P,class_return,2,,10.16,38,NORMAL
FUND000024,KR5127450117,CLASS000314,S-P,class_return,3,,3.18,38,NORMAL
FUND000024,KR5127450117,CLASS000314,S-P,class_return,4,,-17.83,38,NORMAL
FUND000024,KR5127450117,CLASS000314,S-P,class_return,5,,40.37,38,NORMAL
FUND000024,KR5127450117,,,benchmark,1,,58.58,38,NORMAL
FUND000024,KR5127450117,,,benchmark,2,,7.15,38,NORMAL
FUND000024,KR5127450117,,,benchmark,3,,1.97,38,NORMAL
FUND000024,KR5127450117,,,benchmark,4,,-19.53,38,NORMAL
FUND000024,KR5127450117,,,benchmark,5,,24.21,38,NORMAL
FUND000025,KR5127450215,CLASS000319,A,class_return,1,,-17.34,39,NORMAL
FUND000025,KR5127450215,CLASS000319,A,class_return,2,,13.49,39,NORMAL
FUND000025,KR5127450215,CLASS000319,A,class_return,3,,2.23,39,NORMAL
FUND000025,KR5127450215,CLASS000319,A,class_return,4,,-11.56,39,NORMAL
FUND000025,KR5127450215,CLASS000319,A,class_return,5,,29.97,39,NORMAL
FUND000025,KR5127450215,CLASS000320,A-E,class_return,1,,-17.04,39,NORMAL
FUND000025,KR5127450215,CLASS000320,A-E,class_return,2,,13.9,39,NORMAL
FUND000025,KR5127450215,CLASS000320,A-E,class_return,3,,2.59,39,NORMAL
FUND000025,KR5127450215,CLASS000320,A-E,class_return,4,,-11.23,39,NORMAL
FUND000025,KR5127450215,CLASS000320,A-E,class_return,5,,30.43,39,NORMAL
FUND000025,KR5127450215,CLASS000321,C,class_return,1,,-17.57,39,NORMAL
FUND000025,KR5127450215,CLASS000321,C,class_return,2,,13.17,39,NORMAL
FUND000025,KR5127450215,CLASS000321,C,class_return,3,,1.96,39,NORMAL
FUND000025,KR5127450215,CLASS000321,C,class_return,4,,-11.81,39,NORMAL
FUND000025,KR5127450215,CLASS000321,C,class_return,5,,29.61,39,NORMAL
FUND000025,KR5127450215,CLASS000329,C-퇴직,class_return,1,,-17.32,39,NORMAL
FUND000025,KR5127450215,CLASS000329,C-퇴직,class_return,2,,13.51,39,NORMAL
FUND000025,KR5127450215,CLASS000329,C-퇴직,class_return,3,,2.25,39,NORMAL
FUND000025,KR5127450215,CLASS000329,C-퇴직,class_return,4,,-11.54,39,NORMAL
FUND000025,KR5127450215,CLASS000329,C-퇴직,class_return,5,,29.99,39,NORMAL
FUND000025,KR5127450215,CLASS000330,C-퇴직e,class_return,1,,-17.03,39,NORMAL
FUND000025,KR5127450215,CLASS000330,C-퇴직e,class_return,2,,13.91,39,NORMAL
FUND000025,KR5127450215,CLASS000330,C-퇴직e,class_return,3,,2.59,39,NORMAL
FUND000025,KR5127450215,CLASS000330,C-퇴직e,class_return,4,,-11.22,39,NORMAL
FUND000025,KR5127450215,CLASS000330,C-퇴직e,class_return,5,,30.44,39,NORMAL
FUND000025,KR5127450215,CLASS000322,C-E,class_return,1,,-17.15,39,NORMAL
FUND000025,KR5127450215,CLASS000322,C-E,class_return,2,,13.74,39,NORMAL
FUND000025,KR5127450215,CLASS000322,C-E,class_return,3,,2.45,39,NORMAL
FUND000025,KR5127450215,CLASS000322,C-E,class_return,4,,-11.35,39,NORMAL
FUND000025,KR5127450215,CLASS000322,C-E,class_return,5,,30.25,39,NORMAL
FUND000025,KR5127450215,CLASS000326,C-P,class_return,1,,-17.4,39,NORMAL
FUND000025,KR5127450215,CLASS000326,C-P,class_return,2,,13.4,39,NORMAL
FUND000025,KR5127450215,CLASS000326,C-P,class_return,3,,2.16,39,NORMAL
FUND000025,KR5127450215,CLASS000326,C-P,class_return,4,,-11.63,39,NORMAL
FUND000025,KR5127450215,CLASS000326,C-P,class_return,5,,29.87,39,NORMAL
FUND000025,KR5127450215,CLASS000327,C-Pe,class_return,1,,-17.07,39,NORMAL
FUND000025,KR5127450215,CLASS000327,C-Pe,class_return,2,,13.85,39,NORMAL
FUND000025,KR5127450215,CLASS000327,C-Pe,class_return,3,,2.55,39,NORMAL
FUND000025,KR5127450215,CLASS000327,C-Pe,class_return,4,,-11.26,39,NORMAL
FUND000025,KR5127450215,CLASS000327,C-Pe,class_return,5,,30.38,39,NORMAL
FUND000025,KR5127450215,CLASS000324,C-W,class_return,1,,-16.74,39,NORMAL
FUND000025,KR5127450215,CLASS000324,C-W,class_return,2,,14.31,39,NORMAL
FUND000025,KR5127450215,CLASS000324,C-W,class_return,3,,2.94,39,NORMAL
FUND000025,KR5127450215,CLASS000324,C-W,class_return,4,,-10.9,39,NORMAL
FUND000025,KR5127450215,CLASS000324,C-W,class_return,5,,30.9,39,NORMAL
FUND000025,KR5127450215,CLASS000325,S,class_return,1,,-16.99,39,NORMAL
FUND000025,KR5127450215,CLASS000325,S,class_return,2,,13.97,39,NORMAL
FUND000025,KR5127450215,CLASS000325,S,class_return,3,,2.65,39,NORMAL
FUND000025,KR5127450215,CLASS000325,S,class_return,4,,-11.17,39,NORMAL
FUND000025,KR5127450215,CLASS000325,S,class_return,5,,30.51,39,NORMAL
FUND000025,KR5127450215,CLASS000328,S-P,class_return,1,,-16.94,39,NORMAL
FUND000025,KR5127450215,CLASS000328,S-P,class_return,2,,14.03,39,NORMAL
FUND000025,KR5127450215,CLASS000328,S-P,class_return,3,,2.7,39,NORMAL
FUND000025,KR5127450215,CLASS000328,S-P,class_return,4,,-11.12,39,NORMAL
FUND000025,KR5127450215,CLASS000328,S-P,class_return,5,,30.58,39,NORMAL
FUND000025,KR5127450215,,,benchmark,1,,-17.28,39,NORMAL
FUND000025,KR5127450215,,,benchmark,2,,14.5,39,NORMAL
FUND000025,KR5127450215,,,benchmark,3,,2.88,39,NORMAL
FUND000025,KR5127450215,,,benchmark,4,,-12.8,39,NORMAL
FUND000025,KR5127450215,,,benchmark,5,,28.89,39,NORMAL
FUND000025,KR5127450217,CLASS000319,A,class_return,1,,-17.34,39,NORMAL
FUND000025,KR5127450217,CLASS000319,A,class_return,2,,13.49,39,NORMAL
FUND000025,KR5127450217,CLASS000319,A,class_return,3,,2.23,39,NORMAL
FUND000025,KR5127450217,CLASS000319,A,class_return,4,,-11.56,39,NORMAL
FUND000025,KR5127450217,CLASS000319,A,class_return,5,,29.97,39,NORMAL
FUND000025,KR5127450217,CLASS000320,A-E,class_return,1,,-17.04,39,NORMAL
FUND000025,KR5127450217,CLASS000320,A-E,class_return,2,,13.9,39,NORMAL
FUND000025,KR5127450217,CLASS000320,A-E,class_return,3,,2.59,39,NORMAL
FUND000025,KR5127450217,CLASS000320,A-E,class_return,4,,-11.23,39,NORMAL
FUND000025,KR5127450217,CLASS000320,A-E,class_return,5,,30.43,39,NORMAL
FUND000025,KR5127450217,CLASS000321,C,class_return,1,,-17.57,39,NORMAL
FUND000025,KR5127450217,CLASS000321,C,class_return,2,,13.17,39,NORMAL
FUND000025,KR5127450217,CLASS000321,C,class_return,3,,1.96,39,NORMAL
FUND000025,KR5127450217,CLASS000321,C,class_return,4,,-11.81,39,NORMAL
FUND000025,KR5127450217,CLASS000321,C,class_return,5,,29.61,39,NORMAL
FUND000025,KR5127450217,CLASS000329,C-퇴직,class_return,1,,-17.32,39,NORMAL
FUND000025,KR5127450217,CLASS000329,C-퇴직,class_return,2,,13.51,39,NORMAL
FUND000025,KR5127450217,CLASS000329,C-퇴직,class_return,3,,2.25,39,NORMAL
FUND000025,KR5127450217,CLASS000329,C-퇴직,class_return,4,,-11.54,39,NORMAL
FUND000025,KR5127450217,CLASS000329,C-퇴직,class_return,5,,29.99,39,NORMAL
FUND000025,KR5127450217,CLASS000330,C-퇴직e,class_return,1,,-17.03,39,NORMAL
FUND000025,KR5127450217,CLASS000330,C-퇴직e,class_return,2,,13.91,39,NORMAL
FUND000025,KR5127450217,CLASS000330,C-퇴직e,class_return,3,,2.59,39,NORMAL
FUND000025,KR5127450217,CLASS000330,C-퇴직e,class_return,4,,-11.22,39,NORMAL
FUND000025,KR5127450217,CLASS000330,C-퇴직e,class_return,5,,30.44,39,NORMAL
FUND000025,KR5127450217,CLASS000322,C-E,class_return,1,,-17.15,39,NORMAL
FUND000025,KR5127450217,CLASS000322,C-E,class_return,2,,13.74,39,NORMAL
FUND000025,KR5127450217,CLASS000322,C-E,class_return,3,,2.45,39,NORMAL
FUND000025,KR5127450217,CLASS000322,C-E,class_return,4,,-11.35,39,NORMAL
FUND000025,KR5127450217,CLASS000322,C-E,class_return,5,,30.25,39,NORMAL
FUND000025,KR5127450217,CLASS000326,C-P,class_return,1,,-17.4,39,NORMAL
FUND000025,KR5127450217,CLASS000326,C-P,class_return,2,,13.4,39,NORMAL
FUND000025,KR5127450217,CLASS000326,C-P,class_return,3,,2.16,39,NORMAL
FUND000025,KR5127450217,CLASS000326,C-P,class_return,4,,-11.63,39,NORMAL
FUND000025,KR5127450217,CLASS000326,C-P,class_return,5,,29.87,39,NORMAL
FUND000025,KR5127450217,CLASS000327,C-Pe,class_return,1,,-17.07,39,NORMAL
FUND000025,KR5127450217,CLASS000327,C-Pe,class_return,2,,13.85,39,NORMAL
FUND000025,KR5127450217,CLASS000327,C-Pe,class_return,3,,2.55,39,NORMAL
FUND000025,KR5127450217,CLASS000327,C-Pe,class_return,4,,-11.26,39,NORMAL
FUND000025,KR5127450217,CLASS000327,C-Pe,class_return,5,,30.38,39,NORMAL
FUND000025,KR5127450217,CLASS000324,C-W,class_return,1,,-16.74,39,NORMAL
FUND000025,KR5127450217,CLASS000324,C-W,class_return,2,,14.31,39,NORMAL
FUND000025,KR5127450217,CLASS000324,C-W,class_return,3,,2.94,39,NORMAL
FUND000025,KR5127450217,CLASS000324,C-W,class_return,4,,-10.9,39,NORMAL
FUND000025,KR5127450217,CLASS000324,C-W,class_return,5,,30.9,39,NORMAL
FUND000025,KR5127450217,CLASS000325,S,class_return,1,,-16.99,39,NORMAL
FUND000025,KR5127450217,CLASS000325,S,class_return,2,,13.97,39,NORMAL
FUND000025,KR5127450217,CLASS000325,S,class_return,3,,2.65,39,NORMAL
FUND000025,KR5127450217,CLASS000325,S,class_return,4,,-11.17,39,NORMAL
FUND000025,KR5127450217,CLASS000325,S,class_return,5,,30.51,39,NORMAL
FUND000025,KR5127450217,CLASS000328,S-P,class_return,1,,-16.94,39,NORMAL
FUND000025,KR5127450217,CLASS000328,S-P,class_return,2,,14.03,39,NORMAL
FUND000025,KR5127450217,CLASS000328,S-P,class_return,3,,2.7,39,NORMAL
FUND000025,KR5127450217,CLASS000328,S-P,class_return,4,,-11.12,39,NORMAL
FUND000025,KR5127450217,CLASS000328,S-P,class_return,5,,30.58,39,NORMAL
FUND000025,KR5127450217,,,benchmark,1,,-17.28,39,NORMAL
FUND000025,KR5127450217,,,benchmark,2,,14.5,39,NORMAL
FUND000025,KR5127450217,,,benchmark,3,,2.88,39,NORMAL
FUND000025,KR5127450217,,,benchmark,4,,-12.8,39,NORMAL
FUND000025,KR5127450217,,,benchmark,5,,28.89,39,NORMAL
FUND000026,KR5127450473,CLASS000333,A,class_return,1,,78.01,39,NORMAL
FUND000026,KR5127450473,CLASS000336,C,class_return,1,,77.46,39,NORMAL
FUND000026,KR5127450473,CLASS000346,C-퇴직e,class_return,1,,78.37,39,NORMAL
FUND000026,KR5127450473,CLASS000339,C-F,class_return,1,,78.94,39,NORMAL
FUND000026,KR5127450473,,,benchmark,1,,69.58,39,NORMAL
FUND000036,KR5129420025,,,fund,1,2024/03/06~2025/03/05,3.87,63,NORMAL
FUND000036,KR5129420025,,,fund,2,2023/03/06~2024/03/05,4.13,63,NORMAL
FUND000036,KR5129420025,,,fund,3,2022/03/06~2023/03/05,3.01,63,NORMAL
FUND000036,KR5129420025,,,fund,4,2021/03/06~2022/03/05,0.95,63,NORMAL
FUND000036,KR5129420025,,,fund,5,2020/03/06~2021/03/05,1.16,63,NORMAL
FUND000036,KR5129420025,,,benchmark,1,2024/03/06~2025/03/05,3.51,63,NORMAL
FUND000036,KR5129420025,,,benchmark,2,2023/03/06~2024/03/05,3.82,63,NORMAL
FUND000036,KR5129420025,,,benchmark,3,2022/03/06~2023/03/05,2.04,63,NORMAL
FUND000036,KR5129420025,,,benchmark,4,2021/03/06~2022/03/05,0.76,63,NORMAL
FUND000036,KR5129420025,,,benchmark,5,2020/03/06~2021/03/05,0.94,63,NORMAL
FUND000036,KR5129420025,CLASS000494,A,class_return,1,2024/03/06~2025/03/05,3.75,63,NORMAL
FUND000036,KR5129420025,CLASS000494,A,class_return,2,2023/03/06~2024/03/05,4.02,63,NORMAL
FUND000036,KR5129420025,CLASS000494,A,class_return,3,2022/03/06~2023/03/05,2.9,63,NORMAL
FUND000036,KR5129420025,CLASS000494,A,class_return,4,2021/03/06~2022/03/05,0.84,63,NORMAL
FUND000036,KR5129420025,CLASS000494,A,class_return,5,2020/03/06~2021/03/05,1.05,63,NORMAL
FUND000036,KR5129420025,CLASS000498,C,class_return,1,2024/03/06~2025/03/05,3.61,63,NORMAL
FUND000036,KR5129420025,CLASS000498,C,class_return,2,2023/03/06~2024/03/05,3.87,63,NORMAL
FUND000036,KR5129420025,CLASS000498,C,class_return,3,2022/03/06~2023/03/05,2.76,63,NORMAL
FUND000036,KR5129420025,CLASS000498,C,class_return,4,2021/03/06~2022/03/05,0.7,63,NORMAL
FUND000036,KR5129420025,CLASS000498,C,class_return,5,2020/03/06~2021/03/05,0.91,63,NORMAL
FUND000036,KR5129420025,CLASS000505,C-w,class_return,1,2024/03/06~2025/03/05,3.76,63,NORMAL
FUND000036,KR5129420025,CLASS000505,C-w,class_return,2,2023/03/06~2024/03/05,4.02,63,NORMAL
FUND000036,KR5129420025,CLASS000505,C-w,class_return,3,2022/03/06~2023/03/05,2.91,63,NORMAL
FUND000036,KR5129420025,CLASS000505,C-w,class_return,4,2021/03/06~2022/03/05,0.85,63,NORMAL
FUND000036,KR5129420025,CLASS000505,C-w,class_return,5,2020/03/06~2021/03/05,1.06,63,NORMAL
FUND000036,KR5129420025,CLASS000506,I,class_return,1,2024/03/06~2025/03/05,3.73,63,NORMAL
FUND000036,KR5129420025,CLASS000506,I,class_return,2,2023/03/06~2024/03/05,3.99,63,NORMAL
FUND000036,KR5129420025,CLASS000506,I,class_return,3,2022/03/06~2023/03/05,2.88,63,NORMAL
FUND000036,KR5129420025,CLASS000506,I,class_return,4,2021/03/06~2022/03/05,0.82,63,NORMAL
FUND000036,KR5129420025,CLASS000506,I,class_return,5,2020/03/06~2021/03/05,1.03,63,NORMAL
FUND000036,KR5129420025,CLASS000497,A-u2,class_return,1,2024/03/06~2025/03/05,3.86,63,NORMAL
FUND000036,KR5129420025,CLASS000497,A-u2,class_return,2,2023/03/06~2024/03/05,4.13,63,NORMAL
FUND000036,KR5129420025,CLASS000497,A-u2,class_return,3,2022/03/06~2023/03/05,3.02,63,NORMAL
FUND000036,KR5129420025,CLASS000497,A-u2,class_return,4,2021/03/06~2022/03/05,0.95,63,NORMAL
FUND000036,KR5129420025,CLASS000497,A-u2,class_return,5,2020/03/06~2021/03/05,1.16,63,NORMAL
FUND000036,KR5129420025,,C-P(연금저축),class_return,1,2024/03/06~2025/03/05,3.65,64,NORMAL
FUND000036,KR5129420025,,C-P(연금저축),class_return,2,2023/03/06~2024/03/05,3.91,64,NORMAL
FUND000036,KR5129420025,,C-P(연금저축),class_return,3,2022/03/06~2023/03/05,2.8,64,NORMAL
FUND000036,KR5129420025,,C-P(연금저축),class_return,4,2021/03/06~2022/03/05,0.74,64,NORMAL
FUND000036,KR5129420025,,C-P(연금저축),class_return,5,2020/03/06~2021/03/05,0.95,64,NORMAL
FUND000036,KR5129420025,,C-RP(퇴직연금),class_return,1,2024/03/06~2025/03/05,3.66,64,NORMAL
FUND000036,KR5129420025,,C-RP(퇴직연금),class_return,2,2023/03/06~2024/03/05,3.92,64,NORMAL
FUND000036,KR5129420025,,C-RP(퇴직연금),class_return,3,2022/03/06~2023/03/05,2.81,64,NORMAL
FUND000036,KR5129420025,,C-RP(퇴직연금),class_return,4,2021/03/06~2022/03/05,0.75,64,NORMAL
FUND000036,KR5129420025,,C-RP(퇴직연금),class_return,5,2020/03/06~2021/03/05,0.96,64,NORMAL
FUND000036,KR5129420025,CLASS000495,A-e,class_return,1,2024/03/06~2025/03/05,3.76,64,NORMAL
FUND000036,KR5129420025,CLASS000495,A-e,class_return,2,2023/03/06~2024/03/05,4.02,64,NORMAL
FUND000036,KR5129420025,CLASS000495,A-e,class_return,3,2022/03/06~2023/03/05,2.91,64,NORMAL
FUND000036,KR5129420025,CLASS000495,A-e,class_return,4,2021/03/06~2022/03/05,0.84,64,NORMAL
FUND000036,KR5129420025,CLASS000495,A-e,class_return,5,2020/03/06~2021/03/05,1.06,64,NORMAL
FUND000036,KR5129420025,CLASS000499,C-e,class_return,1,2024/03/06~2025/03/05,3.68,64,NORMAL
FUND000036,KR5129420025,CLASS000499,C-e,class_return,2,2023/03/06~2024/03/05,3.95,64,NORMAL
FUND000036,KR5129420025,CLASS000499,C-e,class_return,3,2022/03/06~2023/03/05,2.83,64,NORMAL
FUND000036,KR5129420025,CLASS000499,C-e,class_return,4,2021/03/06~2022/03/05,0.77,64,NORMAL
FUND000036,KR5129420025,CLASS000499,C-e,class_return,5,2020/03/06~2021/03/05,0.98,64,NORMAL
FUND000036,KR5129420025,CLASS000508,CG,class_return,1,2024/03/06~2025/03/05,3.69,64,NORMAL
FUND000036,KR5129420025,CLASS000508,CG,class_return,2,2023/03/06~2024/03/05,3.95,64,NORMAL
FUND000036,KR5129420025,CLASS000508,CG,class_return,3,2022/03/06~2023/03/05,2.84,64,NORMAL
FUND000036,KR5129420025,CLASS000508,CG,class_return,4,2021/03/06~2022/03/05,0.77,64,NORMAL
FUND000036,KR5129420025,CLASS000508,CG,class_return,5,2020/03/06~2021/03/05,0.99,64,NORMAL
FUND000036,KR5129420025,,C-Pe(연금저축),class_return,1,2024/03/06~2025/03/05,3.71,64,NORMAL
FUND000036,KR5129420025,,C-Pe(연금저축),class_return,2,2023/03/06~2024/03/05,3.97,64,NORMAL
FUND000036,KR5129420025,,C-Pe(연금저축),class_return,3,2022/03/06~2023/03/05,2.86,64,NORMAL
FUND000036,KR5129420025,,C-Pe(연금저축),class_return,4,2021/03/06~2022/03/05,0.79,64,NORMAL
FUND000036,KR5129420025,,C-Pe(연금저축),class_return,5,2020/03/06~2021/03/05,1.0,64,NORMAL
FUND000036,KR5129420025,,C-RPe(퇴직연금),class_return,1,2024/03/06~2025/03/05,3.71,64,NORMAL
FUND000036,KR5129420025,,C-RPe(퇴직연금),class_return,2,2023/03/06~2024/03/05,3.97,64,NORMAL
FUND000036,KR5129420025,,C-RPe(퇴직연금),class_return,3,2022/03/06~2023/03/05,2.86,64,NORMAL
FUND000036,KR5129420025,,C-RPe(퇴직연금),class_return,4,2021/03/06~2022/03/05,0.8,64,NORMAL
FUND000036,KR5129420025,,C-RPe(퇴직연금),class_return,5,2020/03/06~2021/03/05,1.01,64,NORMAL
FUND000036,KR5129420025,CLASS000496,A-u,class_return,1,2024/03/06~2025/03/05,3.87,64,NORMAL
FUND000036,KR5129420025,CLASS000496,A-u,class_return,2,2023/03/06~2024/03/05,4.12,64,NORMAL
FUND000036,KR5129420025,CLASS000496,A-u,class_return,3,2022/03/06~2023/03/05,2.99,64,NORMAL
FUND000036,KR5129420025,CLASS000496,A-u,class_return,4,2021/03/06~2022/03/05,0.75,64,NORMAL
FUND000036,KR5129420025,CLASS000496,A-u,class_return,5,2020/03/06~2021/03/05,0.99,64,NORMAL
FUND000037,KR5129420031,,,fund,1,2024/11/07~2025/11/06,4.23,53,NORMAL
FUND000037,KR5129420031,,,fund,2,2023/11/07~2024/11/06,6.45,53,NORMAL
FUND000037,KR5129420031,,,fund,3,2022/11/07~2023/11/06,6.33,53,NORMAL
FUND000037,KR5129420031,,,fund,4,2021/11/07~2022/11/06,-1.97,53,NORMAL
FUND000037,KR5129420031,,,fund,5,2020/11/07~2021/11/06,0.02,53,NORMAL
FUND000037,KR5129420031,,,benchmark,1,2024/11/07~2025/11/06,3.59,53,NORMAL
FUND000037,KR5129420031,,,benchmark,2,2023/11/07~2024/11/06,5.68,53,NORMAL
FUND000037,KR5129420031,,,benchmark,3,2022/11/07~2023/11/06,6.1,53,NORMAL
FUND000037,KR5129420031,,,benchmark,4,2021/11/07~2022/11/06,-1.77,53,NORMAL
FUND000037,KR5129420031,,,benchmark,5,2020/11/07~2021/11/06,0.03,53,NORMAL
FUND000037,KR5129420031,CLASS000511,C,class_return,1,2024/11/07~2025/11/06,3.8,53,NORMAL
FUND000037,KR5129420031,CLASS000511,C,class_return,2,2023/11/07~2024/11/06,6.01,53,NORMAL
FUND000037,KR5129420031,CLASS000511,C,class_return,3,2022/11/07~2023/11/06,5.89,53,NORMAL
FUND000037,KR5129420031,CLASS000511,C,class_return,4,2021/11/07~2022/11/06,-2.37,53,NORMAL
FUND000037,KR5129420031,CLASS000511,C,class_return,5,2020/11/07~2021/11/06,-0.39,53,NORMAL
FUND000037,KR5129420031,CLASS000512,C-e,class_return,1,2024/11/07~2025/11/06,3.85,53,NORMAL
FUND000037,KR5129420031,CLASS000512,C-e,class_return,2,2023/11/07~2024/11/06,6.06,53,NORMAL
FUND000037,KR5129420031,CLASS000512,C-e,class_return,3,2022/11/07~2023/11/06,5.95,53,NORMAL
FUND000037,KR5129420031,CLASS000512,C-e,class_return,4,2021/11/07~2022/11/06,-2.32,53,NORMAL
FUND000037,KR5129420031,CLASS000512,C-e,class_return,5,2020/11/07~2021/11/06,-0.35,53,NORMAL
FUND000037,KR5129420031,CLASS000509,A,class_return,1,2024/11/07~2025/11/06,3.93,53,NORMAL
FUND000037,KR5129420031,CLASS000509,A,class_return,2,2023/11/07~2024/11/06,6.15,53,NORMAL
FUND000037,KR5129420031,CLASS000509,A,class_return,3,2022/11/07~2023/11/06,6.03,53,NORMAL
FUND000037,KR5129420031,CLASS000509,A,class_return,4,2021/11/07~2022/11/06,-2.24,53,NORMAL
FUND000037,KR5129420031,CLASS000509,A,class_return,5,2020/11/07~2021/11/06,-0.26,53,NORMAL
FUND000037,KR5129420031,,C-RP(퇴직연금),class_return,1,2024/11/07~2025/11/06,3.87,54,NORMAL
FUND000037,KR5129420031,,C-RP(퇴직연금),class_return,2,2023/11/07~2024/11/06,6.08,54,NORMAL
FUND000037,KR5129420031,,C-RP(퇴직연금),class_return,3,2022/11/07~2023/11/06,5.97,54,NORMAL
FUND000037,KR5129420031,,C-RP(퇴직연금),class_return,4,2021/11/07~2022/11/06,-2.3,54,NORMAL
FUND000037,KR5129420031,,C-RP(퇴직연금),class_return,5,2020/11/07~2021/11/06,-0.33,54,NORMAL
FUND000037,KR5129420031,CLASS000522,S,class_return,1,2024/11/07~2025/11/06,3.89,54,NORMAL
FUND000037,KR5129420031,CLASS000522,S,class_return,2,2023/11/07~2024/11/06,6.11,54,NORMAL
FUND000037,KR5129420031,CLASS000522,S,class_return,3,2022/11/07~2023/11/06,5.99,54,NORMAL
FUND000037,KR5129420031,CLASS000522,S,class_return,4,2021/11/07~2022/11/06,-2.29,54,NORMAL
FUND000037,KR5129420031,CLASS000522,S,class_return,5,2020/11/07~2021/11/06,-0.31,54,NORMAL
FUND000037,KR5129420031,CLASS000514,C-i,class_return,1,2024/11/07~2025/11/06,4.0,54,NORMAL
FUND000037,KR5129420031,CLASS000514,C-i,class_return,2,2023/11/07~2024/11/06,6.22,54,NORMAL
FUND000037,KR5129420031,CLASS000514,C-i,class_return,3,2022/11/07~2023/11/06,6.1,54,NORMAL
FUND000037,KR5129420031,CLASS000514,C-i,class_return,4,2021/11/07~2022/11/06,-2.18,54,NORMAL
FUND000037,KR5129420031,CLASS000514,C-i,class_return,5,2020/11/07~2021/11/06,-0.2,54,NORMAL
FUND000037,KR5129420031,,C-P(연금저축),class_return,1,2024/11/07~2025/11/06,3.86,54,NORMAL
FUND000037,KR5129420031,,C-P(연금저축),class_return,2,2023/11/07~2024/11/06,6.08,54,NORMAL
FUND000037,KR5129420031,,C-P(연금저축),class_return,3,2022/11/07~2023/11/06,5.96,54,NORMAL
FUND000037,KR5129420031,,C-P(연금저축),class_return,4,2021/11/07~2022/11/06,-2.31,54,NORMAL
FUND000037,KR5129420031,,C-P(연금저축),class_return,5,2020/11/07~2021/11/06,-0.33,54,NORMAL
FUND000037,KR5129420031,,S-P(연금저축),class_return,1,2024/11/07~2025/11/06,3.92,54,NORMAL
FUND000037,KR5129420031,,S-P(연금저축),class_return,2,2023/11/07~2024/11/06,6.14,54,NORMAL
FUND000037,KR5129420031,,S-P(연금저축),class_return,3,2022/11/07~2023/11/06,6.01,54,NORMAL
FUND000037,KR5129420031,,S-P(연금저축),class_return,4,2021/11/07~2022/11/06,-2.26,54,NORMAL
FUND000037,KR5129420031,,S-P(연금저축),class_return,5,2020/11/07~2021/11/06,-0.28,54,NORMAL
FUND000037,KR5129420031,,C-Pe(연금저축),class_return,1,2024/11/07~2025/11/06,3.95,54,NORMAL
FUND000037,KR5129420031,,C-Pe(연금저축),class_return,2,2023/11/07~2024/11/06,6.17,54,NORMAL
FUND000037,KR5129420031,,C-Pe(연금저축),class_return,3,2022/11/07~2023/11/06,6.05,54,NORMAL
FUND000037,KR5129420031,,C-Pe(연금저축),class_return,4,2021/11/07~2022/11/06,-2.23,54,NORMAL
FUND000037,KR5129420031,,C-Pe(연금저축),class_return,5,2020/11/07~2021/11/06,-0.25,54,NORMAL
FUND000037,KR5129420031,,C-RPe(퇴직연금),class_return,1,2024/11/07~2025/11/06,3.95,54,NORMAL
FUND000037,KR5129420031,,C-RPe(퇴직연금),class_return,2,2023/11/07~2024/11/06,6.17,54,NORMAL
FUND000037,KR5129420031,,C-RPe(퇴직연금),class_return,3,2022/11/07~2023/11/06,6.05,54,NORMAL
FUND000037,KR5129420031,,C-RPe(퇴직연금),class_return,4,2021/11/07~2022/11/06,-2.23,54,NORMAL
FUND000037,KR5129420031,,C-RPe(퇴직연금),class_return,5,2020/11/07~2021/11/06,-0.24,54,NORMAL
FUND000037,KR5129420031,CLASS000510,A-e,class_return,1,2024/11/07~2025/11/06,3.98,54,NORMAL
FUND000037,KR5129420031,CLASS000510,A-e,class_return,2,2023/11/07~2024/11/06,6.2,54,NORMAL
FUND000037,KR5129420031,CLASS000510,A-e,class_return,3,2022/11/07~2023/11/06,6.08,54,NORMAL
FUND000037,KR5129420031,CLASS000510,A-e,class_return,4,2021/11/07~2022/11/06,-2.2,54,NORMAL
FUND000037,KR5129420031,CLASS000510,A-e,class_return,5,2020/11/07~2021/11/06,-0.22,54,NORMAL
FUND000037,KR5129420031,,S-RP(퇴직연금),class_return,1,2024/11/07~2025/11/06,3.93,54,NORMAL
FUND000037,KR5129420031,,S-RP(퇴직연금),class_return,2,2023/11/07~2024/11/06,6.14,54,NORMAL
FUND000037,KR5129420031,,S-RP(퇴직연금),class_return,3,2022/11/07~2023/11/06,6.03,54,NORMAL
FUND000037,KR5129420031,,S-RP(퇴직연금),class_return,4,2021/11/07~2022/11/06,-2.25,54,NORMAL
FUND000037,KR5129420031,,S-RP(퇴직연금),class_return,5,2020/11/07~2021/11/06,-0.27,54,NORMAL
FUND000037,KR5129420031,,Ci-RP(퇴직연금),class_return,1,2024/11/07~2025/11/06,3.96,54,NORMAL
FUND000037,KR5129420031,,Ci-RP(퇴직연금),class_return,2,2023/11/07~2024/11/06,6.17,54,NORMAL
FUND000037,KR5129420031,CLASS000525,J-e,class_return,1,2024/11/07~2025/11/06,3.98,54,NORMAL
FUND000037,KR5129420031,,J-Pe(연금저축),class_return,1,2024/11/07~2025/11/06,3.99,54,NORMAL
FUND000004,KR5131420007,,,fund,1,2024/07/19~2025/07/18,5.13,37,NORMAL
FUND000004,KR5131420007,,,fund,2,2023/07/19~2024/07/18,6.24,37,NORMAL
FUND000004,KR5131420007,,,fund,3,2022/07/19~2023/07/18,4.11,37,NORMAL
FUND000004,KR5131420007,,,fund,4,2021/07/19~2022/07/18,0.12,37,NORMAL
FUND000004,KR5131420007,,,fund,5,2020/07/19~2021/07/18,1.75,37,NORMAL
FUND000004,KR5131420007,,,benchmark,1,2024/07/19~2025/07/18,4.09,37,NORMAL
FUND000004,KR5131420007,,,benchmark,2,2023/07/19~2024/07/18,4.88,37,NORMAL
FUND000004,KR5131420007,,,benchmark,3,2022/07/19~2023/07/18,3.95,37,NORMAL
FUND000004,KR5131420007,,,benchmark,4,2021/07/19~2022/07/18,-0.47,37,NORMAL
FUND000004,KR5131420007,,,benchmark,5,2020/07/19~2021/07/18,0.72,37,NORMAL
FUND000004,KR5131420007,CLASS000053,A,class_return,2,2023/07/19~2024/07/18,4.53,37,NORMAL
FUND000004,KR5131420007,CLASS000053,A,class_return,3,2022/07/19~2023/07/18,4.11,37,NORMAL
FUND000004,KR5131420007,CLASS000053,A,class_return,5,2020/07/19~2021/07/18,1.65,37,NORMAL
FUND000004,KR5131420007,CLASS000054,A-E,class_return,1,2024/07/19~2025/07/18,4.93,37,NORMAL
FUND000004,KR5131420007,CLASS000054,A-E,class_return,2,2023/07/19~2024/07/18,6.04,37,NORMAL
FUND000004,KR5131420007,CLASS000054,A-E,class_return,3,2022/07/19~2023/07/18,3.91,37,NORMAL
FUND000004,KR5131420007,CLASS000054,A-E,class_return,4,2021/07/19~2022/07/18,-0.08,37,NORMAL
FUND000004,KR5131420007,CLASS000054,A-E,class_return,5,2020/07/19~2021/07/18,1.55,37,NORMAL
FUND000004,KR5131420007,CLASS000055,C,class_return,1,2024/07/19~2025/07/18,1.57,37,NORMAL
FUND000004,KR5131420007,CLASS000055,C,class_return,2,2023/07/19~2024/07/18,4.28,37,NORMAL
FUND000004,KR5131420007,CLASS000055,C,class_return,3,2022/07/19~2023/07/18,3.76,37,NORMAL
FUND000004,KR5131420007,CLASS000055,C,class_return,4,2021/07/19~2022/07/18,-0.27,37,NORMAL
FUND000004,KR5131420007,CLASS000055,C,class_return,5,2020/07/19~2021/07/18,1.22,37,NORMAL
FUND000004,KR5131420007,CLASS000056,C-E,class_return,1,2024/07/19~2025/07/18,4.8,37,NORMAL
FUND000004,KR5131420007,CLASS000056,C-E,class_return,2,2023/07/19~2024/07/18,5.91,37,NORMAL
FUND000004,KR5131420007,CLASS000056,C-E,class_return,3,2022/07/19~2023/07/18,3.77,37,NORMAL
FUND000004,KR5131420007,CLASS000056,C-E,class_return,4,2021/07/19~2022/07/18,-0.2,37,NORMAL
FUND000004,KR5131420007,CLASS000056,C-E,class_return,5,2020/07/19~2021/07/18,1.43,37,NORMAL
FUND000004,KR5131420007,CLASS000057,C-F,class_return,1,2024/07/19~2025/07/18,4.98,37,NORMAL
FUND000004,KR5131420007,CLASS000057,C-F,class_return,2,2023/07/19~2024/07/18,6.09,37,NORMAL
FUND000004,KR5131420007,CLASS000057,C-F,class_return,3,2022/07/19~2023/07/18,3.96,37,NORMAL
FUND000004,KR5131420007,CLASS000057,C-F,class_return,4,2021/07/19~2022/07/18,-0.02,37,NORMAL
FUND000004,KR5131420007,CLASS000057,C-F,class_return,5,2020/07/19~2021/07/18,1.61,37,NORMAL
FUND000004,KR5131420007,CLASS000058,C-I,class_return,3,2022/07/19~2023/07/18,-0.04,37,NORMAL
FUND000004,KR5131420007,CLASS000058,C-I,class_return,4,2021/07/19~2022/07/18,-0.1,37,NORMAL
FUND000004,KR5131420007,CLASS000059,C-P,class_return,2,2023/07/19~2024/07/18,3.27,37,NORMAL
FUND000004,KR5131420007,CLASS000059,C-P,class_return,3,2022/07/19~2023/07/18,3.76,37,NORMAL
FUND000004,KR5131420007,CLASS000059,C-P,class_return,4,2021/07/19~2022/07/18,-0.22,37,NORMAL
FUND000004,KR5131420007,CLASS000059,C-P,class_return,5,2020/07/19~2021/07/18,1.41,37,NORMAL
FUND000004,KR5131420007,CLASS000060,C-PE,class_return,1,2024/07/19~2025/07/18,4.89,37,NORMAL
FUND000004,KR5131420007,CLASS000060,C-PE,class_return,2,2023/07/19~2024/07/18,6.0,37,NORMAL
FUND000004,KR5131420007,CLASS000060,C-PE,class_return,3,2022/07/19~2023/07/18,3.87,37,NORMAL
FUND000004,KR5131420007,CLASS000060,C-PE,class_return,4,2021/07/19~2022/07/18,-0.11,37,NORMAL
FUND000004,KR5131420007,CLASS000060,C-PE,class_return,5,2020/07/19~2021/07/18,1.52,37,NORMAL
FUND000004,KR5131420007,CLASS000061,C-P2,class_return,1,2024/07/19~2025/07/18,4.75,38,NORMAL
FUND000004,KR5131420007,CLASS000061,C-P2,class_return,2,2023/07/19~2024/07/18,5.86,38,NORMAL
FUND000004,KR5131420007,CLASS000061,C-P2,class_return,3,2022/07/19~2023/07/18,3.73,38,NORMAL
FUND000004,KR5131420007,CLASS000061,C-P2,class_return,4,2021/07/19~2022/07/18,-0.25,38,NORMAL
FUND000004,KR5131420007,CLASS000061,C-P2,class_return,5,2020/07/19~2021/07/18,1.38,38,NORMAL
FUND000004,KR5131420007,CLASS000062,C-P2E,class_return,1,2024/07/19~2025/07/18,4.87,38,NORMAL
FUND000004,KR5131420007,CLASS000062,C-P2E,class_return,2,2023/07/19~2024/07/18,5.98,38,NORMAL
FUND000004,KR5131420007,CLASS000062,C-P2E,class_return,3,2022/07/19~2023/07/18,3.85,38,NORMAL
FUND000004,KR5131420007,CLASS000062,C-P2E,class_return,4,2021/07/19~2022/07/18,-0.13,38,NORMAL
FUND000004,KR5131420007,CLASS000062,C-P2E,class_return,5,2020/07/19~2021/07/18,1.5,38,NORMAL
FUND000005,KR5131420025,,,fund,1,2024/12/28~2025/12/27,1.22,34,NORMAL
FUND000005,KR5131420025,,,fund,2,2023/12/28~2024/12/27,5.97,34,NORMAL
FUND000005,KR5131420025,,,fund,3,2022/12/28~2023/12/27,7.26,34,NORMAL
FUND000005,KR5131420025,,,fund,4,2021/12/28~2022/12/27,-6.19,34,NORMAL
FUND000005,KR5131420025,,,fund,5,2020/12/28~2021/12/27,-0.79,34,NORMAL
FUND000005,KR5131420025,,,benchmark,1,2024/12/28~2025/12/27,1.24,34,NORMAL
FUND000005,KR5131420025,,,benchmark,2,2023/12/28~2024/12/27,5.37,34,NORMAL
FUND000005,KR5131420025,,,benchmark,3,2022/12/28~2023/12/27,7.53,34,NORMAL
FUND000005,KR5131420025,,,benchmark,4,2021/12/28~2022/12/27,-7.4,34,NORMAL
FUND000005,KR5131420025,,,benchmark,5,2020/12/28~2021/12/27,-1.58,34,NORMAL
FUND000005,KR5131420025,CLASS000064,A,class_return,1,2024/12/28~2025/12/27,1.12,34,NORMAL
FUND000005,KR5131420025,CLASS000064,A,class_return,2,2023/12/28~2024/12/27,5.71,34,NORMAL
FUND000005,KR5131420025,CLASS000064,A,class_return,3,2022/12/28~2023/12/27,7.0,34,NORMAL
FUND000005,KR5131420025,CLASS000064,A,class_return,4,2021/12/28~2022/12/27,-6.43,34,NORMAL
FUND000005,KR5131420025,CLASS000064,A,class_return,5,2020/12/28~2021/12/27,-1.03,34,NORMAL
FUND000005,KR5131420025,CLASS000065,C,class_return,1,2024/12/28~2025/12/27,-3.01,34,NORMAL
FUND000005,KR5131420025,CLASS000065,C,class_return,2,2023/12/28~2024/12/27,3260.76,34,REVIEW_REQUIRED
FUND000005,KR5131420025,CLASS000065,C,class_return,3,2022/12/28~2023/12/27,6.69,34,NORMAL
FUND000005,KR5131420025,CLASS000065,C,class_return,4,2021/12/28~2022/12/27,-6.71,34,NORMAL
FUND000005,KR5131420025,CLASS000065,C,class_return,5,2020/12/28~2021/12/27,-1.34,34,NORMAL
FUND000005,KR5131420025,CLASS000066,C-E,class_return,1,2024/12/28~2025/12/27,0.91,34,NORMAL
FUND000005,KR5131420025,CLASS000066,C-E,class_return,2,2023/12/28~2024/12/27,5.65,34,NORMAL
FUND000005,KR5131420025,CLASS000066,C-E,class_return,3,2022/12/28~2023/12/27,5.12,34,NORMAL
FUND000005,KR5131420025,CLASS000068,C-F,class_return,1,2024/12/28~2025/12/27,1.09,34,NORMAL
FUND000005,KR5131420025,CLASS000068,C-F,class_return,2,2023/12/28~2024/12/27,5.84,34,NORMAL
FUND000005,KR5131420025,CLASS000068,C-F,class_return,3,2022/12/28~2023/12/27,7.13,34,NORMAL
FUND000005,KR5131420025,CLASS000068,C-F,class_return,4,2021/12/28~2022/12/27,-6.31,34,NORMAL
FUND000005,KR5131420025,CLASS000068,C-F,class_return,5,2020/12/28~2021/12/27,-0.91,34,NORMAL
FUND000005,KR5131420025,CLASS000072,A-E,class_return,1,2024/12/28~2025/12/27,1.04,34,NORMAL
FUND000005,KR5131420025,CLASS000072,A-E,class_return,2,2023/12/28~2024/12/27,5.78,34,NORMAL
FUND000005,KR5131420025,CLASS000072,A-E,class_return,3,2022/12/28~2023/12/27,8.74,34,NORMAL
FUND000005,KR5131420025,CLASS000074,C-PE,class_return,1,2024/12/28~2025/12/27,1.01,34,NORMAL
FUND000005,KR5131420025,CLASS000074,C-PE,class_return,2,2023/12/28~2024/12/27,5.75,34,NORMAL
FUND000005,KR5131420025,CLASS000074,C-PE,class_return,3,2022/12/28~2023/12/27,6.35,34,NORMAL
FUND000005,KR5131420025,CLASS000076,C-P2E,class_return,1,2024/12/28~2025/12/27,0.99,34,NORMAL
FUND000005,KR5131420025,CLASS000076,C-P2E,class_return,2,2023/12/28~2024/12/27,5.73,34,NORMAL
FUND000005,KR5131420025,CLASS000076,C-P2E,class_return,3,2022/12/28~2023/12/27,7.03,34,NORMAL
FUND000010,KR5139420015,,,fund,1,2024/06/26~2025/06/25,4.7,44,NORMAL
FUND000010,KR5139420015,,,fund,2,2023/06/26~2024/06/25,5.97,44,NORMAL
FUND000010,KR5139420015,,,fund,3,2022/06/26~2023/06/25,4.85,44,NORMAL
FUND000010,KR5139420015,,,fund,4,2021/06/26~2022/06/25,-0.41,44,NORMAL
FUND000010,KR5139420015,,,fund,5,2020/06/26~2021/06/25,2.27,44,NORMAL
FUND000010,KR5139420015,,,benchmark,1,2024/06/26~2025/06/25,4.29,44,NORMAL
FUND000010,KR5139420015,,,benchmark,2,2023/06/26~2024/06/25,4.73,44,NORMAL
FUND000010,KR5139420015,,,benchmark,3,2022/06/26~2023/06/25,3.96,44,NORMAL
FUND000010,KR5139420015,,,benchmark,4,2021/06/26~2022/06/25,-0.7,44,NORMAL
FUND000010,KR5139420015,,,benchmark,5,2020/06/26~2021/06/25,0.8,44,NORMAL
FUND000010,KR5139420015,CLASS000135,C,class_return,1,2024/06/26~2025/06/25,4.34,44,NORMAL
FUND000010,KR5139420015,CLASS000135,C,class_return,2,2023/06/26~2024/06/25,5.61,44,NORMAL
FUND000010,KR5139420015,CLASS000135,C,class_return,3,2022/06/26~2023/06/25,4.49,44,NORMAL
FUND000010,KR5139420015,CLASS000135,C,class_return,4,2021/06/26~2022/06/25,-0.75,44,NORMAL
FUND000010,KR5139420015,CLASS000135,C,class_return,5,2020/06/26~2021/06/25,1.92,44,NORMAL
FUND000010,KR5139420015,CLASS000140,C-f,class_return,1,2024/06/26~2025/06/25,4.55,44,NORMAL
FUND000010,KR5139420015,CLASS000140,C-f,class_return,2,2023/06/26~2024/06/25,5.82,44,NORMAL
FUND000010,KR5139420015,CLASS000140,C-f,class_return,3,2022/06/26~2023/06/25,4.7,44,NORMAL
FUND000010,KR5139420015,CLASS000140,C-f,class_return,4,2021/06/26~2022/06/25,-0.55,44,NORMAL
FUND000010,KR5139420015,CLASS000140,C-f,class_return,5,2020/06/26~2021/06/25,2.12,44,NORMAL
FUND000010,KR5139420015,CLASS000137,C-p,class_return,1,2024/06/26~2025/06/25,4.36,44,NORMAL
FUND000010,KR5139420015,CLASS000137,C-p,class_return,2,2023/06/26~2024/06/25,5.63,44,NORMAL
FUND000010,KR5139420015,CLASS000137,C-p,class_return,3,2022/06/26~2023/06/25,4.51,44,NORMAL
FUND000010,KR5139420015,CLASS000137,C-p,class_return,4,2021/06/26~2022/06/25,-0.73,44,NORMAL
FUND000010,KR5139420015,CLASS000137,C-p,class_return,5,2020/06/26~2021/06/25,1.94,44,NORMAL
FUND000010,KR5139420015,CLASS000139,C-w,class_return,1,2024/06/26~2025/06/25,4.57,44,NORMAL
FUND000010,KR5139420015,CLASS000139,C-w,class_return,2,2023/06/26~2024/06/25,5.84,44,NORMAL
FUND000010,KR5139420015,CLASS000139,C-w,class_return,3,2022/06/26~2023/06/25,4.72,44,NORMAL
FUND000010,KR5139420015,CLASS000139,C-w,class_return,4,2021/06/26~2022/06/25,-0.53,44,NORMAL
FUND000010,KR5139420015,CLASS000139,C-w,class_return,5,2020/06/26~2021/06/25,2.14,44,NORMAL
FUND000010,KR5139420015,CLASS000134,A-e,class_return,1,2024/06/26~2025/06/25,4.51,44,NORMAL
FUND000010,KR5139420015,CLASS000134,A-e,class_return,2,2023/06/26~2024/06/25,5.77,44,NORMAL
FUND000010,KR5139420015,CLASS000134,A-e,class_return,3,2022/06/26~2023/06/25,4.65,44,NORMAL
FUND000010,KR5139420015,CLASS000134,A-e,class_return,4,2021/06/26~2022/06/25,-0.59,44,NORMAL
FUND000010,KR5139420015,CLASS000134,A-e,class_return,5,2020/06/26~2021/06/25,2.08,44,NORMAL
FUND000010,KR5139420015,CLASS000136,C-e,class_return,1,2024/06/26~2025/06/25,4.46,44,NORMAL
FUND000010,KR5139420015,CLASS000136,C-e,class_return,2,2023/06/26~2024/06/25,5.72,44,NORMAL
FUND000010,KR5139420015,CLASS000136,C-e,class_return,3,2022/06/26~2023/06/25,4.6,44,NORMAL
FUND000010,KR5139420015,CLASS000136,C-e,class_return,4,2021/06/26~2022/06/25,-0.64,44,NORMAL
FUND000010,KR5139420015,CLASS000136,C-e,class_return,5,2020/06/26~2021/06/25,2.03,44,NORMAL
FUND000010,KR5139420015,CLASS000138,C-pe,class_return,1,2024/06/26~2025/06/25,4.47,44,NORMAL
FUND000010,KR5139420015,CLASS000138,C-pe,class_return,2,2023/06/26~2024/06/25,5.73,44,NORMAL
FUND000010,KR5139420015,CLASS000138,C-pe,class_return,3,2022/06/26~2023/06/25,4.61,44,NORMAL
FUND000010,KR5139420015,CLASS000138,C-pe,class_return,4,2021/06/26~2022/06/25,-0.63,44,NORMAL
FUND000010,KR5139420015,CLASS000138,C-pe,class_return,5,2020/06/26~2021/06/25,2.04,44,NORMAL
FUND000010,KR5139420015,CLASS000133,A,class_return,1,2024/06/26~2025/06/25,4.45,44,NORMAL
FUND000010,KR5139420015,CLASS000133,A,class_return,2,2023/06/26~2024/06/25,5.71,44,NORMAL
FUND000010,KR5139420015,CLASS000133,A,class_return,3,2022/06/26~2023/06/25,4.59,44,NORMAL
FUND000010,KR5139420015,CLASS000133,A,class_return,4,2021/06/26~2022/06/25,-0.65,44,NORMAL
FUND000010,KR5139420015,CLASS000133,A,class_return,5,2020/06/26~2021/06/25,2.02,44,NORMAL
FUND000010,KR5139420015,CLASS000143,A-g,class_return,1,2024/06/26~2025/06/25,3.12,44,NORMAL
FUND000010,KR5139420015,CLASS000143,A-g,class_return,2,2023/06/26~2024/06/25,3.43,44,NORMAL
FUND000010,KR5139420015,CLASS000143,A-g,class_return,3,2022/06/26~2023/06/25,4.76,44,NORMAL
FUND000010,KR5139420015,CLASS000143,A-g,class_return,4,2021/06/26~2022/06/25,-0.49,44,NORMAL
FUND000010,KR5139420015,CLASS000143,A-g,class_return,5,2020/06/26~2021/06/25,2.11,44,NORMAL
FUND000010,KR5139420015,CLASS000144,C-g,class_return,1,2024/06/26~2025/06/25,4.44,44,NORMAL
FUND000010,KR5139420015,CLASS000144,C-g,class_return,2,2023/06/26~2024/06/25,5.71,44,NORMAL
FUND000010,KR5139420015,CLASS000144,C-g,class_return,3,2022/06/26~2023/06/25,4.59,44,NORMAL
FUND000010,KR5139420015,CLASS000144,C-g,class_return,4,2021/06/26~2022/06/25,-0.65,44,NORMAL
FUND000010,KR5139420015,CLASS000144,C-g,class_return,5,2020/06/26~2021/06/25,2.01,44,NORMAL
FUND000010,KR5139420015,CLASS000141,S,class_return,1,2024/06/26~2025/06/25,4.51,44,NORMAL
FUND000010,KR5139420015,CLASS000141,S,class_return,2,2023/06/26~2024/06/25,5.78,44,NORMAL
FUND000010,KR5139420015,CLASS000141,S,class_return,3,2022/06/26~2023/06/25,4.66,44,NORMAL
FUND000010,KR5139420015,CLASS000141,S,class_return,4,2021/06/26~2022/06/25,-0.59,44,NORMAL
FUND000010,KR5139420015,CLASS000141,S,class_return,5,2020/06/26~2021/06/25,2.09,44,NORMAL
FUND000011,KR5139420020,,,benchmark,1,2024/09/30~2025/09/29,3.61,37,NORMAL
FUND000011,KR5139420020,,,benchmark,2,2023/09/30~2024/09/29,5.24,37,NORMAL
FUND000011,KR5139420020,,,benchmark,3,2022/09/30~2023/09/29,5.23,37,NORMAL
FUND000011,KR5139420020,,,benchmark,4,2021/09/30~2022/09/29,-1.21,37,NORMAL
FUND000011,KR5139420020,,,benchmark,5,2020/09/30~2021/09/29,0.59,37,NORMAL
FUND000011,KR5139420020,CLASS000148,C,class_return,1,2024/09/30~2025/09/29,3.7,37,NORMAL
FUND000011,KR5139420020,CLASS000148,C,class_return,2,2023/09/30~2024/09/29,6.01,37,NORMAL
FUND000011,KR5139420020,CLASS000148,C,class_return,3,2022/09/30~2023/09/29,5.95,37,NORMAL
FUND000011,KR5139420020,CLASS000148,C,class_return,4,2021/09/30~2022/09/29,-1.25,37,NORMAL
FUND000011,KR5139420020,CLASS000148,C,class_return,5,2020/09/30~2021/09/29,1.41,37,NORMAL
FUND000011,KR5139420020,CLASS000149,C-e,class_return,1,2024/09/30~2025/09/29,3.8,37,NORMAL
FUND000011,KR5139420020,CLASS000149,C-e,class_return,2,2023/09/30~2024/09/29,6.12,37,NORMAL
FUND000011,KR5139420020,CLASS000149,C-e,class_return,3,2022/09/30~2023/09/29,6.05,37,NORMAL
FUND000011,KR5139420020,CLASS000149,C-e,class_return,4,2021/09/30~2022/09/29,-1.16,37,NORMAL
FUND000011,KR5139420020,CLASS000149,C-e,class_return,5,2020/09/30~2021/09/29,1.51,37,NORMAL
FUND000011,KR5139420020,CLASS000150,S-pr,class_return,1,2024/09/30~2025/09/29,3.81,37,NORMAL
FUND000011,KR5139420020,CLASS000150,S-pr,class_return,2,2023/09/30~2024/09/29,6.13,37,NORMAL
FUND000011,KR5139420020,CLASS000150,S-pr,class_return,3,2022/09/30~2023/09/29,6.06,37,NORMAL
FUND000011,KR5139420020,CLASS000150,S-pr,class_return,4,2021/09/30~2022/09/29,-1.15,37,NORMAL
FUND000011,KR5139420020,CLASS000150,S-pr,class_return,5,2020/09/30~2021/09/29,1.52,37,NORMAL
FUND000011,KR5139420020,CLASS000151,C-i,class_return,4,2021/09/30~2022/09/29,-0.53,37,NORMAL
FUND000011,KR5139420020,CLASS000151,C-i,class_return,5,2020/09/30~2021/09/29,1.53,37,NORMAL
FUND000027,KR5144420020,,,fund,1,24.09.02~25.09.01,4.42,55,NORMAL
FUND000027,KR5144420020,,,fund,2,23.09.02~24.09.01,8.6,55,NORMAL
FUND000027,KR5144420020,,,fund,3,22.09.02~23.09.01,3.6,55,NORMAL
FUND000027,KR5144420020,,,fund,4,21.09.02~22.09.01,-11.4,55,NORMAL
FUND000027,KR5144420020,,,fund,5,20.09.02~21.09.01,-1.03,55,NORMAL
FUND000027,KR5144420020,,,benchmark,1,24.09.02~25.09.01,4.4,55,NORMAL
FUND000027,KR5144420020,,,benchmark,2,23.09.02~24.09.01,8.62,55,NORMAL
FUND000027,KR5144420020,,,benchmark,3,22.09.02~23.09.01,3.7,55,NORMAL
FUND000027,KR5144420020,,,benchmark,4,21.09.02~22.09.01,-11.46,55,NORMAL
FUND000027,KR5144420020,,,benchmark,5,20.09.02~21.09.01,-0.85,55,NORMAL
FUND000027,KR5144420020,CLASS000348,A,class_return,1,24.09.02~25.09.01,4.15,55,NORMAL
FUND000027,KR5144420020,CLASS000348,A,class_return,2,23.09.02~24.09.01,8.32,55,NORMAL
FUND000027,KR5144420020,CLASS000348,A,class_return,3,22.09.02~23.09.01,3.33,55,NORMAL
FUND000027,KR5144420020,CLASS000348,A,class_return,4,21.09.02~22.09.01,-11.63,55,NORMAL
FUND000027,KR5144420020,CLASS000348,A,class_return,5,20.09.02~21.09.01,-1.29,55,NORMAL
FUND000027,KR5144420020,CLASS000350,C,class_return,1,24.09.02~25.09.01,3.83,55,NORMAL
FUND000027,KR5144420020,CLASS000350,C,class_return,2,23.09.02~24.09.01,7.98,55,NORMAL
FUND000027,KR5144420020,CLASS000350,C,class_return,3,22.09.02~23.09.01,3.01,55,NORMAL
FUND000027,KR5144420020,CLASS000350,C,class_return,4,21.09.02~22.09.01,-11.91,55,NORMAL
FUND000027,KR5144420020,CLASS000350,C,class_return,5,20.09.02~21.09.01,-1.6,55,NORMAL
FUND000027,KR5144420020,CLASS000351,Ae,class_return,1,24.09.02~25.09.01,4.24,55,NORMAL
FUND000027,KR5144420020,CLASS000351,Ae,class_return,2,23.09.02~24.09.01,8.41,55,NORMAL
FUND000027,KR5144420020,CLASS000351,Ae,class_return,3,22.09.02~23.09.01,3.42,55,NORMAL
FUND000027,KR5144420020,CLASS000351,Ae,class_return,4,21.09.02~22.09.01,-11.55,55,NORMAL
FUND000027,KR5144420020,CLASS000351,Ae,class_return,5,20.09.02~21.09.01,-1.21,55,NORMAL
FUND000027,KR5144420020,CLASS000352,Ce,class_return,1,24.09.02~25.09.01,4.14,55,NORMAL
FUND000027,KR5144420020,CLASS000352,Ce,class_return,2,23.09.02~24.09.01,8.3,55,NORMAL
FUND000027,KR5144420020,CLASS000352,Ce,class_return,3,22.09.02~23.09.01,3.32,55,NORMAL
FUND000027,KR5144420020,CLASS000352,Ce,class_return,4,21.09.02~22.09.01,-11.64,55,NORMAL
FUND000027,KR5144420020,CLASS000352,Ce,class_return,5,20.09.02~21.09.01,-1.3,55,NORMAL
FUND000027,KR5144420020,CLASS000353,Ci,class_return,1,24.09.02~25.09.01,4.27,55,NORMAL
FUND000027,KR5144420020,CLASS000353,Ci,class_return,2,23.09.02~24.09.01,8.43,55,NORMAL
FUND000027,KR5144420020,CLASS000353,Ci,class_return,3,22.09.02~23.09.01,3.45,55,NORMAL
FUND000027,KR5144420020,CLASS000353,Ci,class_return,4,21.09.02~22.09.01,-11.53,55,NORMAL
FUND000027,KR5144420020,CLASS000353,Ci,class_return,5,20.09.02~21.09.01,-1.19,55,NORMAL
FUND000027,KR5144420020,CLASS000354,S,class_return,1,24.09.02~25.09.01,4.24,55,NORMAL
FUND000027,KR5144420020,CLASS000354,S,class_return,2,23.09.02~24.09.01,8.41,55,NORMAL
FUND000027,KR5144420020,CLASS000354,S,class_return,3,22.09.02~23.09.01,3.42,55,NORMAL
FUND000027,KR5144420020,CLASS000354,S,class_return,4,21.09.02~22.09.01,-11.55,55,NORMAL
FUND000027,KR5144420020,CLASS000354,S,class_return,5,20.09.02~21.09.01,-1.21,55,NORMAL
FUND000027,KR5144420020,,C-P1(연금저축),class_return,1,24.09.02~25.09.01,4.04,55,NORMAL
FUND000027,KR5144420020,,C-P1(연금저축),class_return,2,23.09.02~24.09.01,8.2,55,NORMAL
FUND000027,KR5144420020,,C-P1(연금저축),class_return,3,22.09.02~23.09.01,3.22,55,NORMAL
FUND000027,KR5144420020,,C-P1(연금저축),class_return,4,21.09.02~22.09.01,-11.73,55,NORMAL
FUND000027,KR5144420020,,C-P1(연금저축),class_return,5,20.09.02~21.09.01,-1.4,55,NORMAL
FUND000027,KR5144420020,,C-P2(퇴직연금),class_return,1,24.09.02~25.09.01,4.06,55,NORMAL
FUND000027,KR5144420020,,C-P2(퇴직연금),class_return,2,23.09.02~24.09.01,8.22,55,NORMAL
FUND000027,KR5144420020,,C-P2(퇴직연금),class_return,3,22.09.02~23.09.01,3.24,55,NORMAL
FUND000027,KR5144420020,,C-P2(퇴직연금),class_return,4,21.09.02~22.09.01,-11.71,55,NORMAL
FUND000027,KR5144420020,,C-P2(퇴직연금),class_return,5,20.09.02~21.09.01,-1.38,55,NORMAL
FUND000027,KR5144420020,CLASS000361,Cw,class_return,1,24.09.02~25.09.01,4.3,55,NORMAL
FUND000027,KR5144420020,CLASS000361,Cw,class_return,2,23.09.02~24.09.01,8.47,55,NORMAL
FUND000027,KR5144420020,CLASS000361,Cw,class_return,3,22.09.02~23.09.01,3.48,55,NORMAL
FUND000027,KR5144420020,CLASS000361,Cw,class_return,4,21.09.02~22.09.01,-11.51,55,NORMAL
FUND000027,KR5144420020,CLASS000361,Cw,class_return,5,20.09.02~21.09.01,-1.16,55,NORMAL
FUND000027,KR5144420020,CLASS000362,AG,class_return,1,24.09.02~25.09.01,4.42,55,NORMAL
FUND000027,KR5144420020,CLASS000362,AG,class_return,2,23.09.02~24.09.01,8.6,55,NORMAL
FUND000027,KR5144420020,CLASS000362,AG,class_return,3,22.09.02~23.09.01,3.6,55,NORMAL
FUND000027,KR5144420020,CLASS000362,AG,class_return,4,21.09.02~22.09.01,-11.4,55,NORMAL
FUND000027,KR5144420020,CLASS000362,AG,class_return,5,20.09.02~21.09.01,-1.06,55,NORMAL
FUND000027,KR5144420020,,S-P2(퇴직연금),class_return,1,24.09.02~25.09.01,4.26,55,NORMAL
FUND000027,KR5144420020,,S-P2(퇴직연금),class_return,2,23.09.02~24.09.01,8.43,55,NORMAL
FUND000027,KR5144420020,,S-P2(퇴직연금),class_return,3,22.09.02~23.09.01,3.44,55,NORMAL
FUND000027,KR5144420020,,S-P2(퇴직연금),class_return,4,21.09.02~22.09.01,-11.54,55,NORMAL
FUND000027,KR5144420020,,S-P2(퇴직연금),class_return,5,20.09.02~21.09.01,-1.19,55,NORMAL
FUND000027,KR5144420020,,S-P1(연금저축),class_return,1,24.09.02~25.09.01,4.25,55,NORMAL
FUND000027,KR5144420020,,S-P1(연금저축),class_return,2,23.09.02~24.09.01,8.42,55,NORMAL
FUND000027,KR5144420020,,S-P1(연금저축),class_return,3,22.09.02~23.09.01,3.43,55,NORMAL
FUND000027,KR5144420020,,S-P1(연금저축),class_return,4,21.09.02~22.09.01,-11.54,55,NORMAL
FUND000027,KR5144420020,,S-P1(연금저축),class_return,5,20.09.02~21.09.01,-1.2,55,NORMAL
FUND000027,KR5144420020,,C-P1e(연금저축),class_return,1,24.09.02~25.09.01,4.17,55,NORMAL
FUND000027,KR5144420020,,C-P1e(연금저축),class_return,2,23.09.02~24.09.01,8.33,55,NORMAL
FUND000027,KR5144420020,,C-P1e(연금저축),class_return,3,22.09.02~23.09.01,3.35,55,NORMAL
FUND000027,KR5144420020,,C-P1e(연금저축),class_return,4,21.09.02~22.09.01,-11.62,55,NORMAL
FUND000027,KR5144420020,,C-P1e(연금저축),class_return,5,20.09.02~21.09.01,-1.28,55,NORMAL
FUND000027,KR5144420020,,C-P2e(퇴직연금),class_return,1,24.09.02~25.09.01,4.18,55,NORMAL
FUND000027,KR5144420020,,C-P2e(퇴직연금),class_return,2,23.09.02~24.09.01,8.34,55,NORMAL
FUND000027,KR5144420020,,C-P2e(퇴직연금),class_return,3,22.09.02~23.09.01,3.36,55,NORMAL
FUND000027,KR5144420020,,C-P2e(퇴직연금),class_return,4,21.09.02~22.09.01,-11.61,55,NORMAL
FUND000027,KR5144420020,,C-P2e(퇴직연금),class_return,5,20.09.02~21.09.01,-1.27,55,NORMAL
FUND000027,KR5144420020,,C-P2I(퇴직연금),class_return,1,24.09.02~25.09.01,4.21,56,NORMAL
FUND000027,KR5144420020,CLASS000349,A2,class_return,1,24.09.02~25.09.01,4.26,56,NORMAL
FUND000028,KR5144420081,,,fund,1,24.01.26~25.01.25,12.87,56,NORMAL
FUND000028,KR5144420081,,,fund,2,23.01.26~24.01.25,13.83,56,NORMAL
FUND000028,KR5144420081,,,fund,3,22.01.26~23.01.25,2.98,56,NORMAL
FUND000028,KR5144420081,,,fund,4,21.01.26~22.01.25,8.87,56,NORMAL
FUND000028,KR5144420081,,,fund,5,20.01.26~21.01.25,-4.15,56,NORMAL
FUND000028,KR5144420081,CLASS000365,A,class_return,1,24.01.26~25.01.25,12.47,56,NORMAL
FUND000028,KR5144420081,CLASS000365,A,class_return,2,23.01.26~24.01.25,13.42,56,NORMAL
FUND000028,KR5144420081,CLASS000365,A,class_return,3,22.01.26~23.01.25,2.6,56,NORMAL
FUND000028,KR5144420081,CLASS000365,A,class_return,4,21.01.26~22.01.25,8.47,56,NORMAL
FUND000028,KR5144420081,CLASS000365,A,class_return,5,20.01.26~21.01.25,-4.5,56,NORMAL
FUND000028,KR5144420081,CLASS000367,Ae,class_return,1,24.01.26~25.01.25,12.58,56,NORMAL
FUND000028,KR5144420081,CLASS000367,Ae,class_return,2,23.01.26~24.01.25,13.53,56,NORMAL
FUND000028,KR5144420081,CLASS000367,Ae,class_return,3,22.01.26~23.01.25,2.7,56,NORMAL
FUND000028,KR5144420081,CLASS000367,Ae,class_return,4,21.01.26~22.01.25,8.58,56,NORMAL
FUND000028,KR5144420081,CLASS000367,Ae,class_return,5,20.01.26~21.01.25,-4.41,56,NORMAL
FUND000028,KR5144420081,CLASS000369,C,class_return,1,24.01.26~25.01.25,12.36,56,NORMAL
FUND000028,KR5144420081,CLASS000369,C,class_return,2,23.01.26~24.01.25,13.31,56,NORMAL
FUND000028,KR5144420081,CLASS000369,C,class_return,3,22.01.26~23.01.25,2.5,56,NORMAL
FUND000028,KR5144420081,CLASS000369,C,class_return,4,21.01.26~22.01.25,8.37,56,NORMAL
FUND000028,KR5144420081,CLASS000369,C,class_return,5,20.01.26~21.01.25,-4.6,56,NORMAL
FUND000028,KR5144420081,CLASS000370,Ce,class_return,1,24.01.26~25.01.25,12.52,56,NORMAL
FUND000028,KR5144420081,CLASS000370,Ce,class_return,2,23.01.26~24.01.25,13.48,56,NORMAL
FUND000028,KR5144420081,CLASS000370,Ce,class_return,3,22.01.26~23.01.25,2.65,56,NORMAL
FUND000028,KR5144420081,CLASS000370,Ce,class_return,4,21.01.26~22.01.25,8.53,56,NORMAL
FUND000028,KR5144420081,CLASS000370,Ce,class_return,5,20.01.26~21.01.25,-4.45,56,NORMAL
FUND000028,KR5144420081,CLASS000373,Cw,class_return,1,24.01.26~25.01.25,8.17,56,NORMAL
FUND000028,KR5144420081,,C-P1(연금저축),class_return,1,24.01.26~25.01.25,12.42,56,NORMAL
FUND000028,KR5144420081,,C-P1(연금저축),class_return,2,23.01.26~24.01.25,13.38,56,NORMAL
FUND000028,KR5144420081,,C-P1(연금저축),class_return,3,22.01.26~23.01.25,2.57,56,NORMAL
FUND000028,KR5144420081,,C-P1(연금저축),class_return,4,21.01.26~22.01.25,8.42,56,NORMAL
FUND000028,KR5144420081,,C-P1(연금저축),class_return,5,20.01.26~21.01.25,-4.52,56,NORMAL
FUND000028,KR5144420081,,C-P1e(연금저축),class_return,1,24.01.26~25.01.25,12.55,56,NORMAL
FUND000028,KR5144420081,,C-P1e(연금저축),class_return,2,23.01.26~24.01.25,13.51,56,NORMAL
FUND000028,KR5144420081,,C-P1e(연금저축),class_return,3,22.01.26~23.01.25,2.68,56,NORMAL
FUND000028,KR5144420081,,C-P1e(연금저축),class_return,4,21.01.26~22.01.25,8.55,56,NORMAL
FUND000028,KR5144420081,,C-P1e(연금저축),class_return,5,20.01.26~21.01.25,-4.43,56,NORMAL
FUND000028,KR5144420081,,C-P2(퇴직연금),class_return,1,24.01.26~25.01.25,12.43,56,NORMAL
FUND000028,KR5144420081,,C-P2(퇴직연금),class_return,2,23.01.26~24.01.25,13.39,56,NORMAL
FUND000028,KR5144420081,,C-P2(퇴직연금),class_return,3,22.01.26~23.01.25,2.57,56,NORMAL
FUND000028,KR5144420081,,C-P2(퇴직연금),class_return,4,21.01.26~22.01.25,8.44,56,NORMAL
FUND000028,KR5144420081,,C-P2(퇴직연금),class_return,5,20.01.26~21.01.25,-4.53,56,NORMAL
FUND000028,KR5144420081,,C-P2e(퇴직연금),class_return,1,24.01.26~25.01.25,12.56,56,NORMAL
FUND000028,KR5144420081,,C-P2e(퇴직연금),class_return,2,23.01.26~24.01.25,13.52,56,NORMAL
FUND000028,KR5144420081,,C-P2e(퇴직연금),class_return,3,22.01.26~23.01.25,2.69,56,NORMAL
FUND000028,KR5144420081,,C-P2e(퇴직연금),class_return,4,21.01.26~22.01.25,8.56,56,NORMAL
FUND000028,KR5144420081,,C-P2e(퇴직연금),class_return,5,20.01.26~21.01.25,-4.42,56,NORMAL
FUND000028,KR5144420081,CLASS000378,S,class_return,1,24.01.26~25.01.25,12.59,56,NORMAL
FUND000028,KR5144420081,CLASS000378,S,class_return,2,23.01.26~24.01.25,13.55,56,NORMAL
FUND000028,KR5144420081,CLASS000378,S,class_return,3,22.01.26~23.01.25,2.71,56,NORMAL
FUND000028,KR5144420081,CLASS000378,S,class_return,4,21.01.26~22.01.25,8.6,56,NORMAL
FUND000028,KR5144420081,CLASS000378,S,class_return,5,20.01.26~21.01.25,-4.39,56,NORMAL
FUND000028,KR5144420081,,S-P1(연금저축),class_return,1,24.01.26~25.01.25,12.61,56,NORMAL
FUND000028,KR5144420081,,S-P1(연금저축),class_return,2,23.01.26~24.01.25,13.57,56,NORMAL
FUND000028,KR5144420081,,S-P1(연금저축),class_return,3,22.01.26~23.01.25,2.73,56,NORMAL
FUND000028,KR5144420081,,S-P1(연금저축),class_return,4,21.01.26~22.01.25,8.61,56,NORMAL
FUND000028,KR5144420081,,S-P1(연금저축),class_return,5,20.01.26~21.01.25,-4.38,56,NORMAL
FUND000028,KR5144420081,,S-P2(퇴직연금),class_return,1,24.01.26~25.01.25,12.62,56,NORMAL
FUND000028,KR5144420081,,S-P2(퇴직연금),class_return,2,23.01.26~24.01.25,13.58,56,NORMAL
FUND000028,KR5144420081,,S-P2(퇴직연금),class_return,3,22.01.26~23.01.25,2.74,56,NORMAL
FUND000028,KR5144420081,,S-P2(퇴직연금),class_return,4,21.01.26~22.01.25,7.94,56,NORMAL
FUND000028,KR5144420081,,,benchmark,1,24.01.26~25.01.25,12.87,56,NORMAL
FUND000028,KR5144420081,,,benchmark,2,23.01.26~24.01.25,13.83,56,NORMAL
FUND000028,KR5144420081,,,benchmark,3,22.01.26~23.01.25,2.98,56,NORMAL
FUND000028,KR5144420081,,,benchmark,4,21.01.26~22.01.25,8.87,56,NORMAL
FUND000028,KR5144420081,,,benchmark,5,20.01.26~21.01.25,-4.15,56,NORMAL
FUND000029,KR5144420091,,,fund,1,24.09.15~25.09.14,3.97,51,NORMAL
FUND000029,KR5144420091,,,fund,2,23.09.15~24.09.14,5.35,51,NORMAL
FUND000029,KR5144420091,,,fund,3,22.09.15~23.09.14,4.94,51,NORMAL
FUND000029,KR5144420091,,,fund,4,21.09.15~22.09.14,1.29,51,NORMAL
FUND000029,KR5144420091,,,fund,5,20.09.15~21.09.14,1.48,51,NORMAL
FUND000029,KR5144420091,,,benchmark,1,24.09.15~25.09.14,3.23,51,NORMAL
FUND000029,KR5144420091,,,benchmark,2,23.09.15~24.09.14,4.1,51,NORMAL
FUND000029,KR5144420091,,,benchmark,3,22.09.15~23.09.14,3.91,51,NORMAL
FUND000029,KR5144420091,,,benchmark,4,21.09.15~22.09.14,1.08,51,NORMAL
FUND000029,KR5144420091,,,benchmark,5,20.09.15~21.09.14,0.77,51,NORMAL
FUND000029,KR5144420091,CLASS000382,A2,class_return,1,24.09.15~25.09.14,3.82,51,NORMAL
FUND000029,KR5144420091,CLASS000382,A2,class_return,2,23.09.15~24.09.14,5.2,51,NORMAL
FUND000029,KR5144420091,CLASS000382,A2,class_return,3,22.09.15~23.09.14,4.79,51,NORMAL
FUND000029,KR5144420091,CLASS000382,A2,class_return,4,21.09.15~22.09.14,1.14,51,NORMAL
FUND000029,KR5144420091,CLASS000382,A2,class_return,5,20.09.15~21.09.14,1.33,51,NORMAL
FUND000029,KR5144420091,CLASS000381,A,class_return,1,24.09.15~25.09.14,3.66,51,NORMAL
FUND000029,KR5144420091,CLASS000381,A,class_return,2,23.09.15~24.09.14,5.04,51,NORMAL
FUND000029,KR5144420091,CLASS000381,A,class_return,3,22.09.15~23.09.14,4.63,51,NORMAL
FUND000029,KR5144420091,CLASS000381,A,class_return,4,21.09.15~22.09.14,0.99,51,NORMAL
FUND000029,KR5144420091,CLASS000381,A,class_return,5,20.09.15~21.09.14,1.18,51,NORMAL
FUND000029,KR5144420091,CLASS000383,Ae,class_return,1,24.09.15~25.09.14,3.76,51,NORMAL
FUND000029,KR5144420091,CLASS000383,Ae,class_return,2,23.09.15~24.09.14,5.15,51,NORMAL
FUND000029,KR5144420091,CLASS000383,Ae,class_return,3,22.09.15~23.09.14,4.73,51,NORMAL
FUND000029,KR5144420091,CLASS000383,Ae,class_return,4,21.09.15~22.09.14,1.09,51,NORMAL
FUND000029,KR5144420091,CLASS000383,Ae,class_return,5,20.09.15~21.09.14,1.28,51,NORMAL
FUND000029,KR5144420091,CLASS000385,C,class_return,1,24.09.15~25.09.14,3.56,51,NORMAL
FUND000029,KR5144420091,CLASS000385,C,class_return,2,23.09.15~24.09.14,4.94,51,NORMAL
FUND000029,KR5144420091,CLASS000385,C,class_return,3,22.09.15~23.09.14,4.53,51,NORMAL
FUND000029,KR5144420091,CLASS000385,C,class_return,4,21.09.15~22.09.14,0.89,51,NORMAL
FUND000029,KR5144420091,CLASS000385,C,class_return,5,20.09.15~21.09.14,1.08,51,NORMAL
FUND000029,KR5144420091,CLASS000386,Ce,class_return,1,24.09.15~25.09.14,3.71,51,NORMAL
FUND000029,KR5144420091,CLASS000386,Ce,class_return,2,23.09.15~24.09.14,5.09,51,NORMAL
FUND000029,KR5144420091,CLASS000386,Ce,class_return,3,22.09.15~23.09.14,4.68,51,NORMAL
FUND000029,KR5144420091,CLASS000386,Ce,class_return,4,21.09.15~22.09.14,1.04,51,NORMAL
FUND000029,KR5144420091,CLASS000386,Ce,class_return,5,20.09.15~21.09.14,1.23,51,NORMAL
FUND000029,KR5144420091,CLASS000388,Cf,class_return,1,24.09.15~25.09.14,3.86,51,NORMAL
FUND000029,KR5144420091,CLASS000388,Cf,class_return,2,23.09.15~24.09.14,5.24,51,NORMAL
FUND000029,KR5144420091,CLASS000388,Cf,class_return,3,22.09.15~23.09.14,4.83,51,NORMAL
FUND000029,KR5144420091,CLASS000388,Cf,class_return,4,21.09.15~22.09.14,1.18,51,NORMAL
FUND000029,KR5144420091,CLASS000388,Cf,class_return,5,20.09.15~21.09.14,1.37,51,NORMAL
FUND000029,KR5144420091,CLASS000390,Cw,class_return,1,24.09.15~25.09.14,3.87,51,NORMAL
FUND000029,KR5144420091,CLASS000390,Cw,class_return,2,23.09.15~24.09.14,5.25,51,NORMAL
FUND000029,KR5144420091,CLASS000390,Cw,class_return,3,22.09.15~23.09.14,4.84,51,NORMAL
FUND000029,KR5144420091,CLASS000390,Cw,class_return,4,21.09.15~22.09.14,1.19,51,NORMAL
FUND000029,KR5144420091,CLASS000390,Cw,class_return,5,20.09.15~21.09.14,1.39,51,NORMAL
FUND000029,KR5144420091,,C-P1(연금저축),class_return,1,24.09.15~25.09.14,3.67,51,NORMAL
FUND000029,KR5144420091,,C-P1(연금저축),class_return,2,23.09.15~24.09.14,5.05,51,NORMAL
FUND000029,KR5144420091,,C-P1(연금저축),class_return,3,22.09.15~23.09.14,4.64,51,NORMAL
FUND000029,KR5144420091,,C-P1(연금저축),class_return,4,21.09.15~22.09.14,1.0,51,NORMAL
FUND000029,KR5144420091,,C-P1(연금저축),class_return,5,20.09.15~21.09.14,1.19,51,NORMAL
FUND000029,KR5144420091,,C-P1e(연금저축),class_return,1,24.09.15~25.09.14,3.77,51,NORMAL
FUND000029,KR5144420091,,C-P1e(연금저축),class_return,2,23.09.15~24.09.14,5.15,51,NORMAL
FUND000029,KR5144420091,,C-P1e(연금저축),class_return,3,22.09.15~23.09.14,4.74,51,NORMAL
FUND000029,KR5144420091,,C-P1e(연금저축),class_return,4,21.09.15~22.09.14,1.09,51,NORMAL
FUND000029,KR5144420091,,C-P1e(연금저축),class_return,5,20.09.15~21.09.14,1.29,51,NORMAL
FUND000029,KR5144420091,,C-P2(퇴직연금),class_return,1,24.09.15~25.09.14,3.68,51,NORMAL
FUND000029,KR5144420091,,C-P2(퇴직연금),class_return,2,23.09.15~24.09.14,5.06,51,NORMAL
FUND000029,KR5144420091,,C-P2(퇴직연금),class_return,3,22.09.15~23.09.14,4.65,51,NORMAL
FUND000029,KR5144420091,,C-P2(퇴직연금),class_return,4,21.09.15~22.09.14,1.01,51,NORMAL
FUND000029,KR5144420091,,C-P2(퇴직연금),class_return,5,20.09.15~21.09.14,1.2,51,NORMAL
FUND000029,KR5144420091,,C-P2e(퇴직연금),class_return,1,24.09.15~25.09.14,3.77,51,NORMAL
FUND000029,KR5144420091,,C-P2e(퇴직연금),class_return,2,23.09.15~24.09.14,5.16,51,NORMAL
FUND000029,KR5144420091,,C-P2e(퇴직연금),class_return,3,22.09.15~23.09.14,4.75,51,NORMAL
FUND000029,KR5144420091,,C-P2e(퇴직연금),class_return,4,21.09.15~22.09.14,1.1,51,NORMAL
FUND000029,KR5144420091,,C-P2e(퇴직연금),class_return,5,20.09.15~21.09.14,1.29,51,NORMAL
FUND000030,KR5144450095,,,fund,1,24.08.15~25.08.14,28.38,53,NORMAL
FUND000030,KR5144450095,,,fund,2,23.08.15~24.08.14,4.26,53,NORMAL
FUND000030,KR5144450095,,,fund,3,22.08.15~23.08.14,20.17,53,NORMAL
FUND000030,KR5144450095,,,fund,4,21.08.15~22.08.14,-15.48,53,NORMAL
FUND000030,KR5144450095,,,fund,5,20.08.15~21.08.14,37.09,53,NORMAL
FUND000030,KR5144450095,CLASS000398,A,class_return,1,24.08.15~25.08.14,27.62,53,NORMAL
FUND000030,KR5144450095,CLASS000398,A,class_return,2,23.08.15~24.08.14,3.34,53,NORMAL
FUND000030,KR5144450095,CLASS000398,A,class_return,3,22.08.15~23.08.14,19.22,53,NORMAL
FUND000030,KR5144450095,CLASS000398,A,class_return,4,21.08.15~22.08.14,-16.27,53,NORMAL
FUND000030,KR5144450095,CLASS000398,A,class_return,5,20.08.15~21.08.14,35.99,53,NORMAL
FUND000030,KR5144450095,CLASS000400,Ae,class_return,1,24.08.15~25.08.14,27.77,53,NORMAL
FUND000030,KR5144450095,CLASS000400,Ae,class_return,2,23.08.15~24.08.14,3.52,53,NORMAL
FUND000030,KR5144450095,CLASS000400,Ae,class_return,3,22.08.15~23.08.14,19.43,53,NORMAL
FUND000030,KR5144450095,CLASS000400,Ae,class_return,4,21.08.15~22.08.14,-16.13,53,NORMAL
FUND000030,KR5144450095,CLASS000400,Ae,class_return,5,20.08.15~21.08.14,36.21,53,NORMAL
FUND000030,KR5144450095,CLASS000403,C,class_return,1,24.08.15~25.08.14,27.4,53,NORMAL
FUND000030,KR5144450095,CLASS000403,C,class_return,2,23.08.15~24.08.14,3.17,53,NORMAL
FUND000030,KR5144450095,CLASS000403,C,class_return,3,22.08.15~23.08.14,19.04,53,NORMAL
FUND000030,KR5144450095,CLASS000403,C,class_return,4,21.08.15~22.08.14,-16.41,53,NORMAL
FUND000030,KR5144450095,CLASS000403,C,class_return,5,20.08.15~21.08.14,35.78,53,NORMAL
FUND000030,KR5144450095,CLASS000404,Ce,class_return,1,24.08.15~25.08.14,27.66,53,NORMAL
FUND000030,KR5144450095,CLASS000404,Ce,class_return,2,23.08.15~24.08.14,3.44,53,NORMAL
FUND000030,KR5144450095,CLASS000404,Ce,class_return,3,22.08.15~23.08.14,19.33,53,NORMAL
FUND000030,KR5144450095,CLASS000404,Ce,class_return,4,21.08.15~22.08.14,-16.2,53,NORMAL
FUND000030,KR5144450095,CLASS000404,Ce,class_return,5,20.08.15~21.08.14,36.09,53,NORMAL
FUND000030,KR5144450095,CLASS000406,Cf,class_return,1,24.08.15~25.08.14,27.82,53,NORMAL
FUND000030,KR5144450095,CLASS000406,Cf,class_return,2,23.08.15~24.08.14,3.75,53,NORMAL
FUND000030,KR5144450095,CLASS000406,Cf,class_return,3,22.08.15~23.08.14,19.73,53,NORMAL
FUND000030,KR5144450095,CLASS000406,Cf,class_return,4,21.08.15~22.08.14,-16.0,53,NORMAL
FUND000030,KR5144450095,CLASS000406,Cf,class_return,5,20.08.15~21.08.14,36.44,53,NORMAL
FUND000030,KR5144450095,CLASS000407,Cw,class_return,1,24.08.15~25.08.14,28.05,53,NORMAL
FUND000030,KR5144450095,CLASS000407,Cw,class_return,2,23.08.15~24.08.14,3.83,53,NORMAL
FUND000030,KR5144450095,CLASS000407,Cw,class_return,3,22.08.15~23.08.14,19.7,53,NORMAL
FUND000030,KR5144450095,CLASS000407,Cw,class_return,4,21.08.15~22.08.14,-16.08,53,NORMAL
FUND000030,KR5144450095,CLASS000407,Cw,class_return,5,20.08.15~21.08.14,36.51,53,NORMAL
FUND000030,KR5144450095,,C-P1(연금저축),class_return,1,24.08.15~25.08.14,27.65,53,NORMAL
FUND000030,KR5144450095,,C-P1(연금저축),class_return,2,23.08.15~24.08.14,3.41,53,NORMAL
FUND000030,KR5144450095,,C-P1(연금저축),class_return,3,22.08.15~23.08.14,19.32,53,NORMAL
FUND000030,KR5144450095,,C-P1(연금저축),class_return,4,21.08.15~22.08.14,-16.23,53,NORMAL
FUND000030,KR5144450095,,C-P1(연금저축),class_return,5,20.08.15~21.08.14,36.12,53,NORMAL
FUND000030,KR5144450095,,C-P1e(연금저축),class_return,1,24.08.15~25.08.14,27.79,53,NORMAL
FUND000030,KR5144450095,,C-P1e(연금저축),class_return,2,23.08.15~24.08.14,3.56,53,NORMAL
FUND000030,KR5144450095,,C-P1e(연금저축),class_return,3,22.08.15~23.08.14,19.46,53,NORMAL
FUND000030,KR5144450095,,C-P1e(연금저축),class_return,4,21.08.15~22.08.14,-16.09,53,NORMAL
FUND000030,KR5144450095,,C-P1e(연금저축),class_return,5,20.08.15~21.08.14,36.25,53,NORMAL
FUND000030,KR5144450095,,C-P2(퇴직연금),class_return,1,24.08.15~25.08.14,27.63,53,NORMAL
FUND000030,KR5144450095,,C-P2(퇴직연금),class_return,2,23.08.15~24.08.14,3.43,53,NORMAL
FUND000030,KR5144450095,,C-P2(퇴직연금),class_return,3,22.08.15~23.08.14,19.32,53,NORMAL
FUND000030,KR5144450095,,C-P2(퇴직연금),class_return,4,21.08.15~22.08.14,-16.2,53,NORMAL
FUND000030,KR5144450095,,C-P2(퇴직연금),class_return,5,20.08.15~21.08.14,36.08,53,NORMAL
FUND000030,KR5144450095,,C-P2e(퇴직연금),class_return,1,24.08.15~25.08.14,27.76,53,NORMAL
FUND000030,KR5144450095,,C-P2e(퇴직연금),class_return,2,23.08.15~24.08.14,3.56,53,NORMAL
FUND000030,KR5144450095,,C-P2e(퇴직연금),class_return,3,22.08.15~23.08.14,19.47,53,NORMAL
FUND000030,KR5144450095,,C-P2e(퇴직연금),class_return,4,21.08.15~22.08.14,-16.08,53,NORMAL
FUND000030,KR5144450095,,C-P2e(퇴직연금),class_return,5,20.08.15~21.08.14,36.24,53,NORMAL
FUND000030,KR5144450095,CLASS000412,S,class_return,1,24.08.15~25.08.14,27.76,53,NORMAL
FUND000030,KR5144450095,CLASS000412,S,class_return,2,23.08.15~24.08.14,3.48,53,NORMAL
FUND000030,KR5144450095,CLASS000412,S,class_return,3,22.08.15~23.08.14,19.39,53,NORMAL
FUND000030,KR5144450095,CLASS000412,S,class_return,4,21.08.15~22.08.14,-16.17,53,NORMAL
FUND000030,KR5144450095,CLASS000412,S,class_return,5,20.08.15~21.08.14,36.16,53,NORMAL
FUND000030,KR5144450095,,S-P1(연금저축),class_return,1,24.08.15~25.08.14,3.62,53,NORMAL
FUND000030,KR5144450095,,S-P1(연금저축),class_return,2,23.08.15~24.08.14,19.52,53,NORMAL
FUND000030,KR5144450095,,S-P1(연금저축),class_return,3,22.08.15~23.08.14,-16.05,53,NORMAL
FUND000030,KR5144450095,,S-P1(연금저축),class_return,4,21.08.15~22.08.14,36.33,53,NORMAL
FUND000030,KR5144450095,,S-P2(퇴직연금),class_return,1,24.08.15~25.08.14,3.64,53,NORMAL
FUND000030,KR5144450095,,S-P2(퇴직연금),class_return,2,23.08.15~24.08.14,19.53,53,NORMAL
FUND000030,KR5144450095,,S-P2(퇴직연금),class_return,3,22.08.15~23.08.14,-16.01,53,NORMAL
FUND000030,KR5144450095,,S-P2(퇴직연금),class_return,4,21.08.15~22.08.14,18.93,53,NORMAL
FUND000030,KR5144450095,,S-P1(연금저축),class_return,5,20.08.15~21.08.14,36.33,53,NORMAL
FUND000030,KR5144450095,,S-P2(퇴직연금),class_return,5,20.08.15~21.08.14,18.93,53,NORMAL
FUND000030,KR5144450095,CLASS000399,A2,class_return,1,24.08.15~25.08.14,27.52,54,NORMAL
FUND000030,KR5144450095,CLASS000401,A2e,class_return,1,24.08.15~25.08.14,27.6,54,NORMAL
FUND000031,KR5152420028,CLASS000415,A,class_return,1,2024/01/13~2025/01/12,4.99,38,NORMAL
FUND000031,KR5152420028,CLASS000415,A,class_return,2,2023/01/13~2024/01/12,2.31,38,NORMAL
FUND000031,KR5152420028,CLASS000415,A,class_return,3,2022/01/13~2023/01/12,1.12,38,NORMAL
FUND000031,KR5152420028,CLASS000415,A,class_return,4,2021/01/13~2022/01/12,-0.8,38,NORMAL
FUND000031,KR5152420028,CLASS000415,A,class_return,5,2020/01/13~2021/01/12,1.47,38,NORMAL
FUND000031,KR5152420028,CLASS000421,Ae,class_return,1,2024/01/13~2025/01/12,5.06,38,NORMAL
FUND000031,KR5152420028,CLASS000421,Ae,class_return,2,2023/01/13~2024/01/12,2.37,38,NORMAL
FUND000031,KR5152420028,CLASS000421,Ae,class_return,3,2022/01/13~2023/01/12,1.18,38,NORMAL
FUND000031,KR5152420028,CLASS000421,Ae,class_return,4,2021/01/13~2022/01/12,-0.74,38,NORMAL
FUND000031,KR5152420028,CLASS000421,Ae,class_return,5,2020/01/13~2021/01/12,1.54,38,NORMAL
FUND000031,KR5152420028,CLASS000416,C,class_return,1,2024/01/13~2025/01/12,4.9,38,NORMAL
FUND000031,KR5152420028,CLASS000416,C,class_return,2,2023/01/13~2024/01/12,2.21,38,NORMAL
FUND000031,KR5152420028,CLASS000416,C,class_return,3,2022/01/13~2023/01/12,1.03,38,NORMAL
FUND000031,KR5152420028,CLASS000416,C,class_return,4,2021/01/13~2022/01/12,-0.89,38,NORMAL
FUND000031,KR5152420028,CLASS000416,C,class_return,5,2020/01/13~2021/01/12,1.38,38,NORMAL
FUND000031,KR5152420028,CLASS000417,Ce,class_return,1,2024/01/13~2025/01/12,5.0,38,NORMAL
FUND000031,KR5152420028,CLASS000417,Ce,class_return,2,2023/01/13~2024/01/12,2.32,38,NORMAL
FUND000031,KR5152420028,CLASS000417,Ce,class_return,3,2022/01/13~2023/01/12,1.13,38,NORMAL
FUND000031,KR5152420028,CLASS000417,Ce,class_return,4,2021/01/13~2022/01/12,-0.79,38,NORMAL
FUND000031,KR5152420028,CLASS000417,Ce,class_return,5,2020/01/13~2021/01/12,1.48,38,NORMAL
FUND000031,KR5152420028,CLASS000420,CF,class_return,1,2024/01/13~2025/01/12,5.09,38,NORMAL
FUND000031,KR5152420028,CLASS000420,CF,class_return,2,2023/01/13~2024/01/12,2.41,38,NORMAL
FUND000031,KR5152420028,CLASS000420,CF,class_return,3,2022/01/13~2023/01/12,1.22,38,NORMAL
FUND000031,KR5152420028,CLASS000420,CF,class_return,4,2021/01/13~2022/01/12,-0.7,38,NORMAL
FUND000031,KR5152420028,CLASS000420,CF,class_return,5,2020/01/13~2021/01/12,1.58,38,NORMAL
FUND000031,KR5152420028,CLASS000427,Cg,class_return,1,2024/01/13~2025/01/12,4.97,38,NORMAL
FUND000031,KR5152420028,CLASS000427,Cg,class_return,2,2023/01/13~2024/01/12,2.29,38,NORMAL
FUND000031,KR5152420028,CLASS000427,Cg,class_return,3,2022/01/13~2023/01/12,1.1,38,NORMAL
FUND000031,KR5152420028,CLASS000427,Cg,class_return,4,2021/01/13~2022/01/12,-0.82,38,NORMAL
FUND000031,KR5152420028,CLASS000427,Cg,class_return,5,2020/01/13~2021/01/12,1.46,38,NORMAL
FUND000031,KR5152420028,CLASS000419,CI2,class_return,1,2024/01/13~2025/01/12,5.05,38,NORMAL
FUND000031,KR5152420028,CLASS000419,CI2,class_return,2,2023/01/13~2024/01/12,2.37,38,NORMAL
FUND000031,KR5152420028,CLASS000419,CI2,class_return,3,2022/01/13~2023/01/12,1.18,38,NORMAL
FUND000031,KR5152420028,CLASS000419,CI2,class_return,4,2021/01/13~2022/01/12,-0.74,38,NORMAL
FUND000031,KR5152420028,CLASS000419,CI2,class_return,5,2020/01/13~2021/01/12,1.54,38,NORMAL
FUND000031,KR5152420028,CLASS000424,CP,class_return,1,2024/01/13~2025/01/12,4.97,38,NORMAL
FUND000031,KR5152420028,CLASS000424,CP,class_return,2,2023/01/13~2024/01/12,2.28,38,NORMAL
FUND000031,KR5152420028,CLASS000424,CP,class_return,3,2022/01/13~2023/01/12,1.1,38,NORMAL
FUND000031,KR5152420028,CLASS000424,CP,class_return,4,2021/01/13~2022/01/12,-0.82,38,NORMAL
FUND000031,KR5152420028,CLASS000424,CP,class_return,5,2020/01/13~2021/01/12,1.45,38,NORMAL
FUND000031,KR5152420028,,C-P,class_return,1,2024/01/13~2025/01/12,4.96,38,NORMAL
FUND000031,KR5152420028,,C-P,class_return,2,2023/01/13~2024/01/12,2.28,38,NORMAL
FUND000031,KR5152420028,,C-P,class_return,3,2022/01/13~2023/01/12,1.09,38,NORMAL
FUND000031,KR5152420028,,C-P,class_return,4,2021/01/13~2022/01/12,-0.83,38,NORMAL
FUND000031,KR5152420028,,C-P,class_return,5,2020/01/13~2021/01/12,1.44,38,NORMAL
FUND000031,KR5152420028,CLASS000428,CPe,class_return,1,2024/01/13~2025/01/12,5.05,38,NORMAL
FUND000031,KR5152420028,CLASS000428,CPe,class_return,2,2023/01/13~2024/01/12,2.36,38,NORMAL
FUND000031,KR5152420028,CLASS000428,CPe,class_return,3,2022/01/13~2023/01/12,1.17,38,NORMAL
FUND000031,KR5152420028,CLASS000428,CPe,class_return,4,2021/01/13~2022/01/12,-0.75,38,NORMAL
FUND000031,KR5152420028,CLASS000428,CPe,class_return,5,2020/01/13~2021/01/12,1.53,38,NORMAL
FUND000031,KR5152420028,,C-Pe,class_return,1,2024/01/13~2025/01/12,5.03,38,NORMAL
FUND000031,KR5152420028,,C-Pe,class_return,2,2023/01/13~2024/01/12,2.35,38,NORMAL
FUND000031,KR5152420028,,C-Pe,class_return,3,2022/01/13~2023/01/12,1.16,38,NORMAL
FUND000031,KR5152420028,,C-Pe,class_return,4,2021/01/13~2022/01/12,-0.76,38,NORMAL
FUND000031,KR5152420028,,C-Pe,class_return,5,2020/01/13~2021/01/12,1.52,38,NORMAL
FUND000031,KR5152420028,CLASS000423,CW,class_return,1,2024/01/13~2025/01/12,5.11,38,NORMAL
FUND000031,KR5152420028,CLASS000423,CW,class_return,2,2023/01/13~2024/01/12,2.42,38,NORMAL
FUND000031,KR5152420028,CLASS000423,CW,class_return,3,2022/01/13~2023/01/12,1.23,38,NORMAL
FUND000031,KR5152420028,CLASS000423,CW,class_return,4,2021/01/13~2022/01/12,-0.69,38,NORMAL
FUND000031,KR5152420028,CLASS000423,CW,class_return,5,2020/01/13~2021/01/12,1.59,38,NORMAL
FUND000031,KR5152420028,,,benchmark,1,2024/01/13~2025/01/12,3.77,38,NORMAL
FUND000031,KR5152420028,,,benchmark,2,2023/01/13~2024/01/12,3.72,38,NORMAL
FUND000031,KR5152420028,,,benchmark,3,2022/01/13~2023/01/12,1.19,38,NORMAL
FUND000031,KR5152420028,,,benchmark,4,2021/01/13~2022/01/12,0.35,38,NORMAL
FUND000031,KR5152420028,,,benchmark,5,2020/01/13~2021/01/12,1.13,38,NORMAL
FUND000031,KR5152420028,CLASS000418,CI,class_return,1,2024/01/13~2025/01/12,4.97,38,NORMAL
FUND000031,KR5152420028,CLASS000418,CI,class_return,2,2023/01/13~2024/01/12,2.29,38,NORMAL
FUND000031,KR5152420028,CLASS000418,CI,class_return,3,2022/01/13~2023/01/12,1.1,38,NORMAL
FUND000031,KR5152420028,CLASS000418,CI,class_return,4,2021/01/13~2022/01/12,-0.82,38,NORMAL
FUND000031,KR5152420028,CLASS000418,CI,class_return,5,2020/01/13~2021/01/12,1.46,38,NORMAL
FUND000031,KR5152420028,CLASS000422,CI3,class_return,1,2024/01/13~2025/01/12,5.11,38,NORMAL
FUND000031,KR5152420028,CLASS000422,CI3,class_return,2,2023/01/13~2024/01/12,2.42,38,NORMAL
FUND000031,KR5152420028,CLASS000422,CI3,class_return,3,2022/01/13~2023/01/12,1.23,38,NORMAL
FUND000031,KR5152420028,CLASS000422,CI3,class_return,4,2021/01/13~2022/01/12,-0.69,38,NORMAL
FUND000031,KR5152420028,CLASS000422,CI3,class_return,5,2020/01/13~2021/01/12,1.59,38,NORMAL
FUND000007,KR515302022M,,,fund,1,24.09.02~25.09.01,38.08,51,NORMAL
FUND000007,KR515302022M,,,fund,2,23.09.02~24.09.01,23.38,51,NORMAL
FUND000007,KR515302022M,,,fund,3,22.09.02~23.09.01,10.56,51,NORMAL
FUND000007,KR515302022M,,,fund,4,21.09.02~22.09.01,-22.09,51,NORMAL
FUND000007,KR515302022M,,,fund,5,20.09.02~21.09.01,43.44,51,NORMAL
FUND000007,KR515302022M,,,benchmark,1,24.09.02~25.09.01,17.52,51,NORMAL
FUND000007,KR515302022M,,,benchmark,2,23.09.02~24.09.01,4.31,51,NORMAL
FUND000007,KR515302022M,,,benchmark,3,22.09.02~23.09.01,6.13,51,NORMAL
FUND000007,KR515302022M,,,benchmark,4,21.09.02~22.09.01,-24.68,51,NORMAL
FUND000007,KR515302022M,,,benchmark,5,20.09.02~21.09.01,36.5,51,NORMAL
FUND000007,KR515302022M,CLASS000089,A,class_return,1,24.09.02~25.09.01,36.53,51,NORMAL
FUND000007,KR515302022M,CLASS000089,A,class_return,2,23.09.02~24.09.01,22.02,51,NORMAL
FUND000007,KR515302022M,CLASS000089,A,class_return,3,22.09.02~23.09.01,9.3,51,NORMAL
FUND000007,KR515302022M,CLASS000089,A,class_return,4,21.09.02~22.09.01,-23.01,51,NORMAL
FUND000007,KR515302022M,CLASS000089,A,class_return,5,20.09.02~21.09.01,41.91,51,NORMAL
FUND000007,KR515302022M,CLASS000090,Ae,class_return,1,24.09.02~25.09.01,36.83,51,NORMAL
FUND000007,KR515302022M,CLASS000090,Ae,class_return,2,23.09.02~24.09.01,22.29,51,NORMAL
FUND000007,KR515302022M,CLASS000090,Ae,class_return,3,22.09.02~23.09.01,9.55,51,NORMAL
FUND000007,KR515302022M,CLASS000090,Ae,class_return,4,21.09.02~22.09.01,-22.83,51,NORMAL
FUND000007,KR515302022M,CLASS000090,Ae,class_return,5,20.09.02~21.09.01,42.2,51,NORMAL
FUND000007,KR515302022M,CLASS000091,C1,class_return,1,24.09.02~25.09.01,35.52,52,NORMAL
FUND000007,KR515302022M,CLASS000091,C1,class_return,2,23.09.02~24.09.01,21.23,52,NORMAL
FUND000007,KR515302022M,CLASS000091,C1,class_return,3,22.09.02~23.09.01,8.69,52,NORMAL
FUND000007,KR515302022M,CLASS000091,C1,class_return,4,21.09.02~22.09.01,-23.62,52,NORMAL
FUND000007,KR515302022M,CLASS000091,C1,class_return,5,20.09.02~21.09.01,40.9,52,NORMAL
FUND000007,KR515302022M,CLASS000092,C2,class_return,1,24.09.02~25.09.01,35.71,52,NORMAL
FUND000007,KR515302022M,CLASS000092,C2,class_return,2,23.09.02~24.09.01,21.41,52,NORMAL
FUND000007,KR515302022M,CLASS000092,C2,class_return,3,22.09.02~23.09.01,8.59,52,NORMAL
FUND000007,KR515302022M,CLASS000092,C2,class_return,4,21.09.02~22.09.01,-23.52,52,NORMAL
FUND000007,KR515302022M,CLASS000092,C2,class_return,5,20.09.02~21.09.01,41.01,52,NORMAL
FUND000007,KR515302022M,CLASS000093,C3,class_return,1,24.09.02~25.09.01,35.93,52,NORMAL
FUND000007,KR515302022M,CLASS000093,C3,class_return,2,23.09.02~24.09.01,21.51,52,NORMAL
FUND000007,KR515302022M,CLASS000093,C3,class_return,3,22.09.02~23.09.01,8.81,52,NORMAL
FUND000007,KR515302022M,CLASS000093,C3,class_return,4,21.09.02~22.09.01,-23.36,52,NORMAL
FUND000007,KR515302022M,CLASS000093,C3,class_return,5,20.09.02~21.09.01,41.33,52,NORMAL
FUND000007,KR515302022M,CLASS000094,C4,class_return,1,24.09.02~25.09.01,36.06,52,NORMAL
FUND000007,KR515302022M,CLASS000094,C4,class_return,2,23.09.02~24.09.01,21.61,52,NORMAL
FUND000007,KR515302022M,CLASS000094,C4,class_return,3,22.09.02~23.09.01,8.92,52,NORMAL
FUND000007,KR515302022M,CLASS000094,C4,class_return,4,21.09.02~22.09.01,-23.29,52,NORMAL
FUND000007,KR515302022M,CLASS000094,C4,class_return,5,20.09.02~21.09.01,41.44,52,NORMAL
FUND000007,KR515302022M,CLASS000095,Ce,class_return,1,24.09.02~25.09.01,36.46,52,NORMAL
FUND000007,KR515302022M,CLASS000095,Ce,class_return,2,23.09.02~24.09.01,21.96,52,NORMAL
FUND000007,KR515302022M,CLASS000095,Ce,class_return,3,22.09.02~23.09.01,9.25,52,NORMAL
FUND000007,KR515302022M,CLASS000095,Ce,class_return,4,21.09.02~22.09.01,-23.05,52,NORMAL
FUND000007,KR515302022M,CLASS000095,Ce,class_return,5,20.09.02~21.09.01,41.84,52,NORMAL
FUND000007,KR515302022M,CLASS000099,S,class_return,1,24.09.02~25.09.01,36.9,52,NORMAL
FUND000007,KR515302022M,CLASS000099,S,class_return,2,23.09.02~24.09.01,22.34,52,NORMAL
FUND000007,KR515302022M,CLASS000099,S,class_return,3,22.09.02~23.09.01,9.6,52,NORMAL
FUND000007,KR515302022M,CLASS000099,S,class_return,4,21.09.02~22.09.01,-22.79,52,NORMAL
FUND000007,KR515302022M,CLASS000099,S,class_return,5,20.09.02~21.09.01,42.27,52,NORMAL
FUND000007,KR515302022M,CLASS000096,CI,class_return,1,24.09.02~25.09.01,37.07,52,NORMAL
FUND000007,KR515302022M,CLASS000096,CI,class_return,2,23.09.02~24.09.01,7.68,52,NORMAL
FUND000007,KR515302022M,CLASS000096,CI,class_return,3,22.09.02~23.09.01,0.0,52,NORMAL
FUND000007,KR515302022M,CLASS000096,CI,class_return,4,21.09.02~22.09.01,0.0,52,NORMAL
FUND000007,KR515302022M,CLASS000096,CI,class_return,5,20.09.02~21.09.01,0.0,52,NORMAL
FUND000007,KR515302022M,CLASS000097,CF,class_return,1,24.09.02~25.09.01,37.03,52,NORMAL
FUND000007,KR515302022M,CLASS000097,CF,class_return,2,23.09.02~24.09.01,-29.97,52,NORMAL
FUND000007,KR515302022M,CLASS000097,CF,class_return,3,22.09.02~23.09.01,9.76,52,NORMAL
FUND000007,KR515302022M,CLASS000097,CF,class_return,4,21.09.02~22.09.01,-22.67,52,NORMAL
FUND000007,KR515302022M,CLASS000097,CF,class_return,5,20.09.02~21.09.01,42.47,52,NORMAL
FUND000007,KR515302022M,CLASS000098,CW,class_return,1,24.09.02~25.09.01,37.14,52,NORMAL
FUND000007,KR515302022M,CLASS000098,CW,class_return,2,23.09.02~24.09.01,22.55,52,NORMAL
FUND000007,KR515302022M,CLASS000098,CW,class_return,3,22.09.02~23.09.01,9.8,52,NORMAL
FUND000007,KR515302022M,CLASS000098,CW,class_return,4,21.09.02~22.09.01,-22.65,52,NORMAL
FUND000007,KR515302022M,CLASS000098,CW,class_return,5,20.09.02~21.09.01,42.51,52,NORMAL
FUND000007,KR515302022M,CLASS000100,C-P,class_return,1,24.09.02~25.09.01,36.2,52,NORMAL
FUND000007,KR515302022M,CLASS000100,C-P,class_return,2,23.09.02~24.09.01,21.73,52,NORMAL
FUND000007,KR515302022M,CLASS000100,C-P,class_return,3,22.09.02~23.09.01,9.03,52,NORMAL
FUND000007,KR515302022M,CLASS000100,C-P,class_return,4,21.09.02~22.09.01,-23.21,52,NORMAL
FUND000007,KR515302022M,CLASS000100,C-P,class_return,5,20.09.02~21.09.01,41.58,52,NORMAL
FUND000007,KR515302022M,CLASS000101,C-P2,class_return,1,24.09.02~25.09.01,36.34,52,NORMAL
FUND000007,KR515302022M,CLASS000101,C-P2,class_return,2,23.09.02~24.09.01,21.86,52,NORMAL
FUND000007,KR515302022M,CLASS000101,C-P2,class_return,3,22.09.02~23.09.01,9.16,52,NORMAL
FUND000007,KR515302022M,CLASS000101,C-P2,class_return,4,21.09.02~22.09.01,-23.11,52,NORMAL
FUND000007,KR515302022M,CLASS000101,C-P2,class_return,5,20.09.02~21.09.01,47.99,52,NORMAL
FUND000007,KR515302022M,CLASS000102,S-P,class_return,1,24.09.02~25.09.01,36.91,52,NORMAL
FUND000007,KR515302022M,CLASS000102,S-P,class_return,2,23.09.02~24.09.01,22.35,52,NORMAL
FUND000007,KR515302022M,CLASS000102,S-P,class_return,3,22.09.02~23.09.01,9.61,52,NORMAL
FUND000007,KR515302022M,CLASS000102,S-P,class_return,4,21.09.02~22.09.01,-22.78,52,NORMAL
FUND000007,KR515302022M,CLASS000102,S-P,class_return,5,20.09.02~21.09.01,42.28,52,NORMAL
FUND000007,KR515302022M,CLASS000105,C-Pe,class_return,1,24.09.02~25.09.01,36.67,52,NORMAL
FUND000007,KR515302022M,CLASS000105,C-Pe,class_return,2,23.09.02~24.09.01,22.14,52,NORMAL
FUND000007,KR515302022M,CLASS000105,C-Pe,class_return,3,22.09.02~23.09.01,9.41,52,NORMAL
FUND000007,KR515302022M,CLASS000105,C-Pe,class_return,4,21.09.02~22.09.01,-22.93,52,NORMAL
FUND000007,KR515302022M,CLASS000105,C-Pe,class_return,5,20.09.02~21.09.01,42.03,52,NORMAL
FUND000007,KR515302022M,CLASS000108,A1,class_return,1,24.09.02~25.09.01,25.96,52,NORMAL
FUND000057,KR5153420022,CLASS000738,C,class_return,1,20.03.01~21.02.28,-1.5,45,NORMAL
FUND000057,KR5153420022,CLASS000738,C,class_return,2,19.03.01~20.02.29,5.13,45,NORMAL
FUND000057,KR5153420022,CLASS000738,C,class_return,3,18.03.01~19.02.28,4.72,45,NORMAL
FUND000057,KR5153420022,CLASS000738,C,class_return,4,17.03.01~18.02.28,-0.62,45,NORMAL
FUND000057,KR5153420022,CLASS000738,C,class_return,5,16.03.01~17.02.28,-0.09,45,NORMAL
FUND000057,KR5153420022,CLASS000739,C-e,class_return,1,20.03.01~21.02.28,-1.32,45,NORMAL
FUND000057,KR5153420022,CLASS000739,C-e,class_return,2,19.03.01~20.02.29,5.32,45,NORMAL
FUND000057,KR5153420022,CLASS000739,C-e,class_return,3,18.03.01~19.02.28,4.9,45,NORMAL
FUND000057,KR5153420022,CLASS000739,C-e,class_return,4,17.03.01~18.02.28,-1.1,45,NORMAL
FUND000057,KR5153420022,,,fund,1,20.03.01~21.02.28,-0.96,45,NORMAL
FUND000057,KR5153420022,,,fund,2,19.03.01~20.02.29,5.7,45,NORMAL
FUND000057,KR5153420022,,,fund,3,18.03.01~19.02.28,5.29,45,NORMAL
FUND000057,KR5153420022,,,fund,4,17.03.01~18.02.28,-0.26,45,NORMAL
FUND000057,KR5153420022,,,fund,5,16.03.01~17.02.28,-0.09,45,NORMAL
FUND000057,KR5153420022,,,benchmark,1,20.03.01~21.02.28,-1.11,45,NORMAL
FUND000057,KR5153420022,,,benchmark,2,19.03.01~20.02.29,5.4,45,NORMAL
FUND000057,KR5153420022,,,benchmark,3,18.03.01~19.02.28,5.4,45,NORMAL
FUND000057,KR5153420022,,,benchmark,4,17.03.01~18.02.28,-0.12,45,NORMAL
FUND000057,KR5153420022,,,benchmark,5,16.03.01~17.02.28,0.5,45,NORMAL
FUND000058,KR5153420063,CLASS000740,A,class_return,1,24.02.01~25.01.31,3.69,41,NORMAL
FUND000058,KR5153420063,CLASS000740,A,class_return,2,23.02.01~24.01.31,3.74,41,NORMAL
FUND000058,KR5153420063,CLASS000740,A,class_return,3,22.02.01~23.01.31,1.34,41,NORMAL
FUND000058,KR5153420063,CLASS000740,A,class_return,4,21.02.01~22.01.31,-0.53,41,NORMAL
FUND000058,KR5153420063,CLASS000740,A,class_return,5,20.02.01~21.01.31,1.28,41,NORMAL
FUND000058,KR5153420063,CLASS000741,C-F,class_return,1,24.02.01~25.01.31,4.15,41,NORMAL
FUND000058,KR5153420063,CLASS000741,C-F,class_return,2,23.02.01~24.01.31,4.21,41,NORMAL
FUND000058,KR5153420063,CLASS000741,C-F,class_return,3,22.02.01~23.01.31,1.8,41,NORMAL
FUND000058,KR5153420063,CLASS000741,C-F,class_return,4,21.02.01~22.01.31,-0.08,41,NORMAL
FUND000058,KR5153420063,CLASS000741,C-F,class_return,5,20.02.01~21.01.31,1.74,41,NORMAL
FUND000058,KR5153420063,CLASS000742,C-P,class_return,1,24.02.01~25.01.31,3.87,41,NORMAL
FUND000058,KR5153420063,CLASS000742,C-P,class_return,2,23.02.01~24.01.31,3.93,41,NORMAL
FUND000058,KR5153420063,CLASS000742,C-P,class_return,3,22.02.01~23.01.31,1.52,41,NORMAL
FUND000058,KR5153420063,CLASS000742,C-P,class_return,4,21.02.01~22.01.31,-0.35,41,NORMAL
FUND000058,KR5153420063,CLASS000742,C-P,class_return,5,20.02.01~21.01.31,1.47,41,NORMAL
FUND000058,KR5153420063,CLASS000743,C-Pe,class_return,1,24.02.01~25.01.31,4.02,41,NORMAL
FUND000058,KR5153420063,CLASS000743,C-Pe,class_return,2,23.02.01~24.01.31,4.07,41,NORMAL
FUND000058,KR5153420063,CLASS000743,C-Pe,class_return,3,22.02.01~23.01.31,1.66,41,NORMAL
FUND000058,KR5153420063,CLASS000743,C-Pe,class_return,4,21.02.01~22.01.31,-0.21,41,NORMAL
FUND000058,KR5153420063,CLASS000743,C-Pe,class_return,5,20.02.01~21.01.31,1.61,41,NORMAL
FUND000058,KR5153420063,CLASS000744,C-P2,class_return,1,24.02.01~25.01.31,3.88,42,NORMAL
FUND000058,KR5153420063,CLASS000744,C-P2,class_return,2,23.02.01~24.01.31,3.94,42,NORMAL
FUND000058,KR5153420063,CLASS000744,C-P2,class_return,3,22.02.01~23.01.31,1.53,42,NORMAL
FUND000058,KR5153420063,CLASS000744,C-P2,class_return,4,21.02.01~22.01.31,-0.34,42,NORMAL
FUND000058,KR5153420063,CLASS000744,C-P2,class_return,5,20.02.01~21.01.31,1.48,42,NORMAL
FUND000058,KR5153420063,CLASS000745,C-P2e,class_return,1,24.02.01~25.01.31,4.03,42,NORMAL
FUND000058,KR5153420063,CLASS000745,C-P2e,class_return,2,23.02.01~24.01.31,4.08,42,NORMAL
FUND000058,KR5153420063,CLASS000745,C-P2e,class_return,3,22.02.01~23.01.31,1.68,42,NORMAL
FUND000058,KR5153420063,CLASS000745,C-P2e,class_return,4,21.02.01~22.01.31,-0.2,42,NORMAL
FUND000058,KR5153420063,CLASS000745,C-P2e,class_return,5,20.02.01~21.01.31,1.62,42,NORMAL
FUND000058,KR5153420063,CLASS000746,I,class_return,3,22.02.01~23.01.31,1.77,42,NORMAL
FUND000058,KR5153420063,CLASS000746,I,class_return,4,21.02.01~22.01.31,-0.11,42,NORMAL
FUND000058,KR5153420063,CLASS000746,I,class_return,5,20.02.01~21.01.31,0.07,42,NORMAL
FUND000058,KR5153420063,,,fund,1,24.02.01~25.01.31,4.36,42,NORMAL
FUND000058,KR5153420063,,,fund,2,23.02.01~24.01.31,4.41,42,NORMAL
FUND000058,KR5153420063,,,fund,3,22.02.01~23.01.31,2.0,42,NORMAL
FUND000058,KR5153420063,,,fund,4,21.02.01~22.01.31,0.12,42,NORMAL
FUND000058,KR5153420063,,,fund,5,20.02.01~21.01.31,1.94,42,NORMAL
FUND000058,KR5153420063,,,benchmark,1,24.02.01~25.01.31,4.2,42,NORMAL
FUND000058,KR5153420063,,,benchmark,2,23.02.01~24.01.31,3.95,42,NORMAL
FUND000058,KR5153420063,,,benchmark,3,22.02.01~23.01.31,1.52,42,NORMAL
FUND000058,KR5153420063,,,benchmark,4,21.02.01~22.01.31,0.02,42,NORMAL
FUND000058,KR5153420063,,,benchmark,5,20.02.01~21.01.31,1.68,42,NORMAL
FUND000059,KR5153420079,CLASS000750,C,class_return,1,24.08.01~25.07.31,4.0,44,NORMAL
FUND000059,KR5153420079,CLASS000750,C,class_return,2,23.08.01~24.07.31,6.18,44,NORMAL
FUND000059,KR5153420079,CLASS000750,C,class_return,3,22.08.01~23.07.31,2.44,44,NORMAL
FUND000059,KR5153420079,CLASS000750,C,class_return,4,21.08.01~22.07.31,-3.8,44,NORMAL
FUND000059,KR5153420079,CLASS000750,C,class_return,5,20.08.01~21.07.31,-1.17,44,NORMAL
FUND000059,KR5153420079,CLASS000751,C-e,class_return,1,24.08.01~25.07.31,4.07,44,NORMAL
FUND000059,KR5153420079,CLASS000751,C-e,class_return,2,23.08.01~24.07.31,6.25,44,NORMAL
FUND000059,KR5153420079,CLASS000751,C-e,class_return,3,22.08.01~23.07.31,2.51,44,NORMAL
FUND000059,KR5153420079,CLASS000751,C-e,class_return,4,21.08.01~22.07.31,-3.73,44,NORMAL
FUND000059,KR5153420079,CLASS000751,C-e,class_return,5,20.08.01~21.07.31,-1.14,44,NORMAL
FUND000059,KR5153420079,CLASS000753,C-I,class_return,1,24.08.01~25.07.31,4.43,44,NORMAL
FUND000059,KR5153420079,CLASS000753,C-I,class_return,2,23.08.01~24.07.31,6.62,44,NORMAL
FUND000059,KR5153420079,CLASS000753,C-I,class_return,3,22.08.01~23.07.31,2.87,44,NORMAL
FUND000059,KR5153420079,CLASS000753,C-I,class_return,4,21.08.01~22.07.31,-3.39,44,NORMAL
FUND000059,KR5153420079,CLASS000753,C-I,class_return,5,20.08.01~21.07.31,-0.79,44,NORMAL
FUND000059,KR5153420079,CLASS000755,F,class_return,1,24.08.01~25.07.31,4.47,44,NORMAL
FUND000059,KR5153420079,CLASS000755,F,class_return,2,23.08.01~24.07.31,6.65,44,NORMAL
FUND000059,KR5153420079,CLASS000755,F,class_return,3,22.08.01~23.07.31,2.9,44,NORMAL
FUND000059,KR5153420079,CLASS000755,F,class_return,4,21.08.01~22.07.31,-3.36,44,NORMAL
FUND000059,KR5153420079,CLASS000755,F,class_return,5,20.08.01~21.07.31,-0.76,44,NORMAL
FUND000059,KR5153420079,CLASS000756,S,class_return,1,24.08.01~25.07.31,4.31,45,NORMAL
FUND000059,KR5153420079,CLASS000756,S,class_return,2,23.08.01~24.07.31,6.49,45,NORMAL
FUND000059,KR5153420079,CLASS000756,S,class_return,3,22.08.01~23.07.31,2.75,45,NORMAL
FUND000059,KR5153420079,CLASS000756,S,class_return,4,21.08.01~22.07.31,-3.5,45,NORMAL
FUND000059,KR5153420079,CLASS000756,S,class_return,5,20.08.01~21.07.31,-0.91,45,NORMAL
FUND000059,KR5153420079,CLASS000757,C-P,class_return,1,24.08.01~25.07.31,4.09,45,NORMAL
FUND000059,KR5153420079,CLASS000757,C-P,class_return,2,23.08.01~24.07.31,6.27,45,NORMAL
FUND000059,KR5153420079,CLASS000757,C-P,class_return,3,22.08.01~23.07.31,2.54,45,NORMAL
FUND000059,KR5153420079,CLASS000757,C-P,class_return,4,21.08.01~22.07.31,-3.71,45,NORMAL
FUND000059,KR5153420079,CLASS000757,C-P,class_return,5,20.08.01~21.07.31,-1.12,45,NORMAL
FUND000059,KR5153420079,CLASS000758,C-Pe,class_return,1,24.08.01~25.07.31,4.28,45,NORMAL
FUND000059,KR5153420079,CLASS000758,C-Pe,class_return,2,23.08.01~24.07.31,6.46,45,NORMAL
FUND000059,KR5153420079,CLASS000758,C-Pe,class_return,3,22.08.01~23.07.31,2.71,45,NORMAL
FUND000059,KR5153420079,CLASS000758,C-Pe,class_return,4,21.08.01~22.07.31,-3.54,45,NORMAL
FUND000059,KR5153420079,CLASS000758,C-Pe,class_return,5,20.08.01~21.07.31,-0.94,45,NORMAL
FUND000059,KR5153420079,CLASS000759,C-P2,class_return,1,24.08.01~25.07.31,4.16,45,NORMAL
FUND000059,KR5153420079,CLASS000759,C-P2,class_return,2,23.08.01~24.07.31,6.35,45,NORMAL
FUND000059,KR5153420079,CLASS000759,C-P2,class_return,3,22.08.01~23.07.31,0.18,45,NORMAL
FUND000059,KR5153420079,CLASS000759,C-P2,class_return,5,20.08.01~21.07.31,-1.04,45,NORMAL
FUND000059,KR5153420079,CLASS000760,C-P2e,class_return,1,24.08.01~25.07.31,4.32,45,NORMAL
FUND000059,KR5153420079,CLASS000760,C-P2e,class_return,2,23.08.01~24.07.31,6.5,45,NORMAL
FUND000059,KR5153420079,CLASS000760,C-P2e,class_return,3,22.08.01~23.07.31,2.75,45,NORMAL
FUND000059,KR5153420079,CLASS000760,C-P2e,class_return,4,21.08.01~22.07.31,-3.5,45,NORMAL
FUND000059,KR5153420079,CLASS000760,C-P2e,class_return,5,20.08.01~21.07.31,-0.9,45,NORMAL
FUND000059,KR5153420079,,,fund,1,24.08.01~25.07.31,4.59,45,NORMAL
FUND000059,KR5153420079,,,fund,2,23.08.01~24.07.31,6.78,45,NORMAL
FUND000059,KR5153420079,,,fund,3,22.08.01~23.07.31,3.02,45,NORMAL
FUND000059,KR5153420079,,,fund,4,21.08.01~22.07.31,-3.25,45,NORMAL
FUND000059,KR5153420079,,,fund,5,20.08.01~21.07.31,-0.64,45,NORMAL
FUND000059,KR5153420079,,,benchmark,1,24.08.01~25.07.31,4.3,45,NORMAL
FUND000059,KR5153420079,,,benchmark,2,23.08.01~24.07.31,6.36,45,NORMAL
FUND000059,KR5153420079,,,benchmark,3,22.08.01~23.07.31,1.45,45,NORMAL
FUND000059,KR5153420079,,,benchmark,4,21.08.01~22.07.31,-2.9,45,NORMAL
FUND000059,KR5153420079,,,benchmark,5,20.08.01~21.07.31,-0.69,45,NORMAL
FUND000060,KR5153420105,CLASS000761,A,class_return,1,24.12.01~25.11.30,-1.39,47,NORMAL
FUND000060,KR5153420105,CLASS000761,A,class_return,2,23.12.01~24.11.30,9.63,47,NORMAL
FUND000060,KR5153420105,CLASS000761,A,class_return,3,22.12.01~23.11.30,5.58,47,NORMAL
FUND000060,KR5153420105,CLASS000761,A,class_return,4,21.12.01~22.11.30,-7.73,47,NORMAL
FUND000060,KR5153420105,CLASS000761,A,class_return,5,20.12.01~21.11.30,-2.36,47,NORMAL
FUND000060,KR5153420105,CLASS000764,C,class_return,1,24.12.01~25.11.30,-1.48,47,NORMAL
FUND000060,KR5153420105,CLASS000764,C,class_return,2,23.12.01~24.11.30,9.54,47,NORMAL
FUND000060,KR5153420105,CLASS000764,C,class_return,3,22.12.01~23.11.30,5.49,47,NORMAL
FUND000060,KR5153420105,CLASS000764,C,class_return,4,21.12.01~22.11.30,-7.81,47,NORMAL
FUND000060,KR5153420105,CLASS000764,C,class_return,5,20.12.01~21.11.30,-2.45,47,NORMAL
FUND000060,KR5153420105,CLASS000765,C-e,class_return,1,24.12.01~25.11.30,-1.44,47,NORMAL
FUND000060,KR5153420105,CLASS000765,C-e,class_return,2,23.12.01~24.11.30,9.58,47,NORMAL
FUND000060,KR5153420105,CLASS000765,C-e,class_return,3,22.12.01~23.11.30,5.53,47,NORMAL
FUND000060,KR5153420105,CLASS000765,C-e,class_return,4,21.12.01~22.11.30,-7.77,47,NORMAL
FUND000060,KR5153420105,CLASS000765,C-e,class_return,5,20.12.01~21.11.30,-2.41,47,NORMAL
FUND000060,KR5153420105,CLASS000767,C-P,class_return,1,24.12.01~25.11.30,-1.47,47,NORMAL
FUND000060,KR5153420105,CLASS000767,C-P,class_return,2,23.12.01~24.11.30,9.55,47,NORMAL
FUND000060,KR5153420105,CLASS000767,C-P,class_return,3,22.12.01~23.11.30,5.5,47,NORMAL
FUND000060,KR5153420105,CLASS000767,C-P,class_return,4,21.12.01~22.11.30,-7.8,47,NORMAL
FUND000060,KR5153420105,CLASS000767,C-P,class_return,5,20.12.01~21.11.30,-2.44,47,NORMAL
FUND000060,KR5153420105,CLASS000768,C-Pe,class_return,1,24.12.01~25.11.30,-1.33,47,NORMAL
FUND000060,KR5153420105,CLASS000768,C-Pe,class_return,2,23.12.01~24.11.30,9.7,47,NORMAL
FUND000060,KR5153420105,CLASS000768,C-Pe,class_return,3,22.12.01~23.11.30,5.65,47,NORMAL
FUND000060,KR5153420105,CLASS000768,C-Pe,class_return,4,21.12.01~22.11.30,-7.67,47,NORMAL
FUND000060,KR5153420105,CLASS000768,C-Pe,class_return,5,20.12.01~21.11.30,-2.3,47,NORMAL
FUND000060,KR5153420105,CLASS000769,C-P2,class_return,1,24.12.01~25.11.30,-1.46,47,NORMAL
FUND000060,KR5153420105,CLASS000769,C-P2,class_return,2,23.12.01~24.11.30,9.56,47,NORMAL
FUND000060,KR5153420105,CLASS000769,C-P2,class_return,3,22.12.01~23.11.30,5.51,47,NORMAL
FUND000060,KR5153420105,CLASS000769,C-P2,class_return,4,21.12.01~22.11.30,-7.79,47,NORMAL
FUND000060,KR5153420105,CLASS000769,C-P2,class_return,5,20.12.01~21.11.30,-2.43,47,NORMAL
FUND000060,KR5153420105,CLASS000770,C-P2e,class_return,1,24.12.01~25.11.30,-1.32,48,NORMAL
FUND000060,KR5153420105,CLASS000770,C-P2e,class_return,2,23.12.01~24.11.30,9.71,48,NORMAL
FUND000060,KR5153420105,CLASS000770,C-P2e,class_return,3,22.12.01~23.11.30,5.66,48,NORMAL
FUND000060,KR5153420105,CLASS000770,C-P2e,class_return,4,21.12.01~22.11.30,-7.66,48,NORMAL
FUND000060,KR5153420105,CLASS000770,C-P2e,class_return,5,20.12.01~21.11.30,-2.29,48,NORMAL
FUND000060,KR5153420105,CLASS000771,C-PI,class_return,1,24.12.01~25.11.30,-1.21,48,NORMAL
FUND000060,KR5153420105,CLASS000771,C-PI,class_return,2,23.12.01~24.11.30,9.83,48,NORMAL
FUND000060,KR5153420105,CLASS000771,C-PI,class_return,3,22.12.01~23.11.30,5.77,48,NORMAL
FUND000060,KR5153420105,CLASS000771,C-PI,class_return,4,21.12.01~22.11.30,-7.56,48,NORMAL
FUND000060,KR5153420105,CLASS000771,C-PI,class_return,5,20.12.01~21.11.30,-2.19,48,NORMAL
FUND000060,KR5153420105,,직판F,class_return,1,24.12.01~25.11.30,-1.2,48,NORMAL
FUND000060,KR5153420105,,직판F,class_return,2,23.12.01~24.11.30,9.84,48,NORMAL
FUND000060,KR5153420105,,직판F,class_return,3,22.12.01~23.11.30,5.78,48,NORMAL
FUND000060,KR5153420105,,직판F,class_return,4,21.12.01~22.11.30,-7.55,48,NORMAL
FUND000060,KR5153420105,,직판F,class_return,5,20.12.01~21.11.30,-2.18,48,NORMAL
FUND000060,KR5153420105,CLASS000772,I,class_return,3,22.12.01~23.11.30,1.36,48,NORMAL
FUND000060,KR5153420105,CLASS000773,S,class_return,1,24.12.01~25.11.30,-1.35,48,NORMAL
FUND000060,KR5153420105,CLASS000773,S,class_return,2,23.12.01~24.11.30,9.68,48,NORMAL
FUND000060,KR5153420105,CLASS000773,S,class_return,3,22.12.01~23.11.30,5.62,48,NORMAL
FUND000060,KR5153420105,CLASS000773,S,class_return,4,21.12.01~22.11.30,-7.69,48,NORMAL
FUND000060,KR5153420105,CLASS000773,S,class_return,5,20.12.01~21.11.30,-2.32,48,NORMAL
FUND000060,KR5153420105,,,fund,1,24.12.01~25.11.30,-1.04,48,NORMAL
FUND000060,KR5153420105,,,fund,2,23.12.01~24.11.30,10.01,48,NORMAL
FUND000060,KR5153420105,,,fund,3,22.12.01~23.11.30,5.95,48,NORMAL
FUND000060,KR5153420105,,,fund,4,21.12.01~22.11.30,-7.4,48,NORMAL
FUND000060,KR5153420105,,,fund,5,20.12.01~21.11.30,-2.02,48,NORMAL
FUND000060,KR5153420105,,,benchmark,1,24.12.01~25.11.30,-1.22,48,NORMAL
FUND000060,KR5153420105,,,benchmark,2,23.12.01~24.11.30,9.93,48,NORMAL
FUND000060,KR5153420105,,,benchmark,3,22.12.01~23.11.30,5.36,48,NORMAL
FUND000060,KR5153420105,,,benchmark,4,21.12.01~22.11.30,-7.53,48,NORMAL
FUND000060,KR5153420105,,,benchmark,5,20.12.01~21.11.30,-1.91,48,NORMAL
FUND000061,KR5153420318,CLASS000775,A-e,class_return,1,24.10.01~25.09.30,1.06,49,NORMAL
FUND000061,KR5153420318,CLASS000778,C-e,class_return,1,24.10.01~25.09.30,0.86,50,NORMAL
FUND000061,KR5153420318,CLASS000781,F,class_return,1,24.10.01~25.09.30,1.36,50,NORMAL
FUND000061,KR5153420318,CLASS000784,C-Pe,class_return,1,24.10.01~25.09.30,1.17,50,NORMAL
FUND000061,KR5153420318,CLASS000786,C-P2e,class_return,1,24.10.01~25.09.30,1.18,50,NORMAL
FUND000061,KR5153420318,,,fund,1,24.10.01~25.09.30,1.72,50,NORMAL
FUND000061,KR5153420318,,,benchmark,1,24.10.01~25.09.30,4.24,50,NORMAL
FUND000063,KR5153450009,CLASS000800,C,class_return,1,24.03.01~25.02.28,-1.58,34,NORMAL
FUND000063,KR5153450009,CLASS000800,C,class_return,2,23.03.01~24.02.29,4.68,34,NORMAL
FUND000063,KR5153450009,CLASS000800,C,class_return,3,22.03.01~23.02.28,-10.09,34,NORMAL
FUND000063,KR5153450009,CLASS000800,C,class_return,4,21.03.01~22.02.28,-9.64,34,NORMAL
FUND000063,KR5153450009,CLASS000800,C,class_return,5,20.03.01~21.02.28,56.72,34,NORMAL
FUND000063,KR5153450009,CLASS000802,C-P2e,class_return,1,24.03.01~25.02.28,-1.33,34,NORMAL
FUND000063,KR5153450009,CLASS000802,C-P2e,class_return,2,23.03.01~24.02.29,4.94,34,NORMAL
FUND000063,KR5153450009,CLASS000802,C-P2e,class_return,3,22.03.01~23.02.28,-9.87,34,NORMAL
FUND000063,KR5153450009,CLASS000802,C-P2e,class_return,4,21.03.01~22.02.28,-9.4,34,NORMAL
FUND000063,KR5153450009,CLASS000802,C-P2e,class_return,5,20.03.01~21.02.28,57.08,34,NORMAL
FUND000063,KR5153450009,,,fund,1,24.03.01~25.02.28,-0.63,34,NORMAL
FUND000063,KR5153450009,,,fund,2,23.03.01~24.02.29,5.67,34,NORMAL
FUND000063,KR5153450009,,,fund,3,22.03.01~23.02.28,-9.25,34,NORMAL
FUND000063,KR5153450009,,,fund,4,21.03.01~22.02.28,-8.75,34,NORMAL
FUND000063,KR5153450009,,,fund,5,20.03.01~21.02.28,58.13,34,NORMAL
FUND000063,KR5153450009,,,benchmark,1,24.03.01~25.02.28,-4.15,34,NORMAL
FUND000063,KR5153450009,,,benchmark,2,23.03.01~24.02.29,9.51,34,NORMAL
FUND000063,KR5153450009,,,benchmark,3,22.03.01~23.02.28,-10.61,34,NORMAL
FUND000063,KR5153450009,,,benchmark,4,21.03.01~22.02.28,-10.41,34,NORMAL
FUND000063,KR5153450009,,,benchmark,5,20.03.01~21.02.28,51.63,34,NORMAL
FUND000064,KR5153450112,CLASS000803,C,class_return,1,24.05.01~25.04.30,-2.57,70,NORMAL
FUND000064,KR5153450112,CLASS000803,C,class_return,2,23.05.01~24.04.30,13.81,70,NORMAL
FUND000064,KR5153450112,CLASS000803,C,class_return,3,22.05.01~23.04.30,-6.16,70,NORMAL
FUND000064,KR5153450112,CLASS000803,C,class_return,4,21.05.01~22.04.30,-12.42,70,NORMAL
FUND000064,KR5153450112,CLASS000803,C,class_return,5,20.05.01~21.04.30,59.06,70,NORMAL
FUND000064,KR5153450112,CLASS000804,C-e,class_return,1,24.05.01~25.04.30,-2.1,70,NORMAL
FUND000064,KR5153450112,CLASS000804,C-e,class_return,2,23.05.01~24.04.30,14.34,70,NORMAL
FUND000064,KR5153450112,CLASS000804,C-e,class_return,3,22.05.01~23.04.30,-5.69,70,NORMAL
FUND000064,KR5153450112,CLASS000804,C-e,class_return,4,21.05.01~22.04.30,-12.0,70,NORMAL
FUND000064,KR5153450112,CLASS000804,C-e,class_return,5,20.05.01~21.04.30,59.78,70,NORMAL
FUND000064,KR5153450112,,,fund,1,24.05.01~25.04.30,-1.04,70,NORMAL
FUND000064,KR5153450112,,,fund,2,23.05.01~24.04.30,15.52,70,NORMAL
FUND000064,KR5153450112,,,fund,3,22.05.01~23.04.30,-4.63,70,NORMAL
FUND000064,KR5153450112,,,fund,4,21.05.01~22.04.30,-11.06,70,NORMAL
FUND000064,KR5153450112,,,fund,5,20.05.01~21.04.30,61.42,70,NORMAL
FUND000064,KR5153450112,,,benchmark,1,24.05.01~25.04.30,-5.03,70,NORMAL
FUND000064,KR5153450112,,,benchmark,2,23.05.01~24.04.30,7.62,70,NORMAL
FUND000064,KR5153450112,,,benchmark,3,22.05.01~23.04.30,-7.18,70,NORMAL
FUND000064,KR5153450112,,,benchmark,4,21.05.01~22.04.30,-14.38,70,NORMAL
FUND000064,KR5153450112,,,benchmark,5,20.05.01~21.04.30,61.63,70,NORMAL
FUND000065,KR5153450209,CLASS000805,C,class_return,1,24.07.01~25.06.30,5.76,34,NORMAL
FUND000065,KR5153450209,CLASS000805,C,class_return,2,23.07.01~24.06.30,11.42,34,NORMAL
FUND000065,KR5153450209,CLASS000805,C,class_return,3,22.07.01~23.06.30,7.21,34,NORMAL
FUND000065,KR5153450209,CLASS000805,C,class_return,4,21.07.01~22.06.30,-15.59,34,NORMAL
FUND000065,KR5153450209,CLASS000805,C,class_return,5,20.07.01~21.06.30,62.99,34,NORMAL
FUND000065,KR5153450209,CLASS000806,C-P2e,class_return,1,24.07.01~25.06.30,6.18,34,NORMAL
FUND000065,KR5153450209,CLASS000806,C-P2e,class_return,2,23.07.01~24.06.30,11.88,34,NORMAL
FUND000065,KR5153450209,CLASS000806,C-P2e,class_return,3,22.07.01~23.06.30,7.64,34,NORMAL
FUND000065,KR5153450209,CLASS000806,C-P2e,class_return,4,21.07.01~22.06.30,-15.24,34,NORMAL
FUND000065,KR5153450209,CLASS000806,C-P2e,class_return,5,20.07.01~21.06.30,63.61,34,NORMAL
FUND000065,KR5153450209,,,fund,1,24.07.01~25.06.30,7.02,34,NORMAL
FUND000065,KR5153450209,,,fund,2,23.07.01~24.06.30,12.77,34,NORMAL
FUND000065,KR5153450209,,,fund,3,22.07.01~23.06.30,8.5,34,NORMAL
FUND000065,KR5153450209,,,fund,4,21.07.01~22.06.30,-14.54,34,NORMAL
FUND000065,KR5153450209,,,fund,5,20.07.01~21.06.30,64.84,34,NORMAL
FUND000065,KR5153450209,,,benchmark,1,24.07.01~25.06.30,9.79,34,NORMAL
FUND000065,KR5153450209,,,benchmark,2,23.07.01~24.06.30,9.11,34,NORMAL
FUND000065,KR5153450209,,,benchmark,3,22.07.01~23.06.30,9.93,34,NORMAL
FUND000065,KR5153450209,,,benchmark,4,21.07.01~22.06.30,-29.24,34,NORMAL
FUND000065,KR5153450209,,,benchmark,5,20.07.01~21.06.30,56.36,34,NORMAL
FUND000066,KR5153450250,CLASS000809,C,class_return,1,24.09.01~25.08.31,17.69,34,NORMAL
FUND000066,KR5153450250,CLASS000809,C,class_return,2,23.09.01~24.08.31,14.22,34,NORMAL
FUND000066,KR5153450250,CLASS000809,C,class_return,3,22.09.01~23.08.31,5.19,34,NORMAL
FUND000066,KR5153450250,CLASS000809,C,class_return,4,21.09.01~22.08.31,-15.76,34,NORMAL
FUND000066,KR5153450250,CLASS000809,C,class_return,5,20.09.01~21.08.31,34.82,34,NORMAL
FUND000066,KR5153450250,CLASS000810,C-P2e,class_return,1,24.09.01~25.08.31,18.16,34,NORMAL
FUND000066,KR5153450250,CLASS000810,C-P2e,class_return,2,23.09.01~24.08.31,14.67,34,NORMAL
FUND000066,KR5153450250,CLASS000810,C-P2e,class_return,3,22.09.01~23.08.31,5.63,34,NORMAL
FUND000066,KR5153450250,CLASS000810,C-P2e,class_return,4,21.09.01~22.08.31,-15.41,34,NORMAL
FUND000066,KR5153450250,CLASS000810,C-P2e,class_return,5,20.09.01~21.08.31,35.34,34,NORMAL
FUND000066,KR5153450250,,,fund,1,24.09.01~25.08.31,19.09,34,NORMAL
FUND000066,KR5153450250,,,fund,2,23.09.01~24.08.31,15.56,34,NORMAL
FUND000066,KR5153450250,,,fund,3,22.09.01~23.08.31,6.48,34,NORMAL
FUND000066,KR5153450250,,,fund,4,21.09.01~22.08.31,-14.71,34,NORMAL
FUND000066,KR5153450250,,,fund,5,20.09.01~21.08.31,36.39,34,NORMAL
FUND000066,KR5153450250,,,benchmark,1,24.09.01~25.08.31,19.13,34,NORMAL
FUND000066,KR5153450250,,,benchmark,2,23.09.01~24.08.31,4.62,34,NORMAL
FUND000066,KR5153450250,,,benchmark,3,22.09.01~23.08.31,3.41,34,NORMAL
FUND000066,KR5153450250,,,benchmark,4,21.09.01~22.08.31,-22.73,34,NORMAL
FUND000066,KR5153450250,,,benchmark,5,20.09.01~21.08.31,37.53,34,NORMAL
FUND000067,KR5153450268,CLASS000812,A,class_return,1,24.12.01~25.11.30,18.56,49,NORMAL
FUND000067,KR5153450268,CLASS000812,A,class_return,2,23.12.01~24.11.30,-1.99,49,NORMAL
FUND000067,KR5153450268,CLASS000812,A,class_return,3,22.12.01~23.11.30,6.79,49,NORMAL
FUND000067,KR5153450268,CLASS000812,A,class_return,4,21.12.01~22.11.30,-0.68,49,NORMAL
FUND000067,KR5153450268,CLASS000812,A,class_return,5,20.12.01~21.11.30,15.91,49,NORMAL
FUND000067,KR5153450268,CLASS000813,A-e,class_return,1,24.12.01~25.11.30,18.88,49,NORMAL
FUND000067,KR5153450268,CLASS000813,A-e,class_return,2,23.12.01~24.11.30,-1.72,49,NORMAL
FUND000067,KR5153450268,CLASS000813,A-e,class_return,3,22.12.01~23.11.30,7.08,49,NORMAL
FUND000067,KR5153450268,CLASS000813,A-e,class_return,4,21.12.01~22.11.30,-0.4,49,NORMAL
FUND000067,KR5153450268,CLASS000813,A-e,class_return,5,20.12.01~21.11.30,16.23,49,NORMAL
FUND000067,KR5153450268,CLASS000815,C1,class_return,2,23.12.01~24.11.30,-2.72,49,NORMAL
FUND000067,KR5153450268,CLASS000815,C1,class_return,3,22.12.01~23.11.30,5.99,49,NORMAL
FUND000067,KR5153450268,CLASS000815,C1,class_return,4,21.12.01~22.11.30,-1.41,49,NORMAL
FUND000067,KR5153450268,CLASS000815,C1,class_return,5,20.12.01~21.11.30,15.06,49,NORMAL
FUND000067,KR5153450268,CLASS000816,C2,class_return,1,24.12.01~25.11.30,17.94,49,NORMAL
FUND000067,KR5153450268,CLASS000816,C2,class_return,2,23.12.01~24.11.30,-2.43,49,NORMAL
FUND000067,KR5153450268,CLASS000816,C2,class_return,3,22.12.01~23.11.30,6.22,49,NORMAL
FUND000067,KR5153450268,CLASS000816,C2,class_return,4,21.12.01~22.11.30,-1.2,49,NORMAL
FUND000067,KR5153450268,CLASS000816,C2,class_return,5,20.12.01~21.11.30,4.78,49,NORMAL
FUND000067,KR5153450268,CLASS000817,C3,class_return,1,24.12.01~25.11.30,18.21,49,NORMAL
FUND000067,KR5153450268,CLASS000817,C3,class_return,2,23.12.01~24.11.30,-2.34,49,NORMAL
FUND000067,KR5153450268,CLASS000817,C3,class_return,3,22.12.01~23.11.30,6.44,49,NORMAL
FUND000067,KR5153450268,CLASS000817,C3,class_return,4,21.12.01~22.11.30,-2.23,49,NORMAL
FUND000067,KR5153450268,CLASS000818,C4,class_return,1,24.12.01~25.11.30,18.37,49,NORMAL
FUND000067,KR5153450268,CLASS000818,C4,class_return,2,23.12.01~24.11.30,-2.15,49,NORMAL
FUND000067,KR5153450268,CLASS000818,C4,class_return,3,22.12.01~23.11.30,6.62,49,NORMAL
FUND000067,KR5153450268,CLASS000818,C4,class_return,4,21.12.01~22.11.30,-0.83,49,NORMAL
FUND000067,KR5153450268,CLASS000818,C4,class_return,5,20.12.01~21.11.30,15.73,49,NORMAL
FUND000067,KR5153450268,CLASS000819,C-e,class_return,1,24.12.01~25.11.30,18.61,49,NORMAL
FUND000067,KR5153450268,CLASS000819,C-e,class_return,2,23.12.01~24.11.30,-1.94,49,NORMAL
FUND000067,KR5153450268,CLASS000819,C-e,class_return,3,22.12.01~23.11.30,6.84,49,NORMAL
FUND000067,KR5153450268,CLASS000819,C-e,class_return,4,21.12.01~22.11.30,-0.63,49,NORMAL
FUND000067,KR5153450268,CLASS000819,C-e,class_return,5,20.12.01~21.11.30,15.97,49,NORMAL
FUND000067,KR5153450268,CLASS000821,F,class_return,1,24.12.01~25.11.30,19.17,49,NORMAL
FUND000067,KR5153450268,CLASS000821,F,class_return,2,23.12.01~24.11.30,-1.45,49,NORMAL
FUND000067,KR5153450268,CLASS000821,F,class_return,3,22.12.01~23.11.30,7.37,49,NORMAL
FUND000067,KR5153450268,CLASS000821,F,class_return,4,21.12.01~22.11.30,-0.13,49,NORMAL
FUND000067,KR5153450268,CLASS000821,F,class_return,5,20.12.01~21.11.30,16.54,49,NORMAL
FUND000067,KR5153450268,CLASS000822,S,class_return,1,24.12.01~25.11.30,18.94,50,NORMAL
FUND000067,KR5153450268,CLASS000822,S,class_return,2,23.12.01~24.11.30,-1.67,50,NORMAL
FUND000067,KR5153450268,CLASS000822,S,class_return,3,22.12.01~23.11.30,7.14,50,NORMAL
FUND000067,KR5153450268,CLASS000822,S,class_return,4,21.12.01~22.11.30,-0.35,50,NORMAL
FUND000067,KR5153450268,CLASS000822,S,class_return,5,20.12.01~21.11.30,16.52,50,NORMAL
FUND000067,KR5153450268,CLASS000825,C-P,class_return,1,24.12.01~25.11.30,18.11,50,NORMAL
FUND000067,KR5153450268,CLASS000825,C-P,class_return,2,23.12.01~24.11.30,-2.37,50,NORMAL
FUND000067,KR5153450268,CLASS000825,C-P,class_return,3,22.12.01~23.11.30,6.38,50,NORMAL
FUND000067,KR5153450268,CLASS000825,C-P,class_return,4,21.12.01~22.11.30,-1.06,50,NORMAL
FUND000067,KR5153450268,CLASS000825,C-P,class_return,5,20.12.01~21.11.30,15.47,50,NORMAL
FUND000067,KR5153450268,CLASS000826,C-Pe,class_return,1,24.12.01~25.11.30,18.65,50,NORMAL
FUND000067,KR5153450268,CLASS000826,C-Pe,class_return,2,23.12.01~24.11.30,-1.92,50,NORMAL
FUND000067,KR5153450268,CLASS000826,C-Pe,class_return,3,22.12.01~23.11.30,6.87,50,NORMAL
FUND000067,KR5153450268,CLASS000826,C-Pe,class_return,4,21.12.01~22.11.30,-0.6,50,NORMAL
FUND000067,KR5153450268,CLASS000826,C-Pe,class_return,5,20.12.01~21.11.30,16.0,50,NORMAL
FUND000067,KR5153450268,CLASS000828,C-P2e,class_return,1,24.12.01~25.11.30,18.77,50,NORMAL
FUND000067,KR5153450268,CLASS000828,C-P2e,class_return,2,23.12.01~24.11.30,-1.82,50,NORMAL
FUND000067,KR5153450268,CLASS000828,C-P2e,class_return,3,22.12.01~23.11.30,6.98,50,NORMAL
FUND000067,KR5153450268,CLASS000828,C-P2e,class_return,4,21.12.01~22.11.30,-0.5,50,NORMAL
FUND000067,KR5153450268,CLASS000828,C-P2e,class_return,5,20.12.01~21.11.30,13.3,50,NORMAL
FUND000067,KR5153450268,,,fund,1,24.12.01~25.11.30,19.9,50,NORMAL
FUND000067,KR5153450268,,,fund,2,23.12.01~24.11.30,-0.86,50,NORMAL
FUND000067,KR5153450268,,,fund,3,22.12.01~23.11.30,8.01,50,NORMAL
FUND000067,KR5153450268,,,fund,4,21.12.01~22.11.30,0.47,50,NORMAL
FUND000067,KR5153450268,,,fund,5,20.12.01~21.11.30,17.23,50,NORMAL
FUND000067,KR5153450268,,,benchmark,1,24.12.01~25.11.30,17.74,50,NORMAL
FUND000067,KR5153450268,,,benchmark,2,23.12.01~24.11.30,2.54,50,NORMAL
FUND000067,KR5153450268,,,benchmark,3,22.12.01~23.11.30,3.92,50,NORMAL
FUND000067,KR5153450268,,,benchmark,4,21.12.01~22.11.30,-3.73,50,NORMAL
FUND000067,KR5153450268,,,benchmark,5,20.12.01~21.11.30,3.31,50,NORMAL
FUND000068,KR5153450431,CLASS000829,C,class_return,1,24.07.01~25.06.30,9.92,46,NORMAL
FUND000068,KR5153450431,CLASS000829,C,class_return,2,23.07.01~24.06.30,15.94,46,NORMAL
FUND000068,KR5153450431,CLASS000829,C,class_return,3,22.07.01~23.06.30,10.55,46,NORMAL
FUND000068,KR5153450431,CLASS000829,C,class_return,4,21.07.01~22.06.30,-29.17,46,NORMAL
FUND000068,KR5153450431,CLASS000829,C,class_return,5,20.07.01~21.06.30,58.91,46,NORMAL
FUND000068,KR5153450431,CLASS000830,C-e,class_return,1,24.07.01~25.06.30,10.27,46,NORMAL
FUND000068,KR5153450431,CLASS000830,C-e,class_return,2,23.07.01~24.06.30,16.31,46,NORMAL
FUND000068,KR5153450431,CLASS000830,C-e,class_return,3,22.07.01~23.06.30,10.89,46,NORMAL
FUND000068,KR5153450431,CLASS000830,C-e,class_return,4,21.07.01~22.06.30,-28.88,46,NORMAL
FUND000068,KR5153450431,CLASS000830,C-e,class_return,5,20.07.01~21.06.30,59.57,46,NORMAL
FUND000068,KR5153450431,,,fund,1,24.07.01~25.06.30,10.82,46,NORMAL
FUND000068,KR5153450431,,,fund,2,23.07.01~24.06.30,16.87,46,NORMAL
FUND000068,KR5153450431,,,fund,3,22.07.01~23.06.30,11.42,46,NORMAL
FUND000068,KR5153450431,,,fund,4,21.07.01~22.06.30,-28.37,46,NORMAL
FUND000068,KR5153450431,,,fund,5,20.07.01~21.06.30,60.82,46,NORMAL
FUND000068,KR5153450431,,,benchmark,1,24.07.01~25.06.30,7.96,46,NORMAL
FUND000068,KR5153450431,,,benchmark,2,23.07.01~24.06.30,13.63,46,NORMAL
FUND000068,KR5153450431,,,benchmark,3,22.07.01~23.06.30,10.01,46,NORMAL
FUND000068,KR5153450431,,,benchmark,4,21.07.01~22.06.30,-30.0,46,NORMAL
FUND000068,KR5153450431,,,benchmark,5,20.07.01~21.06.30,56.68,46,NORMAL
FUND000069,KR5153450658,CLASS000831,A,class_return,1,24.11.01~25.10.31,2.91,50,NORMAL
FUND000069,KR5153450658,CLASS000831,A,class_return,2,23.11.01~24.10.31,4.01,50,NORMAL
FUND000069,KR5153450658,CLASS000831,A,class_return,3,22.11.01~23.10.31,5.46,50,NORMAL
FUND000069,KR5153450658,CLASS000831,A,class_return,4,21.11.01~22.10.31,0.39,50,NORMAL
FUND000069,KR5153450658,CLASS000831,A,class_return,5,20.11.01~21.10.31,0.08,50,NORMAL
FUND000069,KR5153450658,CLASS000832,A-e,class_return,1,24.11.01~25.10.31,3.0,50,NORMAL
FUND000069,KR5153450658,CLASS000832,A-e,class_return,2,23.11.01~24.10.31,4.1,50,NORMAL
FUND000069,KR5153450658,CLASS000832,A-e,class_return,3,22.11.01~23.10.31,5.55,50,NORMAL
FUND000069,KR5153450658,CLASS000832,A-e,class_return,4,21.11.01~22.10.31,0.49,50,NORMAL
FUND000069,KR5153450658,CLASS000832,A-e,class_return,5,20.11.01~21.10.31,0.17,50,NORMAL
FUND000069,KR5153450658,CLASS000837,C4,class_return,1,24.11.01~25.10.31,3.22,50,NORMAL
FUND000069,KR5153450658,CLASS000837,C4,class_return,2,23.11.01~24.10.31,4.33,50,NORMAL
FUND000069,KR5153450658,CLASS000837,C4,class_return,3,22.11.01~23.10.31,5.76,50,NORMAL
FUND000069,KR5153450658,CLASS000837,C4,class_return,4,21.11.01~22.10.31,0.71,50,NORMAL
FUND000069,KR5153450658,CLASS000837,C4,class_return,5,20.11.01~21.10.31,-0.02,50,NORMAL
FUND000069,KR5153450658,CLASS000838,C-e,class_return,1,24.11.01~25.10.31,2.93,50,NORMAL
FUND000069,KR5153450658,CLASS000838,C-e,class_return,2,23.11.01~24.10.31,4.29,50,NORMAL
FUND000069,KR5153450658,CLASS000838,C-e,class_return,3,22.11.01~23.10.31,5.73,50,NORMAL
FUND000069,KR5153450658,CLASS000838,C-e,class_return,4,21.11.01~22.10.31,0.66,50,NORMAL
FUND000069,KR5153450658,CLASS000838,C-e,class_return,5,20.11.01~21.10.31,0.41,50,NORMAL
FUND000069,KR5153450658,CLASS000841,F,class_return,4,21.11.01~22.10.31,0.59,50,NORMAL
FUND000069,KR5153450658,CLASS000841,F,class_return,5,20.11.01~21.10.31,0.27,50,NORMAL
FUND000069,KR5153450658,CLASS000842,S,class_return,1,24.11.01~25.10.31,3.02,51,NORMAL
FUND000069,KR5153450658,CLASS000842,S,class_return,2,23.11.01~24.10.31,4.12,51,NORMAL
FUND000069,KR5153450658,CLASS000842,S,class_return,3,22.11.01~23.10.31,5.57,51,NORMAL
FUND000069,KR5153450658,CLASS000842,S,class_return,4,21.11.01~22.10.31,0.51,51,NORMAL
FUND000069,KR5153450658,CLASS000842,S,class_return,5,20.11.01~21.10.31,0.18,51,NORMAL
FUND000069,KR5153450658,CLASS000843,C-P,class_return,1,24.11.01~25.10.31,2.83,51,NORMAL
FUND000069,KR5153450658,CLASS000843,C-P,class_return,2,23.11.01~24.10.31,3.93,51,NORMAL
FUND000069,KR5153450658,CLASS000843,C-P,class_return,3,22.11.01~23.10.31,5.36,51,NORMAL
FUND000069,KR5153450658,CLASS000843,C-P,class_return,4,21.11.01~22.10.31,0.3,51,NORMAL
FUND000069,KR5153450658,CLASS000843,C-P,class_return,5,20.11.01~21.10.31,-0.01,51,NORMAL
FUND000069,KR5153450658,CLASS000844,C-Pe,class_return,1,24.11.01~25.10.31,2.96,51,NORMAL
FUND000069,KR5153450658,CLASS000844,C-Pe,class_return,2,23.11.01~24.10.31,4.06,51,NORMAL
FUND000069,KR5153450658,CLASS000844,C-Pe,class_return,3,22.11.01~23.10.31,5.51,51,NORMAL
FUND000069,KR5153450658,CLASS000844,C-Pe,class_return,4,21.11.01~22.10.31,0.44,51,NORMAL
FUND000069,KR5153450658,CLASS000844,C-Pe,class_return,5,20.11.01~21.10.31,0.13,51,NORMAL
FUND000069,KR5153450658,CLASS000845,C-P2,class_return,1,24.11.01~25.10.31,2.84,51,NORMAL
FUND000069,KR5153450658,CLASS000845,C-P2,class_return,2,23.11.01~24.10.31,3.94,51,NORMAL
FUND000069,KR5153450658,CLASS000845,C-P2,class_return,3,22.11.01~23.10.31,5.38,51,NORMAL
FUND000069,KR5153450658,CLASS000845,C-P2,class_return,4,21.11.01~22.10.31,0.33,51,NORMAL
FUND000069,KR5153450658,CLASS000845,C-P2,class_return,5,20.11.01~21.10.31,0.01,51,NORMAL
FUND000069,KR5153450658,CLASS000846,C-P2e,class_return,1,24.11.01~25.10.31,2.97,51,NORMAL
FUND000069,KR5153450658,CLASS000846,C-P2e,class_return,2,23.11.01~24.10.31,4.07,51,NORMAL
FUND000069,KR5153450658,CLASS000846,C-P2e,class_return,3,22.11.01~23.10.31,5.52,51,NORMAL
FUND000069,KR5153450658,CLASS000846,C-P2e,class_return,4,21.11.01~22.10.31,0.45,51,NORMAL
FUND000069,KR5153450658,CLASS000846,C-P2e,class_return,5,20.11.01~21.10.31,0.14,51,NORMAL
FUND000069,KR5153450658,,,fund,1,24.11.01~25.10.31,3.23,51,NORMAL
FUND000069,KR5153450658,,,fund,2,23.11.01~24.10.31,4.33,51,NORMAL
FUND000069,KR5153450658,,,fund,3,22.11.01~23.10.31,5.78,51,NORMAL
FUND000069,KR5153450658,,,fund,4,21.11.01~22.10.31,0.71,51,NORMAL
FUND000069,KR5153450658,,,fund,5,20.11.01~21.10.31,0.39,51,NORMAL
FUND000069,KR5153450658,,,benchmark,1,24.11.01~25.10.31,2.86,51,NORMAL
FUND000069,KR5153450658,,,benchmark,2,23.11.01~24.10.31,3.86,51,NORMAL
FUND000069,KR5153450658,,,benchmark,3,22.11.01~23.10.31,3.93,51,NORMAL
FUND000069,KR5153450658,,,benchmark,4,21.11.01~22.10.31,0.86,51,NORMAL
FUND000069,KR5153450658,,,benchmark,5,20.11.01~21.10.31,0.54,51,NORMAL
FUND000070,KR5153450772,CLASS000847,A,class_return,1,24.05.01~25.04.30,-22.21,49,NORMAL
FUND000070,KR5153450772,CLASS000847,A,class_return,2,23.05.01~24.04.30,-8.52,49,NORMAL
FUND000070,KR5153450772,CLASS000847,A,class_return,3,22.05.01~23.04.30,11.73,49,NORMAL
FUND000070,KR5153450772,CLASS000847,A,class_return,4,21.05.01~22.04.30,-12.57,49,NORMAL
FUND000070,KR5153450772,CLASS000847,A,class_return,5,20.05.01~21.04.30,101.11,49,NORMAL
FUND000070,KR5153450772,CLASS000848,A-e,class_return,1,24.05.01~25.04.30,-22.07,49,NORMAL
FUND000070,KR5153450772,CLASS000848,A-e,class_return,2,23.05.01~24.04.30,-8.35,49,NORMAL
FUND000070,KR5153450772,CLASS000848,A-e,class_return,3,22.05.01~23.04.30,11.93,49,NORMAL
FUND000070,KR5153450772,CLASS000848,A-e,class_return,4,21.05.01~22.04.30,-12.41,49,NORMAL
FUND000070,KR5153450772,CLASS000850,C,class_return,1,24.05.01~25.04.30,-22.61,49,NORMAL
FUND000070,KR5153450772,CLASS000850,C,class_return,2,23.05.01~24.04.30,-9.0,49,NORMAL
FUND000070,KR5153450772,CLASS000850,C,class_return,3,22.05.01~23.04.30,11.19,49,NORMAL
FUND000070,KR5153450772,CLASS000850,C,class_return,4,21.05.01~22.04.30,-13.02,49,NORMAL
FUND000070,KR5153450772,CLASS000850,C,class_return,5,20.05.01~21.04.30,100.17,49,NORMAL
FUND000070,KR5153450772,CLASS000851,C-e,class_return,1,24.05.01~25.04.30,-22.27,49,NORMAL
FUND000070,KR5153450772,CLASS000851,C-e,class_return,2,23.05.01~24.04.30,-8.59,49,NORMAL
FUND000070,KR5153450772,CLASS000851,C-e,class_return,3,22.05.01~23.04.30,11.66,49,NORMAL
FUND000070,KR5153450772,CLASS000851,C-e,class_return,4,21.05.01~22.04.30,-12.63,49,NORMAL
FUND000070,KR5153450772,CLASS000851,C-e,class_return,5,20.05.01~21.04.30,100.59,49,NORMAL
FUND000070,KR5153450772,CLASS000852,C-I,class_return,4,21.05.01~22.04.30,-12.28,49,NORMAL
FUND000070,KR5153450772,CLASS000854,C-P,class_return,1,24.05.01~25.04.30,-22.48,49,NORMAL
FUND000070,KR5153450772,CLASS000854,C-P,class_return,2,23.05.01~24.04.30,-8.84,49,NORMAL
FUND000070,KR5153450772,CLASS000854,C-P,class_return,3,22.05.01~23.04.30,11.37,49,NORMAL
FUND000070,KR5153450772,CLASS000854,C-P,class_return,4,21.05.01~22.04.30,-12.86,49,NORMAL
FUND000070,KR5153450772,CLASS000855,C-Pe,class_return,1,24.05.01~25.04.30,-22.2,50,NORMAL
FUND000070,KR5153450772,CLASS000855,C-Pe,class_return,2,23.05.01~24.04.30,-8.51,50,NORMAL
FUND000070,KR5153450772,CLASS000855,C-Pe,class_return,3,22.05.01~23.04.30,11.74,50,NORMAL
FUND000070,KR5153450772,CLASS000855,C-Pe,class_return,4,21.05.01~22.04.30,-12.56,50,NORMAL
FUND000070,KR5153450772,CLASS000856,C-P2,class_return,1,24.05.01~25.04.30,-22.36,50,NORMAL
FUND000070,KR5153450772,CLASS000856,C-P2,class_return,2,23.05.01~24.04.30,-8.71,50,NORMAL
FUND000070,KR5153450772,CLASS000856,C-P2,class_return,3,22.05.01~23.04.30,11.53,50,NORMAL
FUND000070,KR5153450772,CLASS000856,C-P2,class_return,4,21.05.01~22.04.30,-12.74,50,NORMAL
FUND000070,KR5153450772,CLASS000857,C-P2e,class_return,1,24.05.01~25.04.30,-22.15,50,NORMAL
FUND000070,KR5153450772,CLASS000857,C-P2e,class_return,2,23.05.01~24.04.30,-8.45,50,NORMAL
FUND000070,KR5153450772,CLASS000857,C-P2e,class_return,3,22.05.01~23.04.30,11.82,50,NORMAL
FUND000070,KR5153450772,CLASS000857,C-P2e,class_return,4,21.05.01~22.04.30,-12.5,50,NORMAL
FUND000070,KR5153450772,CLASS000858,S,class_return,1,24.05.01~25.04.30,-22.06,50,NORMAL
FUND000070,KR5153450772,CLASS000858,S,class_return,2,23.05.01~24.04.30,-8.34,50,NORMAL
FUND000070,KR5153450772,CLASS000858,S,class_return,3,22.05.01~23.04.30,11.94,50,NORMAL
FUND000070,KR5153450772,CLASS000858,S,class_return,4,21.05.01~22.04.30,-12.4,50,NORMAL
FUND000070,KR5153450772,,,fund,1,24.05.01~25.04.30,-21.65,50,NORMAL
FUND000070,KR5153450772,,,fund,2,23.05.01~24.04.30,-7.85,50,NORMAL
FUND000070,KR5153450772,,,fund,3,22.05.01~23.04.30,12.5,50,NORMAL
FUND000070,KR5153450772,,,fund,4,21.05.01~22.04.30,-11.94,50,NORMAL
FUND000070,KR5153450772,,,fund,5,20.05.01~21.04.30,102.46,50,NORMAL
FUND000070,KR5153450772,,,benchmark,1,24.05.01~25.04.30,-22.63,50,NORMAL
FUND000070,KR5153450772,,,benchmark,2,23.05.01~24.04.30,-9.36,50,NORMAL
FUND000070,KR5153450772,,,benchmark,3,22.05.01~23.04.30,10.84,50,NORMAL
FUND000070,KR5153450772,,,benchmark,4,21.05.01~22.04.30,-13.87,50,NORMAL
FUND000070,KR5153450772,,,benchmark,5,20.05.01~21.04.30,103.75,50,NORMAL
FUND000071,KR5153450785,CLASS000859,A,class_return,1,25.01.01~25.12.31,105.32,48,NORMAL
FUND000071,KR5153450785,CLASS000859,A,class_return,2,24.01.01~24.12.31,-26.92,48,NORMAL
FUND000071,KR5153450785,CLASS000859,A,class_return,3,23.01.01~23.12.31,38.02,48,NORMAL
FUND000071,KR5153450785,CLASS000859,A,class_return,4,22.01.01~22.12.31,-36.05,48,NORMAL
FUND000071,KR5153450785,CLASS000859,A,class_return,5,21.01.01~21.12.31,19.58,48,NORMAL
FUND000071,KR5153450785,CLASS000860,A-e,class_return,1,25.01.01~25.12.31,105.95,48,NORMAL
FUND000071,KR5153450785,CLASS000860,A-e,class_return,2,24.01.01~24.12.31,-26.66,48,NORMAL
FUND000071,KR5153450785,CLASS000860,A-e,class_return,3,23.01.01~23.12.31,38.46,48,NORMAL
FUND000071,KR5153450785,CLASS000860,A-e,class_return,4,22.01.01~22.12.31,-35.81,48,NORMAL
FUND000071,KR5153450785,CLASS000860,A-e,class_return,5,21.01.01~21.12.31,19.96,48,NORMAL
FUND000071,KR5153450785,CLASS000861,AG,class_return,1,25.01.01~25.12.31,105.7,48,NORMAL
FUND000071,KR5153450785,CLASS000861,AG,class_return,2,24.01.01~24.12.31,-26.75,48,NORMAL
FUND000071,KR5153450785,CLASS000861,AG,class_return,3,23.01.01~23.12.31,38.3,48,NORMAL
FUND000071,KR5153450785,CLASS000861,AG,class_return,4,22.01.01~22.12.31,-35.9,48,NORMAL
FUND000071,KR5153450785,CLASS000861,AG,class_return,5,21.01.01~21.12.31,19.81,48,NORMAL
FUND000071,KR5153450785,CLASS000862,C,class_return,1,25.01.01~25.12.31,104.73,48,NORMAL
FUND000071,KR5153450785,CLASS000862,C,class_return,2,24.01.01~24.12.31,-27.15,48,NORMAL
FUND000071,KR5153450785,CLASS000862,C,class_return,3,23.01.01~23.12.31,37.59,48,NORMAL
FUND000071,KR5153450785,CLASS000862,C,class_return,4,22.01.01~22.12.31,-36.26,48,NORMAL
FUND000071,KR5153450785,CLASS000862,C,class_return,5,21.01.01~21.12.31,19.2,48,NORMAL
FUND000071,KR5153450785,CLASS000863,C-e,class_return,1,25.01.01~25.12.31,105.65,48,NORMAL
FUND000071,KR5153450785,CLASS000863,C-e,class_return,2,24.01.01~24.12.31,-26.78,48,NORMAL
FUND000071,KR5153450785,CLASS000863,C-e,class_return,3,23.01.01~23.12.31,38.25,48,NORMAL
FUND000071,KR5153450785,CLASS000863,C-e,class_return,4,22.01.01~22.12.31,-35.92,48,NORMAL
FUND000071,KR5153450785,CLASS000863,C-e,class_return,5,21.01.01~21.12.31,19.77,48,NORMAL
FUND000071,KR5153450785,CLASS000864,CG,class_return,1,25.01.01~25.12.31,105.28,48,NORMAL
FUND000071,KR5153450785,CLASS000864,CG,class_return,2,24.01.01~24.12.31,-26.93,48,NORMAL
FUND000071,KR5153450785,CLASS000864,CG,class_return,3,23.01.01~23.12.31,37.99,48,NORMAL
FUND000071,KR5153450785,CLASS000864,CG,class_return,4,22.01.01~22.12.31,-36.06,48,NORMAL
FUND000071,KR5153450785,CLASS000864,CG,class_return,5,21.01.01~21.12.31,19.56,48,NORMAL
FUND000071,KR5153450785,CLASS000866,F,class_return,1,25.01.01~25.12.31,106.63,48,NORMAL
FUND000071,KR5153450785,CLASS000866,F,class_return,2,24.01.01~24.12.31,-26.4,48,NORMAL
FUND000071,KR5153450785,CLASS000866,F,class_return,3,23.01.01~23.12.31,38.91,48,NORMAL
FUND000071,KR5153450785,CLASS000866,F,class_return,4,22.01.01~22.12.31,-35.58,48,NORMAL
FUND000071,KR5153450785,CLASS000866,F,class_return,5,21.01.01~21.12.31,20.36,48,NORMAL
FUND000071,KR5153450785,CLASS000867,S,class_return,1,25.01.01~25.12.31,105.97,49,NORMAL
FUND000071,KR5153450785,CLASS000867,S,class_return,2,24.01.01~24.12.31,-26.66,49,NORMAL
FUND000071,KR5153450785,CLASS000867,S,class_return,3,23.01.01~23.12.31,38.45,49,NORMAL
FUND000071,KR5153450785,CLASS000867,S,class_return,4,22.01.01~22.12.31,-35.82,49,NORMAL
FUND000071,KR5153450785,CLASS000867,S,class_return,5,21.01.01~21.12.31,19.95,49,NORMAL
FUND000071,KR5153450785,CLASS000868,C-P,class_return,1,25.01.01~25.12.31,105.09,49,NORMAL
FUND000071,KR5153450785,CLASS000868,C-P,class_return,2,24.01.01~24.12.31,-27.0,49,NORMAL
FUND000071,KR5153450785,CLASS000868,C-P,class_return,3,23.01.01~23.12.31,37.86,49,NORMAL
FUND000071,KR5153450785,CLASS000868,C-P,class_return,4,22.01.01~22.12.31,-36.13,49,NORMAL
FUND000071,KR5153450785,CLASS000868,C-P,class_return,5,21.01.01~21.12.31,19.43,49,NORMAL
FUND000071,KR5153450785,CLASS000869,C-Pe,class_return,1,25.01.01~25.12.31,105.83,49,NORMAL
FUND000071,KR5153450785,CLASS000869,C-Pe,class_return,2,24.01.01~24.12.31,-26.71,49,NORMAL
FUND000071,KR5153450785,CLASS000869,C-Pe,class_return,3,23.01.01~23.12.31,38.39,49,NORMAL
FUND000071,KR5153450785,CLASS000869,C-Pe,class_return,4,22.01.01~22.12.31,-35.85,49,NORMAL
FUND000071,KR5153450785,CLASS000869,C-Pe,class_return,5,21.01.01~21.12.31,19.89,49,NORMAL
FUND000071,KR5153450785,CLASS000870,C-P2,class_return,1,25.01.01~25.12.31,105.39,49,NORMAL
FUND000071,KR5153450785,CLASS000870,C-P2,class_return,2,24.01.01~24.12.31,-26.89,49,NORMAL
FUND000071,KR5153450785,CLASS000870,C-P2,class_return,3,23.01.01~23.12.31,38.07,49,NORMAL
FUND000071,KR5153450785,CLASS000870,C-P2,class_return,4,22.01.01~22.12.31,-36.02,49,NORMAL
FUND000071,KR5153450785,CLASS000870,C-P2,class_return,5,21.01.01~21.12.31,19.61,49,NORMAL
FUND000071,KR5153450785,CLASS000871,C-P2e,class_return,1,25.01.01~25.12.31,105.98,49,NORMAL
FUND000071,KR5153450785,CLASS000871,C-P2e,class_return,2,24.01.01~24.12.31,-26.65,49,NORMAL
FUND000071,KR5153450785,CLASS000871,C-P2e,class_return,3,23.01.01~23.12.31,38.49,49,NORMAL
FUND000071,KR5153450785,CLASS000871,C-P2e,class_return,4,22.01.01~22.12.31,-35.8,49,NORMAL
FUND000071,KR5153450785,CLASS000871,C-P2e,class_return,5,21.01.01~21.12.31,19.98,49,NORMAL
FUND000071,KR5153450785,,,fund,1,25.01.01~25.12.31,108.01,49,NORMAL
FUND000071,KR5153450785,,,fund,2,24.01.01~24.12.31,-25.84,49,NORMAL
FUND000071,KR5153450785,,,fund,3,23.01.01~23.12.31,39.92,49,NORMAL
FUND000071,KR5153450785,,,fund,4,22.01.01~22.12.31,-35.06,49,NORMAL
FUND000071,KR5153450785,,,fund,5,21.01.01~21.12.31,21.23,49,NORMAL
FUND000072,KR5153450791,CLASS000872,C,class_return,1,24.02.01~25.01.31,2.28,34,NORMAL
FUND000072,KR5153450791,CLASS000872,C,class_return,2,23.02.01~24.01.31,5.53,34,NORMAL
FUND000072,KR5153450791,CLASS000872,C,class_return,3,22.02.01~23.01.31,-10.16,34,NORMAL
FUND000072,KR5153450791,CLASS000872,C,class_return,4,21.02.01~22.01.31,-9.72,34,NORMAL
FUND000072,KR5153450791,CLASS000872,C,class_return,5,20.02.01~21.01.31,42.12,34,NORMAL
FUND000072,KR5153450791,CLASS000873,C-P2e,class_return,1,24.02.01~25.01.31,2.54,34,NORMAL
FUND000072,KR5153450791,CLASS000873,C-P2e,class_return,2,23.02.01~24.01.31,5.79,34,NORMAL
FUND000072,KR5153450791,CLASS000873,C-P2e,class_return,3,22.02.01~23.01.31,-9.94,34,NORMAL
FUND000072,KR5153450791,CLASS000873,C-P2e,class_return,4,21.02.01~22.01.31,-9.49,34,NORMAL
FUND000072,KR5153450791,CLASS000873,C-P2e,class_return,5,20.02.01~21.01.31,42.46,34,NORMAL
FUND000072,KR5153450791,,,fund,1,24.02.01~25.01.31,3.06,34,NORMAL
FUND000072,KR5153450791,,,fund,2,23.02.01~24.01.31,6.31,34,NORMAL
FUND000072,KR5153450791,,,fund,3,22.02.01~23.01.31,-9.5,34,NORMAL
FUND000072,KR5153450791,,,fund,4,21.02.01~22.01.31,-9.02,34,NORMAL
FUND000072,KR5153450791,,,fund,5,20.02.01~21.01.31,43.16,34,NORMAL
FUND000072,KR5153450791,,,benchmark,1,24.02.01~25.01.31,1.94,34,NORMAL
FUND000072,KR5153450791,,,benchmark,2,23.02.01~24.01.31,5.03,34,NORMAL
FUND000072,KR5153450791,,,benchmark,3,22.02.01~23.01.31,-11.69,34,NORMAL
FUND000072,KR5153450791,,,benchmark,4,21.02.01~22.01.31,-13.33,34,NORMAL
FUND000072,KR5153450791,,,benchmark,5,20.02.01~21.01.31,40.05,34,NORMAL
FUND000073,KR5153451009,CLASS000875,C-P,class_return,1,24.12.01~25.11.30,13.35,46,NORMAL
FUND000073,KR5153451009,CLASS000875,C-P,class_return,2,23.12.01~24.11.30,19.38,46,NORMAL
FUND000073,KR5153451009,CLASS000875,C-P,class_return,3,22.12.01~23.11.30,0.95,46,NORMAL
FUND000073,KR5153451009,CLASS000875,C-P,class_return,4,21.12.01~22.11.30,-12.77,46,NORMAL
FUND000073,KR5153451009,CLASS000875,C-P,class_return,5,20.12.01~21.11.30,-7.65,46,NORMAL
FUND000073,KR5153451009,CLASS000876,C-Pe,class_return,1,24.12.01~25.11.30,13.88,47,NORMAL
FUND000073,KR5153451009,CLASS000876,C-Pe,class_return,2,23.12.01~24.11.30,19.94,47,NORMAL
FUND000073,KR5153451009,CLASS000876,C-Pe,class_return,3,22.12.01~23.11.30,1.44,47,NORMAL
FUND000073,KR5153451009,CLASS000876,C-Pe,class_return,4,21.12.01~22.11.30,-12.35,47,NORMAL
FUND000073,KR5153451009,CLASS000876,C-Pe,class_return,5,20.12.01~21.11.30,-7.21,47,NORMAL
FUND000073,KR5153451009,CLASS000877,C-P2,class_return,1,24.12.01~25.11.30,13.47,47,NORMAL
FUND000073,KR5153451009,CLASS000877,C-P2,class_return,2,23.12.01~24.11.30,19.51,47,NORMAL
FUND000073,KR5153451009,CLASS000877,C-P2,class_return,3,22.12.01~23.11.30,1.06,47,NORMAL
FUND000073,KR5153451009,CLASS000877,C-P2,class_return,4,21.12.01~22.11.30,-12.67,47,NORMAL
FUND000073,KR5153451009,CLASS000877,C-P2,class_return,5,20.12.01~21.11.30,-7.55,47,NORMAL
FUND000073,KR5153451009,CLASS000878,C-P2e,class_return,1,24.12.01~25.11.30,13.95,47,NORMAL
FUND000073,KR5153451009,CLASS000878,C-P2e,class_return,2,23.12.01~24.11.30,20.01,47,NORMAL
FUND000073,KR5153451009,CLASS000878,C-P2e,class_return,3,22.12.01~23.11.30,1.5,47,NORMAL
FUND000073,KR5153451009,CLASS000878,C-P2e,class_return,4,21.12.01~22.11.30,-12.29,47,NORMAL
FUND000073,KR5153451009,CLASS000878,C-P2e,class_return,5,20.12.01~21.11.30,-7.15,47,NORMAL
FUND000073,KR5153451009,,,fund,1,24.12.01~25.11.30,15.22,47,NORMAL
FUND000073,KR5153451009,,,fund,2,23.12.01~24.11.30,21.36,47,NORMAL
FUND000073,KR5153451009,,,fund,3,22.12.01~23.11.30,2.68,47,NORMAL
FUND000073,KR5153451009,,,fund,4,21.12.01~22.11.30,-11.27,47,NORMAL
FUND000073,KR5153451009,,,fund,5,20.12.01~21.11.30,-6.08,47,NORMAL
FUND000073,KR5153451009,,,benchmark,1,24.12.01~25.11.30,32.39,47,NORMAL
FUND000073,KR5153451009,,,benchmark,2,23.12.01~24.11.30,27.24,47,NORMAL
FUND000073,KR5153451009,,,benchmark,3,22.12.01~23.11.30,1.43,47,NORMAL
FUND000073,KR5153451009,,,benchmark,4,21.12.01~22.11.30,-8.24,47,NORMAL
FUND000073,KR5153451009,,,benchmark,5,20.12.01~21.11.30,8.01,47,NORMAL
FUND000074,KR5153520012,CLASS000880,C,class_return,1,24.12.01~25.11.30,-1.89,38,NORMAL
FUND000074,KR5153520012,CLASS000880,C,class_return,2,23.12.01~24.11.30,10.71,38,NORMAL
FUND000074,KR5153520012,CLASS000880,C,class_return,3,22.12.01~23.11.30,7.65,38,NORMAL
FUND000074,KR5153520012,CLASS000880,C,class_return,4,21.12.01~22.11.30,-10.6,38,NORMAL
FUND000074,KR5153520012,CLASS000880,C,class_return,5,20.12.01~21.11.30,-2.52,38,NORMAL
FUND000074,KR5153520012,CLASS000881,C-P2e,class_return,1,24.12.01~25.11.30,-1.79,38,NORMAL
FUND000074,KR5153520012,CLASS000881,C-P2e,class_return,2,23.12.01~24.11.30,10.82,38,NORMAL
FUND000074,KR5153520012,CLASS000881,C-P2e,class_return,3,22.12.01~23.11.30,7.76,38,NORMAL
FUND000074,KR5153520012,CLASS000881,C-P2e,class_return,4,21.12.01~22.11.30,-10.51,38,NORMAL
FUND000074,KR5153520012,CLASS000881,C-P2e,class_return,5,20.12.01~21.11.30,-2.42,38,NORMAL
FUND000074,KR5153520012,CLASS000882,C-F,class_return,1,24.12.01~25.11.30,-1.69,38,NORMAL
FUND000074,KR5153520012,CLASS000882,C-F,class_return,2,23.12.01~24.11.30,10.93,38,NORMAL
FUND000074,KR5153520012,CLASS000882,C-F,class_return,3,22.12.01~23.11.30,7.86,38,NORMAL
FUND000074,KR5153520012,CLASS000882,C-F,class_return,4,21.12.01~22.11.30,-10.42,38,NORMAL
FUND000074,KR5153520012,CLASS000882,C-F,class_return,5,20.12.01~21.11.30,-2.32,38,NORMAL
FUND000074,KR5153520012,,,fund,1,24.12.01~25.11.30,-1.51,38,NORMAL
FUND000074,KR5153520012,,,fund,2,23.12.01~24.11.30,11.13,38,NORMAL
FUND000074,KR5153520012,,,fund,3,22.12.01~23.11.30,8.06,38,NORMAL
FUND000074,KR5153520012,,,fund,4,21.12.01~22.11.30,-10.26,38,NORMAL
FUND000074,KR5153520012,,,fund,5,20.12.01~21.11.30,-2.14,38,NORMAL
FUND000074,KR5153520012,,,benchmark,1,24.12.01~25.11.30,-1.55,38,NORMAL
FUND000074,KR5153520012,,,benchmark,2,23.12.01~24.11.30,10.73,38,NORMAL
FUND000074,KR5153520012,,,benchmark,3,22.12.01~23.11.30,5.79,38,NORMAL
FUND000074,KR5153520012,,,benchmark,4,21.12.01~22.11.30,-8.72,38,NORMAL
FUND000074,KR5153520012,,,benchmark,5,20.12.01~21.11.30,-2.22,38,NORMAL
FUND000008,KR5156450026,,,benchmark,1,2025.01.01~2025.12.31,75.63,44,NORMAL
FUND000008,KR5156450026,,,benchmark,2,2024.01.01~2024.12.31,-9.61,44,NORMAL
FUND000008,KR5156450026,,,benchmark,3,2023.01.01~2023.12.31,18.73,44,NORMAL
FUND000008,KR5156450026,,,benchmark,4,2022.01.01~2022.12.31,-24.89,44,NORMAL
FUND000008,KR5156450026,,,benchmark,5,2021.01.01~2021.12.31,3.63,44,NORMAL
FUND000008,KR5156450026,CLASS000110,A,class_return,1,2025.01.01~2025.12.31,56.46,44,NORMAL
FUND000008,KR5156450026,CLASS000110,A,class_return,2,2024.01.01~2024.12.31,-3.81,44,NORMAL
FUND000008,KR5156450026,CLASS000110,A,class_return,3,2023.01.01~2023.12.31,19.5,44,NORMAL
FUND000008,KR5156450026,CLASS000110,A,class_return,4,2022.01.01~2022.12.31,-12.78,44,NORMAL
FUND000008,KR5156450026,CLASS000110,A,class_return,5,2021.01.01~2021.12.31,10.0,44,NORMAL
FUND000008,KR5156450026,CLASS000111,Ae,class_return,1,2025.01.01~2025.12.31,56.98,44,NORMAL
FUND000008,KR5156450026,CLASS000111,Ae,class_return,2,2024.01.01~2024.12.31,-3.47,44,NORMAL
FUND000008,KR5156450026,CLASS000111,Ae,class_return,3,2023.01.01~2023.12.31,19.91,44,NORMAL
FUND000008,KR5156450026,CLASS000111,Ae,class_return,4,2022.01.01~2022.12.31,-12.47,44,NORMAL
FUND000008,KR5156450026,CLASS000111,Ae,class_return,5,2021.01.01~2021.12.31,10.39,44,NORMAL
FUND000008,KR5156450026,CLASS000113,C1,class_return,1,2025.01.01~2025.12.31,55.56,44,NORMAL
FUND000008,KR5156450026,CLASS000113,C1,class_return,2,2024.01.01~2024.12.31,-4.38,44,NORMAL
FUND000008,KR5156450026,CLASS000113,C1,class_return,3,2023.01.01~2023.12.31,18.8,44,NORMAL
FUND000008,KR5156450026,CLASS000113,C1,class_return,4,2022.01.01~2022.12.31,-13.3,44,NORMAL
FUND000008,KR5156450026,CLASS000113,C1,class_return,5,2021.01.01~2021.12.31,9.34,44,NORMAL
FUND000008,KR5156450026,CLASS000114,C2,class_return,1,2025.01.01~2025.12.31,55.86,44,NORMAL
FUND000008,KR5156450026,CLASS000114,C2,class_return,2,2024.01.01~2024.12.31,-4.19,44,NORMAL
FUND000008,KR5156450026,CLASS000114,C2,class_return,3,2023.01.01~2023.12.31,19.03,44,NORMAL
FUND000008,KR5156450026,CLASS000114,C2,class_return,4,2022.01.01~2022.12.31,-13.12,44,NORMAL
FUND000008,KR5156450026,CLASS000114,C2,class_return,5,2021.01.01~2021.12.31,9.55,44,NORMAL
FUND000008,KR5156450026,CLASS000115,C3,class_return,1,2025.01.01~2025.12.31,56.17,44,NORMAL
FUND000008,KR5156450026,CLASS000115,C3,class_return,2,2024.01.01~2024.12.31,-4.0,44,NORMAL
FUND000008,KR5156450026,CLASS000115,C3,class_return,3,2023.01.01~2023.12.31,19.27,44,NORMAL
FUND000008,KR5156450026,CLASS000115,C3,class_return,4,2022.01.01~2022.12.31,-12.95,44,NORMAL
FUND000008,KR5156450026,CLASS000115,C3,class_return,5,2021.01.01~2021.12.31,9.78,44,NORMAL
FUND000008,KR5156450026,CLASS000116,C4,class_return,1,2025.01.01~2025.12.31,56.46,44,NORMAL
FUND000008,KR5156450026,CLASS000116,C4,class_return,2,2024.01.01~2024.12.31,-3.81,44,NORMAL
FUND000008,KR5156450026,CLASS000116,C4,class_return,3,2023.01.01~2023.12.31,19.5,44,NORMAL
FUND000008,KR5156450026,CLASS000116,C4,class_return,4,2022.01.01~2022.12.31,-12.78,44,NORMAL
FUND000008,KR5156450026,CLASS000116,C4,class_return,5,2021.01.01~2021.12.31,9.99,44,NORMAL
FUND000008,KR5156450026,CLASS000117,Ce,class_return,1,2025.01.01~2025.12.31,56.76,44,NORMAL
FUND000008,KR5156450026,CLASS000117,Ce,class_return,2,2024.01.01~2024.12.31,-3.62,44,NORMAL
FUND000008,KR5156450026,CLASS000117,Ce,class_return,3,2023.01.01~2023.12.31,19.73,44,NORMAL
FUND000008,KR5156450026,CLASS000117,Ce,class_return,4,2022.01.01~2022.12.31,-12.6,44,NORMAL
FUND000008,KR5156450026,CLASS000117,Ce,class_return,5,2021.01.01~2021.12.31,10.22,44,NORMAL
FUND000008,KR5156450026,CLASS000119,C-W,class_return,1,2025.01.01~2025.12.31,57.51,44,NORMAL
FUND000008,KR5156450026,CLASS000119,C-W,class_return,2,2024.01.01~2024.12.31,-3.14,44,NORMAL
FUND000008,KR5156450026,CLASS000119,C-W,class_return,3,2023.01.01~2023.12.31,20.32,44,NORMAL
FUND000008,KR5156450026,CLASS000119,C-W,class_return,4,2022.01.01~2022.12.31,-12.17,44,NORMAL
FUND000008,KR5156450026,CLASS000119,C-W,class_return,5,2021.01.01~2021.12.31,10.78,44,NORMAL
FUND000008,KR5156450026,CLASS000120,C-P,class_return,1,2025.01.01~2025.12.31,56.16,44,NORMAL
FUND000008,KR5156450026,CLASS000120,C-P,class_return,2,2024.01.01~2024.12.31,-4.0,44,NORMAL
FUND000008,KR5156450026,CLASS000120,C-P,class_return,3,2023.01.01~2023.12.31,19.27,44,NORMAL
FUND000008,KR5156450026,CLASS000120,C-P,class_return,4,2022.01.01~2022.12.31,-12.95,44,NORMAL
FUND000008,KR5156450026,CLASS000120,C-P,class_return,5,2021.01.01~2021.12.31,9.77,44,NORMAL
FUND000008,KR5156450026,CLASS000121,C-P2,class_return,1,2025.01.01~2025.12.31,56.84,44,NORMAL
FUND000008,KR5156450026,CLASS000121,C-P2,class_return,2,2024.01.01~2024.12.31,-3.57,44,NORMAL
FUND000008,KR5156450026,CLASS000121,C-P2,class_return,3,2023.01.01~2023.12.31,19.62,44,NORMAL
FUND000008,KR5156450026,CLASS000121,C-P2,class_return,4,2022.01.01~2022.12.31,-12.69,44,NORMAL
FUND000008,KR5156450026,CLASS000121,C-P2,class_return,5,2021.01.01~2021.12.31,10.27,44,NORMAL
FUND000008,KR5156450026,CLASS000122,C-Pe,class_return,1,2025.01.01~2025.12.31,56.61,44,NORMAL
FUND000008,KR5156450026,CLASS000122,C-Pe,class_return,2,2024.01.01~2024.12.31,-3.71,44,NORMAL
FUND000008,KR5156450026,CLASS000122,C-Pe,class_return,3,2023.01.01~2023.12.31,19.79,44,NORMAL
FUND000008,KR5156450026,CLASS000122,C-Pe,class_return,4,2022.01.01~2022.12.31,-12.56,44,NORMAL
FUND000008,KR5156450026,CLASS000122,C-Pe,class_return,5,2021.01.01~2021.12.31,10.11,44,NORMAL
FUND000008,KR5156450026,CLASS000123,C-P2e,class_return,1,2025.01.01~2025.12.31,57.06,45,NORMAL
FUND000008,KR5156450026,CLASS000123,C-P2e,class_return,2,2024.01.01~2024.12.31,-3.42,45,NORMAL
FUND000008,KR5156450026,CLASS000123,C-P2e,class_return,3,2023.01.01~2023.12.31,19.97,45,NORMAL
FUND000008,KR5156450026,CLASS000123,C-P2e,class_return,4,2022.01.01~2022.12.31,-12.43,45,NORMAL
FUND000008,KR5156450026,CLASS000123,C-P2e,class_return,5,2021.01.01~2021.12.31,10.44,45,NORMAL
FUND000001,KR5157420003,,,fund,1,2024/07/30~2025/07/29,5.13,48,NORMAL
FUND000001,KR5157420003,,,fund,2,2023/07/30~2024/07/29,6.3,48,NORMAL
FUND000001,KR5157420003,,,fund,3,2022/07/30~2023/07/29,4.83,48,NORMAL
FUND000001,KR5157420003,,,fund,4,2021/07/30~2022/07/29,-0.53,48,NORMAL
FUND000001,KR5157420003,,,fund,5,2020/07/30~2021/07/29,2.06,48,NORMAL
FUND000001,KR5157420003,,,benchmark,1,2024/07/30~2025/07/29,4.14,48,NORMAL
FUND000001,KR5157420003,,,benchmark,2,2023/07/30~2024/07/29,5.29,48,NORMAL
FUND000001,KR5157420003,,,benchmark,3,2022/07/30~2023/07/29,3.39,48,NORMAL
FUND000001,KR5157420003,,,benchmark,4,2021/07/30~2022/07/29,-0.72,48,NORMAL
FUND000001,KR5157420003,,,benchmark,5,2020/07/30~2021/07/29,0.56,48,NORMAL
FUND000001,KR5157420003,CLASS000001,A,class_return,1,2024/07/30~2025/07/29,4.81,49,NORMAL
FUND000001,KR5157420003,CLASS000001,A,class_return,2,2023/07/30~2024/07/29,5.97,49,NORMAL
FUND000001,KR5157420003,CLASS000001,A,class_return,3,2022/07/30~2023/07/29,4.51,49,NORMAL
FUND000001,KR5157420003,CLASS000001,A,class_return,4,2021/07/30~2022/07/29,-0.84,49,NORMAL
FUND000001,KR5157420003,CLASS000001,A,class_return,5,2020/07/30~2021/07/29,1.75,49,NORMAL
FUND000001,KR5157420003,CLASS000002,Ae,class_return,1,2024/07/30~2025/07/29,4.91,49,NORMAL
FUND000001,KR5157420003,CLASS000002,Ae,class_return,2,2023/07/30~2024/07/29,6.08,49,NORMAL
FUND000001,KR5157420003,CLASS000002,Ae,class_return,3,2022/07/30~2023/07/29,4.61,49,NORMAL
FUND000001,KR5157420003,CLASS000002,Ae,class_return,4,2021/07/30~2022/07/29,-0.74,49,NORMAL
FUND000001,KR5157420003,CLASS000002,Ae,class_return,5,2020/07/30~2021/07/29,1.84,49,NORMAL
FUND000001,KR5157420003,CLASS000003,C,class_return,1,2024/07/30~2025/07/29,4.7,49,NORMAL
FUND000001,KR5157420003,CLASS000003,C,class_return,2,2023/07/30~2024/07/29,5.86,49,NORMAL
FUND000001,KR5157420003,CLASS000003,C,class_return,3,2022/07/30~2023/07/29,4.4,49,NORMAL
FUND000001,KR5157420003,CLASS000003,C,class_return,4,2021/07/30~2022/07/29,-0.94,49,NORMAL
FUND000001,KR5157420003,CLASS000003,C,class_return,5,2020/07/30~2021/07/29,1.64,49,NORMAL
FUND000001,KR5157420003,CLASS000004,Ce,class_return,1,2024/07/30~2025/07/29,4.86,49,NORMAL
FUND000001,KR5157420003,CLASS000004,Ce,class_return,2,2023/07/30~2024/07/29,6.02,49,NORMAL
FUND000001,KR5157420003,CLASS000004,Ce,class_return,3,2022/07/30~2023/07/29,4.56,49,NORMAL
FUND000001,KR5157420003,CLASS000004,Ce,class_return,4,2021/07/30~2022/07/29,-0.79,49,NORMAL
FUND000001,KR5157420003,CLASS000004,Ce,class_return,5,2020/07/30~2021/07/29,1.79,49,NORMAL
FUND000001,KR5157420003,CLASS000005,C-P1,class_return,1,2024/07/30~2025/07/29,4.75,49,NORMAL
FUND000001,KR5157420003,CLASS000005,C-P1,class_return,2,2023/07/30~2024/07/29,5.92,49,NORMAL
FUND000001,KR5157420003,CLASS000005,C-P1,class_return,3,2022/07/30~2023/07/29,4.45,49,NORMAL
FUND000001,KR5157420003,CLASS000005,C-P1,class_return,4,2021/07/30~2022/07/29,-0.89,49,NORMAL
FUND000001,KR5157420003,CLASS000005,C-P1,class_return,5,2020/07/30~2021/07/29,1.73,49,NORMAL
FUND000001,KR5157420003,CLASS000006,C-Pe1,class_return,1,2024/07/30~2025/07/29,4.88,49,NORMAL
FUND000001,KR5157420003,CLASS000006,C-Pe1,class_return,2,2023/07/30~2024/07/29,6.05,49,NORMAL
FUND000001,KR5157420003,CLASS000006,C-Pe1,class_return,3,2022/07/30~2023/07/29,4.58,49,NORMAL
FUND000001,KR5157420003,CLASS000006,C-Pe1,class_return,4,2021/07/30~2022/07/29,-0.76,49,NORMAL
FUND000001,KR5157420003,CLASS000006,C-Pe1,class_return,5,2020/07/30~2021/07/29,1.81,49,NORMAL
FUND000001,KR5157420003,CLASS000007,C-P2,class_return,1,2024/07/30~2025/07/29,4.76,49,NORMAL
FUND000001,KR5157420003,CLASS000007,C-P2,class_return,2,2023/07/30~2024/07/29,5.93,49,NORMAL
FUND000001,KR5157420003,CLASS000007,C-P2,class_return,3,2022/07/30~2023/07/29,4.47,49,NORMAL
FUND000001,KR5157420003,CLASS000007,C-P2,class_return,4,2021/07/30~2022/07/29,-0.88,49,NORMAL
FUND000001,KR5157420003,CLASS000008,C-Pe2,class_return,1,2024/07/30~2025/07/29,4.89,49,NORMAL
FUND000001,KR5157420003,CLASS000008,C-Pe2,class_return,2,2023/07/30~2024/07/29,6.05,49,NORMAL
FUND000001,KR5157420003,CLASS000008,C-Pe2,class_return,3,2022/07/30~2023/07/29,4.59,49,NORMAL
FUND000001,KR5157420003,CLASS000008,C-Pe2,class_return,4,2021/07/30~2022/07/29,-0.76,49,NORMAL
FUND000001,KR5157420003,CLASS000008,C-Pe2,class_return,5,2020/07/30~2021/07/29,1.82,49,NORMAL
FUND000001,KR5157420003,CLASS000009,C-F,class_return,1,2024/07/30~2025/07/29,4.99,49,NORMAL
FUND000001,KR5157420003,CLASS000009,C-F,class_return,2,2023/07/30~2024/07/29,6.16,49,NORMAL
FUND000001,KR5157420003,CLASS000009,C-F,class_return,3,2022/07/30~2023/07/29,2.75,49,NORMAL
FUND000001,KR5157420003,CLASS000009,C-F,class_return,4,2021/07/30~2022/07/29,-0.66,49,NORMAL
FUND000001,KR5157420003,CLASS000009,C-F,class_return,5,2020/07/30~2021/07/29,1.29,49,NORMAL
FUND000001,KR5157420003,CLASS000010,S,class_return,1,2024/07/30~2025/07/29,4.91,49,NORMAL
FUND000001,KR5157420003,CLASS000010,S,class_return,2,2023/07/30~2024/07/29,6.08,49,NORMAL
FUND000001,KR5157420003,CLASS000010,S,class_return,3,2022/07/30~2023/07/29,4.62,49,NORMAL
FUND000001,KR5157420003,CLASS000010,S,class_return,4,2021/07/30~2022/07/29,-0.74,49,NORMAL
FUND000001,KR5157420003,CLASS000010,S,class_return,5,2020/07/30~2021/07/29,1.83,49,NORMAL
FUND000001,KR5157420003,CLASS000011,S-P,class_return,1,2024/07/30~2025/07/29,4.94,49,NORMAL
FUND000001,KR5157420003,CLASS000011,S-P,class_return,2,2023/07/30~2024/07/29,6.11,49,NORMAL
FUND000001,KR5157420003,CLASS000011,S-P,class_return,3,2022/07/30~2023/07/29,4.64,49,NORMAL
FUND000001,KR5157420003,CLASS000011,S-P,class_return,4,2021/07/30~2022/07/29,-0.71,49,NORMAL
FUND000001,KR5157420003,CLASS000011,S-P,class_return,5,2020/07/30~2021/07/29,1.78,49,NORMAL
FUND000001,KR5157420003,CLASS000012,C-W,class_return,1,2024/07/30~2025/07/29,5.02,50,NORMAL
FUND000001,KR5157420003,CLASS000012,C-W,class_return,2,2023/07/30~2024/07/29,6.19,50,NORMAL
FUND000001,KR5157420003,CLASS000012,C-W,class_return,3,2022/07/30~2023/07/29,4.72,50,NORMAL
FUND000001,KR5157420003,CLASS000012,C-W,class_return,4,2021/07/30~2022/07/29,-0.52,50,NORMAL
FUND000001,KR5157420003,CLASS000013,A2,class_return,1,2024/07/30~2025/07/29,4.97,50,NORMAL
FUND000001,KR5157420003,CLASS000013,A2,class_return,2,2023/07/30~2024/07/29,6.13,50,NORMAL
FUND000001,KR5157420003,CLASS000013,A2,class_return,3,2022/07/30~2023/07/29,4.67,50,NORMAL
FUND000001,KR5157420003,CLASS000013,A2,class_return,4,2021/07/30~2022/07/29,-0.69,50,NORMAL
FUND000001,KR5157420003,CLASS000014,C-I,class_return,3,2022/07/30~2023/07/29,3.75,50,NORMAL
FUND000001,KR5157420003,CLASS000014,C-I,class_return,4,2021/07/30~2022/07/29,-0.67,50,NORMAL
FUND000001,KR5157420003,CLASS000015,C-I2,class_return,3,2022/07/30~2023/07/29,2.55,50,NORMAL
FUND000001,KR5157420003,CLASS000015,C-I2,class_return,4,2021/07/30~2022/07/29,-1.26,50,NORMAL
FUND000001,KR5157420003,CLASS000013,A2,class_return,5,2020/07/30~2021/07/29,3.36,48,NORMAL
FUND000001,KR5157420003,CLASS000014,C-I,class_return,5,2020/07/30~2021/07/29,0.68,48,NORMAL
FUND000002,KR5157450017,,,fund,1,2024/04/20~2025/04/19,-1.36,49,NORMAL
FUND000002,KR5157450017,,,fund,2,2023/04/20~2024/04/19,2.51,49,NORMAL
FUND000002,KR5157450017,,,fund,3,2022/04/20~2023/04/19,-2.81,49,NORMAL
FUND000002,KR5157450017,,,fund,4,2021/04/20~2022/04/19,-5.4,49,NORMAL
FUND000002,KR5157450017,,,fund,5,2020/04/20~2021/04/19,86.23,49,NORMAL
FUND000002,KR5157450017,,,benchmark,1,2024/04/20~2025/04/19,-4.18,49,NORMAL
FUND000002,KR5157450017,,,benchmark,2,2023/04/20~2024/04/19,0.65,49,NORMAL
FUND000002,KR5157450017,,,benchmark,3,2022/04/20~2023/04/19,-5.29,49,NORMAL
FUND000002,KR5157450017,,,benchmark,4,2021/04/20~2022/04/19,-15.0,49,NORMAL
FUND000002,KR5157450017,,,benchmark,5,2020/04/20~2021/04/19,67.08,49,NORMAL
FUND000002,KR5157450017,CLASS000016,A1,class_return,1,2024/04/20~2025/04/19,-2.91,49,NORMAL
FUND000002,KR5157450017,CLASS000016,A1,class_return,2,2023/04/20~2024/04/19,0.86,49,NORMAL
FUND000002,KR5157450017,CLASS000016,A1,class_return,3,2022/04/20~2023/04/19,-4.38,49,NORMAL
FUND000002,KR5157450017,CLASS000016,A1,class_return,4,2021/04/20~2022/04/19,-6.9,49,NORMAL
FUND000002,KR5157450017,CLASS000016,A1,class_return,5,2020/04/20~2021/04/19,83.44,49,NORMAL
FUND000002,KR5157450017,CLASS000018,C1,class_return,1,2024/04/20~2025/04/19,-3.49,49,NORMAL
FUND000002,KR5157450017,CLASS000018,C1,class_return,2,2023/04/20~2024/04/19,0.26,49,NORMAL
FUND000002,KR5157450017,CLASS000018,C1,class_return,3,2022/04/20~2023/04/19,-4.96,49,NORMAL
FUND000002,KR5157450017,CLASS000018,C1,class_return,4,2021/04/20~2022/04/19,-7.46,49,NORMAL
FUND000002,KR5157450017,CLASS000018,C1,class_return,5,2020/04/20~2021/04/19,82.39,49,NORMAL
FUND000002,KR5157450017,CLASS000019,C2,class_return,1,2024/04/20~2025/04/19,-3.35,49,NORMAL
FUND000002,KR5157450017,CLASS000019,C2,class_return,2,2023/04/20~2024/04/19,0.41,49,NORMAL
FUND000002,KR5157450017,CLASS000019,C2,class_return,3,2022/04/20~2023/04/19,-4.82,49,NORMAL
FUND000002,KR5157450017,CLASS000019,C2,class_return,4,2021/04/20~2022/04/19,-7.32,49,NORMAL
FUND000002,KR5157450017,CLASS000019,C2,class_return,5,2020/04/20~2021/04/19,82.7,49,NORMAL
FUND000002,KR5157450017,CLASS000023,C-F,class_return,1,2024/04/20~2025/04/19,-2.07,49,NORMAL
FUND000002,KR5157450017,CLASS000023,C-F,class_return,2,2023/04/20~2024/04/19,1.75,49,NORMAL
FUND000002,KR5157450017,CLASS000023,C-F,class_return,3,2022/04/20~2023/04/19,-3.53,49,NORMAL
FUND000002,KR5157450017,CLASS000023,C-F,class_return,4,2021/04/20~2022/04/19,-6.09,49,NORMAL
FUND000002,KR5157450017,CLASS000023,C-F,class_return,5,2020/04/20~2021/04/19,84.95,49,NORMAL
FUND000002,KR5157450017,CLASS000020,C3,class_return,1,2024/04/20~2025/04/19,-3.2,49,NORMAL
FUND000002,KR5157450017,CLASS000020,C3,class_return,2,2023/04/20~2024/04/19,0.56,49,NORMAL
FUND000002,KR5157450017,CLASS000020,C3,class_return,3,2022/04/20~2023/04/19,-4.67,49,NORMAL
FUND000002,KR5157450017,CLASS000020,C3,class_return,4,2021/04/20~2022/04/19,-7.18,49,NORMAL
FUND000002,KR5157450017,CLASS000020,C3,class_return,5,2020/04/20~2021/04/19,82.96,49,NORMAL
FUND000002,KR5157450017,CLASS000022,Ce,class_return,1,2024/04/20~2025/04/19,-2.91,49,NORMAL
FUND000002,KR5157450017,CLASS000022,Ce,class_return,2,2023/04/20~2024/04/19,0.86,49,NORMAL
FUND000002,KR5157450017,CLASS000022,Ce,class_return,3,2022/04/20~2023/04/19,-4.38,49,NORMAL
FUND000002,KR5157450017,CLASS000022,Ce,class_return,4,2021/04/20~2022/04/19,-6.9,49,NORMAL
FUND000002,KR5157450017,CLASS000022,Ce,class_return,5,2020/04/20~2021/04/19,83.43,49,NORMAL
FUND000002,KR5157450017,CLASS000021,C4,class_return,1,2024/04/20~2025/04/19,-3.01,49,NORMAL
FUND000002,KR5157450017,CLASS000021,C4,class_return,2,2023/04/20~2024/04/19,0.76,49,NORMAL
FUND000002,KR5157450017,CLASS000021,C4,class_return,3,2022/04/20~2023/04/19,-4.48,49,NORMAL
FUND000002,KR5157450017,CLASS000021,C4,class_return,4,2021/04/20~2022/04/19,-6.99,49,NORMAL
FUND000002,KR5157450017,CLASS000021,C4,class_return,5,2020/04/20~2021/04/19,83.31,49,NORMAL
FUND000002,KR5157450017,CLASS000029,S,class_return,1,2024/04/20~2025/04/19,-2.38,50,NORMAL
FUND000002,KR5157450017,CLASS000029,S,class_return,2,2023/04/20~2024/04/19,1.42,50,NORMAL
FUND000002,KR5157450017,CLASS000029,S,class_return,3,2022/04/20~2023/04/19,-3.85,50,NORMAL
FUND000002,KR5157450017,CLASS000029,S,class_return,4,2021/04/20~2022/04/19,-6.39,50,NORMAL
FUND000002,KR5157450017,CLASS000029,S,class_return,5,2020/04/20~2021/04/19,84.41,50,NORMAL
FUND000002,KR5157450017,CLASS000017,Ae,class_return,1,2024/04/20~2025/04/19,-2.48,50,NORMAL
FUND000002,KR5157450017,CLASS000017,Ae,class_return,2,2023/04/20~2024/04/19,1.32,50,NORMAL
FUND000002,KR5157450017,CLASS000017,Ae,class_return,3,2022/04/20~2023/04/19,-3.94,50,NORMAL
FUND000002,KR5157450017,CLASS000017,Ae,class_return,4,2021/04/20~2022/04/19,-6.48,50,NORMAL
FUND000002,KR5157450017,CLASS000017,Ae,class_return,5,2020/04/20~2021/04/19,84.21,50,NORMAL
FUND000002,KR5157450017,CLASS000025,C-P1,class_return,1,2024/04/20~2025/04/19,-2.85,50,NORMAL
FUND000002,KR5157450017,CLASS000025,C-P1,class_return,2,2023/04/20~2024/04/19,0.92,50,NORMAL
FUND000002,KR5157450017,CLASS000025,C-P1,class_return,3,2022/04/20~2023/04/19,-4.32,50,NORMAL
FUND000002,KR5157450017,CLASS000025,C-P1,class_return,4,2021/04/20~2022/04/19,-6.84,50,NORMAL
FUND000002,KR5157450017,CLASS000025,C-P1,class_return,5,2020/04/20~2021/04/19,83.57,50,NORMAL
FUND000002,KR5157450017,CLASS000027,C-P2,class_return,1,2024/04/20~2025/04/19,-2.62,50,NORMAL
FUND000002,KR5157450017,CLASS000027,C-P2,class_return,2,2023/04/20~2024/04/19,1.17,50,NORMAL
FUND000002,KR5157450017,CLASS000027,C-P2,class_return,3,2022/04/20~2023/04/19,-4.09,50,NORMAL
FUND000002,KR5157450017,CLASS000027,C-P2,class_return,4,2021/04/20~2022/04/19,-6.62,50,NORMAL
FUND000002,KR5157450017,CLASS000027,C-P2,class_return,5,2020/04/20~2021/04/19,83.97,50,NORMAL
FUND000002,KR5157450017,CLASS000030,S-P,class_return,1,2024/04/20~2025/04/19,-2.28,50,NORMAL
FUND000002,KR5157450017,CLASS000030,S-P,class_return,2,2023/04/20~2024/04/19,1.53,50,NORMAL
FUND000002,KR5157450017,CLASS000030,S-P,class_return,3,2022/04/20~2023/04/19,-3.75,50,NORMAL
FUND000002,KR5157450017,CLASS000030,S-P,class_return,4,2021/04/20~2022/04/19,-6.3,50,NORMAL
FUND000002,KR5157450017,CLASS000030,S-P,class_return,5,2020/04/20~2021/04/19,84.57,50,NORMAL
FUND000002,KR5157450017,CLASS000024,C-W,class_return,1,2024/04/20~2025/04/19,-2.04,50,NORMAL
FUND000002,KR5157450017,CLASS000024,C-W,class_return,2,2023/04/20~2024/04/19,1.78,50,NORMAL
FUND000002,KR5157450017,CLASS000024,C-W,class_return,3,2022/04/20~2023/04/19,-3.51,50,NORMAL
FUND000002,KR5157450017,CLASS000024,C-W,class_return,4,2021/04/20~2022/04/19,-6.06,50,NORMAL
FUND000002,KR5157450017,CLASS000024,C-W,class_return,5,2020/04/20~2021/04/19,85.01,50,NORMAL
FUND000002,KR5157450017,CLASS000026,C-Pe1,class_return,1,2024/04/20~2025/04/19,-2.45,50,NORMAL
FUND000002,KR5157450017,CLASS000026,C-Pe1,class_return,2,2023/04/20~2024/04/19,1.35,50,NORMAL
FUND000002,KR5157450017,CLASS000026,C-Pe1,class_return,3,2022/04/20~2023/04/19,-3.91,50,NORMAL
FUND000002,KR5157450017,CLASS000026,C-Pe1,class_return,4,2021/04/20~2022/04/19,-6.46,50,NORMAL
FUND000002,KR5157450017,CLASS000026,C-Pe1,class_return,5,2020/04/20~2021/04/19,84.27,50,NORMAL
FUND000002,KR5157450017,CLASS000028,C-Pe2,class_return,1,2024/04/20~2025/04/19,-2.33,50,NORMAL
FUND000002,KR5157450017,CLASS000028,C-Pe2,class_return,2,2023/04/20~2024/04/19,1.48,50,NORMAL
FUND000002,KR5157450017,CLASS000028,C-Pe2,class_return,3,2022/04/20~2023/04/19,-3.8,50,NORMAL
FUND000002,KR5157450017,CLASS000028,C-Pe2,class_return,4,2021/04/20~2022/04/19,-6.34,50,NORMAL
FUND000002,KR5157450017,CLASS000028,C-Pe2,class_return,5,2020/04/20~2021/04/19,84.48,50,NORMAL
FUND000003,KR5157450090,,,fund,1,2024/10/02~2025/10/01,15.28,63,NORMAL
FUND000003,KR5157450090,,,fund,2,2023/10/02~2024/10/01,10.15,63,NORMAL
FUND000003,KR5157450090,,,fund,3,2022/10/02~2023/10/01,7.93,63,NORMAL
FUND000003,KR5157450090,,,fund,4,2021/10/02~2022/10/01,10.72,63,NORMAL
FUND000003,KR5157450090,,,fund,5,2020/10/02~2021/10/01,14.46,63,NORMAL
FUND000003,KR5157450090,,,benchmark,1,2024/10/02~2025/10/01,5.82,63,NORMAL
FUND000003,KR5157450090,,,benchmark,2,2023/10/02~2024/10/01,5.08,63,NORMAL
FUND000003,KR5157450090,,,benchmark,3,2022/10/02~2023/10/01,5.25,63,NORMAL
FUND000003,KR5157450090,,,benchmark,4,2021/10/02~2022/10/01,-3.82,63,NORMAL
FUND000003,KR5157450090,,,benchmark,5,2020/10/02~2021/10/01,2.83,63,NORMAL
FUND000003,KR5157450090,CLASS000035,A,class_return,1,2024/10/02~2025/10/01,13.8,63,NORMAL
FUND000003,KR5157450090,CLASS000035,A,class_return,2,2023/10/02~2024/10/01,8.74,63,NORMAL
FUND000003,KR5157450090,CLASS000035,A,class_return,3,2022/10/02~2023/10/01,6.54,63,NORMAL
FUND000003,KR5157450090,CLASS000035,A,class_return,4,2021/10/02~2022/10/01,9.3,63,NORMAL
FUND000003,KR5157450090,CLASS000035,A,class_return,5,2020/10/02~2021/10/01,13.0,63,NORMAL
FUND000003,KR5157450090,CLASS000036,Ae,class_return,1,2024/10/02~2025/10/01,14.21,63,NORMAL
FUND000003,KR5157450090,CLASS000036,Ae,class_return,2,2023/10/02~2024/10/01,9.13,63,NORMAL
FUND000003,KR5157450090,CLASS000036,Ae,class_return,3,2022/10/02~2023/10/01,6.92,63,NORMAL
FUND000003,KR5157450090,CLASS000036,Ae,class_return,4,2021/10/02~2022/10/01,9.68,63,NORMAL
FUND000003,KR5157450090,CLASS000036,Ae,class_return,5,2020/10/02~2021/10/01,13.4,63,NORMAL
FUND000003,KR5157450090,CLASS000037,C1,class_return,1,2024/10/02~2025/10/01,12.94,63,NORMAL
FUND000003,KR5157450090,CLASS000037,C1,class_return,2,2023/10/02~2024/10/01,7.9,63,NORMAL
FUND000003,KR5157450090,CLASS000037,C1,class_return,3,2022/10/02~2023/10/01,5.72,63,NORMAL
FUND000003,KR5157450090,CLASS000037,C1,class_return,4,2021/10/02~2022/10/01,1.56,63,NORMAL
FUND000003,KR5157450090,CLASS000037,C1,class_return,5,2020/10/02~2021/10/01,7.94,63,NORMAL
FUND000003,KR5157450090,CLASS000038,C2,class_return,1,2024/10/02~2025/10/01,13.28,63,NORMAL
FUND000003,KR5157450090,CLASS000038,C2,class_return,2,2023/10/02~2024/10/01,8.23,63,NORMAL
FUND000003,KR5157450090,CLASS000038,C2,class_return,3,2022/10/02~2023/10/01,-0.2,63,NORMAL
FUND000003,KR5157450090,CLASS000039,C3,class_return,1,2024/10/02~2025/10/01,13.72,63,NORMAL
FUND000003,KR5157450090,CLASS000039,C3,class_return,2,2023/10/02~2024/10/01,0.62,63,NORMAL
FUND000003,KR5157450090,CLASS000040,C4,class_return,1,2024/10/02~2025/10/01,14.05,64,NORMAL
FUND000003,KR5157450090,CLASS000040,C4,class_return,2,2023/10/02~2024/10/01,8.98,64,NORMAL
FUND000003,KR5157450090,CLASS000040,C4,class_return,3,2022/10/02~2023/10/01,6.78,64,NORMAL
FUND000003,KR5157450090,CLASS000040,C4,class_return,4,2021/10/02~2022/10/01,9.53,64,NORMAL
FUND000003,KR5157450090,CLASS000040,C4,class_return,5,2020/10/02~2021/10/01,13.24,64,NORMAL
FUND000003,KR5157450090,CLASS000041,Ce,class_return,1,2024/10/02~2025/10/01,14.06,64,NORMAL
FUND000003,KR5157450090,CLASS000041,Ce,class_return,2,2023/10/02~2024/10/01,8.98,64,NORMAL
FUND000003,KR5157450090,CLASS000041,Ce,class_return,3,2022/10/02~2023/10/01,6.78,64,NORMAL
FUND000003,KR5157450090,CLASS000041,Ce,class_return,4,2021/10/02~2022/10/01,9.54,64,NORMAL
FUND000003,KR5157450090,CLASS000041,Ce,class_return,5,2020/10/02~2021/10/01,13.25,64,NORMAL
FUND000003,KR5157450090,CLASS000043,C-W,class_return,1,2024/10/02~2025/10/01,14.61,64,NORMAL
FUND000003,KR5157450090,CLASS000043,C-W,class_return,2,2023/10/02~2024/10/01,9.51,64,NORMAL
FUND000003,KR5157450090,CLASS000043,C-W,class_return,3,2022/10/02~2023/10/01,7.31,64,NORMAL
FUND000003,KR5157450090,CLASS000043,C-W,class_return,4,2021/10/02~2022/10/01,0.83,64,NORMAL
FUND000003,KR5157450090,CLASS000043,C-W,class_return,5,2020/10/02~2021/10/01,5.49,64,NORMAL
FUND000003,KR5157450090,CLASS000044,C-P1,class_return,1,2024/10/02~2025/10/01,13.69,64,NORMAL
FUND000003,KR5157450090,CLASS000044,C-P1,class_return,2,2023/10/02~2024/10/01,9.39,64,NORMAL
FUND000003,KR5157450090,CLASS000048,S,class_return,1,2024/10/02~2025/10/01,14.22,64,NORMAL
FUND000003,KR5157450090,CLASS000048,S,class_return,2,2023/10/02~2024/10/01,9.14,64,NORMAL
FUND000003,KR5157450090,CLASS000048,S,class_return,3,2022/10/02~2023/10/01,6.93,64,NORMAL
FUND000003,KR5157450090,CLASS000048,S,class_return,4,2021/10/02~2022/10/01,11.81,64,NORMAL
FUND000003,KR5157450090,CLASS000048,S,class_return,5,2020/10/02~2021/10/01,7.22,64,NORMAL
FUND000003,KR5157450090,CLASS000049,S-P,class_return,1,2024/10/02~2025/10/01,14.3,64,NORMAL
FUND000003,KR5157450090,CLASS000049,S-P,class_return,2,2023/10/02~2024/10/01,9.21,64,NORMAL
FUND000003,KR5157450090,CLASS000049,S-P,class_return,3,2022/10/02~2023/10/01,7.01,64,NORMAL
FUND000003,KR5157450090,CLASS000049,S-P,class_return,4,2021/10/02~2022/10/01,9.8,64,NORMAL
FUND000003,KR5157450090,CLASS000049,S-P,class_return,5,2020/10/02~2021/10/01,13.56,64,NORMAL
FUND000003,KR5157450090,CLASS000045,C-Pe1,class_return,1,2024/10/02~2025/10/01,14.14,64,NORMAL
FUND000003,KR5157450090,CLASS000045,C-Pe1,class_return,2,2023/10/02~2024/10/01,9.06,64,NORMAL
FUND000003,KR5157450090,CLASS000045,C-Pe1,class_return,3,2022/10/02~2023/10/01,5.46,64,NORMAL
FUND000003,KR5157450090,CLASS000047,C-Pe2,class_return,1,2024/10/02~2025/10/01,14.33,65,NORMAL
FUND000003,KR5157450090,CLASS000047,C-Pe2,class_return,2,2023/10/02~2024/10/01,9.74,65,NORMAL
FUND000003,KR5157450090,CLASS000047,C-Pe2,class_return,3,2022/10/02~2023/10/01,5.64,65,NORMAL
FUND000003,KR5157450090,CLASS000050,S-R,class_return,1,2024/10/02~2025/10/01,14.35,65,NORMAL
FUND000003,KR5157450090,CLASS000050,S-R,class_return,2,2023/10/02~2024/10/01,9.27,65,NORMAL
FUND000003,KR5157450090,CLASS000050,S-R,class_return,3,2022/10/02~2023/10/01,6.17,65,NORMAL
FUND000020,KR5160420009,,,fund,1,2023/12/13~2024/12/12,5.23,42,NORMAL
FUND000020,KR5160420009,,,fund,2,2022/12/13~2023/12/12,6.1,42,NORMAL
FUND000020,KR5160420009,,,fund,3,2021/12/13~2022/12/12,1.94,42,NORMAL
FUND000020,KR5160420009,,,fund,4,2020/12/13~2021/12/12,1.61,42,NORMAL
FUND000020,KR5160420009,,,fund,5,2019/12/13~2020/12/12,2.76,42,NORMAL
FUND000020,KR5160420009,,,benchmark,1,2023/12/13~2024/12/12,4.53,42,NORMAL
FUND000020,KR5160420009,,,benchmark,2,2022/12/13~2023/12/12,4.8,42,NORMAL
FUND000020,KR5160420009,,,benchmark,3,2021/12/13~2022/12/12,2.15,42,NORMAL
FUND000020,KR5160420009,,,benchmark,4,2020/12/13~2021/12/12,1.16,42,NORMAL
FUND000020,KR5160420009,,,benchmark,5,2019/12/13~2020/12/12,1.75,42,NORMAL
FUND000020,KR5160420009,CLASS000244,C,class_return,1,2023/12/13~2024/12/12,4.79,42,NORMAL
FUND000020,KR5160420009,CLASS000244,C,class_return,2,2022/12/13~2023/12/12,5.65,42,NORMAL
FUND000020,KR5160420009,CLASS000244,C,class_return,3,2021/12/13~2022/12/12,1.51,42,NORMAL
FUND000020,KR5160420009,CLASS000244,C,class_return,4,2020/12/13~2021/12/12,1.18,42,NORMAL
FUND000020,KR5160420009,CLASS000244,C,class_return,5,2019/12/13~2020/12/12,2.33,42,NORMAL
FUND000020,KR5160420009,CLASS000245,C-E,class_return,1,2023/12/13~2024/12/12,4.95,42,NORMAL
FUND000020,KR5160420009,CLASS000245,C-E,class_return,2,2022/12/13~2023/12/12,5.81,42,NORMAL
FUND000020,KR5160420009,CLASS000245,C-E,class_return,3,2021/12/13~2022/12/12,1.66,42,NORMAL
FUND000020,KR5160420009,CLASS000245,C-E,class_return,4,2020/12/13~2021/12/12,1.33,42,NORMAL
FUND000020,KR5160420009,CLASS000245,C-E,class_return,5,2019/12/13~2020/12/12,2.48,42,NORMAL
FUND000020,KR5160420009,CLASS000246,C-G,class_return,1,2023/12/13~2024/12/12,4.87,42,NORMAL
FUND000020,KR5160420009,CLASS000246,C-G,class_return,2,2022/12/13~2023/12/12,5.73,42,NORMAL
FUND000020,KR5160420009,CLASS000246,C-G,class_return,3,2021/12/13~2022/12/12,1.59,42,NORMAL
FUND000020,KR5160420009,CLASS000246,C-G,class_return,4,2020/12/13~2021/12/12,1.26,42,NORMAL
FUND000020,KR5160420009,CLASS000246,C-G,class_return,5,2019/12/13~2020/12/12,2.41,42,NORMAL
FUND000020,KR5160420009,CLASS000247,C-F,class_return,1,2023/12/13~2024/12/12,5.05,42,NORMAL
FUND000020,KR5160420009,CLASS000247,C-F,class_return,2,2022/12/13~2023/12/12,5.91,42,NORMAL
FUND000020,KR5160420009,CLASS000247,C-F,class_return,3,2021/12/13~2022/12/12,1.76,42,NORMAL
FUND000020,KR5160420009,CLASS000247,C-F,class_return,4,2020/12/13~2021/12/12,1.43,42,NORMAL
FUND000020,KR5160420009,CLASS000247,C-F,class_return,5,2019/12/13~2020/12/12,2.59,42,NORMAL
FUND000020,KR5160420009,CLASS000249,C-P2,class_return,1,2023/12/13~2024/12/12,4.89,42,NORMAL
FUND000020,KR5160420009,CLASS000249,C-P2,class_return,2,2022/12/13~2023/12/12,5.76,42,NORMAL
FUND000020,KR5160420009,CLASS000249,C-P2,class_return,3,2021/12/13~2022/12/12,1.61,42,NORMAL
FUND000020,KR5160420009,CLASS000249,C-P2,class_return,4,2020/12/13~2021/12/12,1.28,42,NORMAL
FUND000020,KR5160420009,CLASS000249,C-P2,class_return,5,2019/12/13~2020/12/12,2.43,42,NORMAL
FUND000020,KR5160420009,CLASS000250,C-P2e,class_return,1,2023/12/13~2024/12/12,5.0,42,NORMAL
FUND000020,KR5160420009,CLASS000250,C-P2e,class_return,2,2022/12/13~2023/12/12,5.86,42,NORMAL
FUND000020,KR5160420009,CLASS000250,C-P2e,class_return,3,2021/12/13~2022/12/12,1.71,42,NORMAL
FUND000020,KR5160420009,CLASS000250,C-P2e,class_return,4,2020/12/13~2021/12/12,1.38,42,NORMAL
FUND000020,KR5160420009,CLASS000250,C-P2e,class_return,5,2019/12/13~2020/12/12,2.55,42,NORMAL
FUND000020,KR5160420009,CLASS000248,C-W,class_return,1,2023/12/13~2024/12/12,1.49,42,NORMAL
FUND000020,KR5160420009,CLASS000251,C-P,class_return,1,2023/12/13~2024/12/12,4.88,42,NORMAL
FUND000020,KR5160420009,CLASS000251,C-P,class_return,2,2022/12/13~2023/12/12,5.74,42,NORMAL
FUND000020,KR5160420009,CLASS000251,C-P,class_return,3,2021/12/13~2022/12/12,1.6,42,NORMAL
FUND000020,KR5160420009,CLASS000251,C-P,class_return,4,2020/12/13~2021/12/12,1.27,42,NORMAL
FUND000020,KR5160420009,CLASS000251,C-P,class_return,5,2019/12/13~2020/12/12,2.42,42,NORMAL
FUND000020,KR5160420009,CLASS000252,C-Pe,class_return,1,2023/12/13~2024/12/12,4.99,42,NORMAL
FUND000020,KR5160420009,CLASS000252,C-Pe,class_return,2,2022/12/13~2023/12/12,5.86,42,NORMAL
FUND000020,KR5160420009,CLASS000252,C-Pe,class_return,3,2021/12/13~2022/12/12,1.71,42,NORMAL
FUND000020,KR5160420009,CLASS000252,C-Pe,class_return,4,2020/12/13~2021/12/12,1.38,42,NORMAL
FUND000020,KR5160420009,CLASS000252,C-Pe,class_return,5,2019/12/13~2020/12/12,2.14,42,NORMAL
FUND000020,KR5160420009,CLASS000253,S,class_return,1,2023/12/13~2024/12/12,5.0,43,NORMAL
FUND000020,KR5160420009,CLASS000253,S,class_return,2,2022/12/13~2023/12/12,5.86,43,NORMAL
FUND000020,KR5160420009,CLASS000253,S,class_return,3,2021/12/13~2022/12/12,1.71,43,NORMAL
FUND000020,KR5160420009,CLASS000253,S,class_return,4,2020/12/13~2021/12/12,1.38,43,NORMAL
FUND000020,KR5160420009,CLASS000253,S,class_return,5,2019/12/13~2020/12/12,2.54,43,NORMAL
FUND000020,KR5160420009,CLASS000254,S-P,class_return,1,2023/12/13~2024/12/12,5.04,43,NORMAL
FUND000020,KR5160420009,CLASS000254,S-P,class_return,2,2022/12/13~2023/12/12,5.9,43,NORMAL
FUND000020,KR5160420009,CLASS000254,S-P,class_return,3,2021/12/13~2022/12/12,1.75,43,NORMAL
FUND000020,KR5160420009,CLASS000254,S-P,class_return,4,2020/12/13~2021/12/12,1.42,43,NORMAL
FUND000020,KR5160420009,CLASS000254,S-P,class_return,5,2019/12/13~2020/12/12,2.58,43,NORMAL
FUND000020,KR5160420009,CLASS000255,A,class_return,1,2023/12/13~2024/12/12,4.76,43,NORMAL
FUND000017,KR516702010M,,,fund,1,24.05.21~25.05.20,21.54,31,NORMAL
FUND000017,KR516702010M,,,fund,2,23.05.21~24.05.20,-1.16,31,NORMAL
FUND000017,KR516702010M,,,fund,3,22.05.21~23.05.20,-0.73,31,NORMAL
FUND000017,KR516702010M,,,fund,4,21.05.21~22.05.20,-9.6,31,NORMAL
FUND000017,KR516702010M,,,fund,5,20.05.21~21.05.20,69.29,31,NORMAL
FUND000017,KR516702010M,,,benchmark,1,24.05.21~25.05.20,-4.62,31,NORMAL
FUND000017,KR516702010M,,,benchmark,2,23.05.21~24.05.20,7.87,31,NORMAL
FUND000017,KR516702010M,,,benchmark,3,22.05.21~23.05.20,-3.45,31,NORMAL
FUND000017,KR516702010M,,,benchmark,4,21.05.21~22.05.20,-15.7,31,NORMAL
FUND000017,KR516702010M,,,benchmark,5,20.05.21~21.05.20,55.48,31,NORMAL
FUND000017,KR516702010M,CLASS000236,C,class_return,1,24.05.21~25.05.20,19.76,31,NORMAL
FUND000017,KR516702010M,CLASS000236,C,class_return,2,23.05.21~24.05.20,-2.69,31,NORMAL
FUND000017,KR516702010M,CLASS000236,C,class_return,3,22.05.21~23.05.20,-2.19,31,NORMAL
FUND000017,KR516702010M,CLASS000236,C,class_return,4,21.05.21~22.05.20,-11.02,31,NORMAL
FUND000017,KR516702010M,CLASS000236,C,class_return,5,20.05.21~21.05.20,66.86,31,NORMAL
FUND000017,KR516702010M,CLASS000237,Ce,class_return,1,24.05.21~25.05.20,20.32,31,NORMAL
FUND000017,KR516702010M,CLASS000237,Ce,class_return,2,23.05.21~24.05.20,-2.22,31,NORMAL
FUND000017,KR516702010M,CLASS000237,Ce,class_return,3,22.05.21~23.05.20,-1.74,31,NORMAL
FUND000017,KR516702010M,CLASS000237,Ce,class_return,4,21.05.21~22.05.20,-10.58,31,NORMAL
FUND000017,KR516702010M,CLASS000237,Ce,class_return,5,20.05.21~21.05.20,67.61,31,NORMAL
FUND000017,KR516702010M,CLASS000238,S-P,class_return,1,24.05.21~25.05.20,20.54,31,NORMAL
FUND000017,KR516702010M,CLASS000238,S-P,class_return,2,23.05.21~24.05.20,-2.03,31,NORMAL
FUND000017,KR516702010M,CLASS000238,S-P,class_return,3,22.05.21~23.05.20,-1.56,31,NORMAL
FUND000017,KR516702010M,CLASS000238,S-P,class_return,4,21.05.21~22.05.20,-10.4,31,NORMAL
FUND000017,KR516702010M,CLASS000238,S-P,class_return,5,20.05.21~21.05.20,67.92,31,NORMAL
FUND000013,KR5169950018,,,fund,1,24.07.12~25.07.11,40.21,52,NORMAL
FUND000013,KR5169950018,,,fund,2,23.07.12~24.07.11,7.79,52,NORMAL
FUND000013,KR5169950018,,,benchmark,1,24.07.12~25.07.11,9.38,52,NORMAL
FUND000013,KR5169950018,,,benchmark,2,23.07.12~24.07.11,12.01,52,NORMAL
FUND000013,KR5169950018,CLASS000171,A,class_return,1,24.07.12~25.07.11,38.25,52,NORMAL
FUND000013,KR5169950018,CLASS000171,A,class_return,2,23.07.12~24.07.11,6.26,52,NORMAL
FUND000013,KR5169950018,CLASS000172,A-e,class_return,1,24.07.12~25.07.11,38.64,52,NORMAL
FUND000013,KR5169950018,CLASS000172,A-e,class_return,2,23.07.12~24.07.11,6.58,52,NORMAL
FUND000013,KR5169950018,CLASS000175,C-e,class_return,1,24.07.12~25.07.11,38.42,52,NORMAL
FUND000013,KR5169950018,CLASS000175,C-e,class_return,2,23.07.12~24.07.11,6.4,52,NORMAL
FUND000013,KR5169950018,CLASS000177,C-I,class_return,1,24.07.12~25.07.11,39.02,53,NORMAL
FUND000013,KR5169950018,CLASS000177,C-I,class_return,2,23.07.12~24.07.11,6.28,53,NORMAL
FUND000013,KR5169950018,CLASS000179,C-s,class_return,1,24.07.12~25.07.11,39.05,53,NORMAL
FUND000013,KR5169950018,CLASS000179,C-s,class_return,2,23.07.12~24.07.11,6.88,53,NORMAL
FUND000013,KR5169950018,CLASS000182,C-Pe,class_return,1,24.07.12~25.07.11,38.51,53,NORMAL
FUND000013,KR5169950018,CLASS000182,C-Pe,class_return,2,23.07.12~24.07.11,6.47,53,NORMAL
FUND000013,KR5169950018,CLASS000185,C-P2e,class_return,1,24.07.12~25.07.11,38.58,53,NORMAL
FUND000013,KR5169950018,CLASS000185,C-P2e,class_return,2,23.07.12~24.07.11,6.52,53,NORMAL
FUND000013,KR5169950018,CLASS000178,S,class_return,1,24.07.12~25.07.11,38.66,53,NORMAL
FUND000013,KR5169950018,CLASS000178,S,class_return,2,23.07.12~24.07.11,6.59,53,NORMAL
FUND000013,KR5169950018,CLASS000183,S-P,class_return,1,24.07.12~25.07.11,38.7,53,NORMAL
FUND000013,KR5169950018,CLASS000183,S-P,class_return,2,23.07.12~24.07.11,6.61,53,NORMAL
FUND000013,KR5169950018,CLASS000186,S-P2,class_return,1,24.07.12~25.07.11,38.76,53,NORMAL
FUND000013,KR5169950018,CLASS000186,S-P2,class_return,2,23.07.12~24.07.11,6.58,53,NORMAL
FUND000014,KR5172450019,,,fund,1,24.06.27~25.06.26,16.92,39,NORMAL
FUND000014,KR5172450019,,,fund,2,23.06.27~24.06.26,15.82,39,NORMAL
FUND000014,KR5172450019,,,fund,3,22.06.27~23.06.26,14.5,39,NORMAL
FUND000014,KR5172450019,,,fund,4,21.06.27~22.06.26,-25.25,39,NORMAL
FUND000014,KR5172450019,,,fund,5,20.06.27~21.06.26,57.71,39,NORMAL
FUND000014,KR5172450019,,,benchmark,1,24.06.27~25.06.26,10.3,39,NORMAL
FUND000014,KR5172450019,,,benchmark,2,23.06.27~24.06.26,8.13,39,NORMAL
FUND000014,KR5172450019,,,benchmark,3,22.06.27~23.06.26,9.11,39,NORMAL
FUND000014,KR5172450019,,,benchmark,4,21.06.27~22.06.26,-28.35,39,NORMAL
FUND000014,KR5172450019,,,benchmark,5,20.06.27~21.06.26,54.73,39,NORMAL
FUND000014,KR5172450019,CLASS000187,A,class_return,1,24.06.27~25.06.26,15.02,39,NORMAL
FUND000014,KR5172450019,CLASS000187,A,class_return,2,23.06.27~24.06.26,13.92,39,NORMAL
FUND000014,KR5172450019,CLASS000187,A,class_return,3,22.06.27~23.06.26,12.54,39,NORMAL
FUND000014,KR5172450019,CLASS000187,A,class_return,4,21.06.27~22.06.26,-26.55,39,NORMAL
FUND000014,KR5172450019,CLASS000187,A,class_return,5,20.06.27~21.06.26,55.16,39,NORMAL
FUND000014,KR5172450019,CLASS000204,Ae,class_return,1,24.06.27~25.06.26,15.56,39,NORMAL
FUND000014,KR5172450019,CLASS000204,Ae,class_return,2,23.06.27~24.06.26,14.4,39,NORMAL
FUND000014,KR5172450019,CLASS000204,Ae,class_return,3,22.06.27~23.06.26,13.06,39,NORMAL
FUND000014,KR5172450019,CLASS000204,Ae,class_return,4,21.06.27~22.06.26,-26.21,39,NORMAL
FUND000014,KR5172450019,CLASS000204,Ae,class_return,5,20.06.27~21.06.26,55.94,39,NORMAL
FUND000014,KR5172450019,CLASS000191,C4,class_return,1,24.06.27~25.06.26,14.78,39,NORMAL
FUND000014,KR5172450019,CLASS000191,C4,class_return,2,23.06.27~24.06.26,13.7,39,NORMAL
FUND000014,KR5172450019,CLASS000191,C4,class_return,3,22.06.27~23.06.26,12.32,39,NORMAL
FUND000014,KR5172450019,CLASS000191,C4,class_return,4,21.06.27~22.06.26,-26.7,39,NORMAL
FUND000014,KR5172450019,CLASS000191,C4,class_return,5,20.06.27~21.06.26,54.86,39,NORMAL
FUND000014,KR5172450019,CLASS000192,C5,class_return,1,24.06.27~25.06.26,14.91,39,NORMAL
FUND000014,KR5172450019,CLASS000192,C5,class_return,2,23.06.27~24.06.26,13.81,39,NORMAL
FUND000014,KR5172450019,CLASS000192,C5,class_return,3,22.06.27~23.06.26,12.43,39,NORMAL
FUND000014,KR5172450019,CLASS000192,C5,class_return,4,21.06.27~22.06.26,-26.63,39,NORMAL
FUND000014,KR5172450019,CLASS000192,C5,class_return,5,20.06.27~21.06.26,55.01,39,NORMAL
FUND000014,KR5172450019,CLASS000193,Ce,class_return,1,24.06.27~25.06.26,14.91,39,NORMAL
FUND000014,KR5172450019,CLASS000193,Ce,class_return,2,23.06.27~24.06.26,13.8,39,NORMAL
FUND000014,KR5172450019,CLASS000193,Ce,class_return,3,22.06.27~23.06.26,12.43,39,NORMAL
FUND000014,KR5172450019,CLASS000193,Ce,class_return,4,21.06.27~22.06.26,-26.63,39,NORMAL
FUND000014,KR5172450019,CLASS000193,Ce,class_return,5,20.06.27~21.06.26,55.01,39,NORMAL
FUND000014,KR5172450019,CLASS000194,W,class_return,1,24.06.27~25.06.26,16.03,39,NORMAL
FUND000014,KR5172450019,CLASS000194,W,class_return,2,23.06.27~24.06.26,14.92,39,NORMAL
FUND000014,KR5172450019,CLASS000194,W,class_return,3,22.06.27~23.06.26,13.58,39,NORMAL
FUND000014,KR5172450019,CLASS000194,W,class_return,4,21.06.27~22.06.26,-25.87,39,NORMAL
FUND000014,KR5172450019,CLASS000194,W,class_return,5,20.06.27~21.06.26,56.52,39,NORMAL
FUND000014,KR5172450019,CLASS000201,Cp2,class_return,1,24.06.27~25.06.26,15.99,39,NORMAL
FUND000014,KR5172450019,CLASS000201,Cp2,class_return,2,23.06.27~24.06.26,14.89,39,NORMAL
FUND000014,KR5172450019,CLASS000201,Cp2,class_return,3,22.06.27~23.06.26,13.54,39,NORMAL
FUND000014,KR5172450019,CLASS000201,Cp2,class_return,4,21.06.27~22.06.26,-25.89,39,NORMAL
FUND000014,KR5172450019,CLASS000201,Cp2,class_return,5,20.06.27~21.06.26,56.46,39,NORMAL
FUND000014,KR5172450019,CLASS000195,I,class_return,1,24.06.27~25.06.26,15.64,39,NORMAL
FUND000014,KR5172450019,CLASS000195,I,class_return,2,23.06.27~24.06.26,14.53,39,NORMAL
FUND000014,KR5172450019,CLASS000195,I,class_return,3,22.06.27~23.06.26,13.18,39,NORMAL
FUND000014,KR5172450019,CLASS000195,I,class_return,4,21.06.27~22.06.26,-26.13,39,NORMAL
FUND000014,KR5172450019,CLASS000195,I,class_return,5,20.06.27~21.06.26,56.0,39,NORMAL
FUND000014,KR5172450019,CLASS000196,S,class_return,1,24.06.27~25.06.26,15.22,40,NORMAL
FUND000014,KR5172450019,CLASS000196,S,class_return,2,23.06.27~24.06.26,14.12,40,NORMAL
FUND000014,KR5172450019,CLASS000196,S,class_return,3,22.06.27~23.06.26,12.75,40,NORMAL
FUND000014,KR5172450019,CLASS000196,S,class_return,4,21.06.27~22.06.26,-26.42,40,NORMAL
FUND000014,KR5172450019,CLASS000196,S,class_return,5,20.06.27~21.06.26,55.42,40,NORMAL
FUND000014,KR5172450019,CLASS000198,Cp,class_return,1,24.06.27~25.06.26,15.62,40,NORMAL
FUND000014,KR5172450019,CLASS000198,Cp,class_return,2,23.06.27~24.06.26,14.52,40,NORMAL
FUND000014,KR5172450019,CLASS000198,Cp,class_return,3,22.06.27~23.06.26,13.16,40,NORMAL
FUND000014,KR5172450019,CLASS000198,Cp,class_return,4,21.06.27~22.06.26,-26.14,40,NORMAL
FUND000014,KR5172450019,CLASS000198,Cp,class_return,5,20.06.27~21.06.26,55.97,40,NORMAL
FUND000014,KR5172450019,CLASS000199,Cp-E,class_return,1,24.06.27~25.06.26,15.08,40,NORMAL
FUND000014,KR5172450019,CLASS000199,Cp-E,class_return,2,23.06.27~24.06.26,13.97,40,NORMAL
FUND000014,KR5172450019,CLASS000199,Cp-E,class_return,3,22.06.27~23.06.26,12.61,40,NORMAL
FUND000014,KR5172450019,CLASS000199,Cp-E,class_return,4,21.06.27~22.06.26,-26.51,40,NORMAL
FUND000014,KR5172450019,CLASS000199,Cp-E,class_return,5,20.06.27~21.06.26,55.23,40,NORMAL
FUND000014,KR5172450019,CLASS000203,Cp2-E,class_return,1,24.06.27~25.06.26,15.55,40,NORMAL
FUND000014,KR5172450019,CLASS000203,Cp2-E,class_return,2,23.06.27~24.06.26,14.45,40,NORMAL
FUND000014,KR5172450019,CLASS000203,Cp2-E,class_return,3,22.06.27~23.06.26,13.09,40,NORMAL
FUND000014,KR5172450019,CLASS000203,Cp2-E,class_return,4,21.06.27~22.06.26,-26.19,40,NORMAL
FUND000014,KR5172450019,CLASS000203,Cp2-E,class_return,5,20.06.27~21.06.26,55.87,40,NORMAL
FUND000019,KR5174420011,,,fund,1,2024.01.16~2025.01.15,5.82,36,NORMAL
FUND000019,KR5174420011,,,fund,2,2023.01.16~2024.01.15,4.42,36,NORMAL
FUND000019,KR5174420011,,,fund,3,2022.01.16~2023.01.15,1.04,36,NORMAL
FUND000019,KR5174420011,,,fund,4,2021.01.16~2022.01.15,-0.08,36,NORMAL
FUND000019,KR5174420011,,,fund,5,2020.01.16~2021.01.15,2.0,36,NORMAL
FUND000019,KR5174420011,,,benchmark,1,2024.01.16~2025.01.15,6.2,36,NORMAL
FUND000019,KR5174420011,,,benchmark,2,2023.01.16~2024.01.15,4.9,36,NORMAL
FUND000019,KR5174420011,,,benchmark,3,2022.01.16~2023.01.15,-2.22,36,NORMAL
FUND000019,KR5174420011,,,benchmark,4,2021.01.16~2022.01.15,-1.9,36,NORMAL
FUND000019,KR5174420011,,,benchmark,5,2020.01.16~2021.01.15,1.55,36,NORMAL
FUND000019,KR5174420011,CLASS000241,C,class_return,1,2024.01.16~2025.01.15,5.25,36,NORMAL
FUND000019,KR5174420011,CLASS000241,C,class_return,2,2023.01.16~2024.01.15,3.86,36,NORMAL
FUND000019,KR5174420011,CLASS000241,C,class_return,3,2022.01.16~2023.01.15,0.5,36,NORMAL
FUND000019,KR5174420011,CLASS000241,C,class_return,4,2021.01.16~2022.01.15,-0.62,36,NORMAL
FUND000019,KR5174420011,CLASS000241,C,class_return,5,2020.01.16~2021.01.15,1.45,36,NORMAL
FUND000019,KR5174420011,CLASS000242,S-P,class_return,1,2024.01.16~2025.01.15,5.46,36,NORMAL
FUND000019,KR5174420011,CLASS000242,S-P,class_return,2,2023.01.16~2024.01.15,4.07,36,NORMAL
FUND000019,KR5174420011,CLASS000242,S-P,class_return,3,2022.01.16~2023.01.15,0.7,36,NORMAL
FUND000019,KR5174420011,CLASS000242,S-P,class_return,4,2021.01.16~2022.01.15,-0.42,36,NORMAL
FUND000019,KR5174420011,CLASS000242,S-P,class_return,5,2020.01.16~2021.01.15,1.65,36,NORMAL
FUND000019,KR5174420011,CLASS000243,C-E,class_return,1,2024.01.16~2025.01.15,5.44,36,NORMAL
FUND000019,KR5174420011,CLASS000243,C-E,class_return,2,2023.01.16~2024.01.15,4.05,36,NORMAL
FUND000019,KR5174420011,CLASS000243,C-E,class_return,3,2022.01.16~2023.01.15,0.68,36,NORMAL
FUND000019,KR5174420011,CLASS000243,C-E,class_return,4,2021.01.16~2022.01.15,-0.44,36,NORMAL
FUND000019,KR5174420011,CLASS000243,C-E,class_return,5,2020.01.16~2021.01.15,1.63,36,NORMAL
FUND000075,KR518101002M,CLASS000883,C,class_return,1,24.09.01~25.08.31,3.5,39,NORMAL
FUND000075,KR518101002M,CLASS000883,C,class_return,2,23.09.01~24.08.31,4.64,39,NORMAL
FUND000075,KR518101002M,CLASS000883,C,class_return,3,22.09.01~23.08.31,5.36,39,NORMAL
FUND000075,KR518101002M,CLASS000883,C,class_return,4,21.09.01~22.08.31,-1.49,39,NORMAL
FUND000075,KR518101002M,CLASS000883,C,class_return,5,20.09.01~21.08.31,0.52,39,NORMAL
FUND000075,KR518101002M,CLASS000886,C-P2I,class_return,5,20.09.01~21.08.31,0.67,39,NORMAL
FUND000075,KR518101002M,,,fund,1,24.09.01~25.08.31,3.9,39,NORMAL
FUND000075,KR518101002M,,,fund,2,23.09.01~24.08.31,5.04,39,NORMAL
FUND000075,KR518101002M,,,fund,3,22.09.01~23.08.31,5.76,39,NORMAL
FUND000075,KR518101002M,,,fund,4,21.09.01~22.08.31,-1.12,39,NORMAL
FUND000075,KR518101002M,,,fund,5,20.09.01~21.08.31,0.9,39,NORMAL
FUND000075,KR518101002M,,,benchmark,1,24.09.01~25.08.31,3.75,39,NORMAL
FUND000075,KR518101002M,,,benchmark,2,23.09.01~24.08.31,4.62,39,NORMAL
FUND000075,KR518101002M,,,benchmark,3,22.09.01~23.08.31,3.99,39,NORMAL
FUND000075,KR518101002M,,,benchmark,4,21.09.01~22.08.31,-0.75,39,NORMAL
FUND000075,KR518101002M,,,benchmark,5,20.09.01~21.08.31,0.63,39,NORMAL
FUND000092,KR518101012M,,,fund,1,2024.02.29~2025.02.28,6.58,46,NORMAL
FUND000092,KR518101012M,,,fund,2,2023.02.28~2024.02.28,4.78,46,NORMAL
FUND000092,KR518101012M,,,fund,3,2022.02.28~2023.02.27,-0.34,46,NORMAL
FUND000092,KR518101012M,,,fund,4,2021.02.28~2022.02.27,-1.26,46,NORMAL
FUND000092,KR518101012M,,,fund,5,2020.02.28~2021.02.27,-1.15,46,NORMAL
FUND000092,KR518101012M,,,benchmark,1,2024.02.29~2025.02.28,5.45,46,NORMAL
FUND000092,KR518101012M,,,benchmark,2,2023.02.28~2024.02.28,4.61,46,NORMAL
FUND000092,KR518101012M,,,benchmark,3,2022.02.28~2023.02.27,-0.37,46,NORMAL
FUND000092,KR518101012M,,,benchmark,4,2021.02.28~2022.02.27,-0.84,46,NORMAL
FUND000092,KR518101012M,,,benchmark,5,2020.02.28~2021.02.27,-1.29,46,NORMAL
FUND000092,KR518101012M,CLASS001069,C,class_return,1,2024.02.29~2025.02.28,6.01,46,NORMAL
FUND000092,KR518101012M,CLASS001069,C,class_return,2,2023.02.28~2024.02.28,4.21,46,NORMAL
FUND000092,KR518101012M,CLASS001069,C,class_return,3,2022.02.28~2023.02.27,-0.88,46,NORMAL
FUND000092,KR518101012M,CLASS001069,C,class_return,4,2021.02.28~2022.02.27,-1.8,46,NORMAL
FUND000092,KR518101012M,CLASS001069,C,class_return,5,2020.02.28~2021.02.27,-1.69,46,NORMAL
FUND000092,KR518101012M,CLASS001070,C-e,class_return,1,2024.02.29~2025.02.28,6.21,46,NORMAL
FUND000092,KR518101012M,CLASS001070,C-e,class_return,2,2023.02.28~2024.02.28,4.42,46,NORMAL
FUND000092,KR518101012M,CLASS001070,C-e,class_return,3,2022.02.28~2023.02.27,-0.68,46,NORMAL
FUND000092,KR518101012M,CLASS001070,C-e,class_return,4,2021.02.28~2022.02.27,-1.6,46,NORMAL
FUND000092,KR518101012M,CLASS001070,C-e,class_return,5,2020.02.28~2021.02.27,-1.5,46,NORMAL
FUND000063,KR518102001M,CLASS000800,C,class_return,1,24.03.01~25.02.28,-1.58,34,NORMAL
FUND000063,KR518102001M,CLASS000800,C,class_return,2,23.03.01~24.02.29,4.68,34,NORMAL
FUND000063,KR518102001M,CLASS000800,C,class_return,3,22.03.01~23.02.28,-10.09,34,NORMAL
FUND000063,KR518102001M,CLASS000800,C,class_return,4,21.03.01~22.02.28,-9.64,34,NORMAL
FUND000063,KR518102001M,CLASS000800,C,class_return,5,20.03.01~21.02.28,56.72,34,NORMAL
FUND000063,KR518102001M,CLASS000802,C-P2e,class_return,1,24.03.01~25.02.28,-1.33,34,NORMAL
FUND000063,KR518102001M,CLASS000802,C-P2e,class_return,2,23.03.01~24.02.29,4.94,34,NORMAL
FUND000063,KR518102001M,CLASS000802,C-P2e,class_return,3,22.03.01~23.02.28,-9.87,34,NORMAL
FUND000063,KR518102001M,CLASS000802,C-P2e,class_return,4,21.03.01~22.02.28,-9.4,34,NORMAL
FUND000063,KR518102001M,CLASS000802,C-P2e,class_return,5,20.03.01~21.02.28,57.08,34,NORMAL
FUND000063,KR518102001M,,,fund,1,24.03.01~25.02.28,-0.63,34,NORMAL
FUND000063,KR518102001M,,,fund,2,23.03.01~24.02.29,5.67,34,NORMAL
FUND000063,KR518102001M,,,fund,3,22.03.01~23.02.28,-9.25,34,NORMAL
FUND000063,KR518102001M,,,fund,4,21.03.01~22.02.28,-8.75,34,NORMAL
FUND000063,KR518102001M,,,fund,5,20.03.01~21.02.28,58.13,34,NORMAL
FUND000063,KR518102001M,,,benchmark,1,24.03.01~25.02.28,-4.15,34,NORMAL
FUND000063,KR518102001M,,,benchmark,2,23.03.01~24.02.29,9.51,34,NORMAL
FUND000063,KR518102001M,,,benchmark,3,22.03.01~23.02.28,-10.61,34,NORMAL
FUND000063,KR518102001M,,,benchmark,4,21.03.01~22.02.28,-10.41,34,NORMAL
FUND000063,KR518102001M,,,benchmark,5,20.03.01~21.02.28,51.63,34,NORMAL
FUND000085,KR5185450009,,,fund,1,2024.07.01~2025.06.30,0.07,45,NORMAL
FUND000085,KR5185450009,,,fund,2,2023.07.01~2024.06.30,9.03,45,NORMAL
FUND000085,KR5185450009,,,fund,3,2022.07.01~2023.06.30,23.81,45,NORMAL
FUND000085,KR5185450009,,,fund,4,2021.07.01~2022.06.30,-23.85,45,NORMAL
FUND000085,KR5185450009,,,fund,5,2020.07.01~2021.06.30,104.6,45,NORMAL
FUND000085,KR5185450009,,,benchmark,1,2024.07.01~2025.06.30,9.79,45,NORMAL
FUND000085,KR5185450009,,,benchmark,2,2023.07.01~2024.06.30,9.11,45,NORMAL
FUND000085,KR5185450009,,,benchmark,3,2022.07.01~2023.06.30,9.93,45,NORMAL
FUND000085,KR5185450009,,,benchmark,4,2021.07.01~2022.06.30,-29.24,45,NORMAL
FUND000085,KR5185450009,,,benchmark,5,2020.07.01~2021.06.30,56.36,45,NORMAL
FUND000085,KR5185450009,CLASS000997,A1,class_return,1,2024.07.01~2025.06.30,-1.65,45,NORMAL
FUND000085,KR5185450009,CLASS000997,A1,class_return,2,2023.07.01~2024.06.30,7.17,45,NORMAL
FUND000085,KR5185450009,CLASS000997,A1,class_return,3,2022.07.01~2023.06.30,21.76,45,NORMAL
FUND000085,KR5185450009,CLASS000997,A1,class_return,4,2021.07.01~2022.06.30,-25.21,45,NORMAL
FUND000085,KR5185450009,CLASS000997,A1,class_return,5,2020.07.01~2021.06.30,101.32,45,NORMAL
FUND000085,KR5185450009,CLASS000998,C1,class_return,1,2024.07.01~2025.06.30,-2.16,45,NORMAL
FUND000085,KR5185450009,CLASS000998,C1,class_return,2,2023.07.01~2024.06.30,6.62,45,NORMAL
FUND000085,KR5185450009,CLASS000998,C1,class_return,3,2022.07.01~2023.06.30,21.14,45,NORMAL
FUND000085,KR5185450009,CLASS000998,C1,class_return,4,2021.07.01~2022.06.30,-25.61,45,NORMAL
FUND000085,KR5185450009,CLASS000998,C1,class_return,5,2020.07.01~2021.06.30,59.53,45,NORMAL
FUND000085,KR5185450009,CLASS000999,C2,class_return,1,2024.07.01~2025.06.30,-2.02,45,NORMAL
FUND000085,KR5185450009,CLASS000999,C2,class_return,2,2023.07.01~2024.06.30,6.78,45,NORMAL
FUND000085,KR5185450009,CLASS000999,C2,class_return,3,2022.07.01~2023.06.30,21.33,45,NORMAL
FUND000085,KR5185450009,CLASS000999,C2,class_return,4,2021.07.01~2022.06.30,-18.02,45,NORMAL
FUND000085,KR5185450009,CLASS001000,C3,class_return,1,2024.07.01~2025.06.30,-1.66,45,NORMAL
FUND000085,KR5185450009,CLASS001000,C3,class_return,2,2023.07.01~2024.06.30,7.16,45,NORMAL
FUND000085,KR5185450009,CLASS001000,C3,class_return,3,2022.07.01~2023.06.30,15.48,45,NORMAL
FUND000085,KR5185450009,CLASS001001,C4,class_return,1,2024.07.01~2025.06.30,-1.56,45,NORMAL
FUND000085,KR5185450009,CLASS001001,C4,class_return,2,2023.07.01~2024.06.30,7.27,45,NORMAL
FUND000085,KR5185450009,CLASS001001,C4,class_return,3,2022.07.01~2023.06.30,21.87,45,NORMAL
FUND000085,KR5185450009,CLASS001001,C4,class_return,4,2021.07.01~2022.06.30,-25.14,45,NORMAL
FUND000085,KR5185450009,CLASS001001,C4,class_return,5,2020.07.01~2021.06.30,101.51,45,NORMAL
FUND000085,KR5185450009,CLASS001002,C-e,class_return,1,2024.07.01~2025.06.30,-1.64,45,NORMAL
FUND000085,KR5185450009,CLASS001002,C-e,class_return,2,2023.07.01~2024.06.30,7.18,45,NORMAL
FUND000085,KR5185450009,CLASS001002,C-e,class_return,3,2022.07.01~2023.06.30,21.77,45,NORMAL
FUND000085,KR5185450009,CLASS001002,C-e,class_return,4,2021.07.01~2022.06.30,-25.2,45,NORMAL
FUND000085,KR5185450009,CLASS001002,C-e,class_return,5,2020.07.01~2021.06.30,101.3,45,NORMAL
FUND000085,KR5185450009,CLASS001005,A-e,class_return,1,2024.07.01~2025.06.30,-1.03,45,NORMAL
FUND000085,KR5185450009,CLASS001005,A-e,class_return,2,2023.07.01~2024.06.30,7.85,45,NORMAL
FUND000085,KR5185450009,CLASS001005,A-e,class_return,3,2022.07.01~2023.06.30,22.5,45,NORMAL
FUND000085,KR5185450009,CLASS001005,A-e,class_return,4,2021.07.01~2022.06.30,-24.71,45,NORMAL
FUND000085,KR5185450009,CLASS001005,A-e,class_return,5,2020.07.01~2021.06.30,102.48,45,NORMAL
FUND000085,KR5185450009,CLASS001006,S,class_return,1,2024.07.01~2025.06.30,-1.03,45,NORMAL
FUND000085,KR5185450009,CLASS001006,S,class_return,2,2023.07.01~2024.06.30,7.84,45,NORMAL
FUND000085,KR5185450009,CLASS001006,S,class_return,3,2022.07.01~2023.06.30,22.5,45,NORMAL
FUND000085,KR5185450009,CLASS001006,S,class_return,4,2021.07.01~2022.06.30,-24.72,45,NORMAL
FUND000085,KR5185450009,CLASS001006,S,class_return,5,2020.07.01~2021.06.30,102.47,45,NORMAL
FUND000085,KR5185450009,CLASS001007,C-P,class_return,1,2024.07.01~2025.06.30,-1.57,45,NORMAL
FUND000085,KR5185450009,CLASS001007,C-P,class_return,2,2023.07.01~2024.06.30,7.26,45,NORMAL
FUND000085,KR5185450009,CLASS001007,C-P,class_return,3,2022.07.01~2023.06.30,21.86,45,NORMAL
FUND000085,KR5185450009,CLASS001007,C-P,class_return,4,2021.07.01~2022.06.30,-25.14,45,NORMAL
FUND000085,KR5185450009,CLASS001007,C-P,class_return,5,2020.07.01~2021.06.30,101.5,45,NORMAL
FUND000085,KR5185450009,CLASS001009,C-Pe,class_return,1,2024.07.01~2025.06.30,-1.13,46,NORMAL
FUND000085,KR5185450009,CLASS001009,C-Pe,class_return,2,2023.07.01~2024.06.30,7.74,46,NORMAL
FUND000085,KR5185450009,CLASS001009,C-Pe,class_return,3,2022.07.01~2023.06.30,22.39,46,NORMAL
FUND000085,KR5185450009,CLASS001009,C-Pe,class_return,4,2021.07.01~2022.06.30,-24.79,46,NORMAL
FUND000085,KR5185450009,CLASS001009,C-Pe,class_return,5,2020.07.01~2021.06.30,102.29,46,NORMAL
FUND000085,KR5185450009,CLASS001010,C-P2(퇴직연금),class_return,1,2024.07.01~2025.06.30,-1.49,46,NORMAL
FUND000085,KR5185450009,CLASS001010,C-P2(퇴직연금),class_return,2,2023.07.01~2024.06.30,7.34,46,NORMAL
FUND000085,KR5185450009,CLASS001010,C-P2(퇴직연금),class_return,3,2022.07.01~2023.06.30,21.95,46,NORMAL
FUND000085,KR5185450009,CLASS001010,C-P2(퇴직연금),class_return,4,2021.07.01~2022.06.30,-25.08,46,NORMAL
FUND000085,KR5185450009,CLASS001010,C-P2(퇴직연금),class_return,5,2020.07.01~2021.06.30,35.08,46,NORMAL
FUND000085,KR5185450009,CLASS001011,C-P2e(퇴직연금),class_return,1,2024.07.01~2025.06.30,-1.09,46,NORMAL
FUND000085,KR5185450009,CLASS001011,C-P2e(퇴직연금),class_return,2,2023.07.01~2024.06.30,7.78,46,NORMAL
FUND000085,KR5185450009,CLASS001011,C-P2e(퇴직연금),class_return,3,2022.07.01~2023.06.30,22.43,46,NORMAL
FUND000085,KR5185450009,CLASS001011,C-P2e(퇴직연금),class_return,4,2021.07.01~2022.06.30,-24.76,46,NORMAL
FUND000015,KR5194450018,,,fund,1,24.01.17~25.01.16,2.08,50,NORMAL
FUND000015,KR5194450018,,,fund,2,23.01.17~24.01.16,4.87,50,NORMAL
FUND000015,KR5194450018,,,fund,3,22.01.17~23.01.16,-19.55,50,NORMAL
FUND000015,KR5194450018,,,fund,4,21.01.17~22.01.16,8.95,50,NORMAL
FUND000015,KR5194450018,,,fund,5,20.01.17~21.01.16,55.09,50,NORMAL
FUND000015,KR5194450018,,,benchmark,1,24.01.17~25.01.16,1.2,50,NORMAL
FUND000015,KR5194450018,,,benchmark,2,23.01.17~24.01.16,4.07,50,NORMAL
FUND000015,KR5194450018,,,benchmark,3,22.01.17~23.01.16,-17.87,50,NORMAL
FUND000015,KR5194450018,,,benchmark,4,21.01.17~22.01.16,-5.31,50,NORMAL
FUND000015,KR5194450018,,,benchmark,5,20.01.17~21.01.16,37.27,50,NORMAL
FUND000015,KR5194450018,CLASS000205,A,class_return,1,24.01.17~25.01.16,0.61,50,NORMAL
FUND000015,KR5194450018,CLASS000205,A,class_return,2,23.01.17~24.01.16,3.34,50,NORMAL
FUND000015,KR5194450018,CLASS000205,A,class_return,3,22.01.17~23.01.16,-20.79,50,NORMAL
FUND000015,KR5194450018,CLASS000205,A,class_return,4,21.01.17~22.01.16,7.36,50,NORMAL
FUND000015,KR5194450018,CLASS000205,A,class_return,5,20.01.17~21.01.16,52.91,50,NORMAL
FUND000015,KR5194450018,CLASS000206,A-e,class_return,1,24.01.17~25.01.16,0.97,50,NORMAL
FUND000015,KR5194450018,CLASS000206,A-e,class_return,2,23.01.17~24.01.16,3.7,50,NORMAL
FUND000015,KR5194450018,CLASS000206,A-e,class_return,3,22.01.17~23.01.16,-20.49,50,NORMAL
FUND000015,KR5194450018,CLASS000206,A-e,class_return,4,21.01.17~22.01.16,7.74,50,NORMAL
FUND000015,KR5194450018,CLASS000206,A-e,class_return,5,20.01.17~21.01.16,53.43,50,NORMAL
FUND000015,KR5194450018,CLASS000208,C2,class_return,1,24.01.17~25.01.16,8.18,50,NORMAL
FUND000015,KR5194450018,CLASS000208,C2,class_return,2,23.01.17~24.01.16,-1.08,50,NORMAL
FUND000015,KR5194450018,CLASS000208,C2,class_return,3,22.01.17~23.01.16,0.0,50,NORMAL
FUND000015,KR5194450018,CLASS000208,C2,class_return,4,21.01.17~22.01.16,0.0,50,NORMAL
FUND000015,KR5194450018,CLASS000208,C2,class_return,5,20.01.17~21.01.16,0.0,50,NORMAL
FUND000015,KR5194450018,CLASS000209,C3,class_return,1,24.01.17~25.01.16,1.58,50,NORMAL
FUND000015,KR5194450018,CLASS000209,C3,class_return,2,23.01.17~24.01.16,0.0,50,NORMAL
FUND000015,KR5194450018,CLASS000209,C3,class_return,3,22.01.17~23.01.16,0.0,50,NORMAL
FUND000015,KR5194450018,CLASS000209,C3,class_return,4,21.01.17~22.01.16,0.0,50,NORMAL
FUND000015,KR5194450018,CLASS000209,C3,class_return,5,20.01.17~21.01.16,-1.14,50,NORMAL
FUND000015,KR5194450018,CLASS000210,C4,class_return,1,24.01.17~25.01.16,0.65,50,NORMAL
FUND000015,KR5194450018,CLASS000210,C4,class_return,2,23.01.17~24.01.16,3.37,50,NORMAL
FUND000015,KR5194450018,CLASS000210,C4,class_return,3,22.01.17~23.01.16,-20.77,50,NORMAL
FUND000015,KR5194450018,CLASS000210,C4,class_return,4,21.01.17~22.01.16,7.38,50,NORMAL
FUND000015,KR5194450018,CLASS000210,C4,class_return,5,20.01.17~21.01.16,52.94,50,NORMAL
FUND000015,KR5194450018,CLASS000211,C-e,class_return,1,24.01.17~25.01.16,0.83,50,NORMAL
FUND000015,KR5194450018,CLASS000211,C-e,class_return,2,23.01.17~24.01.16,3.57,50,NORMAL
FUND000015,KR5194450018,CLASS000211,C-e,class_return,3,22.01.17~23.01.16,-20.61,50,NORMAL
FUND000015,KR5194450018,CLASS000211,C-e,class_return,4,21.01.17~22.01.16,7.59,50,NORMAL
FUND000015,KR5194450018,CLASS000211,C-e,class_return,5,20.01.17~21.01.16,53.28,50,NORMAL
FUND000015,KR5194450018,CLASS000214,S,class_return,1,24.01.17~25.01.16,0.98,50,NORMAL
FUND000015,KR5194450018,CLASS000214,S,class_return,2,23.01.17~24.01.16,3.72,50,NORMAL
FUND000015,KR5194450018,CLASS000214,S,class_return,3,22.01.17~23.01.16,-20.48,50,NORMAL
FUND000015,KR5194450018,CLASS000214,S,class_return,4,21.01.17~22.01.16,7.75,50,NORMAL
FUND000015,KR5194450018,CLASS000214,S,class_return,5,20.01.17~21.01.16,53.45,50,NORMAL
FUND000015,KR5194450018,CLASS000216,RP-e,class_return,1,24.01.17~25.01.16,0.98,50,NORMAL
FUND000015,KR5194450018,CLASS000216,RP-e,class_return,2,23.01.17~24.01.16,3.72,50,NORMAL
FUND000015,KR5194450018,CLASS000216,RP-e,class_return,3,22.01.17~23.01.16,-1.05,50,NORMAL
FUND000015,KR5194450018,CLASS000217,S-P,class_return,1,24.01.17~25.01.16,1.16,50,NORMAL
FUND000015,KR5194450018,CLASS000217,S-P,class_return,2,23.01.17~24.01.16,3.89,50,NORMAL
FUND000015,KR5194450018,CLASS000217,S-P,class_return,3,22.01.17~23.01.16,2.88,50,NORMAL
FUND000015,KR5194450018,CLASS000219,CP-e,class_return,1,24.01.17~25.01.16,0.98,50,NORMAL
FUND000015,KR5194450018,CLASS000219,CP-e,class_return,2,23.01.17~24.01.16,3.72,50,NORMAL
FUND000015,KR5194450018,CLASS000219,CP-e,class_return,3,22.01.17~23.01.16,1.77,50,NORMAL
FUND000009,KR555202013M,,,benchmark,1,2024.03.11~2025.03.10,-4.1,34,NORMAL
FUND000009,KR555202013M,,,benchmark,2,2023.03.11~2024.03.10,11.93,34,NORMAL
FUND000009,KR555202013M,,,benchmark,3,2022.03.11~2023.03.10,-10.66,34,NORMAL
FUND000009,KR555202013M,,,benchmark,4,2021.03.11~2022.03.10,-9.39,34,NORMAL
FUND000009,KR555202013M,,,benchmark,5,2020.03.11~2021.03.10,50.7,34,NORMAL
FUND000009,KR555202013M,CLASS000124,A,class_return,1,2024.03.11~2025.03.10,-5.24,34,NORMAL
FUND000009,KR555202013M,CLASS000124,A,class_return,2,2023.03.11~2024.03.10,20.57,34,NORMAL
FUND000009,KR555202013M,CLASS000124,A,class_return,3,2022.03.11~2023.03.10,-5.83,34,NORMAL
FUND000009,KR555202013M,CLASS000124,A,class_return,4,2021.03.11~2022.03.10,0.53,34,NORMAL
FUND000009,KR555202013M,CLASS000124,A,class_return,5,2020.03.11~2021.03.10,50.3,34,NORMAL
FUND000009,KR555202013M,CLASS000125,Ae,class_return,1,2024.03.11~2025.03.10,-4.66,34,NORMAL
FUND000009,KR555202013M,CLASS000125,Ae,class_return,2,2023.03.11~2024.03.10,21.27,34,NORMAL
FUND000009,KR555202013M,CLASS000125,Ae,class_return,3,2022.03.11~2023.03.10,-5.27,34,NORMAL
FUND000009,KR555202013M,CLASS000125,Ae,class_return,4,2021.03.11~2022.03.10,1.14,34,NORMAL
FUND000009,KR555202013M,CLASS000125,Ae,class_return,5,2020.03.11~2021.03.10,51.13,34,NORMAL
FUND000009,KR555202013M,CLASS000126,Ce,class_return,1,2024.03.11~2025.03.10,-4.75,34,NORMAL
FUND000009,KR555202013M,CLASS000126,Ce,class_return,2,2023.03.11~2024.03.10,21.15,34,NORMAL
FUND000009,KR555202013M,CLASS000126,Ce,class_return,3,2022.03.11~2023.03.10,-5.36,34,NORMAL
FUND000009,KR555202013M,CLASS000126,Ce,class_return,4,2021.03.11~2022.03.10,1.04,34,NORMAL
FUND000009,KR555202013M,CLASS000126,Ce,class_return,5,2020.03.11~2021.03.10,50.99,34,NORMAL
FUND000009,KR555202013M,CLASS000127,C-I,class_return,1,2024.03.11~2025.03.10,-4.29,34,NORMAL
FUND000009,KR555202013M,CLASS000127,C-I,class_return,2,2023.03.11~2024.03.10,21.7,34,NORMAL
FUND000009,KR555202013M,CLASS000127,C-I,class_return,3,2022.03.11~2023.03.10,-4.92,34,NORMAL
FUND000009,KR555202013M,CLASS000127,C-I,class_return,4,2021.03.11~2022.03.10,1.52,34,NORMAL
FUND000009,KR555202013M,CLASS000127,C-I,class_return,5,2020.03.11~2021.03.10,51.64,34,NORMAL
FUND000009,KR555202013M,CLASS000128,C-W,class_return,1,2024.03.11~2025.03.10,-4.27,34,NORMAL
FUND000009,KR555202013M,CLASS000128,C-W,class_return,2,2023.03.11~2024.03.10,21.74,34,NORMAL
FUND000009,KR555202013M,CLASS000128,C-W,class_return,3,2022.03.11~2023.03.10,-4.89,34,NORMAL
FUND000009,KR555202013M,CLASS000128,C-W,class_return,4,2021.03.11~2022.03.10,1.55,34,NORMAL
FUND000009,KR555202013M,CLASS000128,C-W,class_return,5,2020.03.11~2021.03.10,51.69,34,NORMAL
FUND000009,KR555202013M,CLASS000129,C-P,class_return,1,2024.03.11~2025.03.10,-5.0,34,NORMAL
FUND000009,KR555202013M,CLASS000129,C-P,class_return,2,2023.03.11~2024.03.10,20.86,34,NORMAL
FUND000009,KR555202013M,CLASS000129,C-P,class_return,3,2022.03.11~2023.03.10,-5.6,34,NORMAL
FUND000009,KR555202013M,CLASS000129,C-P,class_return,4,2021.03.11~2022.03.10,0.79,34,NORMAL
FUND000009,KR555202013M,CLASS000129,C-P,class_return,5,2020.03.11~2021.03.10,50.64,34,NORMAL
FUND000009,KR555202013M,CLASS000130,P-F,class_return,1,2024.03.11~2025.03.10,-4.28,34,NORMAL
FUND000009,KR555202013M,CLASS000130,P-F,class_return,2,2023.03.11~2024.03.10,21.73,34,NORMAL
FUND000009,KR555202013M,CLASS000130,P-F,class_return,3,2022.03.11~2023.03.10,-4.89,34,NORMAL
FUND000009,KR555202013M,CLASS000130,P-F,class_return,4,2021.03.11~2022.03.10,1.54,34,NORMAL
FUND000009,KR555202013M,CLASS000130,P-F,class_return,5,2020.03.11~2021.03.10,14.06,34,NORMAL
FUND000009,KR555202013M,CLASS000131,S,class_return,1,2024.03.11~2025.03.10,-4.61,34,NORMAL
FUND000009,KR555202013M,CLASS000131,S,class_return,2,2023.03.11~2024.03.10,21.33,34,NORMAL
FUND000009,KR555202013M,CLASS000131,S,class_return,3,2022.03.11~2023.03.10,-5.22,34,NORMAL
FUND000009,KR555202013M,CLASS000131,S,class_return,4,2021.03.11~2022.03.10,1.19,34,NORMAL
FUND000009,KR555202013M,CLASS000131,S,class_return,5,2020.03.11~2021.03.10,51.2,34,NORMAL
FUND000009,KR555202013M,CLASS000132,S-P,class_return,1,2024.03.11~2025.03.10,-4.46,34,NORMAL
FUND000009,KR555202013M,CLASS000132,S-P,class_return,2,2023.03.11~2024.03.10,21.5,34,NORMAL
FUND000009,KR555202013M,CLASS000132,S-P,class_return,3,2022.03.11~2023.03.10,-5.08,34,NORMAL
FUND000009,KR555202013M,CLASS000132,S-P,class_return,4,2021.03.11~2022.03.10,1.35,34,NORMAL
FUND000009,KR555202013M,CLASS000132,S-P,class_return,5,2020.03.11~2021.03.10,51.41,34,NORMAL
FUND000027,KR5144420020,,C-P2I(퇴직연금),class_return,2,23.09.02~24.09.01,8.38,56,NORMAL
FUND000027,KR5144420020,CLASS000349,A2,class_return,2,23.09.02~24.09.01,7.73,56,NORMAL
