fund_id,product_code,class_id,team_class_code,row_kind,period,return_pct,inception_date,source_page,source_pages,method,confidence,evidence
FUND000052,KR510902511M,CLASS000685,A,class_return,1Y,-23.62,2010-12-23,4,[4],cell_grid,1.0,수수료선취-오프라인(A) 수수료선취-오프라인(A) -23.62 1.79 -10.60 2.53 2.29
FUND000052,KR510902511M,CLASS000685,A,class_return,2Y,1.79,2010-12-23,4,[4],cell_grid,1.0,수수료선취-오프라인(A) 수수료선취-오프라인(A) -23.62 1.79 -10.60 2.53 2.29
FUND000052,KR510902511M,CLASS000685,A,class_return,3Y,-10.60,2010-12-23,4,[4],cell_grid,1.0,수수료선취-오프라인(A) 수수료선취-오프라인(A) -23.62 1.79 -10.60 2.53 2.29
FUND000052,KR510902511M,CLASS000685,A,class_return,5Y,2.53,2010-12-23,4,[4],cell_grid,1.0,수수료선취-오프라인(A) 수수료선취-오프라인(A) -23.62 1.79 -10.60 2.53 2.29
FUND000052,KR510902511M,CLASS000685,A,class_return,SINCE_INCEPTION,2.29,2010-12-23,4,[4],cell_grid,1.0,수수료선취-오프라인(A) 수수료선취-오프라인(A) -23.62 1.79 -10.60 2.53 2.29
FUND000052,KR510902511M,CLASS000687,C1,class_return,1Y,-,2010-12-23,4,[4],cell_grid,1.0,수수료미징구-오프라인-보수 2010.12.23 체감(C1) 수수료미징구-오프라인-보수 체감(C1) - - - - -
FUND000052,KR510902511M,CLASS000687,C1,class_return,2Y,-,2010-12-23,4,[4],cell_grid,1.0,수수료미징구-오프라인-보수 2010.12.23 체감(C1) 수수료미징구-오프라인-보수 체감(C1) - - - - -
FUND000052,KR510902511M,CLASS000687,C1,class_return,3Y,-,2010-12-23,4,[4],cell_grid,1.0,수수료미징구-오프라인-보수 2010.12.23 체감(C1) 수수료미징구-오프라인-보수 체감(C1) - - - - -
FUND000052,KR510902511M,CLASS000687,C1,class_return,5Y,-,2010-12-23,4,[4],cell_grid,1.0,수수료미징구-오프라인-보수 2010.12.23 체감(C1) 수수료미징구-오프라인-보수 체감(C1) - - - - -
FUND000052,KR510902511M,CLASS000687,C1,class_return,SINCE_INCEPTION,-,2010-12-23,4,[4],cell_grid,1.0,수수료미징구-오프라인-보수 2010.12.23 체감(C1) 수수료미징구-오프라인-보수 체감(C1) - - - - -
FUND000052,KR510902511M,CLASS000686,A-e,class_return,1Y,-23.33,2010-12-23,4,[4],cell_grid,1.0,수수료선취-온라인(A-e) 수수료선취-온라인(A-e) -23.33 2.15 -10.28 2.83 2.47
FUND000052,KR510902511M,CLASS000686,A-e,class_return,2Y,2.15,2010-12-23,4,[4],cell_grid,1.0,수수료선취-온라인(A-e) 수수료선취-온라인(A-e) -23.33 2.15 -10.28 2.83 2.47
FUND000052,KR510902511M,CLASS000686,A-e,class_return,3Y,-10.28,2010-12-23,4,[4],cell_grid,1.0,수수료선취-온라인(A-e) 수수료선취-온라인(A-e) -23.33 2.15 -10.28 2.83 2.47
FUND000052,KR510902511M,CLASS000686,A-e,class_return,5Y,2.83,2010-12-23,4,[4],cell_grid,1.0,수수료선취-온라인(A-e) 수수료선취-온라인(A-e) -23.33 2.15 -10.28 2.83 2.47
FUND000052,KR510902511M,CLASS000686,A-e,class_return,SINCE_INCEPTION,2.47,2010-12-23,4,[4],cell_grid,1.0,수수료선취-온라인(A-e) 수수료선취-온라인(A-e) -23.33 2.15 -10.28 2.83 2.47
FUND000052,KR510902511M,CLASS000691,C-e,class_return,1Y,-23.42,2018-02-27,4,[4],cell_grid,1.0,수수료미징구-온라인(C-e) 2018.02.27 수수료미징구-온라인(C-e) 2018.02.27 -23.42 2.05 -10.38 2.82 2.26
FUND000052,KR510902511M,CLASS000691,C-e,class_return,2Y,2.05,2018-02-27,4,[4],cell_grid,1.0,수수료미징구-온라인(C-e) 2018.02.27 수수료미징구-온라인(C-e) 2018.02.27 -23.42 2.05 -10.38 2.82 2.26
FUND000052,KR510902511M,CLASS000691,C-e,class_return,3Y,-10.38,2018-02-27,4,[4],cell_grid,1.0,수수료미징구-온라인(C-e) 2018.02.27 수수료미징구-온라인(C-e) 2018.02.27 -23.42 2.05 -10.38 2.82 2.26
FUND000052,KR510902511M,CLASS000691,C-e,class_return,5Y,2.82,2018-02-27,4,[4],cell_grid,1.0,수수료미징구-온라인(C-e) 2018.02.27 수수료미징구-온라인(C-e) 2018.02.27 -23.42 2.05 -10.38 2.82 2.26
FUND000052,KR510902511M,CLASS000691,C-e,class_return,SINCE_INCEPTION,2.26,2018-02-27,4,[4],cell_grid,1.0,수수료미징구-온라인(C-e) 2018.02.27 수수료미징구-온라인(C-e) 2018.02.27 -23.42 2.05 -10.38 2.82 2.26
FUND000052,KR510902511M,,,fund,1Y,-22.43,2010-12-23,4,[4],cell_grid,1.0,투자실적 투자신탁 추이 투자실적 추이 투자신탁 -22.43 3.31 -9.25 4.14 3.95
FUND000052,KR510902511M,,,fund,2Y,3.31,2010-12-23,4,[4],cell_grid,1.0,투자실적 투자신탁 추이 투자실적 추이 투자신탁 -22.43 3.31 -9.25 4.14 3.95
FUND000052,KR510902511M,,,fund,3Y,-9.25,2010-12-23,4,[4],cell_grid,1.0,투자실적 투자신탁 추이 투자실적 추이 투자신탁 -22.43 3.31 -9.25 4.14 3.95
FUND000052,KR510902511M,,,fund,5Y,4.14,2010-12-23,4,[4],cell_grid,1.0,투자실적 투자신탁 추이 투자실적 추이 투자신탁 -22.43 3.31 -9.25 4.14 3.95
FUND000052,KR510902511M,,,fund,SINCE_INCEPTION,3.95,2010-12-23,4,[4],cell_grid,1.0,투자실적 투자신탁 추이 투자실적 추이 투자신탁 -22.43 3.31 -9.25 4.14 3.95
FUND000052,KR510902511M,,,benchmark,1Y,-9.63,2010-12-23,4,[4],cell_grid,1.0,"(연평균 2010.12.23 비교지수 수익률, (연평균 수익률, 비교지수 -9.63 3.58 -6.94 1.77 1.17"
FUND000052,KR510902511M,,,benchmark,2Y,3.58,2010-12-23,4,[4],cell_grid,1.0,"(연평균 2010.12.23 비교지수 수익률, (연평균 수익률, 비교지수 -9.63 3.58 -6.94 1.77 1.17"
FUND000052,KR510902511M,,,benchmark,3Y,-6.94,2010-12-23,4,[4],cell_grid,1.0,"(연평균 2010.12.23 비교지수 수익률, (연평균 수익률, 비교지수 -9.63 3.58 -6.94 1.77 1.17"
FUND000052,KR510902511M,,,benchmark,5Y,1.77,2010-12-23,4,[4],cell_grid,1.0,"(연평균 2010.12.23 비교지수 수익률, (연평균 수익률, 비교지수 -9.63 3.58 -6.94 1.77 1.17"
FUND000052,KR510902511M,,,benchmark,SINCE_INCEPTION,1.17,2010-12-23,4,[4],cell_grid,1.0,"(연평균 2010.12.23 비교지수 수익률, (연평균 수익률, 비교지수 -9.63 3.58 -6.94 1.77 1.17"
FUND000052,KR510902511M,,,volatility,1Y,26.49,2010-12-23,4,[4],cell_grid,1.0,단위: %) 수익률 변동성 단위: %) 수익률 변동성 26.49 24.07 23.02 25.14 18.55
FUND000052,KR510902511M,,,volatility,2Y,24.07,2010-12-23,4,[4],cell_grid,1.0,단위: %) 수익률 변동성 단위: %) 수익률 변동성 26.49 24.07 23.02 25.14 18.55
FUND000052,KR510902511M,,,volatility,3Y,23.02,2010-12-23,4,[4],cell_grid,1.0,단위: %) 수익률 변동성 단위: %) 수익률 변동성 26.49 24.07 23.02 25.14 18.55
FUND000052,KR510902511M,,,volatility,5Y,25.14,2010-12-23,4,[4],cell_grid,1.0,단위: %) 수익률 변동성 단위: %) 수익률 변동성 26.49 24.07 23.02 25.14 18.55
FUND000052,KR510902511M,,,volatility,SINCE_INCEPTION,18.55,2010-12-23,4,[4],cell_grid,1.0,단위: %) 수익률 변동성 단위: %) 수익률 변동성 26.49 24.07 23.02 25.14 18.55
FUND000052,KR510902511M,CLASS000688,C2,class_return,1Y,-,2011-12-26,46,[46],cell_grid,1.0,종류C2 수수료미징구-오프라인-보수체감 종류C2 수수료미징구-오프라인-보수체감 - - - - -
FUND000052,KR510902511M,CLASS000688,C2,class_return,2Y,-,2011-12-26,46,[46],cell_grid,1.0,종류C2 수수료미징구-오프라인-보수체감 종류C2 수수료미징구-오프라인-보수체감 - - - - -
FUND000052,KR510902511M,CLASS000688,C2,class_return,3Y,-,2011-12-26,46,[46],cell_grid,1.0,종류C2 수수료미징구-오프라인-보수체감 종류C2 수수료미징구-오프라인-보수체감 - - - - -
FUND000052,KR510902511M,CLASS000688,C2,class_return,5Y,-,2011-12-26,46,[46],cell_grid,1.0,종류C2 수수료미징구-오프라인-보수체감 종류C2 수수료미징구-오프라인-보수체감 - - - - -
FUND000052,KR510902511M,CLASS000688,C2,class_return,SINCE_INCEPTION,-,2011-12-26,46,[46],cell_grid,1.0,종류C2 수수료미징구-오프라인-보수체감 종류C2 수수료미징구-오프라인-보수체감 - - - - -
FUND000052,KR510902511M,CLASS000689,C3,class_return,1Y,-,2012-12-27,46,[46],cell_grid,1.0,종류C3 수수료미징구-오프라인-보수체감 종류C3 수수료미징구-오프라인-보수체감 - - - - -
FUND000052,KR510902511M,CLASS000689,C3,class_return,2Y,-,2012-12-27,46,[46],cell_grid,1.0,종류C3 수수료미징구-오프라인-보수체감 종류C3 수수료미징구-오프라인-보수체감 - - - - -
FUND000052,KR510902511M,CLASS000689,C3,class_return,3Y,-,2012-12-27,46,[46],cell_grid,1.0,종류C3 수수료미징구-오프라인-보수체감 종류C3 수수료미징구-오프라인-보수체감 - - - - -
FUND000052,KR510902511M,CLASS000689,C3,class_return,5Y,-,2012-12-27,46,[46],cell_grid,1.0,종류C3 수수료미징구-오프라인-보수체감 종류C3 수수료미징구-오프라인-보수체감 - - - - -
FUND000052,KR510902511M,CLASS000689,C3,class_return,SINCE_INCEPTION,-,2012-12-27,46,[46],cell_grid,1.0,종류C3 수수료미징구-오프라인-보수체감 종류C3 수수료미징구-오프라인-보수체감 - - - - -
FUND000052,KR510902511M,CLASS000690,C4,class_return,1Y,-23.62,2013-12-27,46,[46],cell_grid,1.0,종류C4 수수료미징구-오프라인-보수체감 종류C4 수수료미징구-오프라인-보수체감 -23.62 1.79 -10.60 2.52 2.73
FUND000052,KR510902511M,CLASS000690,C4,class_return,2Y,1.79,2013-12-27,46,[46],cell_grid,1.0,종류C4 수수료미징구-오프라인-보수체감 종류C4 수수료미징구-오프라인-보수체감 -23.62 1.79 -10.60 2.52 2.73
FUND000052,KR510902511M,CLASS000690,C4,class_return,3Y,-10.60,2013-12-27,46,[46],cell_grid,1.0,종류C4 수수료미징구-오프라인-보수체감 종류C4 수수료미징구-오프라인-보수체감 -23.62 1.79 -10.60 2.52 2.73
FUND000052,KR510902511M,CLASS000690,C4,class_return,5Y,2.52,2013-12-27,46,[46],cell_grid,1.0,종류C4 수수료미징구-오프라인-보수체감 종류C4 수수료미징구-오프라인-보수체감 -23.62 1.79 -10.60 2.52 2.73
FUND000052,KR510902511M,CLASS000690,C4,class_return,SINCE_INCEPTION,2.73,2013-12-27,46,[46],cell_grid,1.0,종류C4 수수료미징구-오프라인-보수체감 종류C4 수수료미징구-오프라인-보수체감 -23.62 1.79 -10.60 2.52 2.73
FUND000052,KR510902511M,CLASS000693,F,class_return,1Y,-23.05,2011-01-17,46,[46],cell_grid,1.0,"종류F 수수료미징구-오프라인-랩, 펀드 등 종류F 수수료미징구-오프라인-랩, 펀드 등 -23.05 2.52 -9.96 3.33 0.75"
FUND000052,KR510902511M,CLASS000693,F,class_return,2Y,2.52,2011-01-17,46,[46],cell_grid,1.0,"종류F 수수료미징구-오프라인-랩, 펀드 등 종류F 수수료미징구-오프라인-랩, 펀드 등 -23.05 2.52 -9.96 3.33 0.75"
FUND000052,KR510902511M,CLASS000693,F,class_return,3Y,-9.96,2011-01-17,46,[46],cell_grid,1.0,"종류F 수수료미징구-오프라인-랩, 펀드 등 종류F 수수료미징구-오프라인-랩, 펀드 등 -23.05 2.52 -9.96 3.33 0.75"
FUND000052,KR510902511M,CLASS000693,F,class_return,5Y,3.33,2011-01-17,46,[46],cell_grid,1.0,"종류F 수수료미징구-오프라인-랩, 펀드 등 종류F 수수료미징구-오프라인-랩, 펀드 등 -23.05 2.52 -9.96 3.33 0.75"
FUND000052,KR510902511M,CLASS000693,F,class_return,SINCE_INCEPTION,0.75,2011-01-17,46,[46],cell_grid,1.0,"종류F 수수료미징구-오프라인-랩, 펀드 등 종류F 수수료미징구-오프라인-랩, 펀드 등 -23.05 2.52 -9.96 3.33 0.75"
FUND000052,KR510902511M,CLASS000694,S,class_return,1Y,-23.33,2014-04-22,46,[46],cell_grid,1.0,종류S 수수료후취-온라인슈퍼 종류S 수수료후취-온라인슈퍼 -23.33 2.16 -10.28 2.98 3.10
FUND000052,KR510902511M,CLASS000694,S,class_return,2Y,2.16,2014-04-22,46,[46],cell_grid,1.0,종류S 수수료후취-온라인슈퍼 종류S 수수료후취-온라인슈퍼 -23.33 2.16 -10.28 2.98 3.10
FUND000052,KR510902511M,CLASS000694,S,class_return,3Y,-10.28,2014-04-22,46,[46],cell_grid,1.0,종류S 수수료후취-온라인슈퍼 종류S 수수료후취-온라인슈퍼 -23.33 2.16 -10.28 2.98 3.10
FUND000052,KR510902511M,CLASS000694,S,class_return,5Y,2.98,2014-04-22,46,[46],cell_grid,1.0,종류S 수수료후취-온라인슈퍼 종류S 수수료후취-온라인슈퍼 -23.33 2.16 -10.28 2.98 3.10
FUND000052,KR510902511M,CLASS000694,S,class_return,SINCE_INCEPTION,3.10,2014-04-22,46,[46],cell_grid,1.0,종류S 수수료후취-온라인슈퍼 종류S 수수료후취-온라인슈퍼 -23.33 2.16 -10.28 2.98 3.10
FUND000053,KR510902773M,CLASS000699,C,class_return,1Y,42.12,2013-08-19,3,[3],cell_grid,1.0,수수료미징구-오프라인-개인 2013.08.19 연금(C) 수수료미징구-오프라인-개인 연금(C) 2013.08.19 42.12 27.35 19.71 13.23 9.43
FUND000053,KR510902773M,CLASS000699,C,class_return,2Y,27.35,2013-08-19,3,[3],cell_grid,1.0,수수료미징구-오프라인-개인 2013.08.19 연금(C) 수수료미징구-오프라인-개인 연금(C) 2013.08.19 42.12 27.35 19.71 13.23 9.43
FUND000053,KR510902773M,CLASS000699,C,class_return,3Y,19.71,2013-08-19,3,[3],cell_grid,1.0,수수료미징구-오프라인-개인 2013.08.19 연금(C) 수수료미징구-오프라인-개인 연금(C) 2013.08.19 42.12 27.35 19.71 13.23 9.43
FUND000053,KR510902773M,CLASS000699,C,class_return,5Y,13.23,2013-08-19,3,[3],cell_grid,1.0,수수료미징구-오프라인-개인 2013.08.19 연금(C) 수수료미징구-오프라인-개인 연금(C) 2013.08.19 42.12 27.35 19.71 13.23 9.43
FUND000053,KR510902773M,CLASS000699,C,class_return,SINCE_INCEPTION,9.43,2013-08-19,3,[3],cell_grid,1.0,수수료미징구-오프라인-개인 2013.08.19 연금(C) 수수료미징구-오프라인-개인 연금(C) 2013.08.19 42.12 27.35 19.71 13.23 9.43
FUND000053,KR510902773M,CLASS000700,C-e,class_return,1Y,42.77,2013-12-31,3,[3],cell_grid,1.0,수수료미징구-온라인-개인연 2013.12.31 금(C-e) 수수료미징구-온라인-개인연 금(C-e) 2013.12.31 42.77 27.93 20.26 13.75 10.41
FUND000053,KR510902773M,CLASS000700,C-e,class_return,2Y,27.93,2013-12-31,3,[3],cell_grid,1.0,수수료미징구-온라인-개인연 2013.12.31 금(C-e) 수수료미징구-온라인-개인연 금(C-e) 2013.12.31 42.77 27.93 20.26 13.75 10.41
FUND000053,KR510902773M,CLASS000700,C-e,class_return,3Y,20.26,2013-12-31,3,[3],cell_grid,1.0,수수료미징구-온라인-개인연 2013.12.31 금(C-e) 수수료미징구-온라인-개인연 금(C-e) 2013.12.31 42.77 27.93 20.26 13.75 10.41
FUND000053,KR510902773M,CLASS000700,C-e,class_return,5Y,13.75,2013-12-31,3,[3],cell_grid,1.0,수수료미징구-온라인-개인연 2013.12.31 금(C-e) 수수료미징구-온라인-개인연 금(C-e) 2013.12.31 42.77 27.93 20.26 13.75 10.41
FUND000053,KR510902773M,CLASS000700,C-e,class_return,SINCE_INCEPTION,10.41,2013-12-31,3,[3],cell_grid,1.0,수수료미징구-온라인-개인연 2013.12.31 금(C-e) 수수료미징구-온라인-개인연 금(C-e) 2013.12.31 42.77 27.93 20.26 13.75 10.41
FUND000053,KR510902773M,,,fund,1Y,44.24,2013-08-19,3,[3],cell_grid,1.0,투자실적 투자신탁 2013.08.19 투자실적 투자신탁 2013.08.19 44.24 29.26 21.52 14.95 11.11
FUND000053,KR510902773M,,,fund,2Y,29.26,2013-08-19,3,[3],cell_grid,1.0,투자실적 투자신탁 2013.08.19 투자실적 투자신탁 2013.08.19 44.24 29.26 21.52 14.95 11.11
FUND000053,KR510902773M,,,fund,3Y,21.52,2013-08-19,3,[3],cell_grid,1.0,투자실적 투자신탁 2013.08.19 투자실적 투자신탁 2013.08.19 44.24 29.26 21.52 14.95 11.11
FUND000053,KR510902773M,,,fund,5Y,14.95,2013-08-19,3,[3],cell_grid,1.0,투자실적 투자신탁 2013.08.19 투자실적 투자신탁 2013.08.19 44.24 29.26 21.52 14.95 11.11
FUND000053,KR510902773M,,,fund,SINCE_INCEPTION,11.11,2013-08-19,3,[3],cell_grid,1.0,투자실적 투자신탁 2013.08.19 투자실적 투자신탁 2013.08.19 44.24 29.26 21.52 14.95 11.11
FUND000053,KR510902773M,,,benchmark,1Y,60.69,2013-08-19,4,[4],cell_grid,1.0,(연평균 비교지수 (연평균 비교지수 60.69 34.23 21.42 12.61
FUND000053,KR510902773M,,,benchmark,2Y,34.23,2013-08-19,4,[4],cell_grid,1.0,(연평균 비교지수 (연평균 비교지수 60.69 34.23 21.42 12.61
FUND000053,KR510902773M,,,benchmark,3Y,21.42,2013-08-19,4,[4],cell_grid,1.0,(연평균 비교지수 (연평균 비교지수 60.69 34.23 21.42 12.61
FUND000053,KR510902773M,,,benchmark,5Y,12.61,2013-08-19,4,[4],cell_grid,1.0,(연평균 비교지수 (연평균 비교지수 60.69 34.23 21.42 12.61
FUND000053,KR510902773M,,,volatility,1Y,15.97,2013-08-19,4,[4],cell_grid,1.0,단위: %) 수익률 변동성 단위: %) 수익률 변동성 15.97 14.23 13.50 13.75
FUND000053,KR510902773M,,,volatility,2Y,14.23,2013-08-19,4,[4],cell_grid,1.0,단위: %) 수익률 변동성 단위: %) 수익률 변동성 15.97 14.23 13.50 13.75
FUND000053,KR510902773M,,,volatility,3Y,13.50,2013-08-19,4,[4],cell_grid,1.0,단위: %) 수익률 변동성 단위: %) 수익률 변동성 15.97 14.23 13.50 13.75
FUND000053,KR510902773M,,,volatility,5Y,13.75,2013-08-19,4,[4],cell_grid,1.0,단위: %) 수익률 변동성 단위: %) 수익률 변동성 15.97 14.23 13.50 13.75
FUND000053,KR510902773M,CLASS000701,C-F,class_return,1Y,-,2015-08-06,45,[45],cell_grid,1.0,"종류C-F 수수료미징구-직판-개인연금, 펀드 등 종류C-F 수수료미징구-직판-개인연금, 펀드 등 - - - - -"
FUND000053,KR510902773M,CLASS000701,C-F,class_return,2Y,-,2015-08-06,45,[45],cell_grid,1.0,"종류C-F 수수료미징구-직판-개인연금, 펀드 등 종류C-F 수수료미징구-직판-개인연금, 펀드 등 - - - - -"
FUND000053,KR510902773M,CLASS000701,C-F,class_return,3Y,-,2015-08-06,45,[45],cell_grid,1.0,"종류C-F 수수료미징구-직판-개인연금, 펀드 등 종류C-F 수수료미징구-직판-개인연금, 펀드 등 - - - - -"
FUND000053,KR510902773M,CLASS000701,C-F,class_return,5Y,-,2015-08-06,45,[45],cell_grid,1.0,"종류C-F 수수료미징구-직판-개인연금, 펀드 등 종류C-F 수수료미징구-직판-개인연금, 펀드 등 - - - - -"
FUND000053,KR510902773M,CLASS000701,C-F,class_return,SINCE_INCEPTION,-,2015-08-06,45,[45],cell_grid,1.0,"종류C-F 수수료미징구-직판-개인연금, 펀드 등 종류C-F 수수료미징구-직판-개인연금, 펀드 등 - - - - -"
FUND000053,KR510902773M,,,benchmark,1Y,60.69,2013-08-19,45,[45],cell_grid,1.0,비교지수 비교지수 60.69 34.23 21.42 12.61 7.26
FUND000053,KR510902773M,,,benchmark,2Y,34.23,2013-08-19,45,[45],cell_grid,1.0,비교지수 비교지수 60.69 34.23 21.42 12.61 7.26
FUND000053,KR510902773M,,,benchmark,3Y,21.42,2013-08-19,45,[45],cell_grid,1.0,비교지수 비교지수 60.69 34.23 21.42 12.61 7.26
FUND000053,KR510902773M,,,benchmark,5Y,12.61,2013-08-19,45,[45],cell_grid,1.0,비교지수 비교지수 60.69 34.23 21.42 12.61 7.26
FUND000053,KR510902773M,,,benchmark,SINCE_INCEPTION,7.26,2013-08-19,45,[45],cell_grid,1.0,비교지수 비교지수 60.69 34.23 21.42 12.61 7.26
FUND000053,KR510902773M,,,volatility,1Y,15.97,2013-08-19,45,[45],cell_grid,1.0,수익률 변동성 수익률 변동성 15.97 14.23 13.50 13.75 14.57
FUND000053,KR510902773M,,,volatility,2Y,14.23,2013-08-19,45,[45],cell_grid,1.0,수익률 변동성 수익률 변동성 15.97 14.23 13.50 13.75 14.57
FUND000053,KR510902773M,,,volatility,3Y,13.50,2013-08-19,45,[45],cell_grid,1.0,수익률 변동성 수익률 변동성 15.97 14.23 13.50 13.75 14.57
FUND000053,KR510902773M,,,volatility,5Y,13.75,2013-08-19,45,[45],cell_grid,1.0,수익률 변동성 수익률 변동성 15.97 14.23 13.50 13.75 14.57
FUND000053,KR510902773M,,,volatility,SINCE_INCEPTION,14.57,2013-08-19,45,[45],cell_grid,1.0,수익률 변동성 수익률 변동성 15.97 14.23 13.50 13.75 14.57
FUND000054,KR510902777M,CLASS000702,C,class_return,1Y,68.12,2013-09-30,3,[3],cell_grid,1.0,2013.09.30 연금(C) 연금(C) 2013.09.30 68.12 35.36 22.11 15.76 11.05
FUND000054,KR510902777M,CLASS000702,C,class_return,2Y,35.36,2013-09-30,3,[3],cell_grid,1.0,2013.09.30 연금(C) 연금(C) 2013.09.30 68.12 35.36 22.11 15.76 11.05
FUND000054,KR510902777M,CLASS000702,C,class_return,3Y,22.11,2013-09-30,3,[3],cell_grid,1.0,2013.09.30 연금(C) 연금(C) 2013.09.30 68.12 35.36 22.11 15.76 11.05
FUND000054,KR510902777M,CLASS000702,C,class_return,5Y,15.76,2013-09-30,3,[3],cell_grid,1.0,2013.09.30 연금(C) 연금(C) 2013.09.30 68.12 35.36 22.11 15.76 11.05
FUND000054,KR510902777M,CLASS000702,C,class_return,SINCE_INCEPTION,11.05,2013-09-30,3,[3],cell_grid,1.0,2013.09.30 연금(C) 연금(C) 2013.09.30 68.12 35.36 22.11 15.76 11.05
FUND000054,KR510902777M,CLASS000703,C-e,class_return,1Y,68.88,2013-12-31,3,[3],cell_grid,1.0,2013.12.31 금(C-e) 금(C-e) 2013.12.31 68.88 35.97 22.67 16.30 12.17
FUND000054,KR510902777M,CLASS000703,C-e,class_return,2Y,35.97,2013-12-31,3,[3],cell_grid,1.0,2013.12.31 금(C-e) 금(C-e) 2013.12.31 68.88 35.97 22.67 16.30 12.17
FUND000054,KR510902777M,CLASS000703,C-e,class_return,3Y,22.67,2013-12-31,3,[3],cell_grid,1.0,2013.12.31 금(C-e) 금(C-e) 2013.12.31 68.88 35.97 22.67 16.30 12.17
FUND000054,KR510902777M,CLASS000703,C-e,class_return,5Y,16.30,2013-12-31,3,[3],cell_grid,1.0,2013.12.31 금(C-e) 금(C-e) 2013.12.31 68.88 35.97 22.67 16.30 12.17
FUND000054,KR510902777M,CLASS000703,C-e,class_return,SINCE_INCEPTION,12.17,2013-12-31,3,[3],cell_grid,1.0,2013.12.31 금(C-e) 금(C-e) 2013.12.31 68.88 35.97 22.67 16.30 12.17
FUND000054,KR510902777M,,,fund,1Y,70.60,2013-09-30,4,[4],cell_grid,1.0,투자실적 투자신탁 추이 투자실적 추이 투자신탁 70.60 37.37 23.95 17.52 12.75
FUND000054,KR510902777M,,,fund,2Y,37.37,2013-09-30,4,[4],cell_grid,1.0,투자실적 투자신탁 추이 투자실적 추이 투자신탁 70.60 37.37 23.95 17.52 12.75
FUND000054,KR510902777M,,,fund,3Y,23.95,2013-09-30,4,[4],cell_grid,1.0,투자실적 투자신탁 추이 투자실적 추이 투자신탁 70.60 37.37 23.95 17.52 12.75
FUND000054,KR510902777M,,,fund,5Y,17.52,2013-09-30,4,[4],cell_grid,1.0,투자실적 투자신탁 추이 투자실적 추이 투자신탁 70.60 37.37 23.95 17.52 12.75
FUND000054,KR510902777M,,,fund,SINCE_INCEPTION,12.75,2013-09-30,4,[4],cell_grid,1.0,투자실적 투자신탁 추이 투자실적 추이 투자신탁 70.60 37.37 23.95 17.52 12.75
FUND000054,KR510902777M,,,benchmark,1Y,60.69,2013-09-30,4,[4],cell_grid,1.0,"(연평균 2013.09.30 비교지수 수익률, (연평균 수익률, 비교지수 60.69 34.23 21.42 12.61 6.08"
FUND000054,KR510902777M,,,benchmark,2Y,34.23,2013-09-30,4,[4],cell_grid,1.0,"(연평균 2013.09.30 비교지수 수익률, (연평균 수익률, 비교지수 60.69 34.23 21.42 12.61 6.08"
FUND000054,KR510902777M,,,benchmark,3Y,21.42,2013-09-30,4,[4],cell_grid,1.0,"(연평균 2013.09.30 비교지수 수익률, (연평균 수익률, 비교지수 60.69 34.23 21.42 12.61 6.08"
FUND000054,KR510902777M,,,benchmark,5Y,12.61,2013-09-30,4,[4],cell_grid,1.0,"(연평균 2013.09.30 비교지수 수익률, (연평균 수익률, 비교지수 60.69 34.23 21.42 12.61 6.08"
FUND000054,KR510902777M,,,benchmark,SINCE_INCEPTION,6.08,2013-09-30,4,[4],cell_grid,1.0,"(연평균 2013.09.30 비교지수 수익률, (연평균 수익률, 비교지수 60.69 34.23 21.42 12.61 6.08"
FUND000054,KR510902777M,,,volatility,1Y,19.16,2013-09-30,4,[4],cell_grid,1.0,단위: %) 수익률 변동성 단위: %) 수익률 변동성 19.16 17.07 16.36 17.14 18.95
FUND000054,KR510902777M,,,volatility,2Y,17.07,2013-09-30,4,[4],cell_grid,1.0,단위: %) 수익률 변동성 단위: %) 수익률 변동성 19.16 17.07 16.36 17.14 18.95
FUND000054,KR510902777M,,,volatility,3Y,16.36,2013-09-30,4,[4],cell_grid,1.0,단위: %) 수익률 변동성 단위: %) 수익률 변동성 19.16 17.07 16.36 17.14 18.95
FUND000054,KR510902777M,,,volatility,5Y,17.14,2013-09-30,4,[4],cell_grid,1.0,단위: %) 수익률 변동성 단위: %) 수익률 변동성 19.16 17.07 16.36 17.14 18.95
FUND000054,KR510902777M,,,volatility,SINCE_INCEPTION,18.95,2013-09-30,4,[4],cell_grid,1.0,단위: %) 수익률 변동성 단위: %) 수익률 변동성 19.16 17.07 16.36 17.14 18.95
FUND000054,KR510902777M,CLASS000704,C-F,class_return,1Y,-,2015-08-06,48,[48],cell_grid,1.0,"종류C-F 수수료미징구-직판-개인연금, 펀드 등 종류C-F 수수료미징구-직판-개인연금, 펀드 등 - - - - -"
FUND000054,KR510902777M,CLASS000704,C-F,class_return,2Y,-,2015-08-06,48,[48],cell_grid,1.0,"종류C-F 수수료미징구-직판-개인연금, 펀드 등 종류C-F 수수료미징구-직판-개인연금, 펀드 등 - - - - -"
FUND000054,KR510902777M,CLASS000704,C-F,class_return,3Y,-,2015-08-06,48,[48],cell_grid,1.0,"종류C-F 수수료미징구-직판-개인연금, 펀드 등 종류C-F 수수료미징구-직판-개인연금, 펀드 등 - - - - -"
FUND000054,KR510902777M,CLASS000704,C-F,class_return,5Y,-,2015-08-06,48,[48],cell_grid,1.0,"종류C-F 수수료미징구-직판-개인연금, 펀드 등 종류C-F 수수료미징구-직판-개인연금, 펀드 등 - - - - -"
FUND000054,KR510902777M,CLASS000704,C-F,class_return,SINCE_INCEPTION,-,2015-08-06,48,[48],cell_grid,1.0,"종류C-F 수수료미징구-직판-개인연금, 펀드 등 종류C-F 수수료미징구-직판-개인연금, 펀드 등 - - - - -"
FUND000054,KR510902777M,CLASS000705,S-P,class_return,1Y,69.03,2014-07-21,48,[48],cell_grid,1.0,종류S-P 수수료미징구-온라인슈퍼-개인연금 종류S-P 수수료미징구-온라인슈퍼-개인연금 69.03 36.10 22.79 16.41 10.72
FUND000054,KR510902777M,CLASS000705,S-P,class_return,2Y,36.10,2014-07-21,48,[48],cell_grid,1.0,종류S-P 수수료미징구-온라인슈퍼-개인연금 종류S-P 수수료미징구-온라인슈퍼-개인연금 69.03 36.10 22.79 16.41 10.72
FUND000054,KR510902777M,CLASS000705,S-P,class_return,3Y,22.79,2014-07-21,48,[48],cell_grid,1.0,종류S-P 수수료미징구-온라인슈퍼-개인연금 종류S-P 수수료미징구-온라인슈퍼-개인연금 69.03 36.10 22.79 16.41 10.72
FUND000054,KR510902777M,CLASS000705,S-P,class_return,5Y,16.41,2014-07-21,48,[48],cell_grid,1.0,종류S-P 수수료미징구-온라인슈퍼-개인연금 종류S-P 수수료미징구-온라인슈퍼-개인연금 69.03 36.10 22.79 16.41 10.72
FUND000054,KR510902777M,CLASS000705,S-P,class_return,SINCE_INCEPTION,10.72,2014-07-21,48,[48],cell_grid,1.0,종류S-P 수수료미징구-온라인슈퍼-개인연금 종류S-P 수수료미징구-온라인슈퍼-개인연금 69.03 36.10 22.79 16.41 10.72
FUND000055,KR5110501016,CLASS000712,C-P,class_return,1Y,2.95,2019-09-26,4,[4],cell_grid,1.0,수수료미징구-오프라인-개인 2019.09.26 연금(C-P) 수수료미징구-오프라인-개인 연금(C-P) 2019.09.26 2.95 3.51 3.99 2.82 2.61
FUND000055,KR5110501016,CLASS000712,C-P,class_return,2Y,3.51,2019-09-26,4,[4],cell_grid,1.0,수수료미징구-오프라인-개인 2019.09.26 연금(C-P) 수수료미징구-오프라인-개인 연금(C-P) 2019.09.26 2.95 3.51 3.99 2.82 2.61
FUND000055,KR5110501016,CLASS000712,C-P,class_return,3Y,3.99,2019-09-26,4,[4],cell_grid,1.0,수수료미징구-오프라인-개인 2019.09.26 연금(C-P) 수수료미징구-오프라인-개인 연금(C-P) 2019.09.26 2.95 3.51 3.99 2.82 2.61
FUND000055,KR5110501016,CLASS000712,C-P,class_return,5Y,2.82,2019-09-26,4,[4],cell_grid,1.0,수수료미징구-오프라인-개인 2019.09.26 연금(C-P) 수수료미징구-오프라인-개인 연금(C-P) 2019.09.26 2.95 3.51 3.99 2.82 2.61
FUND000055,KR5110501016,CLASS000712,C-P,class_return,SINCE_INCEPTION,2.61,2019-09-26,4,[4],cell_grid,1.0,수수료미징구-오프라인-개인 2019.09.26 연금(C-P) 수수료미징구-오프라인-개인 연금(C-P) 2019.09.26 2.95 3.51 3.99 2.82 2.61
FUND000055,KR5110501016,,,fund,1Y,3.29,2006-11-08,4,[4],cell_grid,1.0,투자실적 투자신탁 추이 투자실적 추이 투자신탁 3.29 3.85 4.33 3.16 3.14
FUND000055,KR5110501016,,,fund,2Y,3.85,2006-11-08,4,[4],cell_grid,1.0,투자실적 투자신탁 추이 투자실적 추이 투자신탁 3.29 3.85 4.33 3.16 3.14
FUND000055,KR5110501016,,,fund,3Y,4.33,2006-11-08,4,[4],cell_grid,1.0,투자실적 투자신탁 추이 투자실적 추이 투자신탁 3.29 3.85 4.33 3.16 3.14
FUND000055,KR5110501016,,,fund,5Y,3.16,2006-11-08,4,[4],cell_grid,1.0,투자실적 투자신탁 추이 투자실적 추이 투자신탁 3.29 3.85 4.33 3.16 3.14
FUND000055,KR5110501016,,,fund,SINCE_INCEPTION,3.14,2006-11-08,4,[4],cell_grid,1.0,투자실적 투자신탁 추이 투자실적 추이 투자신탁 3.29 3.85 4.33 3.16 3.14
FUND000055,KR5110501016,,,benchmark,1Y,2.59,2006-11-08,4,[4],cell_grid,1.0,"(연평균 2006.11.08 비교지수 수익률, (연평균 수익률, 비교지수 2.59 3.25 3.51 2.44 2.93"
FUND000055,KR5110501016,,,benchmark,2Y,3.25,2006-11-08,4,[4],cell_grid,1.0,"(연평균 2006.11.08 비교지수 수익률, (연평균 수익률, 비교지수 2.59 3.25 3.51 2.44 2.93"
FUND000055,KR5110501016,,,benchmark,3Y,3.51,2006-11-08,4,[4],cell_grid,1.0,"(연평균 2006.11.08 비교지수 수익률, (연평균 수익률, 비교지수 2.59 3.25 3.51 2.44 2.93"
FUND000055,KR5110501016,,,benchmark,5Y,2.44,2006-11-08,4,[4],cell_grid,1.0,"(연평균 2006.11.08 비교지수 수익률, (연평균 수익률, 비교지수 2.59 3.25 3.51 2.44 2.93"
FUND000055,KR5110501016,,,benchmark,SINCE_INCEPTION,2.93,2006-11-08,4,[4],cell_grid,1.0,"(연평균 2006.11.08 비교지수 수익률, (연평균 수익률, 비교지수 2.59 3.25 3.51 2.44 2.93"
FUND000055,KR5110501016,,,volatility,1Y,0.35,2006-11-08,4,[4],cell_grid,1.0,단위: %) 수익률 변동성 단위: %) 수익률 변동성 0.35 0.32 0.34 0.45 0.91
FUND000055,KR5110501016,,,volatility,2Y,0.32,2006-11-08,4,[4],cell_grid,1.0,단위: %) 수익률 변동성 단위: %) 수익률 변동성 0.35 0.32 0.34 0.45 0.91
FUND000055,KR5110501016,,,volatility,3Y,0.34,2006-11-08,4,[4],cell_grid,1.0,단위: %) 수익률 변동성 단위: %) 수익률 변동성 0.35 0.32 0.34 0.45 0.91
FUND000055,KR5110501016,,,volatility,5Y,0.45,2006-11-08,4,[4],cell_grid,1.0,단위: %) 수익률 변동성 단위: %) 수익률 변동성 0.35 0.32 0.34 0.45 0.91
FUND000055,KR5110501016,,,volatility,SINCE_INCEPTION,0.91,2006-11-08,4,[4],cell_grid,1.0,단위: %) 수익률 변동성 단위: %) 수익률 변동성 0.35 0.32 0.34 0.45 0.91
FUND000055,KR5110501016,CLASS000707,A-e,class_return,1Y,3.19,,45,[45],cell_grid,1.0,종류Ae 수수료선취-온라인 종류Ae 수수료선취-온라인 3.19 3.80 4.30 3.06 2.90
FUND000055,KR5110501016,CLASS000707,A-e,class_return,2Y,3.80,,45,[45],cell_grid,1.0,종류Ae 수수료선취-온라인 종류Ae 수수료선취-온라인 3.19 3.80 4.30 3.06 2.90
FUND000055,KR5110501016,CLASS000707,A-e,class_return,3Y,4.30,,45,[45],cell_grid,1.0,종류Ae 수수료선취-온라인 종류Ae 수수료선취-온라인 3.19 3.80 4.30 3.06 2.90
FUND000055,KR5110501016,CLASS000707,A-e,class_return,5Y,3.06,,45,[45],cell_grid,1.0,종류Ae 수수료선취-온라인 종류Ae 수수료선취-온라인 3.19 3.80 4.30 3.06 2.90
FUND000055,KR5110501016,CLASS000707,A-e,class_return,SINCE_INCEPTION,2.90,,45,[45],cell_grid,1.0,종류Ae 수수료선취-온라인 종류Ae 수수료선취-온라인 3.19 3.80 4.30 3.06 2.90
FUND000055,KR5110501016,CLASS000713,C-Pe,class_return,1Y,3.07,2020-01-30,45,[45],cell_grid,1.0,종류C-Pe 수수료미징구-온라인-개인연금 종류C-Pe 수수료미징구-온라인-개인연금 3.07 3.63 4.12 2.94 2.78
FUND000055,KR5110501016,CLASS000713,C-Pe,class_return,2Y,3.63,2020-01-30,45,[45],cell_grid,1.0,종류C-Pe 수수료미징구-온라인-개인연금 종류C-Pe 수수료미징구-온라인-개인연금 3.07 3.63 4.12 2.94 2.78
FUND000055,KR5110501016,CLASS000713,C-Pe,class_return,3Y,4.12,2020-01-30,45,[45],cell_grid,1.0,종류C-Pe 수수료미징구-온라인-개인연금 종류C-Pe 수수료미징구-온라인-개인연금 3.07 3.63 4.12 2.94 2.78
FUND000055,KR5110501016,CLASS000713,C-Pe,class_return,5Y,2.94,2020-01-30,45,[45],cell_grid,1.0,종류C-Pe 수수료미징구-온라인-개인연금 종류C-Pe 수수료미징구-온라인-개인연금 3.07 3.63 4.12 2.94 2.78
FUND000055,KR5110501016,CLASS000713,C-Pe,class_return,SINCE_INCEPTION,2.78,2020-01-30,45,[45],cell_grid,1.0,종류C-Pe 수수료미징구-온라인-개인연금 종류C-Pe 수수료미징구-온라인-개인연금 3.07 3.63 4.12 2.94 2.78
FUND000055,KR5110501016,CLASS000716,Crp,class_return,1Y,2.96,2006-11-08,46,[46],cell_grid,1.0,종류Crp 수수료미징구-오프라인-퇴직연금 종류Crp 수수료미징구-오프라인-퇴직연금 2.96 3.52 4.00 2.83 3.02
FUND000055,KR5110501016,CLASS000716,Crp,class_return,2Y,3.52,2006-11-08,46,[46],cell_grid,1.0,종류Crp 수수료미징구-오프라인-퇴직연금 종류Crp 수수료미징구-오프라인-퇴직연금 2.96 3.52 4.00 2.83 3.02
FUND000055,KR5110501016,CLASS000716,Crp,class_return,3Y,4.00,2006-11-08,46,[46],cell_grid,1.0,종류Crp 수수료미징구-오프라인-퇴직연금 종류Crp 수수료미징구-오프라인-퇴직연금 2.96 3.52 4.00 2.83 3.02
FUND000055,KR5110501016,CLASS000716,Crp,class_return,5Y,2.83,2006-11-08,46,[46],cell_grid,1.0,종류Crp 수수료미징구-오프라인-퇴직연금 종류Crp 수수료미징구-오프라인-퇴직연금 2.96 3.52 4.00 2.83 3.02
FUND000055,KR5110501016,CLASS000716,Crp,class_return,SINCE_INCEPTION,3.02,2006-11-08,46,[46],cell_grid,1.0,종류Crp 수수료미징구-오프라인-퇴직연금 종류Crp 수수료미징구-오프라인-퇴직연금 2.96 3.52 4.00 2.83 3.02
FUND000055,KR5110501016,CLASS000717,Crp-e,class_return,1Y,3.08,2021-02-26,46,[46],cell_grid,1.0,종류Crp-e 수수료미징구-온라인-퇴직연금 종류Crp-e 수수료미징구-온라인-퇴직연금 3.08 2.98 1.98 - 1.35
FUND000055,KR5110501016,CLASS000717,Crp-e,class_return,2Y,2.98,2021-02-26,46,[46],cell_grid,1.0,종류Crp-e 수수료미징구-온라인-퇴직연금 종류Crp-e 수수료미징구-온라인-퇴직연금 3.08 2.98 1.98 - 1.35
FUND000055,KR5110501016,CLASS000717,Crp-e,class_return,3Y,1.98,2021-02-26,46,[46],cell_grid,1.0,종류Crp-e 수수료미징구-온라인-퇴직연금 종류Crp-e 수수료미징구-온라인-퇴직연금 3.08 2.98 1.98 - 1.35
FUND000055,KR5110501016,CLASS000717,Crp-e,class_return,5Y,-,2021-02-26,46,[46],cell_grid,1.0,종류Crp-e 수수료미징구-온라인-퇴직연금 종류Crp-e 수수료미징구-온라인-퇴직연금 3.08 2.98 1.98 - 1.35
FUND000055,KR5110501016,CLASS000717,Crp-e,class_return,SINCE_INCEPTION,1.35,2021-02-26,46,[46],cell_grid,1.0,종류Crp-e 수수료미징구-온라인-퇴직연금 종류Crp-e 수수료미징구-온라인-퇴직연금 3.08 2.98 1.98 - 1.35
FUND000055,KR5110501016,CLASS000718,C-F,class_return,1Y,-,2025-02-17,46,[46],cell_grid,1.0,종류C-F 수수료미징구-오프라인 종류C-F 수수료미징구-오프라인 - - - - 3.03
FUND000055,KR5110501016,CLASS000718,C-F,class_return,2Y,-,2025-02-17,46,[46],cell_grid,1.0,종류C-F 수수료미징구-오프라인 종류C-F 수수료미징구-오프라인 - - - - 3.03
FUND000055,KR5110501016,CLASS000718,C-F,class_return,3Y,-,2025-02-17,46,[46],cell_grid,1.0,종류C-F 수수료미징구-오프라인 종류C-F 수수료미징구-오프라인 - - - - 3.03
FUND000055,KR5110501016,CLASS000718,C-F,class_return,5Y,-,2025-02-17,46,[46],cell_grid,1.0,종류C-F 수수료미징구-오프라인 종류C-F 수수료미징구-오프라인 - - - - 3.03
FUND000055,KR5110501016,CLASS000718,C-F,class_return,SINCE_INCEPTION,3.03,2025-02-17,46,[46],cell_grid,1.0,종류C-F 수수료미징구-오프라인 종류C-F 수수료미징구-오프라인 - - - - 3.03
FUND000055,KR5110501016,CLASS000719,C-I,class_return,1Y,-,2025-05-02,46,[46],cell_grid,1.0,종류C-I 수수료미징구-오프라인-고액투자자 종류C-I 수수료미징구-오프라인-고액투자자 - - - - 2.42
FUND000055,KR5110501016,CLASS000719,C-I,class_return,2Y,-,2025-05-02,46,[46],cell_grid,1.0,종류C-I 수수료미징구-오프라인-고액투자자 종류C-I 수수료미징구-오프라인-고액투자자 - - - - 2.42
FUND000055,KR5110501016,CLASS000719,C-I,class_return,3Y,-,2025-05-02,46,[46],cell_grid,1.0,종류C-I 수수료미징구-오프라인-고액투자자 종류C-I 수수료미징구-오프라인-고액투자자 - - - - 2.42
FUND000055,KR5110501016,CLASS000719,C-I,class_return,5Y,-,2025-05-02,46,[46],cell_grid,1.0,종류C-I 수수료미징구-오프라인-고액투자자 종류C-I 수수료미징구-오프라인-고액투자자 - - - - 2.42
FUND000055,KR5110501016,CLASS000719,C-I,class_return,SINCE_INCEPTION,2.42,2025-05-02,46,[46],cell_grid,1.0,종류C-I 수수료미징구-오프라인-고액투자자 종류C-I 수수료미징구-오프라인-고액투자자 - - - - 2.42
FUND000056,KR5110601022,CLASS000721,A,class_return,1Y,15.40,2010-05-11,4,[4],cell_grid,1.0,수수료선취-오프라인(A) 2010.05.11 수수료선취-오프라인(A) 2010.05.11 15.40 14.93 13.52 11.33 6.21
FUND000056,KR5110601022,CLASS000721,A,class_return,2Y,14.93,2010-05-11,4,[4],cell_grid,1.0,수수료선취-오프라인(A) 2010.05.11 수수료선취-오프라인(A) 2010.05.11 15.40 14.93 13.52 11.33 6.21
FUND000056,KR5110601022,CLASS000721,A,class_return,3Y,13.52,2010-05-11,4,[4],cell_grid,1.0,수수료선취-오프라인(A) 2010.05.11 수수료선취-오프라인(A) 2010.05.11 15.40 14.93 13.52 11.33 6.21
FUND000056,KR5110601022,CLASS000721,A,class_return,5Y,11.33,2010-05-11,4,[4],cell_grid,1.0,수수료선취-오프라인(A) 2010.05.11 수수료선취-오프라인(A) 2010.05.11 15.40 14.93 13.52 11.33 6.21
FUND000056,KR5110601022,CLASS000721,A,class_return,SINCE_INCEPTION,6.21,2010-05-11,4,[4],cell_grid,1.0,수수료선취-오프라인(A) 2010.05.11 수수료선취-오프라인(A) 2010.05.11 15.40 14.93 13.52 11.33 6.21
FUND000056,KR5110601022,CLASS000722,C,class_return,1Y,-,2015-09-01,4,[4],cell_grid,1.0,수수료미징구-오프라인(C) 2015.09.01 수수료미징구-오프라인(C) 2015.09.01 - - - - -
FUND000056,KR5110601022,CLASS000722,C,class_return,2Y,-,2015-09-01,4,[4],cell_grid,1.0,수수료미징구-오프라인(C) 2015.09.01 수수료미징구-오프라인(C) 2015.09.01 - - - - -
FUND000056,KR5110601022,CLASS000722,C,class_return,3Y,-,2015-09-01,4,[4],cell_grid,1.0,수수료미징구-오프라인(C) 2015.09.01 수수료미징구-오프라인(C) 2015.09.01 - - - - -
FUND000056,KR5110601022,CLASS000722,C,class_return,5Y,-,2015-09-01,4,[4],cell_grid,1.0,수수료미징구-오프라인(C) 2015.09.01 수수료미징구-오프라인(C) 2015.09.01 - - - - -
FUND000056,KR5110601022,CLASS000722,C,class_return,SINCE_INCEPTION,-,2015-09-01,4,[4],cell_grid,1.0,수수료미징구-오프라인(C) 2015.09.01 수수료미징구-오프라인(C) 2015.09.01 - - - - -
FUND000056,KR5110601022,CLASS000725,C-P,class_return,1Y,14.91,2014-04-23,4,[4],cell_grid,1.0,수수료미징구-오프라인-개인 2014.04.23 연금(C-P) 수수료미징구-오프라인-개인 연금(C-P) 2014.04.23 14.91 14.59 13.22 11.06 6.29
FUND000056,KR5110601022,CLASS000725,C-P,class_return,2Y,14.59,2014-04-23,4,[4],cell_grid,1.0,수수료미징구-오프라인-개인 2014.04.23 연금(C-P) 수수료미징구-오프라인-개인 연금(C-P) 2014.04.23 14.91 14.59 13.22 11.06 6.29
FUND000056,KR5110601022,CLASS000725,C-P,class_return,3Y,13.22,2014-04-23,4,[4],cell_grid,1.0,수수료미징구-오프라인-개인 2014.04.23 연금(C-P) 수수료미징구-오프라인-개인 연금(C-P) 2014.04.23 14.91 14.59 13.22 11.06 6.29
FUND000056,KR5110601022,CLASS000725,C-P,class_return,5Y,11.06,2014-04-23,4,[4],cell_grid,1.0,수수료미징구-오프라인-개인 2014.04.23 연금(C-P) 수수료미징구-오프라인-개인 연금(C-P) 2014.04.23 14.91 14.59 13.22 11.06 6.29
FUND000056,KR5110601022,CLASS000725,C-P,class_return,SINCE_INCEPTION,6.29,2014-04-23,4,[4],cell_grid,1.0,수수료미징구-오프라인-개인 2014.04.23 연금(C-P) 수수료미징구-오프라인-개인 연금(C-P) 2014.04.23 14.91 14.59 13.22 11.06 6.29
FUND000056,KR5110601022,,,fund,1Y,15.45,2007-04-05,4,[4],cell_grid,1.0,투자실적 투자신탁 추이 투자실적 추이 투자신탁 15.45 15.14 13.76 11.59 6.54
FUND000056,KR5110601022,,,fund,2Y,15.14,2007-04-05,4,[4],cell_grid,1.0,투자실적 투자신탁 추이 투자실적 추이 투자신탁 15.45 15.14 13.76 11.59 6.54
FUND000056,KR5110601022,,,fund,3Y,13.76,2007-04-05,4,[4],cell_grid,1.0,투자실적 투자신탁 추이 투자실적 추이 투자신탁 15.45 15.14 13.76 11.59 6.54
FUND000056,KR5110601022,,,fund,5Y,11.59,2007-04-05,4,[4],cell_grid,1.0,투자실적 투자신탁 추이 투자실적 추이 투자신탁 15.45 15.14 13.76 11.59 6.54
FUND000056,KR5110601022,,,fund,SINCE_INCEPTION,6.54,2007-04-05,4,[4],cell_grid,1.0,투자실적 투자신탁 추이 투자실적 추이 투자신탁 15.45 15.14 13.76 11.59 6.54
FUND000056,KR5110601022,,,benchmark,1Y,7.96,2007-04-05,4,[4],cell_grid,1.0,"(연평균 2007.04.05 비교지수 수익률, (연평균 수익률, 비교지수 7.96 10.75 10.50 8.16 4.31"
FUND000056,KR5110601022,,,benchmark,2Y,10.75,2007-04-05,4,[4],cell_grid,1.0,"(연평균 2007.04.05 비교지수 수익률, (연평균 수익률, 비교지수 7.96 10.75 10.50 8.16 4.31"
FUND000056,KR5110601022,,,benchmark,3Y,10.50,2007-04-05,4,[4],cell_grid,1.0,"(연평균 2007.04.05 비교지수 수익률, (연평균 수익률, 비교지수 7.96 10.75 10.50 8.16 4.31"
FUND000056,KR5110601022,,,benchmark,5Y,8.16,2007-04-05,4,[4],cell_grid,1.0,"(연평균 2007.04.05 비교지수 수익률, (연평균 수익률, 비교지수 7.96 10.75 10.50 8.16 4.31"
FUND000056,KR5110601022,,,benchmark,SINCE_INCEPTION,4.31,2007-04-05,4,[4],cell_grid,1.0,"(연평균 2007.04.05 비교지수 수익률, (연평균 수익률, 비교지수 7.96 10.75 10.50 8.16 4.31"
FUND000056,KR5110601022,,,volatility,1Y,18.61,2007-04-05,4,[4],cell_grid,1.0,단위: %) 수익률 변동성 단위: %) 수익률 변동성 18.61 17.32 16.62 17.02 19.19
FUND000056,KR5110601022,,,volatility,2Y,17.32,2007-04-05,4,[4],cell_grid,1.0,단위: %) 수익률 변동성 단위: %) 수익률 변동성 18.61 17.32 16.62 17.02 19.19
FUND000056,KR5110601022,,,volatility,3Y,16.62,2007-04-05,4,[4],cell_grid,1.0,단위: %) 수익률 변동성 단위: %) 수익률 변동성 18.61 17.32 16.62 17.02 19.19
FUND000056,KR5110601022,,,volatility,5Y,17.02,2007-04-05,4,[4],cell_grid,1.0,단위: %) 수익률 변동성 단위: %) 수익률 변동성 18.61 17.32 16.62 17.02 19.19
FUND000056,KR5110601022,,,volatility,SINCE_INCEPTION,19.19,2007-04-05,4,[4],cell_grid,1.0,단위: %) 수익률 변동성 단위: %) 수익률 변동성 18.61 17.32 16.62 17.02 19.19
FUND000056,KR5110601022,CLASS000723,Ae,class_return,1Y,-,2017-09-27,49,[49],cell_grid,1.0,종류Ae 수수료선취-온라인 종류Ae 수수료선취-온라인 - - - - -
FUND000056,KR5110601022,CLASS000723,Ae,class_return,2Y,-,2017-09-27,49,[49],cell_grid,1.0,종류Ae 수수료선취-온라인 종류Ae 수수료선취-온라인 - - - - -
FUND000056,KR5110601022,CLASS000723,Ae,class_return,3Y,-,2017-09-27,49,[49],cell_grid,1.0,종류Ae 수수료선취-온라인 종류Ae 수수료선취-온라인 - - - - -
FUND000056,KR5110601022,CLASS000723,Ae,class_return,5Y,-,2017-09-27,49,[49],cell_grid,1.0,종류Ae 수수료선취-온라인 종류Ae 수수료선취-온라인 - - - - -
FUND000056,KR5110601022,CLASS000723,Ae,class_return,SINCE_INCEPTION,-,2017-09-27,49,[49],cell_grid,1.0,종류Ae 수수료선취-온라인 종류Ae 수수료선취-온라인 - - - - -
FUND000056,KR5110601022,CLASS000724,Ce,class_return,1Y,15.14,2007-04-05,49,[49],cell_grid,1.0,종류Ce 수수료미징구-온라인 종류Ce 수수료미징구-온라인 15.14 14.82 13.45 11.28 6.24
FUND000056,KR5110601022,CLASS000724,Ce,class_return,2Y,14.82,2007-04-05,49,[49],cell_grid,1.0,종류Ce 수수료미징구-온라인 종류Ce 수수료미징구-온라인 15.14 14.82 13.45 11.28 6.24
FUND000056,KR5110601022,CLASS000724,Ce,class_return,3Y,13.45,2007-04-05,49,[49],cell_grid,1.0,종류Ce 수수료미징구-온라인 종류Ce 수수료미징구-온라인 15.14 14.82 13.45 11.28 6.24
FUND000056,KR5110601022,CLASS000724,Ce,class_return,5Y,11.28,2007-04-05,49,[49],cell_grid,1.0,종류Ce 수수료미징구-온라인 종류Ce 수수료미징구-온라인 15.14 14.82 13.45 11.28 6.24
FUND000056,KR5110601022,CLASS000724,Ce,class_return,SINCE_INCEPTION,6.24,2007-04-05,49,[49],cell_grid,1.0,종류Ce 수수료미징구-온라인 종류Ce 수수료미징구-온라인 15.14 14.82 13.45 11.28 6.24
FUND000056,KR5110601022,CLASS000726,C-Pe,class_return,1Y,15.08,2017-09-27,49,[49],cell_grid,1.0,종류C-Pe 수수료미징구-온라인-개인연금 종류C-Pe 수수료미징구-온라인-개인연금 15.08 14.76 13.39 11.23 5.47
FUND000056,KR5110601022,CLASS000726,C-Pe,class_return,2Y,14.76,2017-09-27,49,[49],cell_grid,1.0,종류C-Pe 수수료미징구-온라인-개인연금 종류C-Pe 수수료미징구-온라인-개인연금 15.08 14.76 13.39 11.23 5.47
FUND000056,KR5110601022,CLASS000726,C-Pe,class_return,3Y,13.39,2017-09-27,49,[49],cell_grid,1.0,종류C-Pe 수수료미징구-온라인-개인연금 종류C-Pe 수수료미징구-온라인-개인연금 15.08 14.76 13.39 11.23 5.47
FUND000056,KR5110601022,CLASS000726,C-Pe,class_return,5Y,11.23,2017-09-27,49,[49],cell_grid,1.0,종류C-Pe 수수료미징구-온라인-개인연금 종류C-Pe 수수료미징구-온라인-개인연금 15.08 14.76 13.39 11.23 5.47
FUND000056,KR5110601022,CLASS000726,C-Pe,class_return,SINCE_INCEPTION,5.47,2017-09-27,49,[49],cell_grid,1.0,종류C-Pe 수수료미징구-온라인-개인연금 종류C-Pe 수수료미징구-온라인-개인연금 15.08 14.76 13.39 11.23 5.47
FUND000056,KR5110601022,CLASS000727,Crp,class_return,1Y,14.97,2016-11-18,49,[49],cell_grid,1.0,종류Crp 수수료미징구-오프라인-퇴직연금 종류Crp 수수료미징구-오프라인-퇴직연금 14.97 14.65 13.28 11.12 8.47
FUND000056,KR5110601022,CLASS000727,Crp,class_return,2Y,14.65,2016-11-18,49,[49],cell_grid,1.0,종류Crp 수수료미징구-오프라인-퇴직연금 종류Crp 수수료미징구-오프라인-퇴직연금 14.97 14.65 13.28 11.12 8.47
FUND000056,KR5110601022,CLASS000727,Crp,class_return,3Y,13.28,2016-11-18,49,[49],cell_grid,1.0,종류Crp 수수료미징구-오프라인-퇴직연금 종류Crp 수수료미징구-오프라인-퇴직연금 14.97 14.65 13.28 11.12 8.47
FUND000056,KR5110601022,CLASS000727,Crp,class_return,5Y,11.12,2016-11-18,49,[49],cell_grid,1.0,종류Crp 수수료미징구-오프라인-퇴직연금 종류Crp 수수료미징구-오프라인-퇴직연금 14.97 14.65 13.28 11.12 8.47
FUND000056,KR5110601022,CLASS000727,Crp,class_return,SINCE_INCEPTION,8.47,2016-11-18,49,[49],cell_grid,1.0,종류Crp 수수료미징구-오프라인-퇴직연금 종류Crp 수수료미징구-오프라인-퇴직연금 14.97 14.65 13.28 11.12 8.47
FUND000056,KR5110601022,CLASS000728,Crp-e,class_return,1Y,15.11,2018-05-28,49,[49],cell_grid,1.0,종류Crp-e 수수료미징구-온라인-퇴직연금 종류Crp-e 수수료미징구-온라인-퇴직연금 15.11 14.80 13.42 11.26 6.41
FUND000056,KR5110601022,CLASS000728,Crp-e,class_return,2Y,14.80,2018-05-28,49,[49],cell_grid,1.0,종류Crp-e 수수료미징구-온라인-퇴직연금 종류Crp-e 수수료미징구-온라인-퇴직연금 15.11 14.80 13.42 11.26 6.41
FUND000056,KR5110601022,CLASS000728,Crp-e,class_return,3Y,13.42,2018-05-28,49,[49],cell_grid,1.0,종류Crp-e 수수료미징구-온라인-퇴직연금 종류Crp-e 수수료미징구-온라인-퇴직연금 15.11 14.80 13.42 11.26 6.41
FUND000056,KR5110601022,CLASS000728,Crp-e,class_return,5Y,11.26,2018-05-28,49,[49],cell_grid,1.0,종류Crp-e 수수료미징구-온라인-퇴직연금 종류Crp-e 수수료미징구-온라인-퇴직연금 15.11 14.80 13.42 11.26 6.41
FUND000056,KR5110601022,CLASS000728,Crp-e,class_return,SINCE_INCEPTION,6.41,2018-05-28,49,[49],cell_grid,1.0,종류Crp-e 수수료미징구-온라인-퇴직연금 종류Crp-e 수수료미징구-온라인-퇴직연금 15.11 14.80 13.42 11.26 6.41
FUND000056,KR5110601022,CLASS000729,S-P,class_return,1Y,15.19,2015-07-22,49,[49],cell_grid,1.0,종류S-P 수수료미징구-온라인슈퍼-개인연금 종류S-P 수수료미징구-온라인슈퍼-개인연금 15.19 14.86 13.48 11.30 7.70
FUND000056,KR5110601022,CLASS000729,S-P,class_return,2Y,14.86,2015-07-22,49,[49],cell_grid,1.0,종류S-P 수수료미징구-온라인슈퍼-개인연금 종류S-P 수수료미징구-온라인슈퍼-개인연금 15.19 14.86 13.48 11.30 7.70
FUND000056,KR5110601022,CLASS000729,S-P,class_return,3Y,13.48,2015-07-22,49,[49],cell_grid,1.0,종류S-P 수수료미징구-온라인슈퍼-개인연금 종류S-P 수수료미징구-온라인슈퍼-개인연금 15.19 14.86 13.48 11.30 7.70
FUND000056,KR5110601022,CLASS000729,S-P,class_return,5Y,11.30,2015-07-22,49,[49],cell_grid,1.0,종류S-P 수수료미징구-온라인슈퍼-개인연금 종류S-P 수수료미징구-온라인슈퍼-개인연금 15.19 14.86 13.48 11.30 7.70
FUND000056,KR5110601022,CLASS000729,S-P,class_return,SINCE_INCEPTION,7.70,2015-07-22,49,[49],cell_grid,1.0,종류S-P 수수료미징구-온라인슈퍼-개인연금 종류S-P 수수료미징구-온라인슈퍼-개인연금 15.19 14.86 13.48 11.30 7.70
FUND000056,KR5110601022,CLASS000732,Cb,class_return,1Y,-,2018-06-14,49,[49],cell_grid,1.0,종류Cb 수수료미징구-오프라인-보수체감 종류Cb 수수료미징구-오프라인-보수체감 - - - - -
FUND000056,KR5110601022,CLASS000732,Cb,class_return,2Y,-,2018-06-14,49,[49],cell_grid,1.0,종류Cb 수수료미징구-오프라인-보수체감 종류Cb 수수료미징구-오프라인-보수체감 - - - - -
FUND000056,KR5110601022,CLASS000732,Cb,class_return,3Y,-,2018-06-14,49,[49],cell_grid,1.0,종류Cb 수수료미징구-오프라인-보수체감 종류Cb 수수료미징구-오프라인-보수체감 - - - - -
FUND000056,KR5110601022,CLASS000732,Cb,class_return,5Y,-,2018-06-14,49,[49],cell_grid,1.0,종류Cb 수수료미징구-오프라인-보수체감 종류Cb 수수료미징구-오프라인-보수체감 - - - - -
FUND000056,KR5110601022,CLASS000732,Cb,class_return,SINCE_INCEPTION,-,2018-06-14,49,[49],cell_grid,1.0,종류Cb 수수료미징구-오프라인-보수체감 종류Cb 수수료미징구-오프라인-보수체감 - - - - -
FUND000056,KR5110601022,CLASS000736,Cd,class_return,1Y,14.98,2013-02-26,49,[49],cell_grid,1.0,종류Cd 수수료미징구-오프라인-보수체감 종류Cd 수수료미징구-오프라인-보수체감 14.98 14.67 13.29 11.12 5.62
FUND000056,KR5110601022,CLASS000736,Cd,class_return,2Y,14.67,2013-02-26,49,[49],cell_grid,1.0,종류Cd 수수료미징구-오프라인-보수체감 종류Cd 수수료미징구-오프라인-보수체감 14.98 14.67 13.29 11.12 5.62
FUND000056,KR5110601022,CLASS000736,Cd,class_return,3Y,13.29,2013-02-26,49,[49],cell_grid,1.0,종류Cd 수수료미징구-오프라인-보수체감 종류Cd 수수료미징구-오프라인-보수체감 14.98 14.67 13.29 11.12 5.62
FUND000056,KR5110601022,CLASS000736,Cd,class_return,5Y,11.12,2013-02-26,49,[49],cell_grid,1.0,종류Cd 수수료미징구-오프라인-보수체감 종류Cd 수수료미징구-오프라인-보수체감 14.98 14.67 13.29 11.12 5.62
FUND000056,KR5110601022,CLASS000736,Cd,class_return,SINCE_INCEPTION,5.62,2013-02-26,49,[49],cell_grid,1.0,종류Cd 수수료미징구-오프라인-보수체감 종류Cd 수수료미징구-오프라인-보수체감 14.98 14.67 13.29 11.12 5.62
FUND000056,KR5110601022,CLASS000737,AG,class_return,1Y,-,2017-05-26,49,[49],cell_grid,1.0,종류AG 수수료선취-오프라인-무권유저비용 종류AG 수수료선취-오프라인-무권유저비용 - - - - -
FUND000056,KR5110601022,CLASS000737,AG,class_return,2Y,-,2017-05-26,49,[49],cell_grid,1.0,종류AG 수수료선취-오프라인-무권유저비용 종류AG 수수료선취-오프라인-무권유저비용 - - - - -
FUND000056,KR5110601022,CLASS000737,AG,class_return,3Y,-,2017-05-26,49,[49],cell_grid,1.0,종류AG 수수료선취-오프라인-무권유저비용 종류AG 수수료선취-오프라인-무권유저비용 - - - - -
FUND000056,KR5110601022,CLASS000737,AG,class_return,5Y,-,2017-05-26,49,[49],cell_grid,1.0,종류AG 수수료선취-오프라인-무권유저비용 종류AG 수수료선취-오프라인-무권유저비용 - - - - -
FUND000056,KR5110601022,CLASS000737,AG,class_return,SINCE_INCEPTION,-,2017-05-26,49,[49],cell_grid,1.0,종류AG 수수료선취-오프라인-무권유저비용 종류AG 수수료선취-오프라인-무권유저비용 - - - - -
FUND000034,KR5111420047,CLASS000461,A,class_return,1Y,4.21,2016-04-18,6,"[6,49]",coordinate_reconstruction,1.0,펀드ClassA 2016-04-18 4.21 4.39 4.17 2.94 2.42
FUND000034,KR5111420047,CLASS000461,A,class_return,2Y,4.39,2016-04-18,6,"[6,49]",coordinate_reconstruction,1.0,펀드ClassA 2016-04-18 4.21 4.39 4.17 2.94 2.42
FUND000034,KR5111420047,CLASS000461,A,class_return,3Y,4.17,2016-04-18,6,"[6,49]",coordinate_reconstruction,1.0,펀드ClassA 2016-04-18 4.21 4.39 4.17 2.94 2.42
FUND000034,KR5111420047,CLASS000461,A,class_return,5Y,2.94,2016-04-18,6,"[6,49]",coordinate_reconstruction,1.0,펀드ClassA 2016-04-18 4.21 4.39 4.17 2.94 2.42
FUND000034,KR5111420047,CLASS000461,A,class_return,SINCE_INCEPTION,2.42,2016-04-18,6,"[6,49]",coordinate_reconstruction,1.0,펀드ClassA 2016-04-18 4.21 4.39 4.17 2.94 2.42
FUND000034,KR5111420047,,,benchmark,1Y,3.48,2016-04-18,6,[6],coordinate_reconstruction,1.0,비교지수 2016-04-18 3.48 3.62 3.38 2.37 2.02
FUND000034,KR5111420047,,,benchmark,2Y,3.62,2016-04-18,6,[6],coordinate_reconstruction,1.0,비교지수 2016-04-18 3.48 3.62 3.38 2.37 2.02
FUND000034,KR5111420047,,,benchmark,3Y,3.38,2016-04-18,6,[6],coordinate_reconstruction,1.0,비교지수 2016-04-18 3.48 3.62 3.38 2.37 2.02
FUND000034,KR5111420047,,,benchmark,5Y,2.37,2016-04-18,6,[6],coordinate_reconstruction,1.0,비교지수 2016-04-18 3.48 3.62 3.38 2.37 2.02
FUND000034,KR5111420047,,,benchmark,SINCE_INCEPTION,2.02,2016-04-18,6,[6],coordinate_reconstruction,1.0,비교지수 2016-04-18 3.48 3.62 3.38 2.37 2.02
FUND000034,KR5111420047,,,volatility,1Y,0.17,2016-04-18,6,[6],coordinate_reconstruction,1.0,수익률 변동성(%) 2016-04-18 0.17 0.18 0.32 0.34 0.28
FUND000034,KR5111420047,,,volatility,2Y,0.18,2016-04-18,6,[6],coordinate_reconstruction,1.0,수익률 변동성(%) 2016-04-18 0.17 0.18 0.32 0.34 0.28
FUND000034,KR5111420047,,,volatility,3Y,0.32,2016-04-18,6,[6],coordinate_reconstruction,1.0,수익률 변동성(%) 2016-04-18 0.17 0.18 0.32 0.34 0.28
FUND000034,KR5111420047,,,volatility,5Y,0.34,2016-04-18,6,[6],coordinate_reconstruction,1.0,수익률 변동성(%) 2016-04-18 0.17 0.18 0.32 0.34 0.28
FUND000034,KR5111420047,,,volatility,SINCE_INCEPTION,0.28,2016-04-18,6,[6],coordinate_reconstruction,1.0,수익률 변동성(%) 2016-04-18 0.17 0.18 0.32 0.34 0.28
FUND000034,KR5111420047,CLASS000464,C,class_return,1Y,4.20,2007-04-17,49,[49],detail_return_table_cross_validated,1.0,펀드ClassC 펀드ClassC 2007-04-17 4.20 4.37 4.16 2.93 3.01
FUND000034,KR5111420047,CLASS000464,C,class_return,2Y,4.37,2007-04-17,49,[49],detail_return_table_cross_validated,1.0,펀드ClassC 펀드ClassC 2007-04-17 4.20 4.37 4.16 2.93 3.01
FUND000034,KR5111420047,CLASS000464,C,class_return,3Y,4.16,2007-04-17,49,[49],detail_return_table_cross_validated,1.0,펀드ClassC 펀드ClassC 2007-04-17 4.20 4.37 4.16 2.93 3.01
FUND000034,KR5111420047,CLASS000464,C,class_return,5Y,2.93,2007-04-17,49,[49],detail_return_table_cross_validated,1.0,펀드ClassC 펀드ClassC 2007-04-17 4.20 4.37 4.16 2.93 3.01
FUND000034,KR5111420047,CLASS000464,C,class_return,SINCE_INCEPTION,3.01,2007-04-17,49,[49],detail_return_table_cross_validated,1.0,펀드ClassC 펀드ClassC 2007-04-17 4.20 4.37 4.16 2.93 3.01
FUND000034,KR5111420047,CLASS000469,W,class_return,1Y,4.31,2016-03-16,49,[49],detail_return_table_cross_validated,1.0,펀드ClassW 펀드ClassW 2016-03-16 4.31 4.49 4.28 3.05 2.51
FUND000034,KR5111420047,CLASS000469,W,class_return,2Y,4.49,2016-03-16,49,[49],detail_return_table_cross_validated,1.0,펀드ClassW 펀드ClassW 2016-03-16 4.31 4.49 4.28 3.05 2.51
FUND000034,KR5111420047,CLASS000469,W,class_return,3Y,4.28,2016-03-16,49,[49],detail_return_table_cross_validated,1.0,펀드ClassW 펀드ClassW 2016-03-16 4.31 4.49 4.28 3.05 2.51
FUND000034,KR5111420047,CLASS000469,W,class_return,5Y,3.05,2016-03-16,49,[49],detail_return_table_cross_validated,1.0,펀드ClassW 펀드ClassW 2016-03-16 4.31 4.49 4.28 3.05 2.51
FUND000034,KR5111420047,CLASS000469,W,class_return,SINCE_INCEPTION,2.51,2016-03-16,49,[49],detail_return_table_cross_validated,1.0,펀드ClassW 펀드ClassW 2016-03-16 4.31 4.49 4.28 3.05 2.51
FUND000034,KR5111420047,CLASS000466,C-F,class_return,1Y,4.29,2016-09-22,49,[49],detail_return_table_cross_validated,1.0,펀드ClassC-F 펀드ClassC-F 2016-09-22 4.29 4.47 4.26 3.03 2.54
FUND000034,KR5111420047,CLASS000466,C-F,class_return,2Y,4.47,2016-09-22,49,[49],detail_return_table_cross_validated,1.0,펀드ClassC-F 펀드ClassC-F 2016-09-22 4.29 4.47 4.26 3.03 2.54
FUND000034,KR5111420047,CLASS000466,C-F,class_return,3Y,4.26,2016-09-22,49,[49],detail_return_table_cross_validated,1.0,펀드ClassC-F 펀드ClassC-F 2016-09-22 4.29 4.47 4.26 3.03 2.54
FUND000034,KR5111420047,CLASS000466,C-F,class_return,5Y,3.03,2016-09-22,49,[49],detail_return_table_cross_validated,1.0,펀드ClassC-F 펀드ClassC-F 2016-09-22 4.29 4.47 4.26 3.03 2.54
FUND000034,KR5111420047,CLASS000466,C-F,class_return,SINCE_INCEPTION,2.54,2016-09-22,49,[49],detail_return_table_cross_validated,1.0,펀드ClassC-F 펀드ClassC-F 2016-09-22 4.29 4.47 4.26 3.03 2.54
FUND000034,KR5111420047,CLASS000462,A2,class_return,1Y,4.30,2017-01-09,50,[50],detail_return_table_cross_validated,1.0,펀드ClassA2 펀드ClassA2 2017-01-09 4.30 4.48 4.27 3.04 2.58
FUND000034,KR5111420047,CLASS000462,A2,class_return,2Y,4.48,2017-01-09,50,[50],detail_return_table_cross_validated,1.0,펀드ClassA2 펀드ClassA2 2017-01-09 4.30 4.48 4.27 3.04 2.58
FUND000034,KR5111420047,CLASS000462,A2,class_return,3Y,4.27,2017-01-09,50,[50],detail_return_table_cross_validated,1.0,펀드ClassA2 펀드ClassA2 2017-01-09 4.30 4.48 4.27 3.04 2.58
FUND000034,KR5111420047,CLASS000462,A2,class_return,5Y,3.04,2017-01-09,50,[50],detail_return_table_cross_validated,1.0,펀드ClassA2 펀드ClassA2 2017-01-09 4.30 4.48 4.27 3.04 2.58
FUND000034,KR5111420047,CLASS000462,A2,class_return,SINCE_INCEPTION,2.58,2017-01-09,50,[50],detail_return_table_cross_validated,1.0,펀드ClassA2 펀드ClassA2 2017-01-09 4.30 4.48 4.27 3.04 2.58
FUND000034,KR5111420047,CLASS000463,A-E,class_return,1Y,4.26,2017-02-06,50,[50],detail_return_table_cross_validated,1.0,펀드ClassA-E 펀드ClassA-E 2017-02-06 4.26 4.44 4.23 3.00 2.54
FUND000034,KR5111420047,CLASS000463,A-E,class_return,2Y,4.44,2017-02-06,50,[50],detail_return_table_cross_validated,1.0,펀드ClassA-E 펀드ClassA-E 2017-02-06 4.26 4.44 4.23 3.00 2.54
FUND000034,KR5111420047,CLASS000463,A-E,class_return,3Y,4.23,2017-02-06,50,[50],detail_return_table_cross_validated,1.0,펀드ClassA-E 펀드ClassA-E 2017-02-06 4.26 4.44 4.23 3.00 2.54
FUND000034,KR5111420047,CLASS000463,A-E,class_return,5Y,3.00,2017-02-06,50,[50],detail_return_table_cross_validated,1.0,펀드ClassA-E 펀드ClassA-E 2017-02-06 4.26 4.44 4.23 3.00 2.54
FUND000034,KR5111420047,CLASS000463,A-E,class_return,SINCE_INCEPTION,2.54,2017-02-06,50,[50],detail_return_table_cross_validated,1.0,펀드ClassA-E 펀드ClassA-E 2017-02-06 4.26 4.44 4.23 3.00 2.54
FUND000034,KR5111420047,CLASS000465,C-E,class_return,1Y,4.26,2017-02-06,50,[50],detail_return_table_cross_validated,1.0,펀드ClassC-E 펀드ClassC-E 2017-02-06 4.26 4.43 4.22 2.99 2.54
FUND000034,KR5111420047,CLASS000465,C-E,class_return,2Y,4.43,2017-02-06,50,[50],detail_return_table_cross_validated,1.0,펀드ClassC-E 펀드ClassC-E 2017-02-06 4.26 4.43 4.22 2.99 2.54
FUND000034,KR5111420047,CLASS000465,C-E,class_return,3Y,4.22,2017-02-06,50,[50],detail_return_table_cross_validated,1.0,펀드ClassC-E 펀드ClassC-E 2017-02-06 4.26 4.43 4.22 2.99 2.54
FUND000034,KR5111420047,CLASS000465,C-E,class_return,5Y,2.99,2017-02-06,50,[50],detail_return_table_cross_validated,1.0,펀드ClassC-E 펀드ClassC-E 2017-02-06 4.26 4.43 4.22 2.99 2.54
FUND000034,KR5111420047,CLASS000465,C-E,class_return,SINCE_INCEPTION,2.54,2017-02-06,50,[50],detail_return_table_cross_validated,1.0,펀드ClassC-E 펀드ClassC-E 2017-02-06 4.26 4.43 4.22 2.99 2.54
FUND000034,KR5111420047,CLASS000467,C-P,class_return,1Y,4.21,2017-01-31,50,[50],detail_return_table_cross_validated,1.0,펀드ClassC-P 펀드ClassC-P 2017-01-31 4.21 4.39 4.17 2.94 2.49
FUND000034,KR5111420047,CLASS000467,C-P,class_return,2Y,4.39,2017-01-31,50,[50],detail_return_table_cross_validated,1.0,펀드ClassC-P 펀드ClassC-P 2017-01-31 4.21 4.39 4.17 2.94 2.49
FUND000034,KR5111420047,CLASS000467,C-P,class_return,3Y,4.17,2017-01-31,50,[50],detail_return_table_cross_validated,1.0,펀드ClassC-P 펀드ClassC-P 2017-01-31 4.21 4.39 4.17 2.94 2.49
FUND000034,KR5111420047,CLASS000467,C-P,class_return,5Y,2.94,2017-01-31,50,[50],detail_return_table_cross_validated,1.0,펀드ClassC-P 펀드ClassC-P 2017-01-31 4.21 4.39 4.17 2.94 2.49
FUND000034,KR5111420047,CLASS000467,C-P,class_return,SINCE_INCEPTION,2.49,2017-01-31,50,[50],detail_return_table_cross_validated,1.0,펀드ClassC-P 펀드ClassC-P 2017-01-31 4.21 4.39 4.17 2.94 2.49
FUND000034,KR5111420047,CLASS000468,C-P2,class_return,1Y,4.21,2017-02-16,50,[50],detail_return_table_cross_validated,1.0,펀드ClassC-P2 펀드ClassC-P2 2017-02-16 4.21 4.39 4.18 2.94 2.49
FUND000034,KR5111420047,CLASS000468,C-P2,class_return,2Y,4.39,2017-02-16,50,[50],detail_return_table_cross_validated,1.0,펀드ClassC-P2 펀드ClassC-P2 2017-02-16 4.21 4.39 4.18 2.94 2.49
FUND000034,KR5111420047,CLASS000468,C-P2,class_return,3Y,4.18,2017-02-16,50,[50],detail_return_table_cross_validated,1.0,펀드ClassC-P2 펀드ClassC-P2 2017-02-16 4.21 4.39 4.18 2.94 2.49
FUND000034,KR5111420047,CLASS000468,C-P2,class_return,5Y,2.94,2017-02-16,50,[50],detail_return_table_cross_validated,1.0,펀드ClassC-P2 펀드ClassC-P2 2017-02-16 4.21 4.39 4.18 2.94 2.49
FUND000034,KR5111420047,CLASS000468,C-P2,class_return,SINCE_INCEPTION,2.49,2017-02-16,50,[50],detail_return_table_cross_validated,1.0,펀드ClassC-P2 펀드ClassC-P2 2017-02-16 4.21 4.39 4.18 2.94 2.49
FUND000034,KR5111420047,CLASS000470,C-PE,class_return,1Y,4.25,2017-09-06,50,[50],detail_return_table_cross_validated,1.0,펀드ClassC-PE 펀드ClassC-PE 2017-09-06 4.25 4.43 4.22 2.99 2.61
FUND000034,KR5111420047,CLASS000470,C-PE,class_return,2Y,4.43,2017-09-06,50,[50],detail_return_table_cross_validated,1.0,펀드ClassC-PE 펀드ClassC-PE 2017-09-06 4.25 4.43 4.22 2.99 2.61
FUND000034,KR5111420047,CLASS000470,C-PE,class_return,3Y,4.22,2017-09-06,50,[50],detail_return_table_cross_validated,1.0,펀드ClassC-PE 펀드ClassC-PE 2017-09-06 4.25 4.43 4.22 2.99 2.61
FUND000034,KR5111420047,CLASS000470,C-PE,class_return,5Y,2.99,2017-09-06,50,[50],detail_return_table_cross_validated,1.0,펀드ClassC-PE 펀드ClassC-PE 2017-09-06 4.25 4.43 4.22 2.99 2.61
FUND000034,KR5111420047,CLASS000470,C-PE,class_return,SINCE_INCEPTION,2.61,2017-09-06,50,[50],detail_return_table_cross_validated,1.0,펀드ClassC-PE 펀드ClassC-PE 2017-09-06 4.25 4.43 4.22 2.99 2.61
FUND000034,KR5111420047,CLASS000471,C-P2E,class_return,1Y,4.26,2019-06-25,50,[50],detail_return_table_cross_validated,1.0,펀드ClassC-P2E 펀드ClassC-P2E 2019-06-25 4.26 4.44 4.23 3.00 2.80
FUND000034,KR5111420047,CLASS000471,C-P2E,class_return,2Y,4.44,2019-06-25,50,[50],detail_return_table_cross_validated,1.0,펀드ClassC-P2E 펀드ClassC-P2E 2019-06-25 4.26 4.44 4.23 3.00 2.80
FUND000034,KR5111420047,CLASS000471,C-P2E,class_return,3Y,4.23,2019-06-25,50,[50],detail_return_table_cross_validated,1.0,펀드ClassC-P2E 펀드ClassC-P2E 2019-06-25 4.26 4.44 4.23 3.00 2.80
FUND000034,KR5111420047,CLASS000471,C-P2E,class_return,5Y,3.00,2019-06-25,50,[50],detail_return_table_cross_validated,1.0,펀드ClassC-P2E 펀드ClassC-P2E 2019-06-25 4.26 4.44 4.23 3.00 2.80
FUND000034,KR5111420047,CLASS000471,C-P2E,class_return,SINCE_INCEPTION,2.80,2019-06-25,50,[50],detail_return_table_cross_validated,1.0,펀드ClassC-P2E 펀드ClassC-P2E 2019-06-25 4.26 4.44 4.23 3.00 2.80
FUND000035,KR5111450067,CLASS000475,A,class_return,2Y,-8.17,2007-05-03,6,"[6,56]",cell_grid,1.0,펀드ClassA 펀드ClassA 2007-05-03 -25.77 -8.17 -7.41 4.73 4.93
FUND000035,KR5111450067,CLASS000475,A,class_return,3Y,-7.41,2007-05-03,6,"[6,56]",cell_grid,1.0,펀드ClassA 펀드ClassA 2007-05-03 -25.77 -8.17 -7.41 4.73 4.93
FUND000035,KR5111450067,CLASS000475,A,class_return,5Y,4.73,2007-05-03,6,"[6,56]",cell_grid,1.0,펀드ClassA 펀드ClassA 2007-05-03 -25.77 -8.17 -7.41 4.73 4.93
FUND000035,KR5111450067,CLASS000475,A,class_return,SINCE_INCEPTION,4.93,2007-05-03,6,"[6,56]",cell_grid,1.0,펀드ClassA 펀드ClassA 2007-05-03 -25.77 -8.17 -7.41 4.73 4.93
FUND000035,KR5111450067,CLASS000475,A,class_return,1Y,-25.77,2007-05-03,6,"[6,56]",cell_grid,1.0,펀드ClassA 펀드ClassA 2007-05-03 -25.77 -8.17 -7.41 4.73 4.93
FUND000035,KR5111450067,,,volatility,2Y,21.20,2007-05-03,6,[6],cell_grid,1.0,수익률 변동성(%) 수익률 변동성(%) 2007-05-03 23.63 21.20 20.68 19.85 22.03
FUND000035,KR5111450067,,,volatility,3Y,20.68,2007-05-03,6,[6],cell_grid,1.0,수익률 변동성(%) 수익률 변동성(%) 2007-05-03 23.63 21.20 20.68 19.85 22.03
FUND000035,KR5111450067,,,volatility,5Y,19.85,2007-05-03,6,[6],cell_grid,1.0,수익률 변동성(%) 수익률 변동성(%) 2007-05-03 23.63 21.20 20.68 19.85 22.03
FUND000035,KR5111450067,,,volatility,SINCE_INCEPTION,22.03,2007-05-03,6,[6],cell_grid,1.0,수익률 변동성(%) 수익률 변동성(%) 2007-05-03 23.63 21.20 20.68 19.85 22.03
FUND000035,KR5111450067,,,volatility,1Y,23.63,2007-05-03,6,[6],cell_grid,1.0,수익률 변동성(%) 수익률 변동성(%) 2007-05-03 23.63 21.20 20.68 19.85 22.03
FUND000035,KR5111450067,CLASS000478,C1,class_return,1Y,-26.35,2007-05-03,56,[56],detail_return_table_cross_validated,1.0,펀드ClassC1 펀드ClassC1 2007-05-03 -26.35 -8.88 -8.12 3.93 4.09
FUND000035,KR5111450067,CLASS000478,C1,class_return,2Y,-8.88,2007-05-03,56,[56],detail_return_table_cross_validated,1.0,펀드ClassC1 펀드ClassC1 2007-05-03 -26.35 -8.88 -8.12 3.93 4.09
FUND000035,KR5111450067,CLASS000478,C1,class_return,3Y,-8.12,2007-05-03,56,[56],detail_return_table_cross_validated,1.0,펀드ClassC1 펀드ClassC1 2007-05-03 -26.35 -8.88 -8.12 3.93 4.09
FUND000035,KR5111450067,CLASS000478,C1,class_return,5Y,3.93,2007-05-03,56,[56],detail_return_table_cross_validated,1.0,펀드ClassC1 펀드ClassC1 2007-05-03 -26.35 -8.88 -8.12 3.93 4.09
FUND000035,KR5111450067,CLASS000478,C1,class_return,SINCE_INCEPTION,4.09,2007-05-03,56,[56],detail_return_table_cross_validated,1.0,펀드ClassC1 펀드ClassC1 2007-05-03 -26.35 -8.88 -8.12 3.93 4.09
FUND000035,KR5111450067,CLASS000479,C2,class_return,1Y,-26.26,2010-10-18,56,[56],detail_return_table_cross_validated,1.0,펀드ClassC2 펀드ClassC2 2010-10-18 -26.26 -8.77 -8.00 4.06 2.79
FUND000035,KR5111450067,CLASS000479,C2,class_return,2Y,-8.77,2010-10-18,56,[56],detail_return_table_cross_validated,1.0,펀드ClassC2 펀드ClassC2 2010-10-18 -26.26 -8.77 -8.00 4.06 2.79
FUND000035,KR5111450067,CLASS000479,C2,class_return,3Y,-8.00,2010-10-18,56,[56],detail_return_table_cross_validated,1.0,펀드ClassC2 펀드ClassC2 2010-10-18 -26.26 -8.77 -8.00 4.06 2.79
FUND000035,KR5111450067,CLASS000479,C2,class_return,5Y,4.06,2010-10-18,56,[56],detail_return_table_cross_validated,1.0,펀드ClassC2 펀드ClassC2 2010-10-18 -26.26 -8.77 -8.00 4.06 2.79
FUND000035,KR5111450067,CLASS000479,C2,class_return,SINCE_INCEPTION,2.79,2010-10-18,56,[56],detail_return_table_cross_validated,1.0,펀드ClassC2 펀드ClassC2 2010-10-18 -26.26 -8.77 -8.00 4.06 2.79
FUND000035,KR5111450067,CLASS000480,C3,class_return,1Y,-26.17,2010-10-18,56,[56],detail_return_table_cross_validated,1.0,펀드ClassC3 펀드ClassC3 2010-10-18 -26.17 -8.65 -7.89 4.19 2.91
FUND000035,KR5111450067,CLASS000480,C3,class_return,2Y,-8.65,2010-10-18,56,[56],detail_return_table_cross_validated,1.0,펀드ClassC3 펀드ClassC3 2010-10-18 -26.17 -8.65 -7.89 4.19 2.91
FUND000035,KR5111450067,CLASS000480,C3,class_return,3Y,-7.89,2010-10-18,56,[56],detail_return_table_cross_validated,1.0,펀드ClassC3 펀드ClassC3 2010-10-18 -26.17 -8.65 -7.89 4.19 2.91
FUND000035,KR5111450067,CLASS000480,C3,class_return,5Y,4.19,2010-10-18,56,[56],detail_return_table_cross_validated,1.0,펀드ClassC3 펀드ClassC3 2010-10-18 -26.17 -8.65 -7.89 4.19 2.91
FUND000035,KR5111450067,CLASS000480,C3,class_return,SINCE_INCEPTION,2.91,2010-10-18,56,[56],detail_return_table_cross_validated,1.0,펀드ClassC3 펀드ClassC3 2010-10-18 -26.17 -8.65 -7.89 4.19 2.91
FUND000035,KR5111450067,CLASS000481,C4,class_return,1Y,-26.07,2010-10-18,56,[56],detail_return_table_cross_validated,1.0,펀드ClassC4 펀드ClassC4 2010-10-18 -26.07 -8.53 -7.77 4.32 3.12
FUND000035,KR5111450067,CLASS000481,C4,class_return,2Y,-8.53,2010-10-18,56,[56],detail_return_table_cross_validated,1.0,펀드ClassC4 펀드ClassC4 2010-10-18 -26.07 -8.53 -7.77 4.32 3.12
FUND000035,KR5111450067,CLASS000481,C4,class_return,3Y,-7.77,2010-10-18,56,[56],detail_return_table_cross_validated,1.0,펀드ClassC4 펀드ClassC4 2010-10-18 -26.07 -8.53 -7.77 4.32 3.12
FUND000035,KR5111450067,CLASS000481,C4,class_return,5Y,4.32,2010-10-18,56,[56],detail_return_table_cross_validated,1.0,펀드ClassC4 펀드ClassC4 2010-10-18 -26.07 -8.53 -7.77 4.32 3.12
FUND000035,KR5111450067,CLASS000481,C4,class_return,SINCE_INCEPTION,3.12,2010-10-18,56,[56],detail_return_table_cross_validated,1.0,펀드ClassC4 펀드ClassC4 2010-10-18 -26.07 -8.53 -7.77 4.32 3.12
FUND000035,KR5111450067,CLASS000482,C5,class_return,1Y,-25.97,2011-05-04,56,[56],detail_return_table_cross_validated,1.0,펀드ClassC5 펀드ClassC5 2011-05-04 -25.97 -8.42 -7.65 4.45 2.50
FUND000035,KR5111450067,CLASS000482,C5,class_return,2Y,-8.42,2011-05-04,56,[56],detail_return_table_cross_validated,1.0,펀드ClassC5 펀드ClassC5 2011-05-04 -25.97 -8.42 -7.65 4.45 2.50
FUND000035,KR5111450067,CLASS000482,C5,class_return,3Y,-7.65,2011-05-04,56,[56],detail_return_table_cross_validated,1.0,펀드ClassC5 펀드ClassC5 2011-05-04 -25.97 -8.42 -7.65 4.45 2.50
FUND000035,KR5111450067,CLASS000482,C5,class_return,5Y,4.45,2011-05-04,56,[56],detail_return_table_cross_validated,1.0,펀드ClassC5 펀드ClassC5 2011-05-04 -25.97 -8.42 -7.65 4.45 2.50
FUND000035,KR5111450067,CLASS000482,C5,class_return,SINCE_INCEPTION,2.50,2011-05-04,56,[56],detail_return_table_cross_validated,1.0,펀드ClassC5 펀드ClassC5 2011-05-04 -25.97 -8.42 -7.65 4.45 2.50
FUND000035,KR5111450067,CLASS000477,A-U,class_return,1Y,-25.84,2013-04-02,56,[56],detail_return_table_cross_validated,1.0,펀드ClassA-U 펀드ClassA-U 2013-04-02 -25.84 -8.26 -7.50 4.61 3.45
FUND000035,KR5111450067,CLASS000477,A-U,class_return,2Y,-8.26,2013-04-02,56,[56],detail_return_table_cross_validated,1.0,펀드ClassA-U 펀드ClassA-U 2013-04-02 -25.84 -8.26 -7.50 4.61 3.45
FUND000035,KR5111450067,CLASS000477,A-U,class_return,3Y,-7.50,2013-04-02,56,[56],detail_return_table_cross_validated,1.0,펀드ClassA-U 펀드ClassA-U 2013-04-02 -25.84 -8.26 -7.50 4.61 3.45
FUND000035,KR5111450067,CLASS000477,A-U,class_return,5Y,4.61,2013-04-02,56,[56],detail_return_table_cross_validated,1.0,펀드ClassA-U 펀드ClassA-U 2013-04-02 -25.84 -8.26 -7.50 4.61 3.45
FUND000035,KR5111450067,CLASS000477,A-U,class_return,SINCE_INCEPTION,3.45,2013-04-02,56,[56],detail_return_table_cross_validated,1.0,펀드ClassA-U 펀드ClassA-U 2013-04-02 -25.84 -8.26 -7.50 4.61 3.45
FUND000035,KR5111450067,CLASS000484,C-F,class_return,1Y,-6.99,2016-11-14,56,[56],detail_return_table_cross_validated,1.0,펀드ClassC-F 펀드ClassC-F 2016-11-14 -6.99 -3.46 -2.32 -1.40 -0.83
FUND000035,KR5111450067,CLASS000484,C-F,class_return,2Y,-3.46,2016-11-14,56,[56],detail_return_table_cross_validated,1.0,펀드ClassC-F 펀드ClassC-F 2016-11-14 -6.99 -3.46 -2.32 -1.40 -0.83
FUND000035,KR5111450067,CLASS000484,C-F,class_return,3Y,-2.32,2016-11-14,56,[56],detail_return_table_cross_validated,1.0,펀드ClassC-F 펀드ClassC-F 2016-11-14 -6.99 -3.46 -2.32 -1.40 -0.83
FUND000035,KR5111450067,CLASS000484,C-F,class_return,5Y,-1.40,2016-11-14,56,[56],detail_return_table_cross_validated,1.0,펀드ClassC-F 펀드ClassC-F 2016-11-14 -6.99 -3.46 -2.32 -1.40 -0.83
FUND000035,KR5111450067,CLASS000484,C-F,class_return,SINCE_INCEPTION,-0.83,2016-11-14,56,[56],detail_return_table_cross_validated,1.0,펀드ClassC-F 펀드ClassC-F 2016-11-14 -6.99 -3.46 -2.32 -1.40 -0.83
FUND000035,KR5111450067,CLASS000486,C-P2,class_return,1Y,-25.66,2017-04-11,56,[56],detail_return_table_cross_validated,1.0,펀드ClassC-P2 펀드ClassC-P2 2017-04-11 -25.66 -8.04 -7.28 4.86 4.59
FUND000035,KR5111450067,CLASS000486,C-P2,class_return,2Y,-8.04,2017-04-11,56,[56],detail_return_table_cross_validated,1.0,펀드ClassC-P2 펀드ClassC-P2 2017-04-11 -25.66 -8.04 -7.28 4.86 4.59
FUND000035,KR5111450067,CLASS000486,C-P2,class_return,3Y,-7.28,2017-04-11,56,[56],detail_return_table_cross_validated,1.0,펀드ClassC-P2 펀드ClassC-P2 2017-04-11 -25.66 -8.04 -7.28 4.86 4.59
FUND000035,KR5111450067,CLASS000486,C-P2,class_return,5Y,4.86,2017-04-11,56,[56],detail_return_table_cross_validated,1.0,펀드ClassC-P2 펀드ClassC-P2 2017-04-11 -25.66 -8.04 -7.28 4.86 4.59
FUND000035,KR5111450067,CLASS000486,C-P2,class_return,SINCE_INCEPTION,4.59,2017-04-11,56,[56],detail_return_table_cross_validated,1.0,펀드ClassC-P2 펀드ClassC-P2 2017-04-11 -25.66 -8.04 -7.28 4.86 4.59
FUND000035,KR5111450067,CLASS000476,A-E,class_return,1Y,-25.48,2017-05-18,56,[56],detail_return_table_cross_validated,1.0,펀드ClassA-E 펀드ClassA-E 2017-05-18 -25.48 -7.82 -7.06 5.11 3.91
FUND000035,KR5111450067,CLASS000476,A-E,class_return,2Y,-7.82,2017-05-18,56,[56],detail_return_table_cross_validated,1.0,펀드ClassA-E 펀드ClassA-E 2017-05-18 -25.48 -7.82 -7.06 5.11 3.91
FUND000035,KR5111450067,CLASS000476,A-E,class_return,3Y,-7.06,2017-05-18,56,[56],detail_return_table_cross_validated,1.0,펀드ClassA-E 펀드ClassA-E 2017-05-18 -25.48 -7.82 -7.06 5.11 3.91
FUND000035,KR5111450067,CLASS000476,A-E,class_return,5Y,5.11,2017-05-18,56,[56],detail_return_table_cross_validated,1.0,펀드ClassA-E 펀드ClassA-E 2017-05-18 -25.48 -7.82 -7.06 5.11 3.91
FUND000035,KR5111450067,CLASS000476,A-E,class_return,SINCE_INCEPTION,3.91,2017-05-18,56,[56],detail_return_table_cross_validated,1.0,펀드ClassA-E 펀드ClassA-E 2017-05-18 -25.48 -7.82 -7.06 5.11 3.91
FUND000035,KR5111450067,CLASS000483,C-E,class_return,1Y,-25.73,2017-05-19,56,[56],detail_return_table_cross_validated,1.0,펀드ClassC-E 펀드ClassC-E 2017-05-19 -25.73 -8.13 -7.36 4.77 3.61
FUND000035,KR5111450067,CLASS000483,C-E,class_return,2Y,-8.13,2017-05-19,56,[56],detail_return_table_cross_validated,1.0,펀드ClassC-E 펀드ClassC-E 2017-05-19 -25.73 -8.13 -7.36 4.77 3.61
FUND000035,KR5111450067,CLASS000483,C-E,class_return,3Y,-7.36,2017-05-19,56,[56],detail_return_table_cross_validated,1.0,펀드ClassC-E 펀드ClassC-E 2017-05-19 -25.73 -8.13 -7.36 4.77 3.61
FUND000035,KR5111450067,CLASS000483,C-E,class_return,5Y,4.77,2017-05-19,56,[56],detail_return_table_cross_validated,1.0,펀드ClassC-E 펀드ClassC-E 2017-05-19 -25.73 -8.13 -7.36 4.77 3.61
FUND000035,KR5111450067,CLASS000483,C-E,class_return,SINCE_INCEPTION,3.61,2017-05-19,56,[56],detail_return_table_cross_validated,1.0,펀드ClassC-E 펀드ClassC-E 2017-05-19 -25.73 -8.13 -7.36 4.77 3.61
FUND000035,KR5111450067,CLASS000485,C-P,class_return,1Y,-25.74,2017-05-22,56,[56],detail_return_table_cross_validated,1.0,펀드ClassC-P 펀드ClassC-P 2017-05-22 -25.74 -8.14 -7.37 4.76 3.67
FUND000035,KR5111450067,CLASS000485,C-P,class_return,2Y,-8.14,2017-05-22,56,[56],detail_return_table_cross_validated,1.0,펀드ClassC-P 펀드ClassC-P 2017-05-22 -25.74 -8.14 -7.37 4.76 3.67
FUND000035,KR5111450067,CLASS000485,C-P,class_return,3Y,-7.37,2017-05-22,56,[56],detail_return_table_cross_validated,1.0,펀드ClassC-P 펀드ClassC-P 2017-05-22 -25.74 -8.14 -7.37 4.76 3.67
FUND000035,KR5111450067,CLASS000485,C-P,class_return,5Y,4.76,2017-05-22,56,[56],detail_return_table_cross_validated,1.0,펀드ClassC-P 펀드ClassC-P 2017-05-22 -25.74 -8.14 -7.37 4.76 3.67
FUND000035,KR5111450067,CLASS000485,C-P,class_return,SINCE_INCEPTION,3.67,2017-05-22,56,[56],detail_return_table_cross_validated,1.0,펀드ClassC-P 펀드ClassC-P 2017-05-22 -25.74 -8.14 -7.37 4.76 3.67
FUND000035,KR5111450067,CLASS000489,AG,class_return,1Y,-25.48,2017-06-27,57,[57],detail_return_table_cross_validated,1.0,펀드ClassAG 펀드ClassAG 2017-06-27 -25.48 -7.82 -7.06 5.11 2.67
FUND000035,KR5111450067,CLASS000489,AG,class_return,2Y,-7.82,2017-06-27,57,[57],detail_return_table_cross_validated,1.0,펀드ClassAG 펀드ClassAG 2017-06-27 -25.48 -7.82 -7.06 5.11 2.67
FUND000035,KR5111450067,CLASS000489,AG,class_return,3Y,-7.06,2017-06-27,57,[57],detail_return_table_cross_validated,1.0,펀드ClassAG 펀드ClassAG 2017-06-27 -25.48 -7.82 -7.06 5.11 2.67
FUND000035,KR5111450067,CLASS000489,AG,class_return,5Y,5.11,2017-06-27,57,[57],detail_return_table_cross_validated,1.0,펀드ClassAG 펀드ClassAG 2017-06-27 -25.48 -7.82 -7.06 5.11 2.67
FUND000035,KR5111450067,CLASS000489,AG,class_return,SINCE_INCEPTION,2.67,2017-06-27,57,[57],detail_return_table_cross_validated,1.0,펀드ClassAG 펀드ClassAG 2017-06-27 -25.48 -7.82 -7.06 5.11 2.67
FUND000035,KR5111450067,CLASS000487,W,class_return,1Y,-25.19,2017-07-18,57,[57],detail_return_table_cross_validated,1.0,펀드ClassW 펀드ClassW 2017-07-18 -25.19 -7.47 -6.71 4.42 2.23
FUND000035,KR5111450067,CLASS000487,W,class_return,2Y,-7.47,2017-07-18,57,[57],detail_return_table_cross_validated,1.0,펀드ClassW 펀드ClassW 2017-07-18 -25.19 -7.47 -6.71 4.42 2.23
FUND000035,KR5111450067,CLASS000487,W,class_return,3Y,-6.71,2017-07-18,57,[57],detail_return_table_cross_validated,1.0,펀드ClassW 펀드ClassW 2017-07-18 -25.19 -7.47 -6.71 4.42 2.23
FUND000035,KR5111450067,CLASS000487,W,class_return,5Y,4.42,2017-07-18,57,[57],detail_return_table_cross_validated,1.0,펀드ClassW 펀드ClassW 2017-07-18 -25.19 -7.47 -6.71 4.42 2.23
FUND000035,KR5111450067,CLASS000487,W,class_return,SINCE_INCEPTION,2.23,2017-07-18,57,[57],detail_return_table_cross_validated,1.0,펀드ClassW 펀드ClassW 2017-07-18 -25.19 -7.47 -6.71 4.42 2.23
FUND000035,KR5111450067,CLASS000490,CG,class_return,1Y,-25.75,2017-11-03,57,[57],detail_return_table_cross_validated,1.0,펀드ClassCG 펀드ClassCG 2017-11-03 -25.75 -8.16 -7.39 4.73 1.36
FUND000035,KR5111450067,CLASS000490,CG,class_return,2Y,-8.16,2017-11-03,57,[57],detail_return_table_cross_validated,1.0,펀드ClassCG 펀드ClassCG 2017-11-03 -25.75 -8.16 -7.39 4.73 1.36
FUND000035,KR5111450067,CLASS000490,CG,class_return,3Y,-7.39,2017-11-03,57,[57],detail_return_table_cross_validated,1.0,펀드ClassCG 펀드ClassCG 2017-11-03 -25.75 -8.16 -7.39 4.73 1.36
FUND000035,KR5111450067,CLASS000490,CG,class_return,5Y,4.73,2017-11-03,57,[57],detail_return_table_cross_validated,1.0,펀드ClassCG 펀드ClassCG 2017-11-03 -25.75 -8.16 -7.39 4.73 1.36
FUND000035,KR5111450067,CLASS000490,CG,class_return,SINCE_INCEPTION,1.36,2017-11-03,57,[57],detail_return_table_cross_validated,1.0,펀드ClassCG 펀드ClassCG 2017-11-03 -25.75 -8.16 -7.39 4.73 1.36
FUND000035,KR5111450067,CLASS000488,S,class_return,1Y,-25.43,2017-11-28,57,[57],detail_return_table_cross_validated,1.0,펀드ClassS 펀드ClassS 2017-11-28 -25.43 -7.76 -7.00 5.18 1.70
FUND000035,KR5111450067,CLASS000488,S,class_return,2Y,-7.76,2017-11-28,57,[57],detail_return_table_cross_validated,1.0,펀드ClassS 펀드ClassS 2017-11-28 -25.43 -7.76 -7.00 5.18 1.70
FUND000035,KR5111450067,CLASS000488,S,class_return,3Y,-7.00,2017-11-28,57,[57],detail_return_table_cross_validated,1.0,펀드ClassS 펀드ClassS 2017-11-28 -25.43 -7.76 -7.00 5.18 1.70
FUND000035,KR5111450067,CLASS000488,S,class_return,5Y,5.18,2017-11-28,57,[57],detail_return_table_cross_validated,1.0,펀드ClassS 펀드ClassS 2017-11-28 -25.43 -7.76 -7.00 5.18 1.70
FUND000035,KR5111450067,CLASS000488,S,class_return,SINCE_INCEPTION,1.70,2017-11-28,57,[57],detail_return_table_cross_validated,1.0,펀드ClassS 펀드ClassS 2017-11-28 -25.43 -7.76 -7.00 5.18 1.70
FUND000035,KR5111450067,CLASS000491,C-PE,class_return,1Y,-25.47,2018-05-29,57,[57],detail_return_table_cross_validated,1.0,펀드ClassC-PE 펀드ClassC-PE 2018-05-29 -25.47 -7.81 -7.04 5.13 2.26
FUND000035,KR5111450067,CLASS000491,C-PE,class_return,2Y,-7.81,2018-05-29,57,[57],detail_return_table_cross_validated,1.0,펀드ClassC-PE 펀드ClassC-PE 2018-05-29 -25.47 -7.81 -7.04 5.13 2.26
FUND000035,KR5111450067,CLASS000491,C-PE,class_return,3Y,-7.04,2018-05-29,57,[57],detail_return_table_cross_validated,1.0,펀드ClassC-PE 펀드ClassC-PE 2018-05-29 -25.47 -7.81 -7.04 5.13 2.26
FUND000035,KR5111450067,CLASS000491,C-PE,class_return,5Y,5.13,2018-05-29,57,[57],detail_return_table_cross_validated,1.0,펀드ClassC-PE 펀드ClassC-PE 2018-05-29 -25.47 -7.81 -7.04 5.13 2.26
FUND000035,KR5111450067,CLASS000491,C-PE,class_return,SINCE_INCEPTION,2.26,2018-05-29,57,[57],detail_return_table_cross_validated,1.0,펀드ClassC-PE 펀드ClassC-PE 2018-05-29 -25.47 -7.81 -7.04 5.13 2.26
FUND000035,KR5111450067,CLASS000492,C-P2E,class_return,1Y,-25.43,2020-02-14,57,[57],detail_return_table_cross_validated,1.0,펀드ClassC-P2E 펀드ClassC-P2E 2020-02-14 -25.43 -7.76 -7.00 5.18 2.22
FUND000035,KR5111450067,CLASS000492,C-P2E,class_return,2Y,-7.76,2020-02-14,57,[57],detail_return_table_cross_validated,1.0,펀드ClassC-P2E 펀드ClassC-P2E 2020-02-14 -25.43 -7.76 -7.00 5.18 2.22
FUND000035,KR5111450067,CLASS000492,C-P2E,class_return,3Y,-7.00,2020-02-14,57,[57],detail_return_table_cross_validated,1.0,펀드ClassC-P2E 펀드ClassC-P2E 2020-02-14 -25.43 -7.76 -7.00 5.18 2.22
FUND000035,KR5111450067,CLASS000492,C-P2E,class_return,5Y,5.18,2020-02-14,57,[57],detail_return_table_cross_validated,1.0,펀드ClassC-P2E 펀드ClassC-P2E 2020-02-14 -25.43 -7.76 -7.00 5.18 2.22
FUND000035,KR5111450067,CLASS000492,C-P2E,class_return,SINCE_INCEPTION,2.22,2020-02-14,57,[57],detail_return_table_cross_validated,1.0,펀드ClassC-P2E 펀드ClassC-P2E 2020-02-14 -25.43 -7.76 -7.00 5.18 2.22
FUND000035,KR5111450067,CLASS000493,S-P2,class_return,1Y,-25.35,2020-06-29,57,[57],detail_return_table_cross_validated,1.0,펀드ClassS-P2 펀드ClassS-P2 2020-06-29 -25.35 -7.66 -6.90 2.15
FUND000035,KR5111450067,CLASS000493,S-P2,class_return,2Y,-7.66,2020-06-29,57,[57],detail_return_table_cross_validated,1.0,펀드ClassS-P2 펀드ClassS-P2 2020-06-29 -25.35 -7.66 -6.90 2.15
FUND000035,KR5111450067,CLASS000493,S-P2,class_return,3Y,-6.90,2020-06-29,57,[57],detail_return_table_cross_validated,1.0,펀드ClassS-P2 펀드ClassS-P2 2020-06-29 -25.35 -7.66 -6.90 2.15
FUND000035,KR5111450067,CLASS000493,S-P2,class_return,SINCE_INCEPTION,2.15,2020-06-29,57,[57],detail_return_table_cross_validated,1.0,펀드ClassS-P2 펀드ClassS-P2 2020-06-29 -25.35 -7.66 -6.90 2.15
FUND000086,KR5113420012,CLASS001014,C,class_return,1Y,5.33,2001-01-31,6,"[6,51]",cell_grid,1.0,수수료미 징구(C) 수수료미 징구(C) 2001.01.31 5.33 4.97 2.75 1.00 2.95
FUND000086,KR5113420012,CLASS001014,C,class_return,2Y,4.97,2001-01-31,6,"[6,51]",cell_grid,1.0,수수료미 징구(C) 수수료미 징구(C) 2001.01.31 5.33 4.97 2.75 1.00 2.95
FUND000086,KR5113420012,CLASS001014,C,class_return,3Y,2.75,2001-01-31,6,"[6,51]",cell_grid,1.0,수수료미 징구(C) 수수료미 징구(C) 2001.01.31 5.33 4.97 2.75 1.00 2.95
FUND000086,KR5113420012,CLASS001014,C,class_return,SINCE_INCEPTION,2.95,2001-01-31,6,"[6,51]",cell_grid,1.0,수수료미 징구(C) 수수료미 징구(C) 2001.01.31 5.33 4.97 2.75 1.00 2.95
FUND000086,KR5113420012,CLASS001014,C,class_return,5Y,1.00,2001-01-31,6,"[6,51]",cell_grid,1.0,수수료미 징구(C) 수수료미 징구(C) 2001.01.31 5.33 4.97 2.75 1.00 2.95
FUND000086,KR5113420012,,,benchmark,1Y,5.43,2001-01-31,6,[6],cell_grid,1.0,비교지수 비교지수 - 5.43 5.18 3.19 1.49 4.00
FUND000086,KR5113420012,,,benchmark,2Y,5.18,2001-01-31,6,[6],cell_grid,1.0,비교지수 비교지수 - 5.43 5.18 3.19 1.49 4.00
FUND000086,KR5113420012,,,benchmark,3Y,3.19,2001-01-31,6,[6],cell_grid,1.0,비교지수 비교지수 - 5.43 5.18 3.19 1.49 4.00
FUND000086,KR5113420012,,,benchmark,SINCE_INCEPTION,4.00,2001-01-31,6,[6],cell_grid,1.0,비교지수 비교지수 - 5.43 5.18 3.19 1.49 4.00
FUND000086,KR5113420012,,,benchmark,5Y,1.49,2001-01-31,6,[6],cell_grid,1.0,비교지수 비교지수 - 5.43 5.18 3.19 1.49 4.00
FUND000086,KR5113420012,,,volatility,1Y,5.91,2001-01-31,6,[6],cell_grid,1.0,수익률 변동성 수익률 변동성 2001.01.31 5.91 5.55 3.32 1.56 3.21
FUND000086,KR5113420012,,,volatility,2Y,5.55,2001-01-31,6,[6],cell_grid,1.0,수익률 변동성 수익률 변동성 2001.01.31 5.91 5.55 3.32 1.56 3.21
FUND000086,KR5113420012,,,volatility,3Y,3.32,2001-01-31,6,[6],cell_grid,1.0,수익률 변동성 수익률 변동성 2001.01.31 5.91 5.55 3.32 1.56 3.21
FUND000086,KR5113420012,,,volatility,SINCE_INCEPTION,3.21,2001-01-31,6,[6],cell_grid,1.0,수익률 변동성 수익률 변동성 2001.01.31 5.91 5.55 3.32 1.56 3.21
FUND000086,KR5113420012,,,volatility,5Y,1.56,2001-01-31,6,[6],cell_grid,1.0,수익률 변동성 수익률 변동성 2001.01.31 5.91 5.55 3.32 1.56 3.21
FUND000086,KR5113420012,CLASS001015,C-e,class_return,1Y,5.54,,51,[51],detail_return_table_cross_validated,1.0,증권전환형투자신탁1 5.54 5.18 2.96 1.20 2.12
FUND000086,KR5113420012,CLASS001015,C-e,class_return,2Y,5.18,,51,[51],detail_return_table_cross_validated,1.0,증권전환형투자신탁1 5.54 5.18 2.96 1.20 2.12
FUND000086,KR5113420012,CLASS001015,C-e,class_return,3Y,2.96,,51,[51],detail_return_table_cross_validated,1.0,증권전환형투자신탁1 5.54 5.18 2.96 1.20 2.12
FUND000086,KR5113420012,CLASS001015,C-e,class_return,5Y,1.20,,51,[51],detail_return_table_cross_validated,1.0,증권전환형투자신탁1 5.54 5.18 2.96 1.20 2.12
FUND000086,KR5113420012,CLASS001015,C-e,class_return,SINCE_INCEPTION,2.12,,51,[51],detail_return_table_cross_validated,1.0,증권전환형투자신탁1 5.54 5.18 2.96 1.20 2.12
FUND000086,KR5113420012,CLASS001016,S-P,class_return,1Y,5.62,,51,[51],detail_return_table_cross_validated,1.0,증권전환형투자신탁1 5.62 5.26 3.03 1.28 2.30
FUND000086,KR5113420012,CLASS001016,S-P,class_return,2Y,5.26,,51,[51],detail_return_table_cross_validated,1.0,증권전환형투자신탁1 5.62 5.26 3.03 1.28 2.30
FUND000086,KR5113420012,CLASS001016,S-P,class_return,3Y,3.03,,51,[51],detail_return_table_cross_validated,1.0,증권전환형투자신탁1 5.62 5.26 3.03 1.28 2.30
FUND000086,KR5113420012,CLASS001016,S-P,class_return,5Y,1.28,,51,[51],detail_return_table_cross_validated,1.0,증권전환형투자신탁1 5.62 5.26 3.03 1.28 2.30
FUND000086,KR5113420012,CLASS001016,S-P,class_return,SINCE_INCEPTION,2.30,,51,[51],detail_return_table_cross_validated,1.0,증권전환형투자신탁1 5.62 5.26 3.03 1.28 2.30
FUND000087,KR5113420013,CLASS001017,C,class_return,1Y,5.17,2001-01-31,6,"[6,57]",cell_grid,1.0,수수료미 징구(C) 수수료미 징구(C) 2001.01.31 5.17 4.90 2.83 1.11 3.06
FUND000087,KR5113420013,CLASS001017,C,class_return,2Y,4.90,2001-01-31,6,"[6,57]",cell_grid,1.0,수수료미 징구(C) 수수료미 징구(C) 2001.01.31 5.17 4.90 2.83 1.11 3.06
FUND000087,KR5113420013,CLASS001017,C,class_return,3Y,2.83,2001-01-31,6,"[6,57]",cell_grid,1.0,수수료미 징구(C) 수수료미 징구(C) 2001.01.31 5.17 4.90 2.83 1.11 3.06
FUND000087,KR5113420013,CLASS001017,C,class_return,SINCE_INCEPTION,3.06,2001-01-31,6,"[6,57]",cell_grid,1.0,수수료미 징구(C) 수수료미 징구(C) 2001.01.31 5.17 4.90 2.83 1.11 3.06
FUND000087,KR5113420013,CLASS001017,C,class_return,5Y,1.11,2001-01-31,6,"[6,57]",cell_grid,1.0,수수료미 징구(C) 수수료미 징구(C) 2001.01.31 5.17 4.90 2.83 1.11 3.06
FUND000087,KR5113420013,,,benchmark,1Y,5.37,2001-01-31,6,[6],cell_grid,1.0,비교지수 비교지수 - 5.37 5.22 3.37 1.65 4.07
FUND000087,KR5113420013,,,benchmark,2Y,5.22,2001-01-31,6,[6],cell_grid,1.0,비교지수 비교지수 - 5.37 5.22 3.37 1.65 4.07
FUND000087,KR5113420013,,,benchmark,3Y,3.37,2001-01-31,6,[6],cell_grid,1.0,비교지수 비교지수 - 5.37 5.22 3.37 1.65 4.07
FUND000087,KR5113420013,,,benchmark,SINCE_INCEPTION,4.07,2001-01-31,6,[6],cell_grid,1.0,비교지수 비교지수 - 5.37 5.22 3.37 1.65 4.07
FUND000087,KR5113420013,,,benchmark,5Y,1.65,2001-01-31,6,[6],cell_grid,1.0,비교지수 비교지수 - 5.37 5.22 3.37 1.65 4.07
FUND000087,KR5113420013,,,volatility,1Y,5.74,2001-01-31,6,[6],cell_grid,1.0,수익률 변동성 수익률 변동성 2001.01.31 5.74 5.47 3.39 1.66 3.32
FUND000087,KR5113420013,,,volatility,2Y,5.47,2001-01-31,6,[6],cell_grid,1.0,수익률 변동성 수익률 변동성 2001.01.31 5.74 5.47 3.39 1.66 3.32
FUND000087,KR5113420013,,,volatility,3Y,3.39,2001-01-31,6,[6],cell_grid,1.0,수익률 변동성 수익률 변동성 2001.01.31 5.74 5.47 3.39 1.66 3.32
FUND000087,KR5113420013,,,volatility,SINCE_INCEPTION,3.32,2001-01-31,6,[6],cell_grid,1.0,수익률 변동성 수익률 변동성 2001.01.31 5.74 5.47 3.39 1.66 3.32
FUND000087,KR5113420013,,,volatility,5Y,1.66,2001-01-31,6,[6],cell_grid,1.0,수익률 변동성 수익률 변동성 2001.01.31 5.74 5.47 3.39 1.66 3.32
FUND000087,KR5113420013,CLASS001018,C-e,class_return,1Y,5.37,,57,[57],detail_return_table_cross_validated,1.0,증권전환형자투자신탁 5.37 5.10 3.03 1.31 1.65
FUND000087,KR5113420013,CLASS001018,C-e,class_return,2Y,5.10,,57,[57],detail_return_table_cross_validated,1.0,증권전환형자투자신탁 5.37 5.10 3.03 1.31 1.65
FUND000087,KR5113420013,CLASS001018,C-e,class_return,3Y,3.03,,57,[57],detail_return_table_cross_validated,1.0,증권전환형자투자신탁 5.37 5.10 3.03 1.31 1.65
FUND000087,KR5113420013,CLASS001018,C-e,class_return,5Y,1.31,,57,[57],detail_return_table_cross_validated,1.0,증권전환형자투자신탁 5.37 5.10 3.03 1.31 1.65
FUND000087,KR5113420013,CLASS001018,C-e,class_return,SINCE_INCEPTION,1.65,,57,[57],detail_return_table_cross_validated,1.0,증권전환형자투자신탁 5.37 5.10 3.03 1.31 1.65
FUND000087,KR5113420013,CLASS001023,S-P,class_return,1Y,5.45,,57,[57],detail_return_table_cross_validated,1.0,증권전환형자투자신탁 5.45 5.19 3.11 1.38 2.42
FUND000087,KR5113420013,CLASS001023,S-P,class_return,2Y,5.19,,57,[57],detail_return_table_cross_validated,1.0,증권전환형자투자신탁 5.45 5.19 3.11 1.38 2.42
FUND000087,KR5113420013,CLASS001023,S-P,class_return,3Y,3.11,,57,[57],detail_return_table_cross_validated,1.0,증권전환형자투자신탁 5.45 5.19 3.11 1.38 2.42
FUND000087,KR5113420013,CLASS001023,S-P,class_return,5Y,1.38,,57,[57],detail_return_table_cross_validated,1.0,증권전환형자투자신탁 5.45 5.19 3.11 1.38 2.42
FUND000087,KR5113420013,CLASS001023,S-P,class_return,SINCE_INCEPTION,2.42,,57,[57],detail_return_table_cross_validated,1.0,증권전환형자투자신탁 5.45 5.19 3.11 1.38 2.42
FUND000087,KR5113420015,CLASS001017,C,class_return,1Y,5.17,2001-01-31,6,"[6,57]",cell_grid,1.0,수수료미 징구(C) 수수료미 징구(C) 2001.01.31 5.17 4.90 2.83 1.11 3.06
FUND000087,KR5113420015,CLASS001017,C,class_return,2Y,4.90,2001-01-31,6,"[6,57]",cell_grid,1.0,수수료미 징구(C) 수수료미 징구(C) 2001.01.31 5.17 4.90 2.83 1.11 3.06
FUND000087,KR5113420015,CLASS001017,C,class_return,3Y,2.83,2001-01-31,6,"[6,57]",cell_grid,1.0,수수료미 징구(C) 수수료미 징구(C) 2001.01.31 5.17 4.90 2.83 1.11 3.06
FUND000087,KR5113420015,CLASS001017,C,class_return,SINCE_INCEPTION,3.06,2001-01-31,6,"[6,57]",cell_grid,1.0,수수료미 징구(C) 수수료미 징구(C) 2001.01.31 5.17 4.90 2.83 1.11 3.06
FUND000087,KR5113420015,CLASS001017,C,class_return,5Y,1.11,2001-01-31,6,"[6,57]",cell_grid,1.0,수수료미 징구(C) 수수료미 징구(C) 2001.01.31 5.17 4.90 2.83 1.11 3.06
FUND000087,KR5113420015,,,benchmark,1Y,5.37,2001-01-31,6,[6],cell_grid,1.0,비교지수 비교지수 - 5.37 5.22 3.37 1.65 4.07
FUND000087,KR5113420015,,,benchmark,2Y,5.22,2001-01-31,6,[6],cell_grid,1.0,비교지수 비교지수 - 5.37 5.22 3.37 1.65 4.07
FUND000087,KR5113420015,,,benchmark,3Y,3.37,2001-01-31,6,[6],cell_grid,1.0,비교지수 비교지수 - 5.37 5.22 3.37 1.65 4.07
FUND000087,KR5113420015,,,benchmark,SINCE_INCEPTION,4.07,2001-01-31,6,[6],cell_grid,1.0,비교지수 비교지수 - 5.37 5.22 3.37 1.65 4.07
FUND000087,KR5113420015,,,benchmark,5Y,1.65,2001-01-31,6,[6],cell_grid,1.0,비교지수 비교지수 - 5.37 5.22 3.37 1.65 4.07
FUND000087,KR5113420015,,,volatility,1Y,5.74,2001-01-31,6,[6],cell_grid,1.0,수익률 변동성 수익률 변동성 2001.01.31 5.74 5.47 3.39 1.66 3.32
FUND000087,KR5113420015,,,volatility,2Y,5.47,2001-01-31,6,[6],cell_grid,1.0,수익률 변동성 수익률 변동성 2001.01.31 5.74 5.47 3.39 1.66 3.32
FUND000087,KR5113420015,,,volatility,3Y,3.39,2001-01-31,6,[6],cell_grid,1.0,수익률 변동성 수익률 변동성 2001.01.31 5.74 5.47 3.39 1.66 3.32
FUND000087,KR5113420015,,,volatility,SINCE_INCEPTION,3.32,2001-01-31,6,[6],cell_grid,1.0,수익률 변동성 수익률 변동성 2001.01.31 5.74 5.47 3.39 1.66 3.32
FUND000087,KR5113420015,,,volatility,5Y,1.66,2001-01-31,6,[6],cell_grid,1.0,수익률 변동성 수익률 변동성 2001.01.31 5.74 5.47 3.39 1.66 3.32
FUND000087,KR5113420015,CLASS001018,C-e,class_return,1Y,5.37,,57,[57],detail_return_table_cross_validated,1.0,증권전환형자투자신탁 5.37 5.10 3.03 1.31 1.65
FUND000087,KR5113420015,CLASS001018,C-e,class_return,2Y,5.10,,57,[57],detail_return_table_cross_validated,1.0,증권전환형자투자신탁 5.37 5.10 3.03 1.31 1.65
FUND000087,KR5113420015,CLASS001018,C-e,class_return,3Y,3.03,,57,[57],detail_return_table_cross_validated,1.0,증권전환형자투자신탁 5.37 5.10 3.03 1.31 1.65
FUND000087,KR5113420015,CLASS001018,C-e,class_return,5Y,1.31,,57,[57],detail_return_table_cross_validated,1.0,증권전환형자투자신탁 5.37 5.10 3.03 1.31 1.65
FUND000087,KR5113420015,CLASS001018,C-e,class_return,SINCE_INCEPTION,1.65,,57,[57],detail_return_table_cross_validated,1.0,증권전환형자투자신탁 5.37 5.10 3.03 1.31 1.65
FUND000087,KR5113420015,CLASS001023,S-P,class_return,1Y,5.45,,57,[57],detail_return_table_cross_validated,1.0,증권전환형자투자신탁 5.45 5.19 3.11 1.38 2.42
FUND000087,KR5113420015,CLASS001023,S-P,class_return,2Y,5.19,,57,[57],detail_return_table_cross_validated,1.0,증권전환형자투자신탁 5.45 5.19 3.11 1.38 2.42
FUND000087,KR5113420015,CLASS001023,S-P,class_return,3Y,3.11,,57,[57],detail_return_table_cross_validated,1.0,증권전환형자투자신탁 5.45 5.19 3.11 1.38 2.42
FUND000087,KR5113420015,CLASS001023,S-P,class_return,5Y,1.38,,57,[57],detail_return_table_cross_validated,1.0,증권전환형자투자신탁 5.45 5.19 3.11 1.38 2.42
FUND000087,KR5113420015,CLASS001023,S-P,class_return,SINCE_INCEPTION,2.42,,57,[57],detail_return_table_cross_validated,1.0,증권전환형자투자신탁 5.45 5.19 3.11 1.38 2.42
FUND000088,KR5113420069,CLASS001028,C,class_return,SINCE_INCEPTION,3.49,2008-11-03,7,"[7,62]",cell_grid,1.0,수수료미 징구 (C) 수수료미 징구 (C) 2008.11.03 3.33 5.15 6.22 3.50 3.49
FUND000088,KR5113420069,CLASS001028,C,class_return,1Y,3.33,2008-11-03,7,"[7,62]",cell_grid,1.0,수수료미 징구 (C) 수수료미 징구 (C) 2008.11.03 3.33 5.15 6.22 3.50 3.49
FUND000088,KR5113420069,CLASS001028,C,class_return,5Y,3.50,2008-11-03,7,"[7,62]",cell_grid,1.0,수수료미 징구 (C) 수수료미 징구 (C) 2008.11.03 3.33 5.15 6.22 3.50 3.49
FUND000088,KR5113420069,CLASS001028,C,class_return,3Y,6.22,2008-11-03,7,"[7,62]",cell_grid,1.0,수수료미 징구 (C) 수수료미 징구 (C) 2008.11.03 3.33 5.15 6.22 3.50 3.49
FUND000088,KR5113420069,CLASS001028,C,class_return,2Y,5.15,2008-11-03,7,"[7,62]",cell_grid,1.0,수수료미 징구 (C) 수수료미 징구 (C) 2008.11.03 3.33 5.15 6.22 3.50 3.49
FUND000088,KR5113420069,,,benchmark,SINCE_INCEPTION,3.42,2008-11-03,7,[7],cell_grid,1.0,비교지수 비교지수 - 2.66 3.47 3.80 2.46 3.42
FUND000088,KR5113420069,,,benchmark,1Y,2.66,2008-11-03,7,[7],cell_grid,1.0,비교지수 비교지수 - 2.66 3.47 3.80 2.46 3.42
FUND000088,KR5113420069,,,benchmark,5Y,2.46,2008-11-03,7,[7],cell_grid,1.0,비교지수 비교지수 - 2.66 3.47 3.80 2.46 3.42
FUND000088,KR5113420069,,,benchmark,3Y,3.80,2008-11-03,7,[7],cell_grid,1.0,비교지수 비교지수 - 2.66 3.47 3.80 2.46 3.42
FUND000088,KR5113420069,,,benchmark,2Y,3.47,2008-11-03,7,[7],cell_grid,1.0,비교지수 비교지수 - 2.66 3.47 3.80 2.46 3.42
FUND000088,KR5113420069,,,volatility,SINCE_INCEPTION,3.91,2008-11-03,7,[7],cell_grid,1.0,수익률 변동성 수익률 변동성 2008.11.03 3.76 5.59 6.66 3.93 3.91
FUND000088,KR5113420069,,,volatility,1Y,3.76,2008-11-03,7,[7],cell_grid,1.0,수익률 변동성 수익률 변동성 2008.11.03 3.76 5.59 6.66 3.93 3.91
FUND000088,KR5113420069,,,volatility,5Y,3.93,2008-11-03,7,[7],cell_grid,1.0,수익률 변동성 수익률 변동성 2008.11.03 3.76 5.59 6.66 3.93 3.91
FUND000088,KR5113420069,,,volatility,3Y,6.66,2008-11-03,7,[7],cell_grid,1.0,수익률 변동성 수익률 변동성 2008.11.03 3.76 5.59 6.66 3.93 3.91
FUND000088,KR5113420069,,,volatility,2Y,5.59,2008-11-03,7,[7],cell_grid,1.0,수익률 변동성 수익률 변동성 2008.11.03 3.76 5.59 6.66 3.93 3.91
FUND000088,KR5113420069,CLASS001030,C-F,class_return,1Y,3.54,,61,[61],detail_return_table_cross_validated,1.0,3.54 5.36 6.43 3.71 3.18
FUND000088,KR5113420069,CLASS001030,C-F,class_return,2Y,5.36,,61,[61],detail_return_table_cross_validated,1.0,3.54 5.36 6.43 3.71 3.18
FUND000088,KR5113420069,CLASS001030,C-F,class_return,3Y,6.43,,61,[61],detail_return_table_cross_validated,1.0,3.54 5.36 6.43 3.71 3.18
FUND000088,KR5113420069,CLASS001030,C-F,class_return,5Y,3.71,,61,[61],detail_return_table_cross_validated,1.0,3.54 5.36 6.43 3.71 3.18
FUND000088,KR5113420069,CLASS001030,C-F,class_return,SINCE_INCEPTION,3.18,,61,[61],detail_return_table_cross_validated,1.0,3.54 5.36 6.43 3.71 3.18
FUND000088,KR5113420069,CLASS001026,A-e,class_return,1Y,3.46,,61,[61],detail_return_table_cross_validated,1.0,3.46 5.29 6.35 3.63 3.32
FUND000088,KR5113420069,CLASS001026,A-e,class_return,2Y,5.29,,61,[61],detail_return_table_cross_validated,1.0,3.46 5.29 6.35 3.63 3.32
FUND000088,KR5113420069,CLASS001026,A-e,class_return,3Y,6.35,,61,[61],detail_return_table_cross_validated,1.0,3.46 5.29 6.35 3.63 3.32
FUND000088,KR5113420069,CLASS001026,A-e,class_return,5Y,3.63,,61,[61],detail_return_table_cross_validated,1.0,3.46 5.29 6.35 3.63 3.32
FUND000088,KR5113420069,CLASS001026,A-e,class_return,SINCE_INCEPTION,3.32,,61,[61],detail_return_table_cross_validated,1.0,3.46 5.29 6.35 3.63 3.32
FUND000088,KR5113420069,CLASS001034,C-R,class_return,1Y,3.34,,61,[61],detail_return_table_cross_validated,1.0,3.34 5.17 6.23 3.51 3.21
FUND000088,KR5113420069,CLASS001034,C-R,class_return,2Y,5.17,,61,[61],detail_return_table_cross_validated,1.0,3.34 5.17 6.23 3.51 3.21
FUND000088,KR5113420069,CLASS001034,C-R,class_return,3Y,6.23,,61,[61],detail_return_table_cross_validated,1.0,3.34 5.17 6.23 3.51 3.21
FUND000088,KR5113420069,CLASS001034,C-R,class_return,5Y,3.51,,61,[61],detail_return_table_cross_validated,1.0,3.34 5.17 6.23 3.51 3.21
FUND000088,KR5113420069,CLASS001034,C-R,class_return,SINCE_INCEPTION,3.21,,61,[61],detail_return_table_cross_validated,1.0,3.34 5.17 6.23 3.51 3.21
FUND000088,KR5113420069,CLASS001036,C-W,class_return,1Y,3.57,,61,[61],detail_return_table_cross_validated,1.0,3.57 5.40 6.47 3.74 3.43
FUND000088,KR5113420069,CLASS001036,C-W,class_return,2Y,5.40,,61,[61],detail_return_table_cross_validated,1.0,3.57 5.40 6.47 3.74 3.43
FUND000088,KR5113420069,CLASS001036,C-W,class_return,3Y,6.47,,61,[61],detail_return_table_cross_validated,1.0,3.57 5.40 6.47 3.74 3.43
FUND000088,KR5113420069,CLASS001036,C-W,class_return,5Y,3.74,,61,[61],detail_return_table_cross_validated,1.0,3.57 5.40 6.47 3.74 3.43
FUND000088,KR5113420069,CLASS001036,C-W,class_return,SINCE_INCEPTION,3.43,,61,[61],detail_return_table_cross_validated,1.0,3.57 5.40 6.47 3.74 3.43
FUND000088,KR5113420069,CLASS001035,C-Re,class_return,1Y,3.45,,61,[61],detail_return_table_cross_validated,1.0,3.45 5.28 6.35 3.62 3.30
FUND000088,KR5113420069,CLASS001035,C-Re,class_return,2Y,5.28,,61,[61],detail_return_table_cross_validated,1.0,3.45 5.28 6.35 3.62 3.30
FUND000088,KR5113420069,CLASS001035,C-Re,class_return,3Y,6.35,,61,[61],detail_return_table_cross_validated,1.0,3.45 5.28 6.35 3.62 3.30
FUND000088,KR5113420069,CLASS001035,C-Re,class_return,5Y,3.62,,61,[61],detail_return_table_cross_validated,1.0,3.45 5.28 6.35 3.62 3.30
FUND000088,KR5113420069,CLASS001035,C-Re,class_return,SINCE_INCEPTION,3.30,,61,[61],detail_return_table_cross_validated,1.0,3.45 5.28 6.35 3.62 3.30
FUND000088,KR5113420069,CLASS001038,S-P,class_return,1Y,3.47,,61,[61],detail_return_table_cross_validated,1.0,3.47 5.30 6.37 3.64 3.34
FUND000088,KR5113420069,CLASS001038,S-P,class_return,2Y,5.30,,61,[61],detail_return_table_cross_validated,1.0,3.47 5.30 6.37 3.64 3.34
FUND000088,KR5113420069,CLASS001038,S-P,class_return,3Y,6.37,,61,[61],detail_return_table_cross_validated,1.0,3.47 5.30 6.37 3.64 3.34
FUND000088,KR5113420069,CLASS001038,S-P,class_return,5Y,3.64,,61,[61],detail_return_table_cross_validated,1.0,3.47 5.30 6.37 3.64 3.34
FUND000088,KR5113420069,CLASS001038,S-P,class_return,SINCE_INCEPTION,3.34,,61,[61],detail_return_table_cross_validated,1.0,3.47 5.30 6.37 3.64 3.34
FUND000088,KR5113420069,CLASS001032,C-P,class_return,1Y,3.34,,61,[61],detail_return_table_cross_validated,1.0,3.34 5.16 6.23 3.51 3.20
FUND000088,KR5113420069,CLASS001032,C-P,class_return,2Y,5.16,,61,[61],detail_return_table_cross_validated,1.0,3.34 5.16 6.23 3.51 3.20
FUND000088,KR5113420069,CLASS001032,C-P,class_return,3Y,6.23,,61,[61],detail_return_table_cross_validated,1.0,3.34 5.16 6.23 3.51 3.20
FUND000088,KR5113420069,CLASS001032,C-P,class_return,5Y,3.51,,61,[61],detail_return_table_cross_validated,1.0,3.34 5.16 6.23 3.51 3.20
FUND000088,KR5113420069,CLASS001032,C-P,class_return,SINCE_INCEPTION,3.20,,61,[61],detail_return_table_cross_validated,1.0,3.34 5.16 6.23 3.51 3.20
FUND000088,KR5113420069,CLASS001033,C-Pe,class_return,1Y,3.45,,61,[61],detail_return_table_cross_validated,1.0,3.45 5.28 6.35 3.62 3.32
FUND000088,KR5113420069,CLASS001033,C-Pe,class_return,2Y,5.28,,61,[61],detail_return_table_cross_validated,1.0,3.45 5.28 6.35 3.62 3.32
FUND000088,KR5113420069,CLASS001033,C-Pe,class_return,3Y,6.35,,61,[61],detail_return_table_cross_validated,1.0,3.45 5.28 6.35 3.62 3.32
FUND000088,KR5113420069,CLASS001033,C-Pe,class_return,5Y,3.62,,61,[61],detail_return_table_cross_validated,1.0,3.45 5.28 6.35 3.62 3.32
FUND000088,KR5113420069,CLASS001033,C-Pe,class_return,SINCE_INCEPTION,3.32,,61,[61],detail_return_table_cross_validated,1.0,3.45 5.28 6.35 3.62 3.32
FUND000088,KR5113420069,CLASS001039,S-R,class_return,1Y,3.48,,61,[61],detail_return_table_cross_validated,1.0,3.48 5.31 6.38 3.66 3.46
FUND000088,KR5113420069,CLASS001039,S-R,class_return,2Y,5.31,,61,[61],detail_return_table_cross_validated,1.0,3.48 5.31 6.38 3.66 3.46
FUND000088,KR5113420069,CLASS001039,S-R,class_return,3Y,6.38,,61,[61],detail_return_table_cross_validated,1.0,3.48 5.31 6.38 3.66 3.46
FUND000088,KR5113420069,CLASS001039,S-R,class_return,5Y,3.66,,61,[61],detail_return_table_cross_validated,1.0,3.48 5.31 6.38 3.66 3.46
FUND000088,KR5113420069,CLASS001039,S-R,class_return,SINCE_INCEPTION,3.46,,61,[61],detail_return_table_cross_validated,1.0,3.48 5.31 6.38 3.66 3.46
FUND000088,KR5113420069,CLASS001037,S,class_return,1Y,3.46,,61,[61],detail_return_table_cross_validated,1.0,3.46 5.29 6.36 3.63 3.04
FUND000088,KR5113420069,CLASS001037,S,class_return,2Y,5.29,,61,[61],detail_return_table_cross_validated,1.0,3.46 5.29 6.36 3.63 3.04
FUND000088,KR5113420069,CLASS001037,S,class_return,3Y,6.36,,61,[61],detail_return_table_cross_validated,1.0,3.46 5.29 6.36 3.63 3.04
FUND000088,KR5113420069,CLASS001037,S,class_return,5Y,3.63,,61,[61],detail_return_table_cross_validated,1.0,3.46 5.29 6.36 3.63 3.04
FUND000088,KR5113420069,CLASS001037,S,class_return,SINCE_INCEPTION,3.04,,61,[61],detail_return_table_cross_validated,1.0,3.46 5.29 6.36 3.63 3.04
FUND000088,KR5113420069,CLASS001025,A1,class_return,1Y,3.43,,61,[61],detail_return_table_cross_validated,1.0,3.43 5.26 - - 5.29
FUND000088,KR5113420069,CLASS001025,A1,class_return,2Y,5.26,,61,[61],detail_return_table_cross_validated,1.0,3.43 5.26 - - 5.29
FUND000088,KR5113420069,CLASS001025,A1,class_return,3Y,-,,61,[61],detail_return_table_cross_validated,1.0,3.43 5.26 - - 5.29
FUND000088,KR5113420069,CLASS001025,A1,class_return,5Y,-,,61,[61],detail_return_table_cross_validated,1.0,3.43 5.26 - - 5.29
FUND000088,KR5113420069,CLASS001025,A1,class_return,SINCE_INCEPTION,5.29,,61,[61],detail_return_table_cross_validated,1.0,3.43 5.26 - - 5.29
FUND000088,KR5113420069,CLASS001024,A,class_return,1Y,3.35,,61,[61],detail_return_table_cross_validated,0.5,수수료선취-오프라인 3.35 5.17 6.24 3.52 3.51
FUND000088,KR5113420069,CLASS001024,A,class_return,2Y,5.17,,61,[61],detail_return_table_cross_validated,0.5,수수료선취-오프라인 3.35 5.17 6.24 3.52 3.51
FUND000088,KR5113420069,CLASS001024,A,class_return,3Y,6.24,,61,[61],detail_return_table_cross_validated,0.5,수수료선취-오프라인 3.35 5.17 6.24 3.52 3.51
FUND000088,KR5113420069,CLASS001024,A,class_return,5Y,3.52,,61,[61],detail_return_table_cross_validated,0.5,수수료선취-오프라인 3.35 5.17 6.24 3.52 3.51
FUND000088,KR5113420069,CLASS001024,A,class_return,SINCE_INCEPTION,3.51,,61,[61],detail_return_table_cross_validated,0.5,수수료선취-오프라인 3.35 5.17 6.24 3.52 3.51
FUND000088,KR5113420069,CLASS001029,C-e,class_return,1Y,3.41,,62,[62],detail_return_table_cross_validated,1.0,3.41 5.24 6.31 3.58 3.55
FUND000088,KR5113420069,CLASS001029,C-e,class_return,2Y,5.24,,62,[62],detail_return_table_cross_validated,1.0,3.41 5.24 6.31 3.58 3.55
FUND000088,KR5113420069,CLASS001029,C-e,class_return,3Y,6.31,,62,[62],detail_return_table_cross_validated,1.0,3.41 5.24 6.31 3.58 3.55
FUND000088,KR5113420069,CLASS001029,C-e,class_return,5Y,3.58,,62,[62],detail_return_table_cross_validated,1.0,3.41 5.24 6.31 3.58 3.55
FUND000088,KR5113420069,CLASS001029,C-e,class_return,SINCE_INCEPTION,3.55,,62,[62],detail_return_table_cross_validated,1.0,3.41 5.24 6.31 3.58 3.55
FUND000089,KR5113450111,CLASS001040,C,class_return,1Y,-3.19,2001-01-31,6,"[6,52]",cell_grid,1.0,수수료미 징구(C) 수수료미 징구(C) 2001.01.31 -3.19 4.89 0.23 7.08 7.22
FUND000089,KR5113450111,CLASS001040,C,class_return,2Y,4.89,2001-01-31,6,"[6,52]",cell_grid,1.0,수수료미 징구(C) 수수료미 징구(C) 2001.01.31 -3.19 4.89 0.23 7.08 7.22
FUND000089,KR5113450111,CLASS001040,C,class_return,3Y,0.23,2001-01-31,6,"[6,52]",cell_grid,1.0,수수료미 징구(C) 수수료미 징구(C) 2001.01.31 -3.19 4.89 0.23 7.08 7.22
FUND000089,KR5113450111,CLASS001040,C,class_return,SINCE_INCEPTION,7.22,2001-01-31,6,"[6,52]",cell_grid,1.0,수수료미 징구(C) 수수료미 징구(C) 2001.01.31 -3.19 4.89 0.23 7.08 7.22
FUND000089,KR5113450111,CLASS001040,C,class_return,5Y,7.08,2001-01-31,6,"[6,52]",cell_grid,1.0,수수료미 징구(C) 수수료미 징구(C) 2001.01.31 -3.19 4.89 0.23 7.08 7.22
FUND000089,KR5113450111,,,benchmark,1Y,-3.14,2001-01-31,6,[6],cell_grid,1.0,비교지수 비교지수 - -3.14 2.82 -1.13 4.85 6.06
FUND000089,KR5113450111,,,benchmark,2Y,2.82,2001-01-31,6,[6],cell_grid,1.0,비교지수 비교지수 - -3.14 2.82 -1.13 4.85 6.06
FUND000089,KR5113450111,,,benchmark,3Y,-1.13,2001-01-31,6,[6],cell_grid,1.0,비교지수 비교지수 - -3.14 2.82 -1.13 4.85 6.06
FUND000089,KR5113450111,,,benchmark,SINCE_INCEPTION,6.06,2001-01-31,6,[6],cell_grid,1.0,비교지수 비교지수 - -3.14 2.82 -1.13 4.85 6.06
FUND000089,KR5113450111,,,benchmark,5Y,4.85,2001-01-31,6,[6],cell_grid,1.0,비교지수 비교지수 - -3.14 2.82 -1.13 4.85 6.06
FUND000089,KR5113450111,,,volatility,1Y,-2.04,2001-01-31,6,[6],cell_grid,1.0,수익률 변동성 수익률 변동성 2001.01.31 -2.04 6.14 1.42 8.35 7.80
FUND000089,KR5113450111,,,volatility,2Y,6.14,2001-01-31,6,[6],cell_grid,1.0,수익률 변동성 수익률 변동성 2001.01.31 -2.04 6.14 1.42 8.35 7.80
FUND000089,KR5113450111,,,volatility,3Y,1.42,2001-01-31,6,[6],cell_grid,1.0,수익률 변동성 수익률 변동성 2001.01.31 -2.04 6.14 1.42 8.35 7.80
FUND000089,KR5113450111,,,volatility,SINCE_INCEPTION,7.80,2001-01-31,6,[6],cell_grid,1.0,수익률 변동성 수익률 변동성 2001.01.31 -2.04 6.14 1.42 8.35 7.80
FUND000089,KR5113450111,,,volatility,5Y,8.35,2001-01-31,6,[6],cell_grid,1.0,수익률 변동성 수익률 변동성 2001.01.31 -2.04 6.14 1.42 8.35 7.80
FUND000089,KR5113450111,CLASS001042,S-P,class_return,1Y,-2.54,,52,[52],detail_return_table_cross_validated,1.0,증권전환형투자신탁1 -2.54 5.60 0.90 7.80 4.55
FUND000089,KR5113450111,CLASS001042,S-P,class_return,2Y,5.60,,52,[52],detail_return_table_cross_validated,1.0,증권전환형투자신탁1 -2.54 5.60 0.90 7.80 4.55
FUND000089,KR5113450111,CLASS001042,S-P,class_return,3Y,0.90,,52,[52],detail_return_table_cross_validated,1.0,증권전환형투자신탁1 -2.54 5.60 0.90 7.80 4.55
FUND000089,KR5113450111,CLASS001042,S-P,class_return,5Y,7.80,,52,[52],detail_return_table_cross_validated,1.0,증권전환형투자신탁1 -2.54 5.60 0.90 7.80 4.55
FUND000089,KR5113450111,CLASS001042,S-P,class_return,SINCE_INCEPTION,4.55,,52,[52],detail_return_table_cross_validated,1.0,증권전환형투자신탁1 -2.54 5.60 0.90 7.80 4.55
FUND000089,KR5113450111,CLASS001041,C-e,class_return,1Y,-2.73,,52,[52],detail_return_table_cross_validated,1.0,증권전환형투자신탁1 -2.73 5.39 0.71 7.59 3.40
FUND000089,KR5113450111,CLASS001041,C-e,class_return,2Y,5.39,,52,[52],detail_return_table_cross_validated,1.0,증권전환형투자신탁1 -2.73 5.39 0.71 7.59 3.40
FUND000089,KR5113450111,CLASS001041,C-e,class_return,3Y,0.71,,52,[52],detail_return_table_cross_validated,1.0,증권전환형투자신탁1 -2.73 5.39 0.71 7.59 3.40
FUND000089,KR5113450111,CLASS001041,C-e,class_return,5Y,7.59,,52,[52],detail_return_table_cross_validated,1.0,증권전환형투자신탁1 -2.73 5.39 0.71 7.59 3.40
FUND000089,KR5113450111,CLASS001041,C-e,class_return,SINCE_INCEPTION,3.40,,52,[52],detail_return_table_cross_validated,1.0,증권전환형투자신탁1 -2.73 5.39 0.71 7.59 3.40
FUND000090,KR5113450401,CLASS001047,C,class_return,1Y,27.37,2007-07-23,7,"[7,61]",cell_grid,1.0,수수료 미징구 (C) 수수료 미징구 (C) 2007.07.23 27.37 20.23 14.37 12.88 6.63
FUND000090,KR5113450401,CLASS001047,C,class_return,SINCE_INCEPTION,6.63,2007-07-23,7,"[7,61]",cell_grid,1.0,수수료 미징구 (C) 수수료 미징구 (C) 2007.07.23 27.37 20.23 14.37 12.88 6.63
FUND000090,KR5113450401,CLASS001047,C,class_return,2Y,20.23,2007-07-23,7,"[7,61]",cell_grid,1.0,수수료 미징구 (C) 수수료 미징구 (C) 2007.07.23 27.37 20.23 14.37 12.88 6.63
FUND000090,KR5113450401,CLASS001047,C,class_return,5Y,12.88,2007-07-23,7,"[7,61]",cell_grid,1.0,수수료 미징구 (C) 수수료 미징구 (C) 2007.07.23 27.37 20.23 14.37 12.88 6.63
FUND000090,KR5113450401,CLASS001047,C,class_return,3Y,14.37,2007-07-23,7,"[7,61]",cell_grid,1.0,수수료 미징구 (C) 수수료 미징구 (C) 2007.07.23 27.37 20.23 14.37 12.88 6.63
FUND000090,KR5113450401,,,benchmark,1Y,15.91,2007-07-23,7,[7],cell_grid,1.0,비교지수 비교지수 - 15.91 8.00 5.42 6.32 2.22
FUND000090,KR5113450401,,,benchmark,SINCE_INCEPTION,2.22,2007-07-23,7,[7],cell_grid,1.0,비교지수 비교지수 - 15.91 8.00 5.42 6.32 2.22
FUND000090,KR5113450401,,,benchmark,2Y,8.00,2007-07-23,7,[7],cell_grid,1.0,비교지수 비교지수 - 15.91 8.00 5.42 6.32 2.22
FUND000090,KR5113450401,,,benchmark,5Y,6.32,2007-07-23,7,[7],cell_grid,1.0,비교지수 비교지수 - 15.91 8.00 5.42 6.32 2.22
FUND000090,KR5113450401,,,benchmark,3Y,5.42,2007-07-23,7,[7],cell_grid,1.0,비교지수 비교지수 - 15.91 8.00 5.42 6.32 2.22
FUND000090,KR5113450401,,,volatility,1Y,29.31,2007-07-23,7,[7],cell_grid,1.0,수익률변 동성 수익률변 동성 2007.07.23 29.31 22.09 16.15 14.64 8.36
FUND000090,KR5113450401,,,volatility,SINCE_INCEPTION,8.36,2007-07-23,7,[7],cell_grid,1.0,수익률변 동성 수익률변 동성 2007.07.23 29.31 22.09 16.15 14.64 8.36
FUND000090,KR5113450401,,,volatility,2Y,22.09,2007-07-23,7,[7],cell_grid,1.0,수익률변 동성 수익률변 동성 2007.07.23 29.31 22.09 16.15 14.64 8.36
FUND000090,KR5113450401,,,volatility,5Y,14.64,2007-07-23,7,[7],cell_grid,1.0,수익률변 동성 수익률변 동성 2007.07.23 29.31 22.09 16.15 14.64 8.36
FUND000090,KR5113450401,,,volatility,3Y,16.15,2007-07-23,7,[7],cell_grid,1.0,수익률변 동성 수익률변 동성 2007.07.23 29.31 22.09 16.15 14.64 8.36
FUND000090,KR5113450401,CLASS001045,A-e,class_return,1Y,28.46,,61,[61],detail_return_table_cross_validated,1.0,수수료선취-온라인 (A-e) 수수료선취-온라인 (A-e) 28.46 21.28 15.38 13.88 7.59
FUND000090,KR5113450401,CLASS001045,A-e,class_return,2Y,21.28,,61,[61],detail_return_table_cross_validated,1.0,수수료선취-온라인 (A-e) 수수료선취-온라인 (A-e) 28.46 21.28 15.38 13.88 7.59
FUND000090,KR5113450401,CLASS001045,A-e,class_return,3Y,15.38,,61,[61],detail_return_table_cross_validated,1.0,수수료선취-온라인 (A-e) 수수료선취-온라인 (A-e) 28.46 21.28 15.38 13.88 7.59
FUND000090,KR5113450401,CLASS001045,A-e,class_return,5Y,13.88,,61,[61],detail_return_table_cross_validated,1.0,수수료선취-온라인 (A-e) 수수료선취-온라인 (A-e) 28.46 21.28 15.38 13.88 7.59
FUND000090,KR5113450401,CLASS001045,A-e,class_return,SINCE_INCEPTION,7.59,,61,[61],detail_return_table_cross_validated,1.0,수수료선취-온라인 (A-e) 수수료선취-온라인 (A-e) 28.46 21.28 15.38 13.88 7.59
FUND000090,KR5113450401,CLASS001056,S,class_return,1Y,28.17,,61,[61],detail_return_table_cross_validated,1.0,수수료후취-온라인슈 퍼 (S) 수수료후취-온라인슈 퍼 (S) 28.17 21.00 15.10 13.61 7.17
FUND000090,KR5113450401,CLASS001056,S,class_return,2Y,21.00,,61,[61],detail_return_table_cross_validated,1.0,수수료후취-온라인슈 퍼 (S) 수수료후취-온라인슈 퍼 (S) 28.17 21.00 15.10 13.61 7.17
FUND000090,KR5113450401,CLASS001056,S,class_return,3Y,15.10,,61,[61],detail_return_table_cross_validated,1.0,수수료후취-온라인슈 퍼 (S) 수수료후취-온라인슈 퍼 (S) 28.17 21.00 15.10 13.61 7.17
FUND000090,KR5113450401,CLASS001056,S,class_return,5Y,13.61,,61,[61],detail_return_table_cross_validated,1.0,수수료후취-온라인슈 퍼 (S) 수수료후취-온라인슈 퍼 (S) 28.17 21.00 15.10 13.61 7.17
FUND000090,KR5113450401,CLASS001056,S,class_return,SINCE_INCEPTION,7.17,,61,[61],detail_return_table_cross_validated,1.0,수수료후취-온라인슈 퍼 (S) 수수료후취-온라인슈 퍼 (S) 28.17 21.00 15.10 13.61 7.17
FUND000090,KR5113450401,CLASS001057,S-P,class_return,1Y,28.25,,61,[61],detail_return_table_cross_validated,1.0,수수료미징구-온라인 슈퍼-개인연금 (S-P) 수수료미징구-온라인 슈퍼-개인연금 (S-P) 28.25 21.08 15.18 13.69 7.26
FUND000090,KR5113450401,CLASS001057,S-P,class_return,2Y,21.08,,61,[61],detail_return_table_cross_validated,1.0,수수료미징구-온라인 슈퍼-개인연금 (S-P) 수수료미징구-온라인 슈퍼-개인연금 (S-P) 28.25 21.08 15.18 13.69 7.26
FUND000090,KR5113450401,CLASS001057,S-P,class_return,3Y,15.18,,61,[61],detail_return_table_cross_validated,1.0,수수료미징구-온라인 슈퍼-개인연금 (S-P) 수수료미징구-온라인 슈퍼-개인연금 (S-P) 28.25 21.08 15.18 13.69 7.26
FUND000090,KR5113450401,CLASS001057,S-P,class_return,5Y,13.69,,61,[61],detail_return_table_cross_validated,1.0,수수료미징구-온라인 슈퍼-개인연금 (S-P) 수수료미징구-온라인 슈퍼-개인연금 (S-P) 28.25 21.08 15.18 13.69 7.26
FUND000090,KR5113450401,CLASS001057,S-P,class_return,SINCE_INCEPTION,7.26,,61,[61],detail_return_table_cross_validated,1.0,수수료미징구-온라인 슈퍼-개인연금 (S-P) 수수료미징구-온라인 슈퍼-개인연금 (S-P) 28.25 21.08 15.18 13.69 7.26
FUND000090,KR5113450401,CLASS001043,A,class_return,1Y,27.70,,61,[61],detail_return_table_cross_validated,1.0,수수료선취-오프라인 (A) 수수료선취-오프라인 (A) 27.70 20.55 14.67 13.18 6.97
FUND000090,KR5113450401,CLASS001043,A,class_return,2Y,20.55,,61,[61],detail_return_table_cross_validated,1.0,수수료선취-오프라인 (A) 수수료선취-오프라인 (A) 27.70 20.55 14.67 13.18 6.97
FUND000090,KR5113450401,CLASS001043,A,class_return,3Y,14.67,,61,[61],detail_return_table_cross_validated,1.0,수수료선취-오프라인 (A) 수수료선취-오프라인 (A) 27.70 20.55 14.67 13.18 6.97
FUND000090,KR5113450401,CLASS001043,A,class_return,5Y,13.18,,61,[61],detail_return_table_cross_validated,1.0,수수료선취-오프라인 (A) 수수료선취-오프라인 (A) 27.70 20.55 14.67 13.18 6.97
FUND000090,KR5113450401,CLASS001043,A,class_return,SINCE_INCEPTION,6.97,,61,[61],detail_return_table_cross_validated,1.0,수수료선취-오프라인 (A) 수수료선취-오프라인 (A) 27.70 20.55 14.67 13.18 6.97
FUND000090,KR5113450401,CLASS001048,C-e,class_return,1Y,28.07,,61,[61],detail_return_table_cross_validated,1.0,수수료미징구-온라인 (C-e) 수수료미징구-온라인 (C-e) 28.07 20.90 15.01 13.52 7.31
FUND000090,KR5113450401,CLASS001048,C-e,class_return,2Y,20.90,,61,[61],detail_return_table_cross_validated,1.0,수수료미징구-온라인 (C-e) 수수료미징구-온라인 (C-e) 28.07 20.90 15.01 13.52 7.31
FUND000090,KR5113450401,CLASS001048,C-e,class_return,3Y,15.01,,61,[61],detail_return_table_cross_validated,1.0,수수료미징구-온라인 (C-e) 수수료미징구-온라인 (C-e) 28.07 20.90 15.01 13.52 7.31
FUND000090,KR5113450401,CLASS001048,C-e,class_return,5Y,13.52,,61,[61],detail_return_table_cross_validated,1.0,수수료미징구-온라인 (C-e) 수수료미징구-온라인 (C-e) 28.07 20.90 15.01 13.52 7.31
FUND000090,KR5113450401,CLASS001048,C-e,class_return,SINCE_INCEPTION,7.31,,61,[61],detail_return_table_cross_validated,1.0,수수료미징구-온라인 (C-e) 수수료미징구-온라인 (C-e) 28.07 20.90 15.01 13.52 7.31
FUND000090,KR5113450401,CLASS001055,C-W,class_return,1Y,28.60,,61,[61],detail_return_table_cross_validated,1.0,수수료미징구-오프라 인-랩 (C-W) 수수료미징구-오프라 인-랩 (C-W) 28.60 21.41 15.50 14.00 5.48
FUND000090,KR5113450401,CLASS001055,C-W,class_return,2Y,21.41,,61,[61],detail_return_table_cross_validated,1.0,수수료미징구-오프라 인-랩 (C-W) 수수료미징구-오프라 인-랩 (C-W) 28.60 21.41 15.50 14.00 5.48
FUND000090,KR5113450401,CLASS001055,C-W,class_return,3Y,15.50,,61,[61],detail_return_table_cross_validated,1.0,수수료미징구-오프라 인-랩 (C-W) 수수료미징구-오프라 인-랩 (C-W) 28.60 21.41 15.50 14.00 5.48
FUND000090,KR5113450401,CLASS001055,C-W,class_return,5Y,14.00,,61,[61],detail_return_table_cross_validated,1.0,수수료미징구-오프라 인-랩 (C-W) 수수료미징구-오프라 인-랩 (C-W) 28.60 21.41 15.50 14.00 5.48
FUND000090,KR5113450401,CLASS001055,C-W,class_return,SINCE_INCEPTION,5.48,,61,[61],detail_return_table_cross_validated,1.0,수수료미징구-오프라 인-랩 (C-W) 수수료미징구-오프라 인-랩 (C-W) 28.60 21.41 15.50 14.00 5.48
FUND000090,KR5113450401,CLASS001053,C-R,class_return,1Y,27.82,,61,[61],detail_return_table_cross_validated,1.0,수수료미징구-오프라 인-퇴직연금 (C-R) 수수료미징구-오프라 인-퇴직연금 (C-R) 27.82 20.67 14.78 13.30 7.09
FUND000090,KR5113450401,CLASS001053,C-R,class_return,2Y,20.67,,61,[61],detail_return_table_cross_validated,1.0,수수료미징구-오프라 인-퇴직연금 (C-R) 수수료미징구-오프라 인-퇴직연금 (C-R) 27.82 20.67 14.78 13.30 7.09
FUND000090,KR5113450401,CLASS001053,C-R,class_return,3Y,14.78,,61,[61],detail_return_table_cross_validated,1.0,수수료미징구-오프라 인-퇴직연금 (C-R) 수수료미징구-오프라 인-퇴직연금 (C-R) 27.82 20.67 14.78 13.30 7.09
FUND000090,KR5113450401,CLASS001053,C-R,class_return,5Y,13.30,,61,[61],detail_return_table_cross_validated,1.0,수수료미징구-오프라 인-퇴직연금 (C-R) 수수료미징구-오프라 인-퇴직연금 (C-R) 27.82 20.67 14.78 13.30 7.09
FUND000090,KR5113450401,CLASS001053,C-R,class_return,SINCE_INCEPTION,7.09,,61,[61],detail_return_table_cross_validated,1.0,수수료미징구-오프라 인-퇴직연금 (C-R) 수수료미징구-오프라 인-퇴직연금 (C-R) 27.82 20.67 14.78 13.30 7.09
FUND000090,KR5113450401,CLASS001044,A1,class_return,1Y,28.32,,61,[61],detail_return_table_cross_validated,1.0,수수료선취-오프라인 (A1) 수수료선취-오프라인 (A1) 28.32 21.14 15.25 13.75 6.84
FUND000090,KR5113450401,CLASS001044,A1,class_return,2Y,21.14,,61,[61],detail_return_table_cross_validated,1.0,수수료선취-오프라인 (A1) 수수료선취-오프라인 (A1) 28.32 21.14 15.25 13.75 6.84
FUND000090,KR5113450401,CLASS001044,A1,class_return,3Y,15.25,,61,[61],detail_return_table_cross_validated,1.0,수수료선취-오프라인 (A1) 수수료선취-오프라인 (A1) 28.32 21.14 15.25 13.75 6.84
FUND000090,KR5113450401,CLASS001044,A1,class_return,5Y,13.75,,61,[61],detail_return_table_cross_validated,1.0,수수료선취-오프라인 (A1) 수수료선취-오프라인 (A1) 28.32 21.14 15.25 13.75 6.84
FUND000090,KR5113450401,CLASS001044,A1,class_return,SINCE_INCEPTION,6.84,,61,[61],detail_return_table_cross_validated,1.0,수수료선취-오프라인 (A1) 수수료선취-오프라인 (A1) 28.32 21.14 15.25 13.75 6.84
FUND000090,KR5113450401,CLASS001050,C-G,class_return,1Y,27.74,,61,[61],detail_return_table_cross_validated,1.0,수수료미징구-오프라 인-무권유저비용 (C- G) 수수료미징구-오프라 인-무권유저비용 (C- G) 27.74 20.59 14.71 13.22 6.08
FUND000090,KR5113450401,CLASS001050,C-G,class_return,2Y,20.59,,61,[61],detail_return_table_cross_validated,1.0,수수료미징구-오프라 인-무권유저비용 (C- G) 수수료미징구-오프라 인-무권유저비용 (C- G) 27.74 20.59 14.71 13.22 6.08
FUND000090,KR5113450401,CLASS001050,C-G,class_return,3Y,14.71,,61,[61],detail_return_table_cross_validated,1.0,수수료미징구-오프라 인-무권유저비용 (C- G) 수수료미징구-오프라 인-무권유저비용 (C- G) 27.74 20.59 14.71 13.22 6.08
FUND000090,KR5113450401,CLASS001050,C-G,class_return,5Y,13.22,,61,[61],detail_return_table_cross_validated,1.0,수수료미징구-오프라 인-무권유저비용 (C- G) 수수료미징구-오프라 인-무권유저비용 (C- G) 27.74 20.59 14.71 13.22 6.08
FUND000090,KR5113450401,CLASS001050,C-G,class_return,SINCE_INCEPTION,6.08,,61,[61],detail_return_table_cross_validated,1.0,수수료미징구-오프라 인-무권유저비용 (C- G) 수수료미징구-오프라 인-무권유저비용 (C- G) 27.74 20.59 14.71 13.22 6.08
FUND000090,KR5113450401,CLASS001052,C-Pe,class_return,1Y,28.01,,61,[61],detail_return_table_cross_validated,1.0,수수료미징구-온라인 -개인연금 (C-Pe) 수수료미징구-온라인 -개인연금 (C-Pe) 28.01 20.85 14.96 13.47 6.62
FUND000090,KR5113450401,CLASS001052,C-Pe,class_return,2Y,20.85,,61,[61],detail_return_table_cross_validated,1.0,수수료미징구-온라인 -개인연금 (C-Pe) 수수료미징구-온라인 -개인연금 (C-Pe) 28.01 20.85 14.96 13.47 6.62
FUND000090,KR5113450401,CLASS001052,C-Pe,class_return,3Y,14.96,,61,[61],detail_return_table_cross_validated,1.0,수수료미징구-온라인 -개인연금 (C-Pe) 수수료미징구-온라인 -개인연금 (C-Pe) 28.01 20.85 14.96 13.47 6.62
FUND000090,KR5113450401,CLASS001052,C-Pe,class_return,5Y,13.47,,61,[61],detail_return_table_cross_validated,1.0,수수료미징구-온라인 -개인연금 (C-Pe) 수수료미징구-온라인 -개인연금 (C-Pe) 28.01 20.85 14.96 13.47 6.62
FUND000090,KR5113450401,CLASS001052,C-Pe,class_return,SINCE_INCEPTION,6.62,,61,[61],detail_return_table_cross_validated,1.0,수수료미징구-온라인 -개인연금 (C-Pe) 수수료미징구-온라인 -개인연금 (C-Pe) 28.01 20.85 14.96 13.47 6.62
FUND000090,KR5113450401,CLASS001049,C-F,class_return,1Y,24.71,,61,[61],detail_return_table_cross_validated,1.0,수수료미징구-오프라 인-기관 (C-F) 수수료미징구-오프라 인-기관 (C-F) 24.71 11.66 7.63 7.80 4.71
FUND000090,KR5113450401,CLASS001049,C-F,class_return,2Y,11.66,,61,[61],detail_return_table_cross_validated,1.0,수수료미징구-오프라 인-기관 (C-F) 수수료미징구-오프라 인-기관 (C-F) 24.71 11.66 7.63 7.80 4.71
FUND000090,KR5113450401,CLASS001049,C-F,class_return,3Y,7.63,,61,[61],detail_return_table_cross_validated,1.0,수수료미징구-오프라 인-기관 (C-F) 수수료미징구-오프라 인-기관 (C-F) 24.71 11.66 7.63 7.80 4.71
FUND000090,KR5113450401,CLASS001049,C-F,class_return,5Y,7.80,,61,[61],detail_return_table_cross_validated,1.0,수수료미징구-오프라 인-기관 (C-F) 수수료미징구-오프라 인-기관 (C-F) 24.71 11.66 7.63 7.80 4.71
FUND000090,KR5113450401,CLASS001049,C-F,class_return,SINCE_INCEPTION,4.71,,61,[61],detail_return_table_cross_validated,1.0,수수료미징구-오프라 인-기관 (C-F) 수수료미징구-오프라 인-기관 (C-F) 24.71 11.66 7.63 7.80 4.71
FUND000090,KR5113450401,CLASS001054,C-Re,class_return,1Y,28.21,,62,[62],detail_return_table_cross_validated,1.0,수수료미징구-온라인 -퇴직연금 (C-Re) 수수료미징구-온라인 -퇴직연금 (C-Re) 28.21 21.04 15.14 13.65 6.32
FUND000090,KR5113450401,CLASS001054,C-Re,class_return,2Y,21.04,,62,[62],detail_return_table_cross_validated,1.0,수수료미징구-온라인 -퇴직연금 (C-Re) 수수료미징구-온라인 -퇴직연금 (C-Re) 28.21 21.04 15.14 13.65 6.32
FUND000090,KR5113450401,CLASS001054,C-Re,class_return,3Y,15.14,,62,[62],detail_return_table_cross_validated,1.0,수수료미징구-온라인 -퇴직연금 (C-Re) 수수료미징구-온라인 -퇴직연금 (C-Re) 28.21 21.04 15.14 13.65 6.32
FUND000090,KR5113450401,CLASS001054,C-Re,class_return,5Y,13.65,,62,[62],detail_return_table_cross_validated,1.0,수수료미징구-온라인 -퇴직연금 (C-Re) 수수료미징구-온라인 -퇴직연금 (C-Re) 28.21 21.04 15.14 13.65 6.32
FUND000090,KR5113450401,CLASS001054,C-Re,class_return,SINCE_INCEPTION,6.32,,62,[62],detail_return_table_cross_validated,1.0,수수료미징구-온라인 -퇴직연금 (C-Re) 수수료미징구-온라인 -퇴직연금 (C-Re) 28.21 21.04 15.14 13.65 6.32
FUND000090,KR5113450401,CLASS001051,C-P,class_return,1Y,27.43,,62,[62],detail_return_table_cross_validated,1.0,수수료미징구-오프라 인-개인연금 (C-P) 수수료미징구-오프라 인-개인연금 (C-P) 27.43 20.29 14.42 12.94 7.04
FUND000090,KR5113450401,CLASS001051,C-P,class_return,2Y,20.29,,62,[62],detail_return_table_cross_validated,1.0,수수료미징구-오프라 인-개인연금 (C-P) 수수료미징구-오프라 인-개인연금 (C-P) 27.43 20.29 14.42 12.94 7.04
FUND000090,KR5113450401,CLASS001051,C-P,class_return,3Y,14.42,,62,[62],detail_return_table_cross_validated,1.0,수수료미징구-오프라 인-개인연금 (C-P) 수수료미징구-오프라 인-개인연금 (C-P) 27.43 20.29 14.42 12.94 7.04
FUND000090,KR5113450401,CLASS001051,C-P,class_return,5Y,12.94,,62,[62],detail_return_table_cross_validated,1.0,수수료미징구-오프라 인-개인연금 (C-P) 수수료미징구-오프라 인-개인연금 (C-P) 27.43 20.29 14.42 12.94 7.04
FUND000090,KR5113450401,CLASS001051,C-P,class_return,SINCE_INCEPTION,7.04,,62,[62],detail_return_table_cross_validated,1.0,수수료미징구-오프라 인-개인연금 (C-P) 수수료미징구-오프라 인-개인연금 (C-P) 27.43 20.29 14.42 12.94 7.04
FUND000091,KR5113470030,CLASS001061,C,class_return,1Y,74.00,2006-10-23,6,"[6,55]",cell_grid,1.0,수수료 미징구 (C) 수수료 미징구 (C) 2006.10.23 74.00 40.25 26.53 15.62 7.20
FUND000091,KR5113470030,CLASS001061,C,class_return,SINCE_INCEPTION,7.20,2006-10-23,6,"[6,55]",cell_grid,1.0,수수료 미징구 (C) 수수료 미징구 (C) 2006.10.23 74.00 40.25 26.53 15.62 7.20
FUND000091,KR5113470030,CLASS001061,C,class_return,5Y,15.62,2006-10-23,6,"[6,55]",cell_grid,1.0,수수료 미징구 (C) 수수료 미징구 (C) 2006.10.23 74.00 40.25 26.53 15.62 7.20
FUND000091,KR5113470030,CLASS001061,C,class_return,2Y,40.25,2006-10-23,6,"[6,55]",cell_grid,1.0,수수료 미징구 (C) 수수료 미징구 (C) 2006.10.23 74.00 40.25 26.53 15.62 7.20
FUND000091,KR5113470030,CLASS001061,C,class_return,3Y,26.53,2006-10-23,6,"[6,55]",cell_grid,1.0,수수료 미징구 (C) 수수료 미징구 (C) 2006.10.23 74.00 40.25 26.53 15.62 7.20
FUND000091,KR5113470030,,,benchmark,1Y,70.77,2006-10-23,6,[6],cell_grid,1.0,비교지수 비교지수 - 70.77 37.65 24.57 13.95 6.42
FUND000091,KR5113470030,,,benchmark,SINCE_INCEPTION,6.42,2006-10-23,6,[6],cell_grid,1.0,비교지수 비교지수 - 70.77 37.65 24.57 13.95 6.42
FUND000091,KR5113470030,,,benchmark,5Y,13.95,2006-10-23,6,[6],cell_grid,1.0,비교지수 비교지수 - 70.77 37.65 24.57 13.95 6.42
FUND000091,KR5113470030,,,benchmark,2Y,37.65,2006-10-23,6,[6],cell_grid,1.0,비교지수 비교지수 - 70.77 37.65 24.57 13.95 6.42
FUND000091,KR5113470030,,,benchmark,3Y,24.57,2006-10-23,6,[6],cell_grid,1.0,비교지수 비교지수 - 70.77 37.65 24.57 13.95 6.42
FUND000091,KR5113470030,,,volatility,1Y,75.86,2006-10-23,6,[6],cell_grid,1.0,수익률 변동성 수익률 변동성 2006.10.23 75.86 41.86 28.05 17.06 8.63
FUND000091,KR5113470030,,,volatility,SINCE_INCEPTION,8.63,2006-10-23,6,[6],cell_grid,1.0,수익률 변동성 수익률 변동성 2006.10.23 75.86 41.86 28.05 17.06 8.63
FUND000091,KR5113470030,,,volatility,5Y,17.06,2006-10-23,6,[6],cell_grid,1.0,수익률 변동성 수익률 변동성 2006.10.23 75.86 41.86 28.05 17.06 8.63
FUND000091,KR5113470030,,,volatility,2Y,41.86,2006-10-23,6,[6],cell_grid,1.0,수익률 변동성 수익률 변동성 2006.10.23 75.86 41.86 28.05 17.06 8.63
FUND000091,KR5113470030,,,volatility,3Y,28.05,2006-10-23,6,[6],cell_grid,1.0,수익률 변동성 수익률 변동성 2006.10.23 75.86 41.86 28.05 17.06 8.63
FUND000091,KR5113470030,CLASS001065,C-Pe,class_return,1Y,75.21,,55,[55],detail_return_table_cross_validated,1.0,수수료미징구-온라인 -개인연금 (C-Pe) 수수료미징구-온라인 -개인연금 (C-Pe) 75.21 41.28 27.47 16.48 9.50
FUND000091,KR5113470030,CLASS001065,C-Pe,class_return,2Y,41.28,,55,[55],detail_return_table_cross_validated,1.0,수수료미징구-온라인 -개인연금 (C-Pe) 수수료미징구-온라인 -개인연금 (C-Pe) 75.21 41.28 27.47 16.48 9.50
FUND000091,KR5113470030,CLASS001065,C-Pe,class_return,3Y,27.47,,55,[55],detail_return_table_cross_validated,1.0,수수료미징구-온라인 -개인연금 (C-Pe) 수수료미징구-온라인 -개인연금 (C-Pe) 75.21 41.28 27.47 16.48 9.50
FUND000091,KR5113470030,CLASS001065,C-Pe,class_return,5Y,16.48,,55,[55],detail_return_table_cross_validated,1.0,수수료미징구-온라인 -개인연금 (C-Pe) 수수료미징구-온라인 -개인연금 (C-Pe) 75.21 41.28 27.47 16.48 9.50
FUND000091,KR5113470030,CLASS001065,C-Pe,class_return,SINCE_INCEPTION,9.50,,55,[55],detail_return_table_cross_validated,1.0,수수료미징구-온라인 -개인연금 (C-Pe) 수수료미징구-온라인 -개인연금 (C-Pe) 75.21 41.28 27.47 16.48 9.50
FUND000091,KR5113470030,CLASS001059,A-e,class_return,1Y,75.29,,55,[55],detail_return_table_cross_validated,1.0,수수료선취-온라인 (A-e) 수수료선취-온라인 (A-e) 75.29 41.34 27.52 16.53 9.83
FUND000091,KR5113470030,CLASS001059,A-e,class_return,2Y,41.34,,55,[55],detail_return_table_cross_validated,1.0,수수료선취-온라인 (A-e) 수수료선취-온라인 (A-e) 75.29 41.34 27.52 16.53 9.83
FUND000091,KR5113470030,CLASS001059,A-e,class_return,3Y,27.52,,55,[55],detail_return_table_cross_validated,1.0,수수료선취-온라인 (A-e) 수수료선취-온라인 (A-e) 75.29 41.34 27.52 16.53 9.83
FUND000091,KR5113470030,CLASS001059,A-e,class_return,5Y,16.53,,55,[55],detail_return_table_cross_validated,1.0,수수료선취-온라인 (A-e) 수수료선취-온라인 (A-e) 75.29 41.34 27.52 16.53 9.83
FUND000091,KR5113470030,CLASS001059,A-e,class_return,SINCE_INCEPTION,9.83,,55,[55],detail_return_table_cross_validated,1.0,수수료선취-온라인 (A-e) 수수료선취-온라인 (A-e) 75.29 41.34 27.52 16.53 9.83
FUND000091,KR5113470030,CLASS001060,A-H,class_return,1Y,74.99,,55,[55],detail_return_table_cross_validated,1.0,수수료선취-오프라인 -주택마련 (A-H) 수수료선취-오프라인 -주택마련 (A-H) 74.99 41.08 27.29 16.32 6.41
FUND000091,KR5113470030,CLASS001060,A-H,class_return,2Y,41.08,,55,[55],detail_return_table_cross_validated,1.0,수수료선취-오프라인 -주택마련 (A-H) 수수료선취-오프라인 -주택마련 (A-H) 74.99 41.08 27.29 16.32 6.41
FUND000091,KR5113470030,CLASS001060,A-H,class_return,3Y,27.29,,55,[55],detail_return_table_cross_validated,1.0,수수료선취-오프라인 -주택마련 (A-H) 수수료선취-오프라인 -주택마련 (A-H) 74.99 41.08 27.29 16.32 6.41
FUND000091,KR5113470030,CLASS001060,A-H,class_return,5Y,16.32,,55,[55],detail_return_table_cross_validated,1.0,수수료선취-오프라인 -주택마련 (A-H) 수수료선취-오프라인 -주택마련 (A-H) 74.99 41.08 27.29 16.32 6.41
FUND000091,KR5113470030,CLASS001060,A-H,class_return,SINCE_INCEPTION,6.41,,55,[55],detail_return_table_cross_validated,1.0,수수료선취-오프라인 -주택마련 (A-H) 수수료선취-오프라인 -주택마련 (A-H) 74.99 41.08 27.29 16.32 6.41
FUND000091,KR5113470030,CLASS001058,A,class_return,1Y,74.96,,55,[55],detail_return_table_cross_validated,1.0,수수료선취-오프라인 (A) 수수료선취-오프라인 (A) 74.96 41.06 27.27 16.30 7.85
FUND000091,KR5113470030,CLASS001058,A,class_return,2Y,41.06,,55,[55],detail_return_table_cross_validated,1.0,수수료선취-오프라인 (A) 수수료선취-오프라인 (A) 74.96 41.06 27.27 16.30 7.85
FUND000091,KR5113470030,CLASS001058,A,class_return,3Y,27.27,,55,[55],detail_return_table_cross_validated,1.0,수수료선취-오프라인 (A) 수수료선취-오프라인 (A) 74.96 41.06 27.27 16.30 7.85
FUND000091,KR5113470030,CLASS001058,A,class_return,5Y,16.30,,55,[55],detail_return_table_cross_validated,1.0,수수료선취-오프라인 (A) 수수료선취-오프라인 (A) 74.96 41.06 27.27 16.30 7.85
FUND000091,KR5113470030,CLASS001058,A,class_return,SINCE_INCEPTION,7.85,,55,[55],detail_return_table_cross_validated,1.0,수수료선취-오프라인 (A) 수수료선취-오프라인 (A) 74.96 41.06 27.27 16.30 7.85
FUND000091,KR5113470030,CLASS001062,C-e,class_return,1Y,74.80,,55,[55],detail_return_table_cross_validated,1.0,수수료미징구-온라인 (C-e) 수수료미징구-온라인 (C-e) 74.80 40.93 27.15 16.19 7.68
FUND000091,KR5113470030,CLASS001062,C-e,class_return,2Y,40.93,,55,[55],detail_return_table_cross_validated,1.0,수수료미징구-온라인 (C-e) 수수료미징구-온라인 (C-e) 74.80 40.93 27.15 16.19 7.68
FUND000091,KR5113470030,CLASS001062,C-e,class_return,3Y,27.15,,55,[55],detail_return_table_cross_validated,1.0,수수료미징구-온라인 (C-e) 수수료미징구-온라인 (C-e) 74.80 40.93 27.15 16.19 7.68
FUND000091,KR5113470030,CLASS001062,C-e,class_return,5Y,16.19,,55,[55],detail_return_table_cross_validated,1.0,수수료미징구-온라인 (C-e) 수수료미징구-온라인 (C-e) 74.80 40.93 27.15 16.19 7.68
FUND000091,KR5113470030,CLASS001062,C-e,class_return,SINCE_INCEPTION,7.68,,55,[55],detail_return_table_cross_validated,1.0,수수료미징구-온라인 (C-e) 수수료미징구-온라인 (C-e) 74.80 40.93 27.15 16.19 7.68
FUND000091,KR5113470030,CLASS001067,S,class_return,1Y,75.34,,55,[55],detail_return_table_cross_validated,1.0,수수료후취-온라인슈 퍼 (S) 수수료후취-온라인슈 퍼 (S) 75.34 41.38 27.56 16.56 9.16
FUND000091,KR5113470030,CLASS001067,S,class_return,2Y,41.38,,55,[55],detail_return_table_cross_validated,1.0,수수료후취-온라인슈 퍼 (S) 수수료후취-온라인슈 퍼 (S) 75.34 41.38 27.56 16.56 9.16
FUND000091,KR5113470030,CLASS001067,S,class_return,3Y,27.56,,55,[55],detail_return_table_cross_validated,1.0,수수료후취-온라인슈 퍼 (S) 수수료후취-온라인슈 퍼 (S) 75.34 41.38 27.56 16.56 9.16
FUND000091,KR5113470030,CLASS001067,S,class_return,5Y,16.56,,55,[55],detail_return_table_cross_validated,1.0,수수료후취-온라인슈 퍼 (S) 수수료후취-온라인슈 퍼 (S) 75.34 41.38 27.56 16.56 9.16
FUND000091,KR5113470030,CLASS001067,S,class_return,SINCE_INCEPTION,9.16,,55,[55],detail_return_table_cross_validated,1.0,수수료후취-온라인슈 퍼 (S) 수수료후취-온라인슈 퍼 (S) 75.34 41.38 27.56 16.56 9.16
FUND000091,KR5113470030,CLASS001068,S-P,class_return,1Y,75.38,,55,[55],detail_return_table_cross_validated,1.0,수수료미징구-온라인 슈퍼-개인연금 (S-P) 수수료미징구-온라인 슈퍼-개인연금 (S-P) 75.38 41.41 27.59 16.59 9.17
FUND000091,KR5113470030,CLASS001068,S-P,class_return,2Y,41.41,,55,[55],detail_return_table_cross_validated,1.0,수수료미징구-온라인 슈퍼-개인연금 (S-P) 수수료미징구-온라인 슈퍼-개인연금 (S-P) 75.38 41.41 27.59 16.59 9.17
FUND000091,KR5113470030,CLASS001068,S-P,class_return,3Y,27.59,,55,[55],detail_return_table_cross_validated,1.0,수수료미징구-온라인 슈퍼-개인연금 (S-P) 수수료미징구-온라인 슈퍼-개인연금 (S-P) 75.38 41.41 27.59 16.59 9.17
FUND000091,KR5113470030,CLASS001068,S-P,class_return,5Y,16.59,,55,[55],detail_return_table_cross_validated,1.0,수수료미징구-온라인 슈퍼-개인연금 (S-P) 수수료미징구-온라인 슈퍼-개인연금 (S-P) 75.38 41.41 27.59 16.59 9.17
FUND000091,KR5113470030,CLASS001068,S-P,class_return,SINCE_INCEPTION,9.17,,55,[55],detail_return_table_cross_validated,1.0,수수료미징구-온라인 슈퍼-개인연금 (S-P) 수수료미징구-온라인 슈퍼-개인연금 (S-P) 75.38 41.41 27.59 16.59 9.17
FUND000091,KR5113470030,CLASS001064,C-P,class_return,1Y,74.82,,55,[55],detail_return_table_cross_validated,1.0,수수료미징구-오프라 인-개인연금 (C-P) 수수료미징구-오프라 인-개인연금 (C-P) 74.82 40.94 27.17 16.20 8.98
FUND000091,KR5113470030,CLASS001064,C-P,class_return,2Y,40.94,,55,[55],detail_return_table_cross_validated,1.0,수수료미징구-오프라 인-개인연금 (C-P) 수수료미징구-오프라 인-개인연금 (C-P) 74.82 40.94 27.17 16.20 8.98
FUND000091,KR5113470030,CLASS001064,C-P,class_return,3Y,27.17,,55,[55],detail_return_table_cross_validated,1.0,수수료미징구-오프라 인-개인연금 (C-P) 수수료미징구-오프라 인-개인연금 (C-P) 74.82 40.94 27.17 16.20 8.98
FUND000091,KR5113470030,CLASS001064,C-P,class_return,5Y,16.20,,55,[55],detail_return_table_cross_validated,1.0,수수료미징구-오프라 인-개인연금 (C-P) 수수료미징구-오프라 인-개인연금 (C-P) 74.82 40.94 27.17 16.20 8.98
FUND000091,KR5113470030,CLASS001064,C-P,class_return,SINCE_INCEPTION,8.98,,55,[55],detail_return_table_cross_validated,1.0,수수료미징구-오프라 인-개인연금 (C-P) 수수료미징구-오프라 인-개인연금 (C-P) 74.82 40.94 27.17 16.20 8.98
FUND000091,KR5113470031,CLASS001061,C,class_return,1Y,74.00,2006-10-23,6,"[6,55]",cell_grid,1.0,수수료 미징구 (C) 수수료 미징구 (C) 2006.10.23 74.00 40.25 26.53 15.62 7.20
FUND000091,KR5113470031,CLASS001061,C,class_return,SINCE_INCEPTION,7.20,2006-10-23,6,"[6,55]",cell_grid,1.0,수수료 미징구 (C) 수수료 미징구 (C) 2006.10.23 74.00 40.25 26.53 15.62 7.20
FUND000091,KR5113470031,CLASS001061,C,class_return,5Y,15.62,2006-10-23,6,"[6,55]",cell_grid,1.0,수수료 미징구 (C) 수수료 미징구 (C) 2006.10.23 74.00 40.25 26.53 15.62 7.20
FUND000091,KR5113470031,CLASS001061,C,class_return,2Y,40.25,2006-10-23,6,"[6,55]",cell_grid,1.0,수수료 미징구 (C) 수수료 미징구 (C) 2006.10.23 74.00 40.25 26.53 15.62 7.20
FUND000091,KR5113470031,CLASS001061,C,class_return,3Y,26.53,2006-10-23,6,"[6,55]",cell_grid,1.0,수수료 미징구 (C) 수수료 미징구 (C) 2006.10.23 74.00 40.25 26.53 15.62 7.20
FUND000091,KR5113470031,,,benchmark,1Y,70.77,2006-10-23,6,[6],cell_grid,1.0,비교지수 비교지수 - 70.77 37.65 24.57 13.95 6.42
FUND000091,KR5113470031,,,benchmark,SINCE_INCEPTION,6.42,2006-10-23,6,[6],cell_grid,1.0,비교지수 비교지수 - 70.77 37.65 24.57 13.95 6.42
FUND000091,KR5113470031,,,benchmark,5Y,13.95,2006-10-23,6,[6],cell_grid,1.0,비교지수 비교지수 - 70.77 37.65 24.57 13.95 6.42
FUND000091,KR5113470031,,,benchmark,2Y,37.65,2006-10-23,6,[6],cell_grid,1.0,비교지수 비교지수 - 70.77 37.65 24.57 13.95 6.42
FUND000091,KR5113470031,,,benchmark,3Y,24.57,2006-10-23,6,[6],cell_grid,1.0,비교지수 비교지수 - 70.77 37.65 24.57 13.95 6.42
FUND000091,KR5113470031,,,volatility,1Y,75.86,2006-10-23,6,[6],cell_grid,1.0,수익률 변동성 수익률 변동성 2006.10.23 75.86 41.86 28.05 17.06 8.63
FUND000091,KR5113470031,,,volatility,SINCE_INCEPTION,8.63,2006-10-23,6,[6],cell_grid,1.0,수익률 변동성 수익률 변동성 2006.10.23 75.86 41.86 28.05 17.06 8.63
FUND000091,KR5113470031,,,volatility,5Y,17.06,2006-10-23,6,[6],cell_grid,1.0,수익률 변동성 수익률 변동성 2006.10.23 75.86 41.86 28.05 17.06 8.63
FUND000091,KR5113470031,,,volatility,2Y,41.86,2006-10-23,6,[6],cell_grid,1.0,수익률 변동성 수익률 변동성 2006.10.23 75.86 41.86 28.05 17.06 8.63
FUND000091,KR5113470031,,,volatility,3Y,28.05,2006-10-23,6,[6],cell_grid,1.0,수익률 변동성 수익률 변동성 2006.10.23 75.86 41.86 28.05 17.06 8.63
FUND000091,KR5113470031,CLASS001065,C-Pe,class_return,1Y,75.21,,55,[55],detail_return_table_cross_validated,1.0,수수료미징구-온라인 -개인연금 (C-Pe) 수수료미징구-온라인 -개인연금 (C-Pe) 75.21 41.28 27.47 16.48 9.50
FUND000091,KR5113470031,CLASS001065,C-Pe,class_return,2Y,41.28,,55,[55],detail_return_table_cross_validated,1.0,수수료미징구-온라인 -개인연금 (C-Pe) 수수료미징구-온라인 -개인연금 (C-Pe) 75.21 41.28 27.47 16.48 9.50
FUND000091,KR5113470031,CLASS001065,C-Pe,class_return,3Y,27.47,,55,[55],detail_return_table_cross_validated,1.0,수수료미징구-온라인 -개인연금 (C-Pe) 수수료미징구-온라인 -개인연금 (C-Pe) 75.21 41.28 27.47 16.48 9.50
FUND000091,KR5113470031,CLASS001065,C-Pe,class_return,5Y,16.48,,55,[55],detail_return_table_cross_validated,1.0,수수료미징구-온라인 -개인연금 (C-Pe) 수수료미징구-온라인 -개인연금 (C-Pe) 75.21 41.28 27.47 16.48 9.50
FUND000091,KR5113470031,CLASS001065,C-Pe,class_return,SINCE_INCEPTION,9.50,,55,[55],detail_return_table_cross_validated,1.0,수수료미징구-온라인 -개인연금 (C-Pe) 수수료미징구-온라인 -개인연금 (C-Pe) 75.21 41.28 27.47 16.48 9.50
FUND000091,KR5113470031,CLASS001059,A-e,class_return,1Y,75.29,,55,[55],detail_return_table_cross_validated,1.0,수수료선취-온라인 (A-e) 수수료선취-온라인 (A-e) 75.29 41.34 27.52 16.53 9.83
FUND000091,KR5113470031,CLASS001059,A-e,class_return,2Y,41.34,,55,[55],detail_return_table_cross_validated,1.0,수수료선취-온라인 (A-e) 수수료선취-온라인 (A-e) 75.29 41.34 27.52 16.53 9.83
FUND000091,KR5113470031,CLASS001059,A-e,class_return,3Y,27.52,,55,[55],detail_return_table_cross_validated,1.0,수수료선취-온라인 (A-e) 수수료선취-온라인 (A-e) 75.29 41.34 27.52 16.53 9.83
FUND000091,KR5113470031,CLASS001059,A-e,class_return,5Y,16.53,,55,[55],detail_return_table_cross_validated,1.0,수수료선취-온라인 (A-e) 수수료선취-온라인 (A-e) 75.29 41.34 27.52 16.53 9.83
FUND000091,KR5113470031,CLASS001059,A-e,class_return,SINCE_INCEPTION,9.83,,55,[55],detail_return_table_cross_validated,1.0,수수료선취-온라인 (A-e) 수수료선취-온라인 (A-e) 75.29 41.34 27.52 16.53 9.83
FUND000091,KR5113470031,CLASS001060,A-H,class_return,1Y,74.99,,55,[55],detail_return_table_cross_validated,1.0,수수료선취-오프라인 -주택마련 (A-H) 수수료선취-오프라인 -주택마련 (A-H) 74.99 41.08 27.29 16.32 6.41
FUND000091,KR5113470031,CLASS001060,A-H,class_return,2Y,41.08,,55,[55],detail_return_table_cross_validated,1.0,수수료선취-오프라인 -주택마련 (A-H) 수수료선취-오프라인 -주택마련 (A-H) 74.99 41.08 27.29 16.32 6.41
FUND000091,KR5113470031,CLASS001060,A-H,class_return,3Y,27.29,,55,[55],detail_return_table_cross_validated,1.0,수수료선취-오프라인 -주택마련 (A-H) 수수료선취-오프라인 -주택마련 (A-H) 74.99 41.08 27.29 16.32 6.41
FUND000091,KR5113470031,CLASS001060,A-H,class_return,5Y,16.32,,55,[55],detail_return_table_cross_validated,1.0,수수료선취-오프라인 -주택마련 (A-H) 수수료선취-오프라인 -주택마련 (A-H) 74.99 41.08 27.29 16.32 6.41
FUND000091,KR5113470031,CLASS001060,A-H,class_return,SINCE_INCEPTION,6.41,,55,[55],detail_return_table_cross_validated,1.0,수수료선취-오프라인 -주택마련 (A-H) 수수료선취-오프라인 -주택마련 (A-H) 74.99 41.08 27.29 16.32 6.41
FUND000091,KR5113470031,CLASS001058,A,class_return,1Y,74.96,,55,[55],detail_return_table_cross_validated,1.0,수수료선취-오프라인 (A) 수수료선취-오프라인 (A) 74.96 41.06 27.27 16.30 7.85
FUND000091,KR5113470031,CLASS001058,A,class_return,2Y,41.06,,55,[55],detail_return_table_cross_validated,1.0,수수료선취-오프라인 (A) 수수료선취-오프라인 (A) 74.96 41.06 27.27 16.30 7.85
FUND000091,KR5113470031,CLASS001058,A,class_return,3Y,27.27,,55,[55],detail_return_table_cross_validated,1.0,수수료선취-오프라인 (A) 수수료선취-오프라인 (A) 74.96 41.06 27.27 16.30 7.85
FUND000091,KR5113470031,CLASS001058,A,class_return,5Y,16.30,,55,[55],detail_return_table_cross_validated,1.0,수수료선취-오프라인 (A) 수수료선취-오프라인 (A) 74.96 41.06 27.27 16.30 7.85
FUND000091,KR5113470031,CLASS001058,A,class_return,SINCE_INCEPTION,7.85,,55,[55],detail_return_table_cross_validated,1.0,수수료선취-오프라인 (A) 수수료선취-오프라인 (A) 74.96 41.06 27.27 16.30 7.85
FUND000091,KR5113470031,CLASS001062,C-e,class_return,1Y,74.80,,55,[55],detail_return_table_cross_validated,1.0,수수료미징구-온라인 (C-e) 수수료미징구-온라인 (C-e) 74.80 40.93 27.15 16.19 7.68
FUND000091,KR5113470031,CLASS001062,C-e,class_return,2Y,40.93,,55,[55],detail_return_table_cross_validated,1.0,수수료미징구-온라인 (C-e) 수수료미징구-온라인 (C-e) 74.80 40.93 27.15 16.19 7.68
FUND000091,KR5113470031,CLASS001062,C-e,class_return,3Y,27.15,,55,[55],detail_return_table_cross_validated,1.0,수수료미징구-온라인 (C-e) 수수료미징구-온라인 (C-e) 74.80 40.93 27.15 16.19 7.68
FUND000091,KR5113470031,CLASS001062,C-e,class_return,5Y,16.19,,55,[55],detail_return_table_cross_validated,1.0,수수료미징구-온라인 (C-e) 수수료미징구-온라인 (C-e) 74.80 40.93 27.15 16.19 7.68
FUND000091,KR5113470031,CLASS001062,C-e,class_return,SINCE_INCEPTION,7.68,,55,[55],detail_return_table_cross_validated,1.0,수수료미징구-온라인 (C-e) 수수료미징구-온라인 (C-e) 74.80 40.93 27.15 16.19 7.68
FUND000091,KR5113470031,CLASS001067,S,class_return,1Y,75.34,,55,[55],detail_return_table_cross_validated,1.0,수수료후취-온라인슈 퍼 (S) 수수료후취-온라인슈 퍼 (S) 75.34 41.38 27.56 16.56 9.16
FUND000091,KR5113470031,CLASS001067,S,class_return,2Y,41.38,,55,[55],detail_return_table_cross_validated,1.0,수수료후취-온라인슈 퍼 (S) 수수료후취-온라인슈 퍼 (S) 75.34 41.38 27.56 16.56 9.16
FUND000091,KR5113470031,CLASS001067,S,class_return,3Y,27.56,,55,[55],detail_return_table_cross_validated,1.0,수수료후취-온라인슈 퍼 (S) 수수료후취-온라인슈 퍼 (S) 75.34 41.38 27.56 16.56 9.16
FUND000091,KR5113470031,CLASS001067,S,class_return,5Y,16.56,,55,[55],detail_return_table_cross_validated,1.0,수수료후취-온라인슈 퍼 (S) 수수료후취-온라인슈 퍼 (S) 75.34 41.38 27.56 16.56 9.16
FUND000091,KR5113470031,CLASS001067,S,class_return,SINCE_INCEPTION,9.16,,55,[55],detail_return_table_cross_validated,1.0,수수료후취-온라인슈 퍼 (S) 수수료후취-온라인슈 퍼 (S) 75.34 41.38 27.56 16.56 9.16
FUND000091,KR5113470031,CLASS001068,S-P,class_return,1Y,75.38,,55,[55],detail_return_table_cross_validated,1.0,수수료미징구-온라인 슈퍼-개인연금 (S-P) 수수료미징구-온라인 슈퍼-개인연금 (S-P) 75.38 41.41 27.59 16.59 9.17
FUND000091,KR5113470031,CLASS001068,S-P,class_return,2Y,41.41,,55,[55],detail_return_table_cross_validated,1.0,수수료미징구-온라인 슈퍼-개인연금 (S-P) 수수료미징구-온라인 슈퍼-개인연금 (S-P) 75.38 41.41 27.59 16.59 9.17
FUND000091,KR5113470031,CLASS001068,S-P,class_return,3Y,27.59,,55,[55],detail_return_table_cross_validated,1.0,수수료미징구-온라인 슈퍼-개인연금 (S-P) 수수료미징구-온라인 슈퍼-개인연금 (S-P) 75.38 41.41 27.59 16.59 9.17
FUND000091,KR5113470031,CLASS001068,S-P,class_return,5Y,16.59,,55,[55],detail_return_table_cross_validated,1.0,수수료미징구-온라인 슈퍼-개인연금 (S-P) 수수료미징구-온라인 슈퍼-개인연금 (S-P) 75.38 41.41 27.59 16.59 9.17
FUND000091,KR5113470031,CLASS001068,S-P,class_return,SINCE_INCEPTION,9.17,,55,[55],detail_return_table_cross_validated,1.0,수수료미징구-온라인 슈퍼-개인연금 (S-P) 수수료미징구-온라인 슈퍼-개인연금 (S-P) 75.38 41.41 27.59 16.59 9.17
FUND000091,KR5113470031,CLASS001064,C-P,class_return,1Y,74.82,,55,[55],detail_return_table_cross_validated,1.0,수수료미징구-오프라 인-개인연금 (C-P) 수수료미징구-오프라 인-개인연금 (C-P) 74.82 40.94 27.17 16.20 8.98
FUND000091,KR5113470031,CLASS001064,C-P,class_return,2Y,40.94,,55,[55],detail_return_table_cross_validated,1.0,수수료미징구-오프라 인-개인연금 (C-P) 수수료미징구-오프라 인-개인연금 (C-P) 74.82 40.94 27.17 16.20 8.98
FUND000091,KR5113470031,CLASS001064,C-P,class_return,3Y,27.17,,55,[55],detail_return_table_cross_validated,1.0,수수료미징구-오프라 인-개인연금 (C-P) 수수료미징구-오프라 인-개인연금 (C-P) 74.82 40.94 27.17 16.20 8.98
FUND000091,KR5113470031,CLASS001064,C-P,class_return,5Y,16.20,,55,[55],detail_return_table_cross_validated,1.0,수수료미징구-오프라 인-개인연금 (C-P) 수수료미징구-오프라 인-개인연금 (C-P) 74.82 40.94 27.17 16.20 8.98
FUND000091,KR5113470031,CLASS001064,C-P,class_return,SINCE_INCEPTION,8.98,,55,[55],detail_return_table_cross_validated,1.0,수수료미징구-오프라 인-개인연금 (C-P) 수수료미징구-오프라 인-개인연금 (C-P) 74.82 40.94 27.17 16.20 8.98
FUND000046,KR5114420016,CLASS000650,R,class_return,1Y,8.88,2006-09-11,7,[7],cell_grid,1.0,수수료미징구-오프라인(R) 수수료미징구-오프라인(R) 2006-09-11 8.88 6.44 4.75 0.35 3.20
FUND000046,KR5114420016,CLASS000650,R,class_return,2Y,6.44,2006-09-11,7,[7],cell_grid,1.0,수수료미징구-오프라인(R) 수수료미징구-오프라인(R) 2006-09-11 8.88 6.44 4.75 0.35 3.20
FUND000046,KR5114420016,CLASS000650,R,class_return,3Y,4.75,2006-09-11,7,[7],cell_grid,1.0,수수료미징구-오프라인(R) 수수료미징구-오프라인(R) 2006-09-11 8.88 6.44 4.75 0.35 3.20
FUND000046,KR5114420016,CLASS000650,R,class_return,5Y,0.35,2006-09-11,7,[7],cell_grid,1.0,수수료미징구-오프라인(R) 수수료미징구-오프라인(R) 2006-09-11 8.88 6.44 4.75 0.35 3.20
FUND000046,KR5114420016,CLASS000650,R,class_return,SINCE_INCEPTION,3.20,2006-09-11,7,[7],cell_grid,1.0,수수료미징구-오프라인(R) 수수료미징구-오프라인(R) 2006-09-11 8.88 6.44 4.75 0.35 3.20
FUND000046,KR5114420016,,,benchmark,1Y,9.44,2005-04-26,7,[7],cell_grid,1.0,비교지수(%) 비교지수(%) 2005-04-26 9.44 6.87 5.07 -12.28 0.24
FUND000046,KR5114420016,,,benchmark,2Y,6.87,2005-04-26,7,[7],cell_grid,1.0,비교지수(%) 비교지수(%) 2005-04-26 9.44 6.87 5.07 -12.28 0.24
FUND000046,KR5114420016,,,benchmark,3Y,5.07,2005-04-26,7,[7],cell_grid,1.0,비교지수(%) 비교지수(%) 2005-04-26 9.44 6.87 5.07 -12.28 0.24
FUND000046,KR5114420016,,,benchmark,5Y,-12.28,2005-04-26,7,[7],cell_grid,1.0,비교지수(%) 비교지수(%) 2005-04-26 9.44 6.87 5.07 -12.28 0.24
FUND000046,KR5114420016,,,benchmark,SINCE_INCEPTION,0.24,2005-04-26,7,[7],cell_grid,1.0,비교지수(%) 비교지수(%) 2005-04-26 9.44 6.87 5.07 -12.28 0.24
FUND000046,KR5114420016,,,volatility,1Y,4.43,2005-04-26,7,[7],cell_grid,1.0,수익률 변동성(%) 수익률 변동성(%) 2005-04-26 4.43 5.14 6.69 5.89 4.02
FUND000046,KR5114420016,,,volatility,2Y,5.14,2005-04-26,7,[7],cell_grid,1.0,수익률 변동성(%) 수익률 변동성(%) 2005-04-26 4.43 5.14 6.69 5.89 4.02
FUND000046,KR5114420016,,,volatility,3Y,6.69,2005-04-26,7,[7],cell_grid,1.0,수익률 변동성(%) 수익률 변동성(%) 2005-04-26 4.43 5.14 6.69 5.89 4.02
FUND000046,KR5114420016,,,volatility,5Y,5.89,2005-04-26,7,[7],cell_grid,1.0,수익률 변동성(%) 수익률 변동성(%) 2005-04-26 4.43 5.14 6.69 5.89 4.02
FUND000046,KR5114420016,,,volatility,SINCE_INCEPTION,4.02,2005-04-26,7,[7],cell_grid,1.0,수익률 변동성(%) 수익률 변동성(%) 2005-04-26 4.43 5.14 6.69 5.89 4.02
FUND000046,KR5114420016,,,fund,1Y,9.53,,51,[51],cell_grid,1.0,투자신탁 투자신탁 9.53 % 7.08 % 5.38 % 0.96 % 3.81 %
FUND000046,KR5114420016,,,fund,2Y,7.08,,51,[51],cell_grid,1.0,투자신탁 투자신탁 9.53 % 7.08 % 5.38 % 0.96 % 3.81 %
FUND000046,KR5114420016,,,fund,3Y,5.38,,51,[51],cell_grid,1.0,투자신탁 투자신탁 9.53 % 7.08 % 5.38 % 0.96 % 3.81 %
FUND000046,KR5114420016,,,fund,5Y,0.96,,51,[51],cell_grid,1.0,투자신탁 투자신탁 9.53 % 7.08 % 5.38 % 0.96 % 3.81 %
FUND000046,KR5114420016,,,fund,SINCE_INCEPTION,3.81,,51,[51],cell_grid,1.0,투자신탁 투자신탁 9.53 % 7.08 % 5.38 % 0.96 % 3.81 %
FUND000046,KR5114420016,,,fund,1Y,9.11,,52,[52],cell_grid,1.0,투자신탁 투자신탁 9.11 % 6.66 % 4.96 % 0.56 % 1.39 %
FUND000046,KR5114420016,,,fund,2Y,6.66,,52,[52],cell_grid,1.0,투자신탁 투자신탁 9.11 % 6.66 % 4.96 % 0.56 % 1.39 %
FUND000046,KR5114420016,,,fund,3Y,4.96,,52,[52],cell_grid,1.0,투자신탁 투자신탁 9.11 % 6.66 % 4.96 % 0.56 % 1.39 %
FUND000046,KR5114420016,,,fund,5Y,0.56,,52,[52],cell_grid,1.0,투자신탁 투자신탁 9.11 % 6.66 % 4.96 % 0.56 % 1.39 %
FUND000046,KR5114420016,,,fund,SINCE_INCEPTION,1.39,,52,[52],cell_grid,1.0,투자신탁 투자신탁 9.11 % 6.66 % 4.96 % 0.56 % 1.39 %
FUND000046,KR5114420016,,,benchmark,1Y,9.34,2006-09-11,52,[52],cell_grid,1.0,비교지수 비교지수 9.34 % 6.82 % 5.11 % 0.82 % 1.68 %
FUND000046,KR5114420016,,,benchmark,2Y,6.82,2006-09-11,52,[52],cell_grid,1.0,비교지수 비교지수 9.34 % 6.82 % 5.11 % 0.82 % 1.68 %
FUND000046,KR5114420016,,,benchmark,3Y,5.11,2006-09-11,52,[52],cell_grid,1.0,비교지수 비교지수 9.34 % 6.82 % 5.11 % 0.82 % 1.68 %
FUND000046,KR5114420016,,,benchmark,5Y,0.82,2006-09-11,52,[52],cell_grid,1.0,비교지수 비교지수 9.34 % 6.82 % 5.11 % 0.82 % 1.68 %
FUND000046,KR5114420016,,,benchmark,SINCE_INCEPTION,1.68,2006-09-11,52,[52],cell_grid,1.0,비교지수 비교지수 9.34 % 6.82 % 5.11 % 0.82 % 1.68 %
FUND000047,KR5114420022,CLASS000656,C,class_return,1Y,3.44,2016-08-25,7,[7],cell_grid,1.0,수수료미징구-오프라인-개인연 금(C) 수수료미징구-오프라인-개인연 금(C) 2016-08-25 3.44 3.25 2.12 1.11 1.05
FUND000047,KR5114420022,CLASS000656,C,class_return,2Y,3.25,2016-08-25,7,[7],cell_grid,1.0,수수료미징구-오프라인-개인연 금(C) 수수료미징구-오프라인-개인연 금(C) 2016-08-25 3.44 3.25 2.12 1.11 1.05
FUND000047,KR5114420022,CLASS000656,C,class_return,3Y,2.12,2016-08-25,7,[7],cell_grid,1.0,수수료미징구-오프라인-개인연 금(C) 수수료미징구-오프라인-개인연 금(C) 2016-08-25 3.44 3.25 2.12 1.11 1.05
FUND000047,KR5114420022,CLASS000656,C,class_return,5Y,1.11,2016-08-25,7,[7],cell_grid,1.0,수수료미징구-오프라인-개인연 금(C) 수수료미징구-오프라인-개인연 금(C) 2016-08-25 3.44 3.25 2.12 1.11 1.05
FUND000047,KR5114420022,CLASS000656,C,class_return,SINCE_INCEPTION,1.05,2016-08-25,7,[7],cell_grid,1.0,수수료미징구-오프라인-개인연 금(C) 수수료미징구-오프라인-개인연 금(C) 2016-08-25 3.44 3.25 2.12 1.11 1.05
FUND000047,KR5114420022,,,benchmark,1Y,4.53,2001-02-07,7,[7],cell_grid,1.0,비교지수(%) 비교지수(%) 2001-02-07 4.53 4.33 3.13 2.11 3.51
FUND000047,KR5114420022,,,benchmark,2Y,4.33,2001-02-07,7,[7],cell_grid,1.0,비교지수(%) 비교지수(%) 2001-02-07 4.53 4.33 3.13 2.11 3.51
FUND000047,KR5114420022,,,benchmark,3Y,3.13,2001-02-07,7,[7],cell_grid,1.0,비교지수(%) 비교지수(%) 2001-02-07 4.53 4.33 3.13 2.11 3.51
FUND000047,KR5114420022,,,benchmark,5Y,2.11,2001-02-07,7,[7],cell_grid,1.0,비교지수(%) 비교지수(%) 2001-02-07 4.53 4.33 3.13 2.11 3.51
FUND000047,KR5114420022,,,benchmark,SINCE_INCEPTION,3.51,2001-02-07,7,[7],cell_grid,1.0,비교지수(%) 비교지수(%) 2001-02-07 4.53 4.33 3.13 2.11 3.51
FUND000047,KR5114420022,,,volatility,1Y,0.75,2001-02-07,7,[7],cell_grid,1.0,수익률 변동성(%) 수익률 변동성(%) 2001-02-07 0.75 0.92 1.29 1.11 1.19
FUND000047,KR5114420022,,,volatility,2Y,0.92,2001-02-07,7,[7],cell_grid,1.0,수익률 변동성(%) 수익률 변동성(%) 2001-02-07 0.75 0.92 1.29 1.11 1.19
FUND000047,KR5114420022,,,volatility,3Y,1.29,2001-02-07,7,[7],cell_grid,1.0,수익률 변동성(%) 수익률 변동성(%) 2001-02-07 0.75 0.92 1.29 1.11 1.19
FUND000047,KR5114420022,,,volatility,5Y,1.11,2001-02-07,7,[7],cell_grid,1.0,수익률 변동성(%) 수익률 변동성(%) 2001-02-07 0.75 0.92 1.29 1.11 1.19
FUND000047,KR5114420022,,,volatility,SINCE_INCEPTION,1.19,2001-02-07,7,[7],cell_grid,1.0,수익률 변동성(%) 수익률 변동성(%) 2001-02-07 0.75 0.92 1.29 1.11 1.19
FUND000047,KR5114420022,,,fund,1Y,4.42,,46,[46],cell_grid,1.0,투자신탁 투자신탁 4.42 % 4.24 % 3.10 % 2.07 % 3.08 %
FUND000047,KR5114420022,,,fund,2Y,4.24,,46,[46],cell_grid,1.0,투자신탁 투자신탁 4.42 % 4.24 % 3.10 % 2.07 % 3.08 %
FUND000047,KR5114420022,,,fund,3Y,3.10,,46,[46],cell_grid,1.0,투자신탁 투자신탁 4.42 % 4.24 % 3.10 % 2.07 % 3.08 %
FUND000047,KR5114420022,,,fund,5Y,2.07,,46,[46],cell_grid,1.0,투자신탁 투자신탁 4.42 % 4.24 % 3.10 % 2.07 % 3.08 %
FUND000047,KR5114420022,,,fund,SINCE_INCEPTION,3.08,,46,[46],cell_grid,1.0,투자신탁 투자신탁 4.42 % 4.24 % 3.10 % 2.07 % 3.08 %
FUND000047,KR5114420022,,,fund,1Y,3.44,,47,[47],cell_grid,1.0,투자신탁 투자신탁 3.44 % 3.25 % 2.12 % 1.11 % 2.73 %
FUND000047,KR5114420022,,,fund,2Y,3.25,,47,[47],cell_grid,1.0,투자신탁 투자신탁 3.44 % 3.25 % 2.12 % 1.11 % 2.73 %
FUND000047,KR5114420022,,,fund,3Y,2.12,,47,[47],cell_grid,1.0,투자신탁 투자신탁 3.44 % 3.25 % 2.12 % 1.11 % 2.73 %
FUND000047,KR5114420022,,,fund,5Y,1.11,,47,[47],cell_grid,1.0,투자신탁 투자신탁 3.44 % 3.25 % 2.12 % 1.11 % 2.73 %
FUND000047,KR5114420022,,,fund,SINCE_INCEPTION,2.73,,47,[47],cell_grid,1.0,투자신탁 투자신탁 3.44 % 3.25 % 2.12 % 1.11 % 2.73 %
FUND000048,KR5114420027,CLASS000659,A,class_return,1Y,5.57,2016-03-31,8,[8],cell_grid,1.0,수수료선취-오프라인(A) 수수료선취-오프라인(A) 2016-03-31 5.57 6.76 5.42 1.75 2.19
FUND000048,KR5114420027,CLASS000659,A,class_return,2Y,6.76,2016-03-31,8,[8],cell_grid,1.0,수수료선취-오프라인(A) 수수료선취-오프라인(A) 2016-03-31 5.57 6.76 5.42 1.75 2.19
FUND000048,KR5114420027,CLASS000659,A,class_return,3Y,5.42,2016-03-31,8,[8],cell_grid,1.0,수수료선취-오프라인(A) 수수료선취-오프라인(A) 2016-03-31 5.57 6.76 5.42 1.75 2.19
FUND000048,KR5114420027,CLASS000659,A,class_return,5Y,1.75,2016-03-31,8,[8],cell_grid,1.0,수수료선취-오프라인(A) 수수료선취-오프라인(A) 2016-03-31 5.57 6.76 5.42 1.75 2.19
FUND000048,KR5114420027,CLASS000659,A,class_return,SINCE_INCEPTION,2.19,2016-03-31,8,[8],cell_grid,1.0,수수료선취-오프라인(A) 수수료선취-오프라인(A) 2016-03-31 5.57 6.76 5.42 1.75 2.19
FUND000048,KR5114420027,,,benchmark,1Y,5.25,2013-02-27,8,[8],cell_grid,1.0,비교지수(%) 비교지수(%) 2013-02-27 5.25 6.12 4.54 1.56 2.54
FUND000048,KR5114420027,,,benchmark,2Y,6.12,2013-02-27,8,[8],cell_grid,1.0,비교지수(%) 비교지수(%) 2013-02-27 5.25 6.12 4.54 1.56 2.54
FUND000048,KR5114420027,,,benchmark,3Y,4.54,2013-02-27,8,[8],cell_grid,1.0,비교지수(%) 비교지수(%) 2013-02-27 5.25 6.12 4.54 1.56 2.54
FUND000048,KR5114420027,,,benchmark,5Y,1.56,2013-02-27,8,[8],cell_grid,1.0,비교지수(%) 비교지수(%) 2013-02-27 5.25 6.12 4.54 1.56 2.54
FUND000048,KR5114420027,,,benchmark,SINCE_INCEPTION,2.54,2013-02-27,8,[8],cell_grid,1.0,비교지수(%) 비교지수(%) 2013-02-27 5.25 6.12 4.54 1.56 2.54
FUND000048,KR5114420027,,,volatility,1Y,2.64,2013-02-27,8,[8],cell_grid,1.0,수익률 변동성(%) 수익률 변동성(%) 2013-02-27 2.64 3.11 4.21 3.93 2.91
FUND000048,KR5114420027,,,volatility,2Y,3.11,2013-02-27,8,[8],cell_grid,1.0,수익률 변동성(%) 수익률 변동성(%) 2013-02-27 2.64 3.11 4.21 3.93 2.91
FUND000048,KR5114420027,,,volatility,3Y,4.21,2013-02-27,8,[8],cell_grid,1.0,수익률 변동성(%) 수익률 변동성(%) 2013-02-27 2.64 3.11 4.21 3.93 2.91
FUND000048,KR5114420027,,,volatility,5Y,3.93,2013-02-27,8,[8],cell_grid,1.0,수익률 변동성(%) 수익률 변동성(%) 2013-02-27 2.64 3.11 4.21 3.93 2.91
FUND000048,KR5114420027,,,volatility,SINCE_INCEPTION,2.91,2013-02-27,8,[8],cell_grid,1.0,수익률 변동성(%) 수익률 변동성(%) 2013-02-27 2.64 3.11 4.21 3.93 2.91
FUND000048,KR5114420027,,,fund,1Y,5.89,,48,[48],cell_grid,1.0,투자신탁 투자신탁 5.89 % 7.08 % 5.74 % 2.06 % 3.03 %
FUND000048,KR5114420027,,,fund,2Y,7.08,,48,[48],cell_grid,1.0,투자신탁 투자신탁 5.89 % 7.08 % 5.74 % 2.06 % 3.03 %
FUND000048,KR5114420027,,,fund,3Y,5.74,,48,[48],cell_grid,1.0,투자신탁 투자신탁 5.89 % 7.08 % 5.74 % 2.06 % 3.03 %
FUND000048,KR5114420027,,,fund,5Y,2.06,,48,[48],cell_grid,1.0,투자신탁 투자신탁 5.89 % 7.08 % 5.74 % 2.06 % 3.03 %
FUND000048,KR5114420027,,,fund,SINCE_INCEPTION,3.03,,48,[48],cell_grid,1.0,투자신탁 투자신탁 5.89 % 7.08 % 5.74 % 2.06 % 3.03 %
FUND000048,KR5114420027,,,fund,1Y,5.57,,49,[49],cell_grid,1.0,투자신탁 투자신탁 5.57 % 6.76 % 5.42 % 1.75 % 2.19 %
FUND000048,KR5114420027,,,fund,2Y,6.76,,49,[49],cell_grid,1.0,투자신탁 투자신탁 5.57 % 6.76 % 5.42 % 1.75 % 2.19 %
FUND000048,KR5114420027,,,fund,3Y,5.42,,49,[49],cell_grid,1.0,투자신탁 투자신탁 5.57 % 6.76 % 5.42 % 1.75 % 2.19 %
FUND000048,KR5114420027,,,fund,5Y,1.75,,49,[49],cell_grid,1.0,투자신탁 투자신탁 5.57 % 6.76 % 5.42 % 1.75 % 2.19 %
FUND000048,KR5114420027,,,fund,SINCE_INCEPTION,2.19,,49,[49],cell_grid,1.0,투자신탁 투자신탁 5.57 % 6.76 % 5.42 % 1.75 % 2.19 %
FUND000048,KR5114420027,,,benchmark,1Y,5.25,2016-03-31,49,[49],cell_grid,1.0,비교지수 비교지수 5.25 % 6.12 % 4.54 % 1.56 % 1.97 %
FUND000048,KR5114420027,,,benchmark,2Y,6.12,2016-03-31,49,[49],cell_grid,1.0,비교지수 비교지수 5.25 % 6.12 % 4.54 % 1.56 % 1.97 %
FUND000048,KR5114420027,,,benchmark,3Y,4.54,2016-03-31,49,[49],cell_grid,1.0,비교지수 비교지수 5.25 % 6.12 % 4.54 % 1.56 % 1.97 %
FUND000048,KR5114420027,,,benchmark,5Y,1.56,2016-03-31,49,[49],cell_grid,1.0,비교지수 비교지수 5.25 % 6.12 % 4.54 % 1.56 % 1.97 %
FUND000048,KR5114420027,,,benchmark,SINCE_INCEPTION,1.97,2016-03-31,49,[49],cell_grid,1.0,비교지수 비교지수 5.25 % 6.12 % 4.54 % 1.56 % 1.97 %
FUND000048,KR5114420027,,,fund,1Y,5.66,,49,[49],cell_grid,1.0,투자신탁 투자신탁 5.66 % 6.85 % 5.51 % 1.84 % 1.74 %
FUND000048,KR5114420027,,,fund,2Y,6.85,,49,[49],cell_grid,1.0,투자신탁 투자신탁 5.66 % 6.85 % 5.51 % 1.84 % 1.74 %
FUND000048,KR5114420027,,,fund,3Y,5.51,,49,[49],cell_grid,1.0,투자신탁 투자신탁 5.66 % 6.85 % 5.51 % 1.84 % 1.74 %
FUND000048,KR5114420027,,,fund,5Y,1.84,,49,[49],cell_grid,1.0,투자신탁 투자신탁 5.66 % 6.85 % 5.51 % 1.84 % 1.74 %
FUND000048,KR5114420027,,,fund,SINCE_INCEPTION,1.74,,49,[49],cell_grid,1.0,투자신탁 투자신탁 5.66 % 6.85 % 5.51 % 1.84 % 1.74 %
FUND000048,KR5114420027,,,benchmark,1Y,5.25,2016-03-31,49,[49],cell_grid,1.0,비교지수 비교지수 5.25 % 6.12 % 4.54 % 1.56 % 1.54 %
FUND000048,KR5114420027,,,benchmark,2Y,6.12,2016-03-31,49,[49],cell_grid,1.0,비교지수 비교지수 5.25 % 6.12 % 4.54 % 1.56 % 1.54 %
FUND000048,KR5114420027,,,benchmark,3Y,4.54,2016-03-31,49,[49],cell_grid,1.0,비교지수 비교지수 5.25 % 6.12 % 4.54 % 1.56 % 1.54 %
FUND000048,KR5114420027,,,benchmark,5Y,1.56,2016-03-31,49,[49],cell_grid,1.0,비교지수 비교지수 5.25 % 6.12 % 4.54 % 1.56 % 1.54 %
FUND000048,KR5114420027,,,benchmark,SINCE_INCEPTION,1.54,2016-03-31,49,[49],cell_grid,1.0,비교지수 비교지수 5.25 % 6.12 % 4.54 % 1.56 % 1.54 %
FUND000049,KR5114420046,CLASS000675,C,class_return,1Y,2.28,2017-08-13,7,[7],cell_grid,1.0,수수료미징구-오프라인-퇴직연 금(C) 수수료미징구-오프라인-퇴직연 금(C) 2017-08-13 2.28 3.02 3.41 2.22 1.93
FUND000049,KR5114420046,CLASS000675,C,class_return,2Y,3.02,2017-08-13,7,[7],cell_grid,1.0,수수료미징구-오프라인-퇴직연 금(C) 수수료미징구-오프라인-퇴직연 금(C) 2017-08-13 2.28 3.02 3.41 2.22 1.93
FUND000049,KR5114420046,CLASS000675,C,class_return,3Y,3.41,2017-08-13,7,[7],cell_grid,1.0,수수료미징구-오프라인-퇴직연 금(C) 수수료미징구-오프라인-퇴직연 금(C) 2017-08-13 2.28 3.02 3.41 2.22 1.93
FUND000049,KR5114420046,CLASS000675,C,class_return,5Y,2.22,2017-08-13,7,[7],cell_grid,1.0,수수료미징구-오프라인-퇴직연 금(C) 수수료미징구-오프라인-퇴직연 금(C) 2017-08-13 2.28 3.02 3.41 2.22 1.93
FUND000049,KR5114420046,CLASS000675,C,class_return,SINCE_INCEPTION,1.93,2017-08-13,7,[7],cell_grid,1.0,수수료미징구-오프라인-퇴직연 금(C) 수수료미징구-오프라인-퇴직연 금(C) 2017-08-13 2.28 3.02 3.41 2.22 1.93
FUND000049,KR5114420046,,,benchmark,1Y,2.48,2005-12-30,7,[7],cell_grid,1.0,비교지수(%) 비교지수(%) 2005-12-30 2.48 3.14 3.43 2.37 2.96
FUND000049,KR5114420046,,,benchmark,2Y,3.14,2005-12-30,7,[7],cell_grid,1.0,비교지수(%) 비교지수(%) 2005-12-30 2.48 3.14 3.43 2.37 2.96
FUND000049,KR5114420046,,,benchmark,3Y,3.43,2005-12-30,7,[7],cell_grid,1.0,비교지수(%) 비교지수(%) 2005-12-30 2.48 3.14 3.43 2.37 2.96
FUND000049,KR5114420046,,,benchmark,5Y,2.37,2005-12-30,7,[7],cell_grid,1.0,비교지수(%) 비교지수(%) 2005-12-30 2.48 3.14 3.43 2.37 2.96
FUND000049,KR5114420046,,,benchmark,SINCE_INCEPTION,2.96,2005-12-30,7,[7],cell_grid,1.0,비교지수(%) 비교지수(%) 2005-12-30 2.48 3.14 3.43 2.37 2.96
FUND000049,KR5114420046,,,volatility,1Y,0.37,2005-12-30,7,[7],cell_grid,1.0,수익률 변동성(%) 수익률 변동성(%) 2005-12-30 0.37 0.36 0.46 0.59 0.66
FUND000049,KR5114420046,,,volatility,2Y,0.36,2005-12-30,7,[7],cell_grid,1.0,수익률 변동성(%) 수익률 변동성(%) 2005-12-30 0.37 0.36 0.46 0.59 0.66
FUND000049,KR5114420046,,,volatility,3Y,0.46,2005-12-30,7,[7],cell_grid,1.0,수익률 변동성(%) 수익률 변동성(%) 2005-12-30 0.37 0.36 0.46 0.59 0.66
FUND000049,KR5114420046,,,volatility,5Y,0.59,2005-12-30,7,[7],cell_grid,1.0,수익률 변동성(%) 수익률 변동성(%) 2005-12-30 0.37 0.36 0.46 0.59 0.66
FUND000049,KR5114420046,,,volatility,SINCE_INCEPTION,0.66,2005-12-30,7,[7],cell_grid,1.0,수익률 변동성(%) 수익률 변동성(%) 2005-12-30 0.37 0.36 0.46 0.59 0.66
FUND000049,KR5114420046,,,fund,1Y,2.71,,39,[39],cell_grid,1.0,투자신탁 투자신탁 2.71 % 3.45 % 3.84 % 2.65 % 2.94 %
FUND000049,KR5114420046,,,fund,2Y,3.45,,39,[39],cell_grid,1.0,투자신탁 투자신탁 2.71 % 3.45 % 3.84 % 2.65 % 2.94 %
FUND000049,KR5114420046,,,fund,3Y,3.84,,39,[39],cell_grid,1.0,투자신탁 투자신탁 2.71 % 3.45 % 3.84 % 2.65 % 2.94 %
FUND000049,KR5114420046,,,fund,5Y,2.65,,39,[39],cell_grid,1.0,투자신탁 투자신탁 2.71 % 3.45 % 3.84 % 2.65 % 2.94 %
FUND000049,KR5114420046,,,fund,SINCE_INCEPTION,2.94,,39,[39],cell_grid,1.0,투자신탁 투자신탁 2.71 % 3.45 % 3.84 % 2.65 % 2.94 %
FUND000049,KR5114420046,,,fund,1Y,2.28,,40,[40],cell_grid,1.0,투자신탁 투자신탁 2.28 % 3.02 % 3.41 % 2.22 % 2.76 %
FUND000049,KR5114420046,,,fund,2Y,3.02,,40,[40],cell_grid,1.0,투자신탁 투자신탁 2.28 % 3.02 % 3.41 % 2.22 % 2.76 %
FUND000049,KR5114420046,,,fund,3Y,3.41,,40,[40],cell_grid,1.0,투자신탁 투자신탁 2.28 % 3.02 % 3.41 % 2.22 % 2.76 %
FUND000049,KR5114420046,,,fund,5Y,2.22,,40,[40],cell_grid,1.0,투자신탁 투자신탁 2.28 % 3.02 % 3.41 % 2.22 % 2.76 %
FUND000049,KR5114420046,,,fund,SINCE_INCEPTION,2.76,,40,[40],cell_grid,1.0,투자신탁 투자신탁 2.28 % 3.02 % 3.41 % 2.22 % 2.76 %
FUND000049,KR5114420046,,,fund,1Y,2.43,,40,[40],cell_grid,1.0,투자신탁 투자신탁 2.43 % 3.16 % 3.55 % 2.36 % 2.07 %
FUND000049,KR5114420046,,,fund,2Y,3.16,,40,[40],cell_grid,1.0,투자신탁 투자신탁 2.43 % 3.16 % 3.55 % 2.36 % 2.07 %
FUND000049,KR5114420046,,,fund,3Y,3.55,,40,[40],cell_grid,1.0,투자신탁 투자신탁 2.43 % 3.16 % 3.55 % 2.36 % 2.07 %
FUND000049,KR5114420046,,,fund,5Y,2.36,,40,[40],cell_grid,1.0,투자신탁 투자신탁 2.43 % 3.16 % 3.55 % 2.36 % 2.07 %
FUND000049,KR5114420046,,,fund,SINCE_INCEPTION,2.07,,40,[40],cell_grid,1.0,투자신탁 투자신탁 2.43 % 3.16 % 3.55 % 2.36 % 2.07 %
FUND000049,KR5114420046,,,benchmark,1Y,2.48,2017-08-13,40,[40],cell_grid,1.0,비교지수 비교지수 2.48 % 3.14 % 3.43 % 2.37 % 2.09 %
FUND000049,KR5114420046,,,benchmark,2Y,3.14,2017-08-13,40,[40],cell_grid,1.0,비교지수 비교지수 2.48 % 3.14 % 3.43 % 2.37 % 2.09 %
FUND000049,KR5114420046,,,benchmark,3Y,3.43,2017-08-13,40,[40],cell_grid,1.0,비교지수 비교지수 2.48 % 3.14 % 3.43 % 2.37 % 2.09 %
FUND000049,KR5114420046,,,benchmark,5Y,2.37,2017-08-13,40,[40],cell_grid,1.0,비교지수 비교지수 2.48 % 3.14 % 3.43 % 2.37 % 2.09 %
FUND000049,KR5114420046,,,benchmark,SINCE_INCEPTION,2.09,2017-08-13,40,[40],cell_grid,1.0,비교지수 비교지수 2.48 % 3.14 % 3.43 % 2.37 % 2.09 %
FUND000050,KR5114450222,CLASS000678,C,class_return,1Y,5.50,2016-08-21,7,[7],cell_grid,1.0,수수료미징구-오프라인-개인연 금(C) 수수료미징구-오프라인-개인연 금(C) 2016-08-21 5.50 6.53 -3.82 4.02 3.58
FUND000050,KR5114450222,CLASS000678,C,class_return,2Y,6.53,2016-08-21,7,[7],cell_grid,1.0,수수료미징구-오프라인-개인연 금(C) 수수료미징구-오프라인-개인연 금(C) 2016-08-21 5.50 6.53 -3.82 4.02 3.58
FUND000050,KR5114450222,CLASS000678,C,class_return,3Y,-3.82,2016-08-21,7,[7],cell_grid,1.0,수수료미징구-오프라인-개인연 금(C) 수수료미징구-오프라인-개인연 금(C) 2016-08-21 5.50 6.53 -3.82 4.02 3.58
FUND000050,KR5114450222,CLASS000678,C,class_return,5Y,4.02,2016-08-21,7,[7],cell_grid,1.0,수수료미징구-오프라인-개인연 금(C) 수수료미징구-오프라인-개인연 금(C) 2016-08-21 5.50 6.53 -3.82 4.02 3.58
FUND000050,KR5114450222,CLASS000678,C,class_return,SINCE_INCEPTION,3.58,2016-08-21,7,[7],cell_grid,1.0,수수료미징구-오프라인-개인연 금(C) 수수료미징구-오프라인-개인연 금(C) 2016-08-21 5.50 6.53 -3.82 4.02 3.58
FUND000050,KR5114450222,,,benchmark,1Y,-0.71,2008-12-30,7,[7],cell_grid,1.0,비교지수(%) 비교지수(%) 2008-12-30 -0.71 3.49 -4.50 2.70 5.11
FUND000050,KR5114450222,,,benchmark,2Y,3.49,2008-12-30,7,[7],cell_grid,1.0,비교지수(%) 비교지수(%) 2008-12-30 -0.71 3.49 -4.50 2.70 5.11
FUND000050,KR5114450222,,,benchmark,3Y,-4.50,2008-12-30,7,[7],cell_grid,1.0,비교지수(%) 비교지수(%) 2008-12-30 -0.71 3.49 -4.50 2.70 5.11
FUND000050,KR5114450222,,,benchmark,5Y,2.70,2008-12-30,7,[7],cell_grid,1.0,비교지수(%) 비교지수(%) 2008-12-30 -0.71 3.49 -4.50 2.70 5.11
FUND000050,KR5114450222,,,benchmark,SINCE_INCEPTION,5.11,2008-12-30,7,[7],cell_grid,1.0,비교지수(%) 비교지수(%) 2008-12-30 -0.71 3.49 -4.50 2.70 5.11
FUND000050,KR5114450222,,,volatility,1Y,15.50,2008-12-30,7,[7],cell_grid,1.0,수익률 변동성(%) 수익률 변동성(%) 2008-12-30 15.50 14.03 14.66 18.73 15.85
FUND000050,KR5114450222,,,volatility,2Y,14.03,2008-12-30,7,[7],cell_grid,1.0,수익률 변동성(%) 수익률 변동성(%) 2008-12-30 15.50 14.03 14.66 18.73 15.85
FUND000050,KR5114450222,,,volatility,3Y,14.66,2008-12-30,7,[7],cell_grid,1.0,수익률 변동성(%) 수익률 변동성(%) 2008-12-30 15.50 14.03 14.66 18.73 15.85
FUND000050,KR5114450222,,,volatility,5Y,18.73,2008-12-30,7,[7],cell_grid,1.0,수익률 변동성(%) 수익률 변동성(%) 2008-12-30 15.50 14.03 14.66 18.73 15.85
FUND000050,KR5114450222,,,volatility,SINCE_INCEPTION,15.85,2008-12-30,7,[7],cell_grid,1.0,수익률 변동성(%) 수익률 변동성(%) 2008-12-30 15.50 14.03 14.66 18.73 15.85
FUND000050,KR5114450222,,,fund,1Y,7.03,,50,[50],cell_grid,1.0,투자신탁 투자신탁 7.03 % 8.08 % -2.38 % 5.56 % 7.26 %
FUND000050,KR5114450222,,,fund,2Y,8.08,,50,[50],cell_grid,1.0,투자신탁 투자신탁 7.03 % 8.08 % -2.38 % 5.56 % 7.26 %
FUND000050,KR5114450222,,,fund,3Y,-2.38,,50,[50],cell_grid,1.0,투자신탁 투자신탁 7.03 % 8.08 % -2.38 % 5.56 % 7.26 %
FUND000050,KR5114450222,,,fund,5Y,5.56,,50,[50],cell_grid,1.0,투자신탁 투자신탁 7.03 % 8.08 % -2.38 % 5.56 % 7.26 %
FUND000050,KR5114450222,,,fund,SINCE_INCEPTION,7.26,,50,[50],cell_grid,1.0,투자신탁 투자신탁 7.03 % 8.08 % -2.38 % 5.56 % 7.26 %
FUND000050,KR5114450222,,,fund,1Y,5.50,,51,[51],cell_grid,1.0,투자신탁 투자신탁 5.50 % 6.53 % -3.82 % 4.02 % 6.42 %
FUND000050,KR5114450222,,,fund,2Y,6.53,,51,[51],cell_grid,1.0,투자신탁 투자신탁 5.50 % 6.53 % -3.82 % 4.02 % 6.42 %
FUND000050,KR5114450222,,,fund,3Y,-3.82,,51,[51],cell_grid,1.0,투자신탁 투자신탁 5.50 % 6.53 % -3.82 % 4.02 % 6.42 %
FUND000050,KR5114450222,,,fund,5Y,4.02,,51,[51],cell_grid,1.0,투자신탁 투자신탁 5.50 % 6.53 % -3.82 % 4.02 % 6.42 %
FUND000050,KR5114450222,,,fund,SINCE_INCEPTION,6.42,,51,[51],cell_grid,1.0,투자신탁 투자신탁 5.50 % 6.53 % -3.82 % 4.02 % 6.42 %
FUND000051,KR5114450270,CLASS000681,C,class_return,1Y,99.84,2017-07-30,7,[7],cell_grid,1.0,수수료미징구-오프라인-퇴직연 금(C) 수수료미징구-오프라인-퇴직연 금(C) 2017-07-30 99.84 34.01 30.89 11.80 10.31
FUND000051,KR5114450270,CLASS000681,C,class_return,2Y,34.01,2017-07-30,7,[7],cell_grid,1.0,수수료미징구-오프라인-퇴직연 금(C) 수수료미징구-오프라인-퇴직연 금(C) 2017-07-30 99.84 34.01 30.89 11.80 10.31
FUND000051,KR5114450270,CLASS000681,C,class_return,3Y,30.89,2017-07-30,7,[7],cell_grid,1.0,수수료미징구-오프라인-퇴직연 금(C) 수수료미징구-오프라인-퇴직연 금(C) 2017-07-30 99.84 34.01 30.89 11.80 10.31
FUND000051,KR5114450270,CLASS000681,C,class_return,5Y,11.80,2017-07-30,7,[7],cell_grid,1.0,수수료미징구-오프라인-퇴직연 금(C) 수수료미징구-오프라인-퇴직연 금(C) 2017-07-30 99.84 34.01 30.89 11.80 10.31
FUND000051,KR5114450270,CLASS000681,C,class_return,SINCE_INCEPTION,10.31,2017-07-30,7,[7],cell_grid,1.0,수수료미징구-오프라인-퇴직연 금(C) 수수료미징구-오프라인-퇴직연 금(C) 2017-07-30 99.84 34.01 30.89 11.80 10.31
FUND000051,KR5114450270,,,benchmark,1Y,96.42,2006-03-28,7,[7],cell_grid,1.0,비교지수(%) 비교지수(%) 2006-03-28 96.42 31.57 28.85 10.07 6.74
FUND000051,KR5114450270,,,benchmark,2Y,31.57,2006-03-28,7,[7],cell_grid,1.0,비교지수(%) 비교지수(%) 2006-03-28 96.42 31.57 28.85 10.07 6.74
FUND000051,KR5114450270,,,benchmark,3Y,28.85,2006-03-28,7,[7],cell_grid,1.0,비교지수(%) 비교지수(%) 2006-03-28 96.42 31.57 28.85 10.07 6.74
FUND000051,KR5114450270,,,benchmark,5Y,10.07,2006-03-28,7,[7],cell_grid,1.0,비교지수(%) 비교지수(%) 2006-03-28 96.42 31.57 28.85 10.07 6.74
FUND000051,KR5114450270,,,benchmark,SINCE_INCEPTION,6.74,2006-03-28,7,[7],cell_grid,1.0,비교지수(%) 비교지수(%) 2006-03-28 96.42 31.57 28.85 10.07 6.74
FUND000051,KR5114450270,,,volatility,1Y,20.22,2006-03-28,7,[7],cell_grid,1.0,수익률 변동성(%) 수익률 변동성(%) 2006-03-28 20.22 19.75 18.02 17.43 19.13
FUND000051,KR5114450270,,,volatility,2Y,19.75,2006-03-28,7,[7],cell_grid,1.0,수익률 변동성(%) 수익률 변동성(%) 2006-03-28 20.22 19.75 18.02 17.43 19.13
FUND000051,KR5114450270,,,volatility,3Y,18.02,2006-03-28,7,[7],cell_grid,1.0,수익률 변동성(%) 수익률 변동성(%) 2006-03-28 20.22 19.75 18.02 17.43 19.13
FUND000051,KR5114450270,,,volatility,5Y,17.43,2006-03-28,7,[7],cell_grid,1.0,수익률 변동성(%) 수익률 변동성(%) 2006-03-28 20.22 19.75 18.02 17.43 19.13
FUND000051,KR5114450270,,,volatility,SINCE_INCEPTION,19.13,2006-03-28,7,[7],cell_grid,1.0,수익률 변동성(%) 수익률 변동성(%) 2006-03-28 20.22 19.75 18.02 17.43 19.13
FUND000051,KR5114450270,,,fund,1Y,100.93,,37,[37],cell_grid,1.0,투자신탁 투자신탁 100.93 % 34.77 % 31.64 % 12.45 % 8.42 %
FUND000051,KR5114450270,,,fund,2Y,34.77,,37,[37],cell_grid,1.0,투자신탁 투자신탁 100.93 % 34.77 % 31.64 % 12.45 % 8.42 %
FUND000051,KR5114450270,,,fund,3Y,31.64,,37,[37],cell_grid,1.0,투자신탁 투자신탁 100.93 % 34.77 % 31.64 % 12.45 % 8.42 %
FUND000051,KR5114450270,,,fund,5Y,12.45,,37,[37],cell_grid,1.0,투자신탁 투자신탁 100.93 % 34.77 % 31.64 % 12.45 % 8.42 %
FUND000051,KR5114450270,,,fund,SINCE_INCEPTION,8.42,,37,[37],cell_grid,1.0,투자신탁 투자신탁 100.93 % 34.77 % 31.64 % 12.45 % 8.42 %
FUND000051,KR5114450270,,,fund,1Y,99.84,,38,[38],cell_grid,1.0,투자신탁 투자신탁 99.84 % 34.01 % 30.89 % 11.80 % 8.14 %
FUND000051,KR5114450270,,,fund,2Y,34.01,,38,[38],cell_grid,1.0,투자신탁 투자신탁 99.84 % 34.01 % 30.89 % 11.80 % 8.14 %
FUND000051,KR5114450270,,,fund,3Y,30.89,,38,[38],cell_grid,1.0,투자신탁 투자신탁 99.84 % 34.01 % 30.89 % 11.80 % 8.14 %
FUND000051,KR5114450270,,,fund,5Y,11.80,,38,[38],cell_grid,1.0,투자신탁 투자신탁 99.84 % 34.01 % 30.89 % 11.80 % 8.14 %
FUND000051,KR5114450270,,,fund,SINCE_INCEPTION,8.14,,38,[38],cell_grid,1.0,투자신탁 투자신탁 99.84 % 34.01 % 30.89 % 11.80 % 8.14 %
FUND000018,KR5116501001,CLASS000239,C-P,class_return,1Y,1.64,2008-02-28,6,"[6,41]",cell_grid,1.0,수수료미징구- 오프라인- 투자실적 퇴직연금(C-P)(%) 2008.02.28 1.64 2.23 2.64 1.84 4.10
FUND000018,KR5116501001,CLASS000239,C-P,class_return,2Y,2.23,2008-02-28,6,"[6,41]",cell_grid,1.0,수수료미징구- 오프라인- 투자실적 퇴직연금(C-P)(%) 2008.02.28 1.64 2.23 2.64 1.84 4.10
FUND000018,KR5116501001,CLASS000239,C-P,class_return,3Y,2.64,2008-02-28,6,"[6,41]",cell_grid,1.0,수수료미징구- 오프라인- 투자실적 퇴직연금(C-P)(%) 2008.02.28 1.64 2.23 2.64 1.84 4.10
FUND000018,KR5116501001,CLASS000239,C-P,class_return,5Y,1.84,2008-02-28,6,"[6,41]",cell_grid,1.0,수수료미징구- 오프라인- 투자실적 퇴직연금(C-P)(%) 2008.02.28 1.64 2.23 2.64 1.84 4.10
FUND000018,KR5116501001,CLASS000239,C-P,class_return,SINCE_INCEPTION,4.10,2008-02-28,6,"[6,41]",cell_grid,1.0,수수료미징구- 오프라인- 투자실적 퇴직연금(C-P)(%) 2008.02.28 1.64 2.23 2.64 1.84 4.10
FUND000018,KR5116501001,,,benchmark,1Y,1.66,2008-02-28,6,[6],cell_grid,1.0,비교지수(%) 비교지수(%) 1.66 2.58 3.29 2.44 4.36
FUND000018,KR5116501001,,,benchmark,2Y,2.58,2008-02-28,6,[6],cell_grid,1.0,비교지수(%) 비교지수(%) 1.66 2.58 3.29 2.44 4.36
FUND000018,KR5116501001,,,benchmark,3Y,3.29,2008-02-28,6,[6],cell_grid,1.0,비교지수(%) 비교지수(%) 1.66 2.58 3.29 2.44 4.36
FUND000018,KR5116501001,,,benchmark,5Y,2.44,2008-02-28,6,[6],cell_grid,1.0,비교지수(%) 비교지수(%) 1.66 2.58 3.29 2.44 4.36
FUND000018,KR5116501001,,,benchmark,SINCE_INCEPTION,4.36,2008-02-28,6,[6],cell_grid,1.0,비교지수(%) 비교지수(%) 1.66 2.58 3.29 2.44 4.36
FUND000018,KR5116501001,,,volatility,1Y,1.57,2008-02-28,6,[6],cell_grid,1.0,수익률 변동성(%) 수익률 변동성(%) 1.57 1.46 1.30 1.39 1.39
FUND000018,KR5116501001,,,volatility,2Y,1.46,2008-02-28,6,[6],cell_grid,1.0,수익률 변동성(%) 수익률 변동성(%) 1.57 1.46 1.30 1.39 1.39
FUND000018,KR5116501001,,,volatility,3Y,1.30,2008-02-28,6,[6],cell_grid,1.0,수익률 변동성(%) 수익률 변동성(%) 1.57 1.46 1.30 1.39 1.39
FUND000018,KR5116501001,,,volatility,5Y,1.39,2008-02-28,6,[6],cell_grid,1.0,수익률 변동성(%) 수익률 변동성(%) 1.57 1.46 1.30 1.39 1.39
FUND000018,KR5116501001,,,volatility,SINCE_INCEPTION,1.39,2008-02-28,6,[6],cell_grid,1.0,수익률 변동성(%) 수익률 변동성(%) 1.57 1.46 1.30 1.39 1.39
FUND000038,KR5117420097,CLASS000528,A1,class_return,1Y,3.49,,5,[5],cell_grid,1.0,수수료선취 - 오프라인(A1) 수수료선취 - 오프라인(A1) 3.49 - - - 3.55
FUND000038,KR5117420097,CLASS000528,A1,class_return,2Y,-,,5,[5],cell_grid,1.0,수수료선취 - 오프라인(A1) 수수료선취 - 오프라인(A1) 3.49 - - - 3.55
FUND000038,KR5117420097,CLASS000528,A1,class_return,3Y,-,,5,[5],cell_grid,1.0,수수료선취 - 오프라인(A1) 수수료선취 - 오프라인(A1) 3.49 - - - 3.55
FUND000038,KR5117420097,CLASS000528,A1,class_return,5Y,-,,5,[5],cell_grid,1.0,수수료선취 - 오프라인(A1) 수수료선취 - 오프라인(A1) 3.49 - - - 3.55
FUND000038,KR5117420097,CLASS000528,A1,class_return,SINCE_INCEPTION,3.55,,5,[5],cell_grid,1.0,수수료선취 - 오프라인(A1) 수수료선취 - 오프라인(A1) 3.49 - - - 3.55
FUND000038,KR5117420097,CLASS000529,A-e,class_return,1Y,3.54,,5,[5],cell_grid,1.0,수수료선취 - 온라인(A-e) 수수료선취 - 온라인(A-e) 3.54 - - - 3.64
FUND000038,KR5117420097,CLASS000529,A-e,class_return,2Y,-,,5,[5],cell_grid,1.0,수수료선취 - 온라인(A-e) 수수료선취 - 온라인(A-e) 3.54 - - - 3.64
FUND000038,KR5117420097,CLASS000529,A-e,class_return,3Y,-,,5,[5],cell_grid,1.0,수수료선취 - 온라인(A-e) 수수료선취 - 온라인(A-e) 3.54 - - - 3.64
FUND000038,KR5117420097,CLASS000529,A-e,class_return,5Y,-,,5,[5],cell_grid,1.0,수수료선취 - 온라인(A-e) 수수료선취 - 온라인(A-e) 3.54 - - - 3.64
FUND000038,KR5117420097,CLASS000529,A-e,class_return,SINCE_INCEPTION,3.64,,5,[5],cell_grid,1.0,수수료선취 - 온라인(A-e) 수수료선취 - 온라인(A-e) 3.54 - - - 3.64
FUND000038,KR5117420097,CLASS000531,C1,class_return,1Y,3.28,,5,"[5,38]",cell_grid,1.0,수수료미징구 - 오프라인(C1) 수수료미징구 - 오프라인(C1) 3.28 - - - 3.40
FUND000038,KR5117420097,CLASS000531,C1,class_return,2Y,-,,5,"[5,38]",cell_grid,1.0,수수료미징구 - 오프라인(C1) 수수료미징구 - 오프라인(C1) 3.28 - - - 3.40
FUND000038,KR5117420097,CLASS000531,C1,class_return,3Y,-,,5,"[5,38]",cell_grid,1.0,수수료미징구 - 오프라인(C1) 수수료미징구 - 오프라인(C1) 3.28 - - - 3.40
FUND000038,KR5117420097,CLASS000531,C1,class_return,5Y,-,,5,"[5,38]",cell_grid,1.0,수수료미징구 - 오프라인(C1) 수수료미징구 - 오프라인(C1) 3.28 - - - 3.40
FUND000038,KR5117420097,CLASS000531,C1,class_return,SINCE_INCEPTION,3.40,,5,"[5,38]",cell_grid,1.0,수수료미징구 - 오프라인(C1) 수수료미징구 - 오프라인(C1) 3.28 - - - 3.40
FUND000038,KR5117420097,CLASS000532,C-e,class_return,1Y,3.44,,5,"[5,38]",cell_grid,1.0,수수료미징구 - 온라인(C-e) 수수료미징구 - 온라인(C-e) 3.44 - - - 3.56
FUND000038,KR5117420097,CLASS000532,C-e,class_return,2Y,-,,5,"[5,38]",cell_grid,1.0,수수료미징구 - 온라인(C-e) 수수료미징구 - 온라인(C-e) 3.44 - - - 3.56
FUND000038,KR5117420097,CLASS000532,C-e,class_return,3Y,-,,5,"[5,38]",cell_grid,1.0,수수료미징구 - 온라인(C-e) 수수료미징구 - 온라인(C-e) 3.44 - - - 3.56
FUND000038,KR5117420097,CLASS000532,C-e,class_return,5Y,-,,5,"[5,38]",cell_grid,1.0,수수료미징구 - 온라인(C-e) 수수료미징구 - 온라인(C-e) 3.44 - - - 3.56
FUND000038,KR5117420097,CLASS000532,C-e,class_return,SINCE_INCEPTION,3.56,,5,"[5,38]",cell_grid,1.0,수수료미징구 - 온라인(C-e) 수수료미징구 - 온라인(C-e) 3.44 - - - 3.56
FUND000038,KR5117420097,,,benchmark,1Y,3.10,,5,[5],cell_grid,1.0,비교지수(%) 비교지수(%) 3.10 - - - 3.19
FUND000038,KR5117420097,,,benchmark,2Y,-,,5,[5],cell_grid,1.0,비교지수(%) 비교지수(%) 3.10 - - - 3.19
FUND000038,KR5117420097,,,benchmark,3Y,-,,5,[5],cell_grid,1.0,비교지수(%) 비교지수(%) 3.10 - - - 3.19
FUND000038,KR5117420097,,,benchmark,5Y,-,,5,[5],cell_grid,1.0,비교지수(%) 비교지수(%) 3.10 - - - 3.19
FUND000038,KR5117420097,,,benchmark,SINCE_INCEPTION,3.19,,5,[5],cell_grid,1.0,비교지수(%) 비교지수(%) 3.10 - - - 3.19
FUND000038,KR5117420097,,,volatility,1Y,0.10,,5,[5],cell_grid,1.0,수익률 변동성(%) 수익률 변동성(%) 0.10 - - - 0.12
FUND000038,KR5117420097,,,volatility,2Y,-,,5,[5],cell_grid,1.0,수익률 변동성(%) 수익률 변동성(%) 0.10 - - - 0.12
FUND000038,KR5117420097,,,volatility,3Y,-,,5,[5],cell_grid,1.0,수익률 변동성(%) 수익률 변동성(%) 0.10 - - - 0.12
FUND000038,KR5117420097,,,volatility,5Y,-,,5,[5],cell_grid,1.0,수익률 변동성(%) 수익률 변동성(%) 0.10 - - - 0.12
FUND000038,KR5117420097,,,volatility,SINCE_INCEPTION,0.12,,5,[5],cell_grid,1.0,수익률 변동성(%) 수익률 변동성(%) 0.10 - - - 0.12
FUND000038,KR5117420097,CLASS000535,C-i,class_return,1Y,-,,38,[38],detail_return_table_cross_validated,1.0,수수료미징구-오프라인-고액(C-i) 수수료미징구-오프라인-고액(C-i) - - - - 2.94
FUND000038,KR5117420097,CLASS000535,C-i,class_return,2Y,-,,38,[38],detail_return_table_cross_validated,1.0,수수료미징구-오프라인-고액(C-i) 수수료미징구-오프라인-고액(C-i) - - - - 2.94
FUND000038,KR5117420097,CLASS000535,C-i,class_return,3Y,-,,38,[38],detail_return_table_cross_validated,1.0,수수료미징구-오프라인-고액(C-i) 수수료미징구-오프라인-고액(C-i) - - - - 2.94
FUND000038,KR5117420097,CLASS000535,C-i,class_return,5Y,-,,38,[38],detail_return_table_cross_validated,1.0,수수료미징구-오프라인-고액(C-i) 수수료미징구-오프라인-고액(C-i) - - - - 2.94
FUND000038,KR5117420097,CLASS000535,C-i,class_return,SINCE_INCEPTION,2.94,,38,[38],detail_return_table_cross_validated,1.0,수수료미징구-오프라인-고액(C-i) 수수료미징구-오프라인-고액(C-i) - - - - 2.94
FUND000038,KR5117420097,CLASS000536,C-p,class_return,1Y,3.48,,38,[38],detail_return_table_cross_validated,1.0,수수료미징구-오프라인-개인연금(C-p) 수수료미징구-오프라인-개인연금(C-p) 3.48 - - - 3.62
FUND000038,KR5117420097,CLASS000536,C-p,class_return,2Y,-,,38,[38],detail_return_table_cross_validated,1.0,수수료미징구-오프라인-개인연금(C-p) 수수료미징구-오프라인-개인연금(C-p) 3.48 - - - 3.62
FUND000038,KR5117420097,CLASS000536,C-p,class_return,3Y,-,,38,[38],detail_return_table_cross_validated,1.0,수수료미징구-오프라인-개인연금(C-p) 수수료미징구-오프라인-개인연금(C-p) 3.48 - - - 3.62
FUND000038,KR5117420097,CLASS000536,C-p,class_return,5Y,-,,38,[38],detail_return_table_cross_validated,1.0,수수료미징구-오프라인-개인연금(C-p) 수수료미징구-오프라인-개인연금(C-p) 3.48 - - - 3.62
FUND000038,KR5117420097,CLASS000536,C-p,class_return,SINCE_INCEPTION,3.62,,38,[38],detail_return_table_cross_validated,1.0,수수료미징구-오프라인-개인연금(C-p) 수수료미징구-오프라인-개인연금(C-p) 3.48 - - - 3.62
FUND000038,KR5117420097,CLASS000537,C-pe,class_return,1Y,3.46,,38,[38],detail_return_table_cross_validated,1.0,수수료미징구-온라인-개인연금(C-pe) 수수료미징구-온라인-개인연금(C-pe) 3.46 - - - 3.60
FUND000038,KR5117420097,CLASS000537,C-pe,class_return,2Y,-,,38,[38],detail_return_table_cross_validated,1.0,수수료미징구-온라인-개인연금(C-pe) 수수료미징구-온라인-개인연금(C-pe) 3.46 - - - 3.60
FUND000038,KR5117420097,CLASS000537,C-pe,class_return,3Y,-,,38,[38],detail_return_table_cross_validated,1.0,수수료미징구-온라인-개인연금(C-pe) 수수료미징구-온라인-개인연금(C-pe) 3.46 - - - 3.60
FUND000038,KR5117420097,CLASS000537,C-pe,class_return,5Y,-,,38,[38],detail_return_table_cross_validated,1.0,수수료미징구-온라인-개인연금(C-pe) 수수료미징구-온라인-개인연금(C-pe) 3.46 - - - 3.60
FUND000038,KR5117420097,CLASS000537,C-pe,class_return,SINCE_INCEPTION,3.60,,38,[38],detail_return_table_cross_validated,1.0,수수료미징구-온라인-개인연금(C-pe) 수수료미징구-온라인-개인연금(C-pe) 3.46 - - - 3.60
FUND000038,KR5117420097,CLASS000538,C-r,class_return,1Y,-,,38,[38],detail_return_table_cross_validated,1.0,수수료미징구-오프라인-퇴직연금(C-r) 수수료미징구-오프라인-퇴직연금(C-r) - - - - 3.37
FUND000038,KR5117420097,CLASS000538,C-r,class_return,2Y,-,,38,[38],detail_return_table_cross_validated,1.0,수수료미징구-오프라인-퇴직연금(C-r) 수수료미징구-오프라인-퇴직연금(C-r) - - - - 3.37
FUND000038,KR5117420097,CLASS000538,C-r,class_return,3Y,-,,38,[38],detail_return_table_cross_validated,1.0,수수료미징구-오프라인-퇴직연금(C-r) 수수료미징구-오프라인-퇴직연금(C-r) - - - - 3.37
FUND000038,KR5117420097,CLASS000538,C-r,class_return,5Y,-,,38,[38],detail_return_table_cross_validated,1.0,수수료미징구-오프라인-퇴직연금(C-r) 수수료미징구-오프라인-퇴직연금(C-r) - - - - 3.37
FUND000038,KR5117420097,CLASS000538,C-r,class_return,SINCE_INCEPTION,3.37,,38,[38],detail_return_table_cross_validated,1.0,수수료미징구-오프라인-퇴직연금(C-r) 수수료미징구-오프라인-퇴직연금(C-r) - - - - 3.37
FUND000038,KR5117420097,CLASS000540,C-s,class_return,1Y,3.58,,38,[38],detail_return_table_cross_validated,1.0,수수료미징구-오프라인-고유재산(C-s) 수수료미징구-오프라인-고유재산(C-s) 3.58 - - - 3.70
FUND000038,KR5117420097,CLASS000540,C-s,class_return,2Y,-,,38,[38],detail_return_table_cross_validated,1.0,수수료미징구-오프라인-고유재산(C-s) 수수료미징구-오프라인-고유재산(C-s) 3.58 - - - 3.70
FUND000038,KR5117420097,CLASS000540,C-s,class_return,3Y,-,,38,[38],detail_return_table_cross_validated,1.0,수수료미징구-오프라인-고유재산(C-s) 수수료미징구-오프라인-고유재산(C-s) 3.58 - - - 3.70
FUND000038,KR5117420097,CLASS000540,C-s,class_return,5Y,-,,38,[38],detail_return_table_cross_validated,1.0,수수료미징구-오프라인-고유재산(C-s) 수수료미징구-오프라인-고유재산(C-s) 3.58 - - - 3.70
FUND000038,KR5117420097,CLASS000540,C-s,class_return,SINCE_INCEPTION,3.70,,38,[38],detail_return_table_cross_validated,1.0,수수료미징구-오프라인-고유재산(C-s) 수수료미징구-오프라인-고유재산(C-s) 3.58 - - - 3.70
FUND000076,KR5118201004,CLASS000887,A,class_return,1Y,3.52,2005-04-27,5,"[5,52]",cell_grid,1.0,수수료미징구- 오프라인(A)(%) 수수료미징구- 오프라인(A)(%) 2005.04.27 3.52 4.64 4.88 2.88 3.88
FUND000076,KR5118201004,CLASS000887,A,class_return,2Y,4.64,2005-04-27,5,"[5,52]",cell_grid,1.0,수수료미징구- 오프라인(A)(%) 수수료미징구- 오프라인(A)(%) 2005.04.27 3.52 4.64 4.88 2.88 3.88
FUND000076,KR5118201004,CLASS000887,A,class_return,SINCE_INCEPTION,3.88,2005-04-27,5,"[5,52]",cell_grid,1.0,수수료미징구- 오프라인(A)(%) 수수료미징구- 오프라인(A)(%) 2005.04.27 3.52 4.64 4.88 2.88 3.88
FUND000076,KR5118201004,CLASS000887,A,class_return,3Y,4.88,2005-04-27,5,"[5,52]",cell_grid,1.0,수수료미징구- 오프라인(A)(%) 수수료미징구- 오프라인(A)(%) 2005.04.27 3.52 4.64 4.88 2.88 3.88
FUND000076,KR5118201004,CLASS000887,A,class_return,5Y,2.88,2005-04-27,5,"[5,52]",cell_grid,1.0,수수료미징구- 오프라인(A)(%) 수수료미징구- 오프라인(A)(%) 2005.04.27 3.52 4.64 4.88 2.88 3.88
FUND000076,KR5118201004,,,benchmark,1Y,3.05,2005-04-27,5,[5],cell_grid,1.0,비교지수(%) 비교지수(%) - 3.05 3.73 3.97 2.47 3.07
FUND000076,KR5118201004,,,benchmark,2Y,3.73,2005-04-27,5,[5],cell_grid,1.0,비교지수(%) 비교지수(%) - 3.05 3.73 3.97 2.47 3.07
FUND000076,KR5118201004,,,benchmark,SINCE_INCEPTION,3.07,2005-04-27,5,[5],cell_grid,1.0,비교지수(%) 비교지수(%) - 3.05 3.73 3.97 2.47 3.07
FUND000076,KR5118201004,,,benchmark,3Y,3.97,2005-04-27,5,[5],cell_grid,1.0,비교지수(%) 비교지수(%) - 3.05 3.73 3.97 2.47 3.07
FUND000076,KR5118201004,,,benchmark,5Y,2.47,2005-04-27,5,[5],cell_grid,1.0,비교지수(%) 비교지수(%) - 3.05 3.73 3.97 2.47 3.07
FUND000076,KR5118201004,,,volatility,1Y,0.52,2005-04-27,5,[5],cell_grid,1.0,수익률 변동성(%) 수익률 변동성(%) 2005.04.27 0.52 0.56 0.69 0.78 1.07
FUND000076,KR5118201004,,,volatility,2Y,0.56,2005-04-27,5,[5],cell_grid,1.0,수익률 변동성(%) 수익률 변동성(%) 2005.04.27 0.52 0.56 0.69 0.78 1.07
FUND000076,KR5118201004,,,volatility,SINCE_INCEPTION,1.07,2005-04-27,5,[5],cell_grid,1.0,수익률 변동성(%) 수익률 변동성(%) 2005.04.27 0.52 0.56 0.69 0.78 1.07
FUND000076,KR5118201004,,,volatility,3Y,0.69,2005-04-27,5,[5],cell_grid,1.0,수익률 변동성(%) 수익률 변동성(%) 2005.04.27 0.52 0.56 0.69 0.78 1.07
FUND000076,KR5118201004,,,volatility,5Y,0.78,2005-04-27,5,[5],cell_grid,1.0,수익률 변동성(%) 수익률 변동성(%) 2005.04.27 0.52 0.56 0.69 0.78 1.07
FUND000076,KR5118201004,CLASS000889,A-G,class_return,1Y,3.63,2017-09-18,52,[52],detail_return_table_cross_validated,1.0,ClassA-G 2017.09.18 3.63 4.74 4.99 2.98 2.74
FUND000076,KR5118201004,CLASS000889,A-G,class_return,2Y,4.74,2017-09-18,52,[52],detail_return_table_cross_validated,1.0,ClassA-G 2017.09.18 3.63 4.74 4.99 2.98 2.74
FUND000076,KR5118201004,CLASS000889,A-G,class_return,3Y,4.99,2017-09-18,52,[52],detail_return_table_cross_validated,1.0,ClassA-G 2017.09.18 3.63 4.74 4.99 2.98 2.74
FUND000076,KR5118201004,CLASS000889,A-G,class_return,5Y,2.98,2017-09-18,52,[52],detail_return_table_cross_validated,1.0,ClassA-G 2017.09.18 3.63 4.74 4.99 2.98 2.74
FUND000076,KR5118201004,CLASS000889,A-G,class_return,SINCE_INCEPTION,2.74,2017-09-18,52,[52],detail_return_table_cross_validated,1.0,ClassA-G 2017.09.18 3.63 4.74 4.99 2.98 2.74
FUND000076,KR5118201004,CLASS000890,B,class_return,1Y,3.72,2006-08-04,52,[52],detail_return_table_cross_validated,1.0,ClassB 2006.08.04 3.72 4.84 5.09 3.08 3.98
FUND000076,KR5118201004,CLASS000890,B,class_return,2Y,4.84,2006-08-04,52,[52],detail_return_table_cross_validated,1.0,ClassB 2006.08.04 3.72 4.84 5.09 3.08 3.98
FUND000076,KR5118201004,CLASS000890,B,class_return,3Y,5.09,2006-08-04,52,[52],detail_return_table_cross_validated,1.0,ClassB 2006.08.04 3.72 4.84 5.09 3.08 3.98
FUND000076,KR5118201004,CLASS000890,B,class_return,5Y,3.08,2006-08-04,52,[52],detail_return_table_cross_validated,1.0,ClassB 2006.08.04 3.72 4.84 5.09 3.08 3.98
FUND000076,KR5118201004,CLASS000890,B,class_return,SINCE_INCEPTION,3.98,2006-08-04,52,[52],detail_return_table_cross_validated,1.0,ClassB 2006.08.04 3.72 4.84 5.09 3.08 3.98
FUND000076,KR5118201004,CLASS000892,B-e,class_return,1Y,3.83,2019-03-08,52,[52],detail_return_table_cross_validated,1.0,ClassB-e 2019.03.08 3.83 4.95 5.19 3.18 2.93
FUND000076,KR5118201004,CLASS000892,B-e,class_return,2Y,4.95,2019-03-08,52,[52],detail_return_table_cross_validated,1.0,ClassB-e 2019.03.08 3.83 4.95 5.19 3.18 2.93
FUND000076,KR5118201004,CLASS000892,B-e,class_return,3Y,5.19,2019-03-08,52,[52],detail_return_table_cross_validated,1.0,ClassB-e 2019.03.08 3.83 4.95 5.19 3.18 2.93
FUND000076,KR5118201004,CLASS000892,B-e,class_return,5Y,3.18,2019-03-08,52,[52],detail_return_table_cross_validated,1.0,ClassB-e 2019.03.08 3.83 4.95 5.19 3.18 2.93
FUND000076,KR5118201004,CLASS000892,B-e,class_return,SINCE_INCEPTION,2.93,2019-03-08,52,[52],detail_return_table_cross_validated,1.0,ClassB-e 2019.03.08 3.83 4.95 5.19 3.18 2.93
FUND000076,KR5118201004,CLASS000898,C-Pe,class_return,1Y,3.85,2017-08-17,52,[52],detail_return_table_cross_validated,1.0,ClassC-Pe 2017.08.17 3.85 4.97 5.21 3.20 2.95
FUND000076,KR5118201004,CLASS000898,C-Pe,class_return,2Y,4.97,2017-08-17,52,[52],detail_return_table_cross_validated,1.0,ClassC-Pe 2017.08.17 3.85 4.97 5.21 3.20 2.95
FUND000076,KR5118201004,CLASS000898,C-Pe,class_return,3Y,5.21,2017-08-17,52,[52],detail_return_table_cross_validated,1.0,ClassC-Pe 2017.08.17 3.85 4.97 5.21 3.20 2.95
FUND000076,KR5118201004,CLASS000898,C-Pe,class_return,5Y,3.20,2017-08-17,52,[52],detail_return_table_cross_validated,1.0,ClassC-Pe 2017.08.17 3.85 4.97 5.21 3.20 2.95
FUND000076,KR5118201004,CLASS000898,C-Pe,class_return,SINCE_INCEPTION,2.95,2017-08-17,52,[52],detail_return_table_cross_validated,1.0,ClassC-Pe 2017.08.17 3.85 4.97 5.21 3.20 2.95
FUND000076,KR5118201004,CLASS000897,C-P,class_return,1Y,3.76,2015-12-09,52,[52],detail_return_table_cross_validated,1.0,ClassC-P 2015.12.09 3.76 4.88 5.13 3.12 2.80
FUND000076,KR5118201004,CLASS000897,C-P,class_return,2Y,4.88,2015-12-09,52,[52],detail_return_table_cross_validated,1.0,ClassC-P 2015.12.09 3.76 4.88 5.13 3.12 2.80
FUND000076,KR5118201004,CLASS000897,C-P,class_return,3Y,5.13,2015-12-09,52,[52],detail_return_table_cross_validated,1.0,ClassC-P 2015.12.09 3.76 4.88 5.13 3.12 2.80
FUND000076,KR5118201004,CLASS000897,C-P,class_return,5Y,3.12,2015-12-09,52,[52],detail_return_table_cross_validated,1.0,ClassC-P 2015.12.09 3.76 4.88 5.13 3.12 2.80
FUND000076,KR5118201004,CLASS000897,C-P,class_return,SINCE_INCEPTION,2.80,2015-12-09,52,[52],detail_return_table_cross_validated,1.0,ClassC-P 2015.12.09 3.76 4.88 5.13 3.12 2.80
FUND000076,KR5118201004,CLASS000901,C-P1e,class_return,1Y,3.79,2017-09-11,52,[52],detail_return_table_cross_validated,1.0,ClassC-P1e 2017.09.11 3.79 4.91 5.15 3.14 2.88
FUND000076,KR5118201004,CLASS000901,C-P1e,class_return,2Y,4.91,2017-09-11,52,[52],detail_return_table_cross_validated,1.0,ClassC-P1e 2017.09.11 3.79 4.91 5.15 3.14 2.88
FUND000076,KR5118201004,CLASS000901,C-P1e,class_return,3Y,5.15,2017-09-11,52,[52],detail_return_table_cross_validated,1.0,ClassC-P1e 2017.09.11 3.79 4.91 5.15 3.14 2.88
FUND000076,KR5118201004,CLASS000901,C-P1e,class_return,5Y,3.14,2017-09-11,52,[52],detail_return_table_cross_validated,1.0,ClassC-P1e 2017.09.11 3.79 4.91 5.15 3.14 2.88
FUND000076,KR5118201004,CLASS000901,C-P1e,class_return,SINCE_INCEPTION,2.88,2017-09-11,52,[52],detail_return_table_cross_validated,1.0,ClassC-P1e 2017.09.11 3.79 4.91 5.15 3.14 2.88
FUND000076,KR5118201004,CLASS000903,S-P(퇴직),class_return,1Y,3.85,2020-08-27,52,[52],detail_return_table_cross_validated,1.0,ClassS-P(퇴직) 2020.08.27 3.85 4.98 5.22 3.21 3.14
FUND000076,KR5118201004,CLASS000903,S-P(퇴직),class_return,2Y,4.98,2020-08-27,52,[52],detail_return_table_cross_validated,1.0,ClassS-P(퇴직) 2020.08.27 3.85 4.98 5.22 3.21 3.14
FUND000076,KR5118201004,CLASS000903,S-P(퇴직),class_return,3Y,5.22,2020-08-27,52,[52],detail_return_table_cross_validated,1.0,ClassS-P(퇴직) 2020.08.27 3.85 4.98 5.22 3.21 3.14
FUND000076,KR5118201004,CLASS000903,S-P(퇴직),class_return,5Y,3.21,2020-08-27,52,[52],detail_return_table_cross_validated,1.0,ClassS-P(퇴직) 2020.08.27 3.85 4.98 5.22 3.21 3.14
FUND000076,KR5118201004,CLASS000903,S-P(퇴직),class_return,SINCE_INCEPTION,3.14,2020-08-27,52,[52],detail_return_table_cross_validated,1.0,ClassS-P(퇴직) 2020.08.27 3.85 4.98 5.22 3.21 3.14
FUND000076,KR5118201004,CLASS000896,C-W,class_return,1Y,3.93,2016-04-14,52,[52],detail_return_table_cross_validated,1.0,ClassC-W 2016.04.14 3.93 5.05 5.30 3.28 2.94
FUND000076,KR5118201004,CLASS000896,C-W,class_return,2Y,5.05,2016-04-14,52,[52],detail_return_table_cross_validated,1.0,ClassC-W 2016.04.14 3.93 5.05 5.30 3.28 2.94
FUND000076,KR5118201004,CLASS000896,C-W,class_return,3Y,5.30,2016-04-14,52,[52],detail_return_table_cross_validated,1.0,ClassC-W 2016.04.14 3.93 5.05 5.30 3.28 2.94
FUND000076,KR5118201004,CLASS000896,C-W,class_return,5Y,3.28,2016-04-14,52,[52],detail_return_table_cross_validated,1.0,ClassC-W 2016.04.14 3.93 5.05 5.30 3.28 2.94
FUND000076,KR5118201004,CLASS000896,C-W,class_return,SINCE_INCEPTION,2.94,2016-04-14,52,[52],detail_return_table_cross_validated,1.0,ClassC-W 2016.04.14 3.93 5.05 5.30 3.28 2.94
FUND000076,KR5118201004,CLASS000891,B2,class_return,1Y,3.83,2024-03-20,52,[52],detail_return_table_cross_validated,1.0,ClassB2 2024.03.20 3.83 4.29
FUND000076,KR5118201004,CLASS000891,B2,class_return,SINCE_INCEPTION,4.29,2024-03-20,52,[52],detail_return_table_cross_validated,1.0,ClassB2 2024.03.20 3.83 4.29
FUND000076,KR5118201004,CLASS000894,I,class_return,1Y,3.93,2006-12-15,52,[52],detail_return_table_cross_validated,1.0,ClassI 2006.12.15 3.93 5.05 5.30 3.28 3.79
FUND000076,KR5118201004,CLASS000894,I,class_return,2Y,5.05,2006-12-15,52,[52],detail_return_table_cross_validated,1.0,ClassI 2006.12.15 3.93 5.05 5.30 3.28 3.79
FUND000076,KR5118201004,CLASS000894,I,class_return,3Y,5.30,2006-12-15,52,[52],detail_return_table_cross_validated,1.0,ClassI 2006.12.15 3.93 5.05 5.30 3.28 3.79
FUND000076,KR5118201004,CLASS000894,I,class_return,5Y,3.28,2006-12-15,52,[52],detail_return_table_cross_validated,1.0,ClassI 2006.12.15 3.93 5.05 5.30 3.28 3.79
FUND000076,KR5118201004,CLASS000894,I,class_return,SINCE_INCEPTION,3.79,2006-12-15,52,[52],detail_return_table_cross_validated,1.0,ClassI 2006.12.15 3.93 5.05 5.30 3.28 3.79
FUND000076,KR5118201004,CLASS000899,S,class_return,1Y,3.83,2014-04-22,52,[52],detail_return_table_cross_validated,1.0,ClassS 2014.04.22 3.83 4.95 5.19 3.18 2.94
FUND000076,KR5118201004,CLASS000899,S,class_return,2Y,4.95,2014-04-22,52,[52],detail_return_table_cross_validated,1.0,ClassS 2014.04.22 3.83 4.95 5.19 3.18 2.94
FUND000076,KR5118201004,CLASS000899,S,class_return,3Y,5.19,2014-04-22,52,[52],detail_return_table_cross_validated,1.0,ClassS 2014.04.22 3.83 4.95 5.19 3.18 2.94
FUND000076,KR5118201004,CLASS000899,S,class_return,5Y,3.18,2014-04-22,52,[52],detail_return_table_cross_validated,1.0,ClassS 2014.04.22 3.83 4.95 5.19 3.18 2.94
FUND000076,KR5118201004,CLASS000899,S,class_return,SINCE_INCEPTION,2.94,2014-04-22,52,[52],detail_return_table_cross_validated,1.0,ClassS 2014.04.22 3.83 4.95 5.19 3.18 2.94
FUND000076,KR5118201004,CLASS000900,C-P1,class_return,1Y,3.64,2014-11-10,52,[52],detail_return_table_cross_validated,1.0,ClassC-P1 2014.11.10 3.64 4.76 5.01 3.00 2.66
FUND000076,KR5118201004,CLASS000900,C-P1,class_return,2Y,4.76,2014-11-10,52,[52],detail_return_table_cross_validated,1.0,ClassC-P1 2014.11.10 3.64 4.76 5.01 3.00 2.66
FUND000076,KR5118201004,CLASS000900,C-P1,class_return,3Y,5.01,2014-11-10,52,[52],detail_return_table_cross_validated,1.0,ClassC-P1 2014.11.10 3.64 4.76 5.01 3.00 2.66
FUND000076,KR5118201004,CLASS000900,C-P1,class_return,5Y,3.00,2014-11-10,52,[52],detail_return_table_cross_validated,1.0,ClassC-P1 2014.11.10 3.64 4.76 5.01 3.00 2.66
FUND000076,KR5118201004,CLASS000900,C-P1,class_return,SINCE_INCEPTION,2.66,2014-11-10,52,[52],detail_return_table_cross_validated,1.0,ClassC-P1 2014.11.10 3.64 4.76 5.01 3.00 2.66
FUND000076,KR5118201004,CLASS000895,C-I,class_return,1Y,3.91,2015-06-24,52,[52],detail_return_table_cross_validated,1.0,ClassC-I 2015.06.24 3.91 5.03 5.28 3.26 2.91
FUND000076,KR5118201004,CLASS000895,C-I,class_return,2Y,5.03,2015-06-24,52,[52],detail_return_table_cross_validated,1.0,ClassC-I 2015.06.24 3.91 5.03 5.28 3.26 2.91
FUND000076,KR5118201004,CLASS000895,C-I,class_return,3Y,5.28,2015-06-24,52,[52],detail_return_table_cross_validated,1.0,ClassC-I 2015.06.24 3.91 5.03 5.28 3.26 2.91
FUND000076,KR5118201004,CLASS000895,C-I,class_return,5Y,3.26,2015-06-24,52,[52],detail_return_table_cross_validated,1.0,ClassC-I 2015.06.24 3.91 5.03 5.28 3.26 2.91
FUND000076,KR5118201004,CLASS000895,C-I,class_return,SINCE_INCEPTION,2.91,2015-06-24,52,[52],detail_return_table_cross_validated,1.0,ClassC-I 2015.06.24 3.91 5.03 5.28 3.26 2.91
FUND000076,KR5118201004,CLASS000902,S-P,class_return,1Y,3.84,2015-04-14,52,[52],detail_return_table_cross_validated,1.0,ClassS-P 2015.04.14 3.84 4.96 5.21 3.20 2.82
FUND000076,KR5118201004,CLASS000902,S-P,class_return,2Y,4.96,2015-04-14,52,[52],detail_return_table_cross_validated,1.0,ClassS-P 2015.04.14 3.84 4.96 5.21 3.20 2.82
FUND000076,KR5118201004,CLASS000902,S-P,class_return,3Y,5.21,2015-04-14,52,[52],detail_return_table_cross_validated,1.0,ClassS-P 2015.04.14 3.84 4.96 5.21 3.20 2.82
FUND000076,KR5118201004,CLASS000902,S-P,class_return,5Y,3.20,2015-04-14,52,[52],detail_return_table_cross_validated,1.0,ClassS-P 2015.04.14 3.84 4.96 5.21 3.20 2.82
FUND000076,KR5118201004,CLASS000902,S-P,class_return,SINCE_INCEPTION,2.82,2015-04-14,52,[52],detail_return_table_cross_validated,1.0,ClassS-P 2015.04.14 3.84 4.96 5.21 3.20 2.82
FUND000076,KR5118201004,CLASS000888,A-e,class_return,1Y,3.73,2015-06-22,52,[52],detail_return_table_cross_validated,1.0,ClassA-e 2015.06.22 3.73 4.84 5.09 3.08 2.72
FUND000076,KR5118201004,CLASS000888,A-e,class_return,2Y,4.84,2015-06-22,52,[52],detail_return_table_cross_validated,1.0,ClassA-e 2015.06.22 3.73 4.84 5.09 3.08 2.72
FUND000076,KR5118201004,CLASS000888,A-e,class_return,3Y,5.09,2015-06-22,52,[52],detail_return_table_cross_validated,1.0,ClassA-e 2015.06.22 3.73 4.84 5.09 3.08 2.72
FUND000076,KR5118201004,CLASS000888,A-e,class_return,5Y,3.08,2015-06-22,52,[52],detail_return_table_cross_validated,1.0,ClassA-e 2015.06.22 3.73 4.84 5.09 3.08 2.72
FUND000076,KR5118201004,CLASS000888,A-e,class_return,SINCE_INCEPTION,2.72,2015-06-22,52,[52],detail_return_table_cross_validated,1.0,ClassA-e 2015.06.22 3.73 4.84 5.09 3.08 2.72
FUND000077,KR5118420006,CLASS000907,C,class_return,1Y,3.10,2024-05-08,5,"[5,45]",cell_grid,1.0,수수료미징구- 오프라인(C)(%) 수수료미징구- 오프라인(C)(%) 2024.05.08 3.10 - - - 3.30
FUND000077,KR5118420006,CLASS000907,C,class_return,2Y,-,2024-05-08,5,"[5,45]",cell_grid,1.0,수수료미징구- 오프라인(C)(%) 수수료미징구- 오프라인(C)(%) 2024.05.08 3.10 - - - 3.30
FUND000077,KR5118420006,CLASS000907,C,class_return,3Y,-,2024-05-08,5,"[5,45]",cell_grid,1.0,수수료미징구- 오프라인(C)(%) 수수료미징구- 오프라인(C)(%) 2024.05.08 3.10 - - - 3.30
FUND000077,KR5118420006,CLASS000907,C,class_return,SINCE_INCEPTION,3.30,2024-05-08,5,"[5,45]",cell_grid,1.0,수수료미징구- 오프라인(C)(%) 수수료미징구- 오프라인(C)(%) 2024.05.08 3.10 - - - 3.30
FUND000077,KR5118420006,CLASS000907,C,class_return,5Y,-,2024-05-08,5,"[5,45]",cell_grid,1.0,수수료미징구- 오프라인(C)(%) 수수료미징구- 오프라인(C)(%) 2024.05.08 3.10 - - - 3.30
FUND000077,KR5118420006,,,benchmark,1Y,2.85,2024-04-22,5,[5],cell_grid,1.0,비교지수(%) 비교지수(%) 2024.04.22 2.85 - - - 3.11
FUND000077,KR5118420006,,,benchmark,2Y,-,2024-04-22,5,[5],cell_grid,1.0,비교지수(%) 비교지수(%) 2024.04.22 2.85 - - - 3.11
FUND000077,KR5118420006,,,benchmark,3Y,-,2024-04-22,5,[5],cell_grid,1.0,비교지수(%) 비교지수(%) 2024.04.22 2.85 - - - 3.11
FUND000077,KR5118420006,,,benchmark,SINCE_INCEPTION,3.11,2024-04-22,5,[5],cell_grid,1.0,비교지수(%) 비교지수(%) 2024.04.22 2.85 - - - 3.11
FUND000077,KR5118420006,,,benchmark,5Y,-,2024-04-22,5,[5],cell_grid,1.0,비교지수(%) 비교지수(%) 2024.04.22 2.85 - - - 3.11
FUND000077,KR5118420006,,,volatility,1Y,0.13,2024-04-22,5,[5],cell_grid,1.0,수익률 변동성(%) 수익률 변동성(%) 2024.04.22 0.13 - - - 0.12
FUND000077,KR5118420006,,,volatility,2Y,-,2024-04-22,5,[5],cell_grid,1.0,수익률 변동성(%) 수익률 변동성(%) 2024.04.22 0.13 - - - 0.12
FUND000077,KR5118420006,,,volatility,3Y,-,2024-04-22,5,[5],cell_grid,1.0,수익률 변동성(%) 수익률 변동성(%) 2024.04.22 0.13 - - - 0.12
FUND000077,KR5118420006,,,volatility,SINCE_INCEPTION,0.12,2024-04-22,5,[5],cell_grid,1.0,수익률 변동성(%) 수익률 변동성(%) 2024.04.22 0.13 - - - 0.12
FUND000077,KR5118420006,,,volatility,5Y,-,2024-04-22,5,[5],cell_grid,1.0,수익률 변동성(%) 수익률 변동성(%) 2024.04.22 0.13 - - - 0.12
FUND000077,KR5118420006,CLASS000904,A1,class_return,1Y,3.31,,44,[44],detail_return_table_cross_validated,1.0,ClassA1 3.31 3.50
FUND000077,KR5118420006,CLASS000904,A1,class_return,SINCE_INCEPTION,3.50,,44,[44],detail_return_table_cross_validated,1.0,ClassA1 3.31 3.50
FUND000077,KR5118420006,CLASS000905,A2,class_return,1Y,3.21,,44,[44],detail_return_table_cross_validated,1.0,ClassA2 3.21 3.39
FUND000077,KR5118420006,CLASS000905,A2,class_return,SINCE_INCEPTION,3.39,,44,[44],detail_return_table_cross_validated,1.0,ClassA2 3.21 3.39
FUND000077,KR5118420006,CLASS000906,A-e,class_return,1Y,3.36,,45,[45],detail_return_table_cross_validated,1.0,ClassA-e 3.36 3.56
FUND000077,KR5118420006,CLASS000906,A-e,class_return,SINCE_INCEPTION,3.56,,45,[45],detail_return_table_cross_validated,1.0,ClassA-e 3.36 3.56
FUND000077,KR5118420006,CLASS000908,C-e,class_return,1Y,3.26,,45,[45],detail_return_table_cross_validated,1.0,ClassC-e 3.26 3.45
FUND000077,KR5118420006,CLASS000908,C-e,class_return,SINCE_INCEPTION,3.45,,45,[45],detail_return_table_cross_validated,1.0,ClassC-e 3.26 3.45
FUND000077,KR5118420006,CLASS000909,C-F,class_return,1Y,3.40,,45,[45],detail_return_table_cross_validated,1.0,ClassC-F 3.40 3.65
FUND000077,KR5118420006,CLASS000909,C-F,class_return,SINCE_INCEPTION,3.65,,45,[45],detail_return_table_cross_validated,1.0,ClassC-F 3.40 3.65
FUND000077,KR5118420006,CLASS000910,C-I,class_return,1Y,3.38,,45,[45],detail_return_table_cross_validated,1.0,ClassC-I 3.38 3.63
FUND000077,KR5118420006,CLASS000910,C-I,class_return,SINCE_INCEPTION,3.63,,45,[45],detail_return_table_cross_validated,1.0,ClassC-I 3.38 3.63
FUND000077,KR5118420006,CLASS000911,C-W,class_return,SINCE_INCEPTION,3.01,,45,[45],detail_return_table_cross_validated,1.0,ClassC-W 3.01
FUND000077,KR5118420006,CLASS000912,S,class_return,1Y,3.37,,45,[45],detail_return_table_cross_validated,1.0,ClassS 3.37 3.52
FUND000077,KR5118420006,CLASS000912,S,class_return,SINCE_INCEPTION,3.52,,45,[45],detail_return_table_cross_validated,1.0,ClassS 3.37 3.52
FUND000077,KR5118420006,CLASS000913,C-P,class_return,1Y,3.21,,45,[45],detail_return_table_cross_validated,1.0,ClassC-P 3.21 3.39
FUND000077,KR5118420006,CLASS000913,C-P,class_return,SINCE_INCEPTION,3.39,,45,[45],detail_return_table_cross_validated,1.0,ClassC-P 3.21 3.39
FUND000077,KR5118420006,CLASS000914,C-Pe,class_return,1Y,3.31,,45,[45],detail_return_table_cross_validated,1.0,ClassC-Pe 3.31 3.48
FUND000077,KR5118420006,CLASS000914,C-Pe,class_return,SINCE_INCEPTION,3.48,,45,[45],detail_return_table_cross_validated,1.0,ClassC-Pe 3.31 3.48
FUND000077,KR5118420006,CLASS000916,S-P(퇴직),class_return,1Y,3.36,,45,[45],detail_return_table_cross_validated,1.0,ClassS-P(퇴직) 3.36 3.50
FUND000077,KR5118420006,CLASS000916,S-P(퇴직),class_return,SINCE_INCEPTION,3.50,,45,[45],detail_return_table_cross_validated,1.0,ClassS-P(퇴직) 3.36 3.50
FUND000077,KR5118420006,CLASS000917,C-P1,class_return,SINCE_INCEPTION,2.99,,45,[45],detail_return_table_cross_validated,1.0,ClassC-P1 2.99
FUND000077,KR5118420006,CLASS000918,C-P1e,class_return,1Y,3.34,,45,[45],detail_return_table_cross_validated,1.0,ClassC-P1e 3.34 3.54
FUND000077,KR5118420006,CLASS000918,C-P1e,class_return,SINCE_INCEPTION,3.54,,45,[45],detail_return_table_cross_validated,1.0,ClassC-P1e 3.34 3.54
FUND000077,KR5118420006,CLASS000919,S-P,class_return,1Y,3.36,,45,[45],detail_return_table_cross_validated,1.0,ClassS-P 3.36 3.51
FUND000077,KR5118420006,CLASS000919,S-P,class_return,SINCE_INCEPTION,3.51,,45,[45],detail_return_table_cross_validated,1.0,ClassS-P 3.36 3.51
FUND000078,KR5118420036,CLASS000920,C,class_return,1Y,3.91,2011-01-17,5,"[5,54]",cell_grid,1.0,수수료미징구- 오프라인(C)(%) 수수료미징구- 오프라인(C)(%) 2011.01.17 3.91 3.76 2.49 1.77 2.57
FUND000078,KR5118420036,CLASS000920,C,class_return,3Y,2.49,2011-01-17,5,"[5,54]",cell_grid,1.0,수수료미징구- 오프라인(C)(%) 수수료미징구- 오프라인(C)(%) 2011.01.17 3.91 3.76 2.49 1.77 2.57
FUND000078,KR5118420036,CLASS000920,C,class_return,5Y,1.77,2011-01-17,5,"[5,54]",cell_grid,1.0,수수료미징구- 오프라인(C)(%) 수수료미징구- 오프라인(C)(%) 2011.01.17 3.91 3.76 2.49 1.77 2.57
FUND000078,KR5118420036,CLASS000920,C,class_return,SINCE_INCEPTION,2.57,2011-01-17,5,"[5,54]",cell_grid,1.0,수수료미징구- 오프라인(C)(%) 수수료미징구- 오프라인(C)(%) 2011.01.17 3.91 3.76 2.49 1.77 2.57
FUND000078,KR5118420036,CLASS000920,C,class_return,2Y,3.76,2011-01-17,5,"[5,54]",cell_grid,1.0,수수료미징구- 오프라인(C)(%) 수수료미징구- 오프라인(C)(%) 2011.01.17 3.91 3.76 2.49 1.77 2.57
FUND000078,KR5118420036,,,benchmark,1Y,4.18,2011-01-17,5,[5],cell_grid,1.0,비교지수(%) 비교지수(%) - 4.18 4.22 3.45 2.48 2.83
FUND000078,KR5118420036,,,benchmark,3Y,3.45,2011-01-17,5,[5],cell_grid,1.0,비교지수(%) 비교지수(%) - 4.18 4.22 3.45 2.48 2.83
FUND000078,KR5118420036,,,benchmark,5Y,2.48,2011-01-17,5,[5],cell_grid,1.0,비교지수(%) 비교지수(%) - 4.18 4.22 3.45 2.48 2.83
FUND000078,KR5118420036,,,benchmark,SINCE_INCEPTION,2.83,2011-01-17,5,[5],cell_grid,1.0,비교지수(%) 비교지수(%) - 4.18 4.22 3.45 2.48 2.83
FUND000078,KR5118420036,,,benchmark,2Y,4.22,2011-01-17,5,[5],cell_grid,1.0,비교지수(%) 비교지수(%) - 4.18 4.22 3.45 2.48 2.83
FUND000078,KR5118420036,,,volatility,1Y,0.37,2011-01-17,5,[5],cell_grid,1.0,수익률 변동성(%) 수익률 변동성(%) 2011.01.17 0.37 0.41 1.00 0.83 0.73
FUND000078,KR5118420036,,,volatility,3Y,1.00,2011-01-17,5,[5],cell_grid,1.0,수익률 변동성(%) 수익률 변동성(%) 2011.01.17 0.37 0.41 1.00 0.83 0.73
FUND000078,KR5118420036,,,volatility,5Y,0.83,2011-01-17,5,[5],cell_grid,1.0,수익률 변동성(%) 수익률 변동성(%) 2011.01.17 0.37 0.41 1.00 0.83 0.73
FUND000078,KR5118420036,,,volatility,SINCE_INCEPTION,0.73,2011-01-17,5,[5],cell_grid,1.0,수익률 변동성(%) 수익률 변동성(%) 2011.01.17 0.37 0.41 1.00 0.83 0.73
FUND000078,KR5118420036,,,volatility,2Y,0.41,2011-01-17,5,[5],cell_grid,1.0,수익률 변동성(%) 수익률 변동성(%) 2011.01.17 0.37 0.41 1.00 0.83 0.73
FUND000078,KR5118420036,CLASS000925,A,class_return,1Y,4.28,2017-01-19,54,[54],detail_return_table_cross_validated,1.0,ClassA 2017.01.19 4.28 4.12 2.85 2.13 2.35
FUND000078,KR5118420036,CLASS000925,A,class_return,2Y,4.12,2017-01-19,54,[54],detail_return_table_cross_validated,1.0,ClassA 2017.01.19 4.28 4.12 2.85 2.13 2.35
FUND000078,KR5118420036,CLASS000925,A,class_return,3Y,2.85,2017-01-19,54,[54],detail_return_table_cross_validated,1.0,ClassA 2017.01.19 4.28 4.12 2.85 2.13 2.35
FUND000078,KR5118420036,CLASS000925,A,class_return,5Y,2.13,2017-01-19,54,[54],detail_return_table_cross_validated,1.0,ClassA 2017.01.19 4.28 4.12 2.85 2.13 2.35
FUND000078,KR5118420036,CLASS000925,A,class_return,SINCE_INCEPTION,2.35,2017-01-19,54,[54],detail_return_table_cross_validated,1.0,ClassA 2017.01.19 4.28 4.12 2.85 2.13 2.35
FUND000078,KR5118420036,CLASS000926,A-e,class_return,1Y,4.29,2017-01-18,54,[54],detail_return_table_cross_validated,1.0,ClassA-e 2017.01.18 4.29 4.14 2.87 2.15 2.39
FUND000078,KR5118420036,CLASS000926,A-e,class_return,2Y,4.14,2017-01-18,54,[54],detail_return_table_cross_validated,1.0,ClassA-e 2017.01.18 4.29 4.14 2.87 2.15 2.39
FUND000078,KR5118420036,CLASS000926,A-e,class_return,3Y,2.87,2017-01-18,54,[54],detail_return_table_cross_validated,1.0,ClassA-e 2017.01.18 4.29 4.14 2.87 2.15 2.39
FUND000078,KR5118420036,CLASS000926,A-e,class_return,5Y,2.15,2017-01-18,54,[54],detail_return_table_cross_validated,1.0,ClassA-e 2017.01.18 4.29 4.14 2.87 2.15 2.39
FUND000078,KR5118420036,CLASS000926,A-e,class_return,SINCE_INCEPTION,2.39,2017-01-18,54,[54],detail_return_table_cross_validated,1.0,ClassA-e 2017.01.18 4.29 4.14 2.87 2.15 2.39
FUND000078,KR5118420036,CLASS000921,C-e,class_return,1Y,3.99,2011-01-17,54,[54],detail_return_table_cross_validated,1.0,ClassC-e 2011.01.17 3.99 3.84 2.57 1.85 2.92
FUND000078,KR5118420036,CLASS000921,C-e,class_return,2Y,3.84,2011-01-17,54,[54],detail_return_table_cross_validated,1.0,ClassC-e 2011.01.17 3.99 3.84 2.57 1.85 2.92
FUND000078,KR5118420036,CLASS000921,C-e,class_return,3Y,2.57,2011-01-17,54,[54],detail_return_table_cross_validated,1.0,ClassC-e 2011.01.17 3.99 3.84 2.57 1.85 2.92
FUND000078,KR5118420036,CLASS000921,C-e,class_return,5Y,1.85,2011-01-17,54,[54],detail_return_table_cross_validated,1.0,ClassC-e 2011.01.17 3.99 3.84 2.57 1.85 2.92
FUND000078,KR5118420036,CLASS000921,C-e,class_return,SINCE_INCEPTION,2.92,2011-01-17,54,[54],detail_return_table_cross_validated,1.0,ClassC-e 2011.01.17 3.99 3.84 2.57 1.85 2.92
FUND000078,KR5118420036,CLASS000928,C-P,class_return,1Y,4.16,2018-10-15,54,[54],detail_return_table_cross_validated,1.0,ClassC-P 2018.10.15 4.16 4.01 2.74 2.01 2.11
FUND000078,KR5118420036,CLASS000928,C-P,class_return,2Y,4.01,2018-10-15,54,[54],detail_return_table_cross_validated,1.0,ClassC-P 2018.10.15 4.16 4.01 2.74 2.01 2.11
FUND000078,KR5118420036,CLASS000928,C-P,class_return,3Y,2.74,2018-10-15,54,[54],detail_return_table_cross_validated,1.0,ClassC-P 2018.10.15 4.16 4.01 2.74 2.01 2.11
FUND000078,KR5118420036,CLASS000928,C-P,class_return,5Y,2.01,2018-10-15,54,[54],detail_return_table_cross_validated,1.0,ClassC-P 2018.10.15 4.16 4.01 2.74 2.01 2.11
FUND000078,KR5118420036,CLASS000928,C-P,class_return,SINCE_INCEPTION,2.11,2018-10-15,54,[54],detail_return_table_cross_validated,1.0,ClassC-P 2018.10.15 4.16 4.01 2.74 2.01 2.11
FUND000078,KR5118420036,CLASS000934,S-P(퇴직),class_return,1Y,4.31,2020-08-05,54,[54],detail_return_table_cross_validated,1.0,ClassS-P(퇴직) 2020.08.05 4.31 4.15 2.88 2.12
FUND000078,KR5118420036,CLASS000934,S-P(퇴직),class_return,2Y,4.15,2020-08-05,54,[54],detail_return_table_cross_validated,1.0,ClassS-P(퇴직) 2020.08.05 4.31 4.15 2.88 2.12
FUND000078,KR5118420036,CLASS000934,S-P(퇴직),class_return,3Y,2.88,2020-08-05,54,[54],detail_return_table_cross_validated,1.0,ClassS-P(퇴직) 2020.08.05 4.31 4.15 2.88 2.12
FUND000078,KR5118420036,CLASS000934,S-P(퇴직),class_return,SINCE_INCEPTION,2.12,2020-08-05,54,[54],detail_return_table_cross_validated,1.0,ClassS-P(퇴직) 2020.08.05 4.31 4.15 2.88 2.12
FUND000078,KR5118420036,CLASS000930,C-P1,class_return,1Y,4.04,2018-12-26,54,[54],detail_return_table_cross_validated,1.0,ClassC-P1 2018.12.26 4.04 3.89 2.62 1.89 1.95
FUND000078,KR5118420036,CLASS000930,C-P1,class_return,2Y,3.89,2018-12-26,54,[54],detail_return_table_cross_validated,1.0,ClassC-P1 2018.12.26 4.04 3.89 2.62 1.89 1.95
FUND000078,KR5118420036,CLASS000930,C-P1,class_return,3Y,2.62,2018-12-26,54,[54],detail_return_table_cross_validated,1.0,ClassC-P1 2018.12.26 4.04 3.89 2.62 1.89 1.95
FUND000078,KR5118420036,CLASS000930,C-P1,class_return,5Y,1.89,2018-12-26,54,[54],detail_return_table_cross_validated,1.0,ClassC-P1 2018.12.26 4.04 3.89 2.62 1.89 1.95
FUND000078,KR5118420036,CLASS000930,C-P1,class_return,SINCE_INCEPTION,1.95,2018-12-26,54,[54],detail_return_table_cross_validated,1.0,ClassC-P1 2018.12.26 4.04 3.89 2.62 1.89 1.95
FUND000078,KR5118420036,CLASS000931,C-P1e,class_return,1Y,4.18,2018-08-16,54,[54],detail_return_table_cross_validated,1.0,ClassC-P1e 2018.08.16 4.18 4.03 2.76 2.04 2.13
FUND000078,KR5118420036,CLASS000931,C-P1e,class_return,2Y,4.03,2018-08-16,54,[54],detail_return_table_cross_validated,1.0,ClassC-P1e 2018.08.16 4.18 4.03 2.76 2.04 2.13
FUND000078,KR5118420036,CLASS000931,C-P1e,class_return,3Y,2.76,2018-08-16,54,[54],detail_return_table_cross_validated,1.0,ClassC-P1e 2018.08.16 4.18 4.03 2.76 2.04 2.13
FUND000078,KR5118420036,CLASS000931,C-P1e,class_return,5Y,2.04,2018-08-16,54,[54],detail_return_table_cross_validated,1.0,ClassC-P1e 2018.08.16 4.18 4.03 2.76 2.04 2.13
FUND000078,KR5118420036,CLASS000931,C-P1e,class_return,SINCE_INCEPTION,2.13,2018-08-16,54,[54],detail_return_table_cross_validated,1.0,ClassC-P1e 2018.08.16 4.18 4.03 2.76 2.04 2.13
FUND000078,KR5118420036,CLASS000933,S-P,class_return,1Y,4.30,2018-07-18,54,[54],detail_return_table_cross_validated,1.0,ClassS-P 2018.07.18 4.30 4.15 2.88 2.15 2.27
FUND000078,KR5118420036,CLASS000933,S-P,class_return,2Y,4.15,2018-07-18,54,[54],detail_return_table_cross_validated,1.0,ClassS-P 2018.07.18 4.30 4.15 2.88 2.15 2.27
FUND000078,KR5118420036,CLASS000933,S-P,class_return,3Y,2.88,2018-07-18,54,[54],detail_return_table_cross_validated,1.0,ClassS-P 2018.07.18 4.30 4.15 2.88 2.15 2.27
FUND000078,KR5118420036,CLASS000933,S-P,class_return,5Y,2.15,2018-07-18,54,[54],detail_return_table_cross_validated,1.0,ClassS-P 2018.07.18 4.30 4.15 2.88 2.15 2.27
FUND000078,KR5118420036,CLASS000933,S-P,class_return,SINCE_INCEPTION,2.27,2018-07-18,54,[54],detail_return_table_cross_validated,1.0,ClassS-P 2018.07.18 4.30 4.15 2.88 2.15 2.27
FUND000078,KR5118420036,CLASS000929,C-Pe,class_return,1Y,4.24,2018-10-02,54,[54],detail_return_table_cross_validated,1.0,ClassC-Pe 2018.10.02 4.24 4.09 2.82 2.10 2.18
FUND000078,KR5118420036,CLASS000929,C-Pe,class_return,2Y,4.09,2018-10-02,54,[54],detail_return_table_cross_validated,1.0,ClassC-Pe 2018.10.02 4.24 4.09 2.82 2.10 2.18
FUND000078,KR5118420036,CLASS000929,C-Pe,class_return,3Y,2.82,2018-10-02,54,[54],detail_return_table_cross_validated,1.0,ClassC-Pe 2018.10.02 4.24 4.09 2.82 2.10 2.18
FUND000078,KR5118420036,CLASS000929,C-Pe,class_return,5Y,2.10,2018-10-02,54,[54],detail_return_table_cross_validated,1.0,ClassC-Pe 2018.10.02 4.24 4.09 2.82 2.10 2.18
FUND000078,KR5118420036,CLASS000929,C-Pe,class_return,SINCE_INCEPTION,2.18,2018-10-02,54,[54],detail_return_table_cross_validated,1.0,ClassC-Pe 2018.10.02 4.24 4.09 2.82 2.10 2.18
FUND000078,KR5118420036,CLASS000932,S,class_return,1Y,4.30,2016-12-13,54,[54],detail_return_table_cross_validated,1.0,ClassS 2016.12.13 4.30 4.14 2.87 2.15 2.40
FUND000078,KR5118420036,CLASS000932,S,class_return,2Y,4.14,2016-12-13,54,[54],detail_return_table_cross_validated,1.0,ClassS 2016.12.13 4.30 4.14 2.87 2.15 2.40
FUND000078,KR5118420036,CLASS000932,S,class_return,3Y,2.87,2016-12-13,54,[54],detail_return_table_cross_validated,1.0,ClassS 2016.12.13 4.30 4.14 2.87 2.15 2.40
FUND000078,KR5118420036,CLASS000932,S,class_return,5Y,2.15,2016-12-13,54,[54],detail_return_table_cross_validated,1.0,ClassS 2016.12.13 4.30 4.14 2.87 2.15 2.40
FUND000078,KR5118420036,CLASS000932,S,class_return,SINCE_INCEPTION,2.40,2016-12-13,54,[54],detail_return_table_cross_validated,1.0,ClassS 2016.12.13 4.30 4.14 2.87 2.15 2.40
FUND000079,KR5118420062,CLASS000939,C,class_return,3Y,4.54,2016-03-16,5,"[5,44]",cell_grid,1.0,수수료미징구- 오프라인(C)(%) 수수료미징구- 오프라인(C)(%) 16.03.16 3.22 4.11 4.54 3.03 2.61
FUND000079,KR5118420062,CLASS000939,C,class_return,SINCE_INCEPTION,2.61,2016-03-16,5,"[5,44]",cell_grid,1.0,수수료미징구- 오프라인(C)(%) 수수료미징구- 오프라인(C)(%) 16.03.16 3.22 4.11 4.54 3.03 2.61
FUND000079,KR5118420062,CLASS000939,C,class_return,1Y,3.22,2016-03-16,5,"[5,44]",cell_grid,1.0,수수료미징구- 오프라인(C)(%) 수수료미징구- 오프라인(C)(%) 16.03.16 3.22 4.11 4.54 3.03 2.61
FUND000079,KR5118420062,CLASS000939,C,class_return,2Y,4.11,2016-03-16,5,"[5,44]",cell_grid,1.0,수수료미징구- 오프라인(C)(%) 수수료미징구- 오프라인(C)(%) 16.03.16 3.22 4.11 4.54 3.03 2.61
FUND000079,KR5118420062,CLASS000939,C,class_return,5Y,3.03,2016-03-16,5,"[5,44]",cell_grid,1.0,수수료미징구- 오프라인(C)(%) 수수료미징구- 오프라인(C)(%) 16.03.16 3.22 4.11 4.54 3.03 2.61
FUND000079,KR5118420062,,,benchmark,3Y,3.88,,5,[5],cell_grid,1.0,비교지수(%) 비교지수(%) - 3.06 3.60 3.88 2.63 2.20
FUND000079,KR5118420062,,,benchmark,SINCE_INCEPTION,2.20,,5,[5],cell_grid,1.0,비교지수(%) 비교지수(%) - 3.06 3.60 3.88 2.63 2.20
FUND000079,KR5118420062,,,benchmark,1Y,3.06,,5,[5],cell_grid,1.0,비교지수(%) 비교지수(%) - 3.06 3.60 3.88 2.63 2.20
FUND000079,KR5118420062,,,benchmark,2Y,3.60,,5,[5],cell_grid,1.0,비교지수(%) 비교지수(%) - 3.06 3.60 3.88 2.63 2.20
FUND000079,KR5118420062,,,benchmark,5Y,2.63,,5,[5],cell_grid,1.0,비교지수(%) 비교지수(%) - 3.06 3.60 3.88 2.63 2.20
FUND000079,KR5118420062,,,volatility,3Y,0.39,,5,[5],cell_grid,1.0,수익률 변동성(%) 수익률 변동성(%) 16.03.16 0.22 0.30 0.39 0.46 0.37
FUND000079,KR5118420062,,,volatility,SINCE_INCEPTION,0.37,,5,[5],cell_grid,1.0,수익률 변동성(%) 수익률 변동성(%) 16.03.16 0.22 0.30 0.39 0.46 0.37
FUND000079,KR5118420062,,,volatility,1Y,0.22,,5,[5],cell_grid,1.0,수익률 변동성(%) 수익률 변동성(%) 16.03.16 0.22 0.30 0.39 0.46 0.37
FUND000079,KR5118420062,,,volatility,2Y,0.30,,5,[5],cell_grid,1.0,수익률 변동성(%) 수익률 변동성(%) 16.03.16 0.22 0.30 0.39 0.46 0.37
FUND000079,KR5118420062,,,volatility,5Y,0.46,,5,[5],cell_grid,1.0,수익률 변동성(%) 수익률 변동성(%) 16.03.16 0.22 0.30 0.39 0.46 0.37
FUND000079,KR5118420062,CLASS000944,C-Pe,class_return,1Y,3.46,2017-08-29,44,[44],detail_return_table_cross_validated,1.0,ClassC-Pe 2017.08.29 ClassC-Pe 3.46 4.36 4.79 3.27 2.85
FUND000079,KR5118420062,CLASS000944,C-Pe,class_return,2Y,4.36,2017-08-29,44,[44],detail_return_table_cross_validated,1.0,ClassC-Pe 2017.08.29 ClassC-Pe 3.46 4.36 4.79 3.27 2.85
FUND000079,KR5118420062,CLASS000944,C-Pe,class_return,3Y,4.79,2017-08-29,44,[44],detail_return_table_cross_validated,1.0,ClassC-Pe 2017.08.29 ClassC-Pe 3.46 4.36 4.79 3.27 2.85
FUND000079,KR5118420062,CLASS000944,C-Pe,class_return,5Y,3.27,2017-08-29,44,[44],detail_return_table_cross_validated,1.0,ClassC-Pe 2017.08.29 ClassC-Pe 3.46 4.36 4.79 3.27 2.85
FUND000079,KR5118420062,CLASS000944,C-Pe,class_return,SINCE_INCEPTION,2.85,2017-08-29,44,[44],detail_return_table_cross_validated,1.0,ClassC-Pe 2017.08.29 ClassC-Pe 3.46 4.36 4.79 3.27 2.85
FUND000079,KR5118420062,CLASS000947,C-P1e,class_return,1Y,3.44,2017-10-20,44,[44],detail_return_table_cross_validated,1.0,ClassC-P1e 2017.10.20 ClassC-P1e 3.44 4.33 4.76 3.25 2.85
FUND000079,KR5118420062,CLASS000947,C-P1e,class_return,2Y,4.33,2017-10-20,44,[44],detail_return_table_cross_validated,1.0,ClassC-P1e 2017.10.20 ClassC-P1e 3.44 4.33 4.76 3.25 2.85
FUND000079,KR5118420062,CLASS000947,C-P1e,class_return,3Y,4.76,2017-10-20,44,[44],detail_return_table_cross_validated,1.0,ClassC-P1e 2017.10.20 ClassC-P1e 3.44 4.33 4.76 3.25 2.85
FUND000079,KR5118420062,CLASS000947,C-P1e,class_return,5Y,3.25,2017-10-20,44,[44],detail_return_table_cross_validated,1.0,ClassC-P1e 2017.10.20 ClassC-P1e 3.44 4.33 4.76 3.25 2.85
FUND000079,KR5118420062,CLASS000947,C-P1e,class_return,SINCE_INCEPTION,2.85,2017-10-20,44,[44],detail_return_table_cross_validated,1.0,ClassC-P1e 2017.10.20 ClassC-P1e 3.44 4.33 4.76 3.25 2.85
FUND000079,KR5118420062,CLASS000950,S-P(퇴직),class_return,1Y,3.52,2020-09-04,44,[44],detail_return_table_cross_validated,1.0,ClassS-P(퇴직) 2020.09.04 ClassS-P(퇴직) 3.52 4.42 4.85 3.33 3.28
FUND000079,KR5118420062,CLASS000950,S-P(퇴직),class_return,2Y,4.42,2020-09-04,44,[44],detail_return_table_cross_validated,1.0,ClassS-P(퇴직) 2020.09.04 ClassS-P(퇴직) 3.52 4.42 4.85 3.33 3.28
FUND000079,KR5118420062,CLASS000950,S-P(퇴직),class_return,3Y,4.85,2020-09-04,44,[44],detail_return_table_cross_validated,1.0,ClassS-P(퇴직) 2020.09.04 ClassS-P(퇴직) 3.52 4.42 4.85 3.33 3.28
FUND000079,KR5118420062,CLASS000950,S-P(퇴직),class_return,5Y,3.33,2020-09-04,44,[44],detail_return_table_cross_validated,1.0,ClassS-P(퇴직) 2020.09.04 ClassS-P(퇴직) 3.52 4.42 4.85 3.33 3.28
FUND000079,KR5118420062,CLASS000950,S-P(퇴직),class_return,SINCE_INCEPTION,3.28,2020-09-04,44,[44],detail_return_table_cross_validated,1.0,ClassS-P(퇴직) 2020.09.04 ClassS-P(퇴직) 3.52 4.42 4.85 3.33 3.28
FUND000079,KR5118420062,CLASS000938,A-G,class_return,1Y,3.47,2018-06-08,44,[44],detail_return_table_cross_validated,1.0,ClassA-G 2018.06.08 ClassA-G 3.47 4.36 4.79 3.28 2.93
FUND000079,KR5118420062,CLASS000938,A-G,class_return,2Y,4.36,2018-06-08,44,[44],detail_return_table_cross_validated,1.0,ClassA-G 2018.06.08 ClassA-G 3.47 4.36 4.79 3.28 2.93
FUND000079,KR5118420062,CLASS000938,A-G,class_return,3Y,4.79,2018-06-08,44,[44],detail_return_table_cross_validated,1.0,ClassA-G 2018.06.08 ClassA-G 3.47 4.36 4.79 3.28 2.93
FUND000079,KR5118420062,CLASS000938,A-G,class_return,5Y,3.28,2018-06-08,44,[44],detail_return_table_cross_validated,1.0,ClassA-G 2018.06.08 ClassA-G 3.47 4.36 4.79 3.28 2.93
FUND000079,KR5118420062,CLASS000938,A-G,class_return,SINCE_INCEPTION,2.93,2018-06-08,44,[44],detail_return_table_cross_validated,1.0,ClassA-G 2018.06.08 ClassA-G 3.47 4.36 4.79 3.28 2.93
FUND000079,KR5118420062,CLASS000941,C-G,class_return,1Y,3.31,2017-06-09,44,[44],detail_return_table_cross_validated,1.0,ClassC-G 2017.06.09 ClassC-G 3.31 4.21 4.64 3.12 2.68
FUND000079,KR5118420062,CLASS000941,C-G,class_return,2Y,4.21,2017-06-09,44,[44],detail_return_table_cross_validated,1.0,ClassC-G 2017.06.09 ClassC-G 3.31 4.21 4.64 3.12 2.68
FUND000079,KR5118420062,CLASS000941,C-G,class_return,3Y,4.64,2017-06-09,44,[44],detail_return_table_cross_validated,1.0,ClassC-G 2017.06.09 ClassC-G 3.31 4.21 4.64 3.12 2.68
FUND000079,KR5118420062,CLASS000941,C-G,class_return,5Y,3.12,2017-06-09,44,[44],detail_return_table_cross_validated,1.0,ClassC-G 2017.06.09 ClassC-G 3.31 4.21 4.64 3.12 2.68
FUND000079,KR5118420062,CLASS000941,C-G,class_return,SINCE_INCEPTION,2.68,2017-06-09,44,[44],detail_return_table_cross_validated,1.0,ClassC-G 2017.06.09 ClassC-G 3.31 4.21 4.64 3.12 2.68
FUND000079,KR5118420062,CLASS000935,A,class_return,1Y,3.43,2016-03-16,44,[44],detail_return_table_cross_validated,1.0,ClassA 2016.03.16 ClassA 3.43 4.32 4.75 3.24 2.82
FUND000079,KR5118420062,CLASS000935,A,class_return,2Y,4.32,2016-03-16,44,[44],detail_return_table_cross_validated,1.0,ClassA 2016.03.16 ClassA 3.43 4.32 4.75 3.24 2.82
FUND000079,KR5118420062,CLASS000935,A,class_return,3Y,4.75,2016-03-16,44,[44],detail_return_table_cross_validated,1.0,ClassA 2016.03.16 ClassA 3.43 4.32 4.75 3.24 2.82
FUND000079,KR5118420062,CLASS000935,A,class_return,5Y,3.24,2016-03-16,44,[44],detail_return_table_cross_validated,1.0,ClassA 2016.03.16 ClassA 3.43 4.32 4.75 3.24 2.82
FUND000079,KR5118420062,CLASS000935,A,class_return,SINCE_INCEPTION,2.82,2016-03-16,44,[44],detail_return_table_cross_validated,1.0,ClassA 2016.03.16 ClassA 3.43 4.32 4.75 3.24 2.82
FUND000079,KR5118420062,CLASS000937,A-e,class_return,1Y,3.48,2016-04-21,44,[44],detail_return_table_cross_validated,1.0,ClassA-e 2016.04.21 ClassA-e 3.48 4.38 4.80 3.29 2.83
FUND000079,KR5118420062,CLASS000937,A-e,class_return,2Y,4.38,2016-04-21,44,[44],detail_return_table_cross_validated,1.0,ClassA-e 2016.04.21 ClassA-e 3.48 4.38 4.80 3.29 2.83
FUND000079,KR5118420062,CLASS000937,A-e,class_return,3Y,4.80,2016-04-21,44,[44],detail_return_table_cross_validated,1.0,ClassA-e 2016.04.21 ClassA-e 3.48 4.38 4.80 3.29 2.83
FUND000079,KR5118420062,CLASS000937,A-e,class_return,5Y,3.29,2016-04-21,44,[44],detail_return_table_cross_validated,1.0,ClassA-e 2016.04.21 ClassA-e 3.48 4.38 4.80 3.29 2.83
FUND000079,KR5118420062,CLASS000937,A-e,class_return,SINCE_INCEPTION,2.83,2016-04-21,44,[44],detail_return_table_cross_validated,1.0,ClassA-e 2016.04.21 ClassA-e 3.48 4.38 4.80 3.29 2.83
FUND000079,KR5118420062,CLASS000940,C-e,class_return,1Y,3.40,2016-04-19,44,[44],detail_return_table_cross_validated,1.0,ClassC-e 2016.04.19 ClassC-e 3.40 4.30 4.72 3.21 2.75
FUND000079,KR5118420062,CLASS000940,C-e,class_return,2Y,4.30,2016-04-19,44,[44],detail_return_table_cross_validated,1.0,ClassC-e 2016.04.19 ClassC-e 3.40 4.30 4.72 3.21 2.75
FUND000079,KR5118420062,CLASS000940,C-e,class_return,3Y,4.72,2016-04-19,44,[44],detail_return_table_cross_validated,1.0,ClassC-e 2016.04.19 ClassC-e 3.40 4.30 4.72 3.21 2.75
FUND000079,KR5118420062,CLASS000940,C-e,class_return,5Y,3.21,2016-04-19,44,[44],detail_return_table_cross_validated,1.0,ClassC-e 2016.04.19 ClassC-e 3.40 4.30 4.72 3.21 2.75
FUND000079,KR5118420062,CLASS000940,C-e,class_return,SINCE_INCEPTION,2.75,2016-04-19,44,[44],detail_return_table_cross_validated,1.0,ClassC-e 2016.04.19 ClassC-e 3.40 4.30 4.72 3.21 2.75
FUND000079,KR5118420062,CLASS000942,C-F,class_return,1Y,3.56,2016-09-07,44,[44],detail_return_table_cross_validated,1.0,ClassC-F 2016.09.07 ClassC-F 3.56 4.46 4.89 3.37 2.90
FUND000079,KR5118420062,CLASS000942,C-F,class_return,2Y,4.46,2016-09-07,44,[44],detail_return_table_cross_validated,1.0,ClassC-F 2016.09.07 ClassC-F 3.56 4.46 4.89 3.37 2.90
FUND000079,KR5118420062,CLASS000942,C-F,class_return,3Y,4.89,2016-09-07,44,[44],detail_return_table_cross_validated,1.0,ClassC-F 2016.09.07 ClassC-F 3.56 4.46 4.89 3.37 2.90
FUND000079,KR5118420062,CLASS000942,C-F,class_return,5Y,3.37,2016-09-07,44,[44],detail_return_table_cross_validated,1.0,ClassC-F 2016.09.07 ClassC-F 3.56 4.46 4.89 3.37 2.90
FUND000079,KR5118420062,CLASS000942,C-F,class_return,SINCE_INCEPTION,2.90,2016-09-07,44,[44],detail_return_table_cross_validated,1.0,ClassC-F 2016.09.07 ClassC-F 3.56 4.46 4.89 3.37 2.90
FUND000079,KR5118420062,CLASS000945,C-W,class_return,1Y,3.58,2017-02-13,44,[44],detail_return_table_cross_validated,1.0,ClassC-W 2017.02.13 ClassC-W 3.58 4.48 4.91 3.39 2.94
FUND000079,KR5118420062,CLASS000945,C-W,class_return,2Y,4.48,2017-02-13,44,[44],detail_return_table_cross_validated,1.0,ClassC-W 2017.02.13 ClassC-W 3.58 4.48 4.91 3.39 2.94
FUND000079,KR5118420062,CLASS000945,C-W,class_return,3Y,4.91,2017-02-13,44,[44],detail_return_table_cross_validated,1.0,ClassC-W 2017.02.13 ClassC-W 3.58 4.48 4.91 3.39 2.94
FUND000079,KR5118420062,CLASS000945,C-W,class_return,5Y,3.39,2017-02-13,44,[44],detail_return_table_cross_validated,1.0,ClassC-W 2017.02.13 ClassC-W 3.58 4.48 4.91 3.39 2.94
FUND000079,KR5118420062,CLASS000945,C-W,class_return,SINCE_INCEPTION,2.94,2017-02-13,44,[44],detail_return_table_cross_validated,1.0,ClassC-W 2017.02.13 ClassC-W 3.58 4.48 4.91 3.39 2.94
FUND000079,KR5118420062,CLASS000943,C-P,class_return,1Y,3.34,2017-04-10,44,[44],detail_return_table_cross_validated,1.0,ClassC-P 2017.04.10 ClassC-P 3.34 4.24 4.67 3.15 2.71
FUND000079,KR5118420062,CLASS000943,C-P,class_return,2Y,4.24,2017-04-10,44,[44],detail_return_table_cross_validated,1.0,ClassC-P 2017.04.10 ClassC-P 3.34 4.24 4.67 3.15 2.71
FUND000079,KR5118420062,CLASS000943,C-P,class_return,3Y,4.67,2017-04-10,44,[44],detail_return_table_cross_validated,1.0,ClassC-P 2017.04.10 ClassC-P 3.34 4.24 4.67 3.15 2.71
FUND000079,KR5118420062,CLASS000943,C-P,class_return,5Y,3.15,2017-04-10,44,[44],detail_return_table_cross_validated,1.0,ClassC-P 2017.04.10 ClassC-P 3.34 4.24 4.67 3.15 2.71
FUND000079,KR5118420062,CLASS000943,C-P,class_return,SINCE_INCEPTION,2.71,2017-04-10,44,[44],detail_return_table_cross_validated,1.0,ClassC-P 2017.04.10 ClassC-P 3.34 4.24 4.67 3.15 2.71
FUND000079,KR5118420062,CLASS000946,C-P1,class_return,1Y,3.29,2017-02-02,44,[44],detail_return_table_cross_validated,1.0,ClassC-P1 2017.02.02 ClassC-P1 3.29 4.19 4.62 3.10 2.65
FUND000079,KR5118420062,CLASS000946,C-P1,class_return,2Y,4.19,2017-02-02,44,[44],detail_return_table_cross_validated,1.0,ClassC-P1 2017.02.02 ClassC-P1 3.29 4.19 4.62 3.10 2.65
FUND000079,KR5118420062,CLASS000946,C-P1,class_return,3Y,4.62,2017-02-02,44,[44],detail_return_table_cross_validated,1.0,ClassC-P1 2017.02.02 ClassC-P1 3.29 4.19 4.62 3.10 2.65
FUND000079,KR5118420062,CLASS000946,C-P1,class_return,5Y,3.10,2017-02-02,44,[44],detail_return_table_cross_validated,1.0,ClassC-P1 2017.02.02 ClassC-P1 3.29 4.19 4.62 3.10 2.65
FUND000079,KR5118420062,CLASS000946,C-P1,class_return,SINCE_INCEPTION,2.65,2017-02-02,44,[44],detail_return_table_cross_validated,1.0,ClassC-P1 2017.02.02 ClassC-P1 3.29 4.19 4.62 3.10 2.65
FUND000079,KR5118420062,CLASS000936,A2,class_return,1Y,3.58,2016-08-10,44,[44],detail_return_table_cross_validated,1.0,ClassA2 2016.08.10 ClassA2 3.58 4.48 4.91 3.39 2.91
FUND000079,KR5118420062,CLASS000936,A2,class_return,2Y,4.48,2016-08-10,44,[44],detail_return_table_cross_validated,1.0,ClassA2 2016.08.10 ClassA2 3.58 4.48 4.91 3.39 2.91
FUND000079,KR5118420062,CLASS000936,A2,class_return,3Y,4.91,2016-08-10,44,[44],detail_return_table_cross_validated,1.0,ClassA2 2016.08.10 ClassA2 3.58 4.48 4.91 3.39 2.91
FUND000079,KR5118420062,CLASS000936,A2,class_return,5Y,3.39,2016-08-10,44,[44],detail_return_table_cross_validated,1.0,ClassA2 2016.08.10 ClassA2 3.58 4.48 4.91 3.39 2.91
FUND000079,KR5118420062,CLASS000936,A2,class_return,SINCE_INCEPTION,2.91,2016-08-10,44,[44],detail_return_table_cross_validated,1.0,ClassA2 2016.08.10 ClassA2 3.58 4.48 4.91 3.39 2.91
FUND000079,KR5118420062,CLASS000949,S-P,class_return,SINCE_INCEPTION,3.37,,44,[44],detail_return_table_cross_validated,1.0,ClassS-P 3.37
FUND000079,KR5118420062,CLASS000948,S,class_return,SINCE_INCEPTION,3.35,,44,[44],detail_return_table_cross_validated,1.0,ClassS 3.35
FUND000039,KR5119450058,CLASS000542,A1,class_return,1Y,-5.98,,6,"[6,48]",cell_grid,1.0,수수료선취 - 오프라인(A1) 수수료선취 - 오프라인(A1) -5.98 -3.76 -3.17 3.44 2.84
FUND000039,KR5119450058,CLASS000542,A1,class_return,2Y,-3.76,,6,"[6,48]",cell_grid,1.0,수수료선취 - 오프라인(A1) 수수료선취 - 오프라인(A1) -5.98 -3.76 -3.17 3.44 2.84
FUND000039,KR5119450058,CLASS000542,A1,class_return,3Y,-3.17,,6,"[6,48]",cell_grid,1.0,수수료선취 - 오프라인(A1) 수수료선취 - 오프라인(A1) -5.98 -3.76 -3.17 3.44 2.84
FUND000039,KR5119450058,CLASS000542,A1,class_return,5Y,3.44,,6,"[6,48]",cell_grid,1.0,수수료선취 - 오프라인(A1) 수수료선취 - 오프라인(A1) -5.98 -3.76 -3.17 3.44 2.84
FUND000039,KR5119450058,CLASS000542,A1,class_return,SINCE_INCEPTION,2.84,,6,"[6,48]",cell_grid,1.0,수수료선취 - 오프라인(A1) 수수료선취 - 오프라인(A1) -5.98 -3.76 -3.17 3.44 2.84
FUND000039,KR5119450058,CLASS000543,A-e,class_return,1Y,-5.65,,6,"[6,48]",cell_grid,1.0,수수료선취 - 온라인(A-e) 수수료선취 - 온라인(A-e) -5.65 -3.42 -2.83 3.80 3.21
FUND000039,KR5119450058,CLASS000543,A-e,class_return,2Y,-3.42,,6,"[6,48]",cell_grid,1.0,수수료선취 - 온라인(A-e) 수수료선취 - 온라인(A-e) -5.65 -3.42 -2.83 3.80 3.21
FUND000039,KR5119450058,CLASS000543,A-e,class_return,3Y,-2.83,,6,"[6,48]",cell_grid,1.0,수수료선취 - 온라인(A-e) 수수료선취 - 온라인(A-e) -5.65 -3.42 -2.83 3.80 3.21
FUND000039,KR5119450058,CLASS000543,A-e,class_return,5Y,3.80,,6,"[6,48]",cell_grid,1.0,수수료선취 - 온라인(A-e) 수수료선취 - 온라인(A-e) -5.65 -3.42 -2.83 3.80 3.21
FUND000039,KR5119450058,CLASS000543,A-e,class_return,SINCE_INCEPTION,3.21,,6,"[6,48]",cell_grid,1.0,수수료선취 - 온라인(A-e) 수수료선취 - 온라인(A-e) -5.65 -3.42 -2.83 3.80 3.21
FUND000039,KR5119450058,CLASS000544,C1,class_return,1Y,-6.45,,6,"[6,48]",cell_grid,1.0,수수료미징구 - 오프라인 - 보수체감(C1) 수수료미징구 - 오프라인 - 보수체감(C1) -6.45 -4.24 -3.65 2.92 2.34
FUND000039,KR5119450058,CLASS000544,C1,class_return,2Y,-4.24,,6,"[6,48]",cell_grid,1.0,수수료미징구 - 오프라인 - 보수체감(C1) 수수료미징구 - 오프라인 - 보수체감(C1) -6.45 -4.24 -3.65 2.92 2.34
FUND000039,KR5119450058,CLASS000544,C1,class_return,3Y,-3.65,,6,"[6,48]",cell_grid,1.0,수수료미징구 - 오프라인 - 보수체감(C1) 수수료미징구 - 오프라인 - 보수체감(C1) -6.45 -4.24 -3.65 2.92 2.34
FUND000039,KR5119450058,CLASS000544,C1,class_return,5Y,2.92,,6,"[6,48]",cell_grid,1.0,수수료미징구 - 오프라인 - 보수체감(C1) 수수료미징구 - 오프라인 - 보수체감(C1) -6.45 -4.24 -3.65 2.92 2.34
FUND000039,KR5119450058,CLASS000544,C1,class_return,SINCE_INCEPTION,2.34,,6,"[6,48]",cell_grid,1.0,수수료미징구 - 오프라인 - 보수체감(C1) 수수료미징구 - 오프라인 - 보수체감(C1) -6.45 -4.24 -3.65 2.92 2.34
FUND000039,KR5119450058,CLASS000548,C-e,class_return,1Y,-5.79,,6,"[6,48]",cell_grid,1.0,수수료미징구 - 온라인(C-e) 수수료미징구 - 온라인(C-e) -5.79 -3.56 -2.98 3.64 3.06
FUND000039,KR5119450058,CLASS000548,C-e,class_return,2Y,-3.56,,6,"[6,48]",cell_grid,1.0,수수료미징구 - 온라인(C-e) 수수료미징구 - 온라인(C-e) -5.79 -3.56 -2.98 3.64 3.06
FUND000039,KR5119450058,CLASS000548,C-e,class_return,3Y,-2.98,,6,"[6,48]",cell_grid,1.0,수수료미징구 - 온라인(C-e) 수수료미징구 - 온라인(C-e) -5.79 -3.56 -2.98 3.64 3.06
FUND000039,KR5119450058,CLASS000548,C-e,class_return,5Y,3.64,,6,"[6,48]",cell_grid,1.0,수수료미징구 - 온라인(C-e) 수수료미징구 - 온라인(C-e) -5.79 -3.56 -2.98 3.64 3.06
FUND000039,KR5119450058,CLASS000548,C-e,class_return,SINCE_INCEPTION,3.06,,6,"[6,48]",cell_grid,1.0,수수료미징구 - 온라인(C-e) 수수료미징구 - 온라인(C-e) -5.79 -3.56 -2.98 3.64 3.06
FUND000039,KR5119450058,,,volatility,1Y,11.45,,6,[6],cell_grid,1.0,수익률 변동성(%) 수익률 변동성(%) 11.45 10.22 8.85 9.83 7.45
FUND000039,KR5119450058,,,volatility,2Y,10.22,,6,[6],cell_grid,1.0,수익률 변동성(%) 수익률 변동성(%) 11.45 10.22 8.85 9.83 7.45
FUND000039,KR5119450058,,,volatility,3Y,8.85,,6,[6],cell_grid,1.0,수익률 변동성(%) 수익률 변동성(%) 11.45 10.22 8.85 9.83 7.45
FUND000039,KR5119450058,,,volatility,5Y,9.83,,6,[6],cell_grid,1.0,수익률 변동성(%) 수익률 변동성(%) 11.45 10.22 8.85 9.83 7.45
FUND000039,KR5119450058,,,volatility,SINCE_INCEPTION,7.45,,6,[6],cell_grid,1.0,수익률 변동성(%) 수익률 변동성(%) 11.45 10.22 8.85 9.83 7.45
FUND000039,KR5119450058,CLASS000545,C2,class_return,1Y,-8.35,,48,[48],detail_return_table_cross_validated,1.0,수수료미징구-오프라인-보수체감(C2) 수수료미징구-오프라인-보수체감(C2) -8.35 -4.26 -2.86 -0.92 0.52
FUND000039,KR5119450058,CLASS000545,C2,class_return,2Y,-4.26,,48,[48],detail_return_table_cross_validated,1.0,수수료미징구-오프라인-보수체감(C2) 수수료미징구-오프라인-보수체감(C2) -8.35 -4.26 -2.86 -0.92 0.52
FUND000039,KR5119450058,CLASS000545,C2,class_return,3Y,-2.86,,48,[48],detail_return_table_cross_validated,1.0,수수료미징구-오프라인-보수체감(C2) 수수료미징구-오프라인-보수체감(C2) -8.35 -4.26 -2.86 -0.92 0.52
FUND000039,KR5119450058,CLASS000545,C2,class_return,5Y,-0.92,,48,[48],detail_return_table_cross_validated,1.0,수수료미징구-오프라인-보수체감(C2) 수수료미징구-오프라인-보수체감(C2) -8.35 -4.26 -2.86 -0.92 0.52
FUND000039,KR5119450058,CLASS000545,C2,class_return,SINCE_INCEPTION,0.52,,48,[48],detail_return_table_cross_validated,1.0,수수료미징구-오프라인-보수체감(C2) 수수료미징구-오프라인-보수체감(C2) -8.35 -4.26 -2.86 -0.92 0.52
FUND000039,KR5119450058,CLASS000547,C4,class_return,1Y,-6.06,,48,[48],detail_return_table_cross_validated,1.0,수수료미징구-오프라인-보수체감(C4) 수수료미징구-오프라인-보수체감(C4) -6.06 -3.84 -3.26 3.35 3.41
FUND000039,KR5119450058,CLASS000547,C4,class_return,2Y,-3.84,,48,[48],detail_return_table_cross_validated,1.0,수수료미징구-오프라인-보수체감(C4) 수수료미징구-오프라인-보수체감(C4) -6.06 -3.84 -3.26 3.35 3.41
FUND000039,KR5119450058,CLASS000547,C4,class_return,3Y,-3.26,,48,[48],detail_return_table_cross_validated,1.0,수수료미징구-오프라인-보수체감(C4) 수수료미징구-오프라인-보수체감(C4) -6.06 -3.84 -3.26 3.35 3.41
FUND000039,KR5119450058,CLASS000547,C4,class_return,5Y,3.35,,48,[48],detail_return_table_cross_validated,1.0,수수료미징구-오프라인-보수체감(C4) 수수료미징구-오프라인-보수체감(C4) -6.06 -3.84 -3.26 3.35 3.41
FUND000039,KR5119450058,CLASS000547,C4,class_return,SINCE_INCEPTION,3.41,,48,[48],detail_return_table_cross_validated,1.0,수수료미징구-오프라인-보수체감(C4) 수수료미징구-오프라인-보수체감(C4) -6.06 -3.84 -3.26 3.35 3.41
FUND000039,KR5119450058,CLASS000552,C-r,class_return,1Y,-6.06,,48,[48],detail_return_table_cross_validated,1.0,수수료미징구-오프라인-퇴직연금(C-r) 수수료미징구-오프라인-퇴직연금(C-r) -6.06 -3.83 -3.25 3.35 1.52
FUND000039,KR5119450058,CLASS000552,C-r,class_return,2Y,-3.83,,48,[48],detail_return_table_cross_validated,1.0,수수료미징구-오프라인-퇴직연금(C-r) 수수료미징구-오프라인-퇴직연금(C-r) -6.06 -3.83 -3.25 3.35 1.52
FUND000039,KR5119450058,CLASS000552,C-r,class_return,3Y,-3.25,,48,[48],detail_return_table_cross_validated,1.0,수수료미징구-오프라인-퇴직연금(C-r) 수수료미징구-오프라인-퇴직연금(C-r) -6.06 -3.83 -3.25 3.35 1.52
FUND000039,KR5119450058,CLASS000552,C-r,class_return,5Y,3.35,,48,[48],detail_return_table_cross_validated,1.0,수수료미징구-오프라인-퇴직연금(C-r) 수수료미징구-오프라인-퇴직연금(C-r) -6.06 -3.83 -3.25 3.35 1.52
FUND000039,KR5119450058,CLASS000552,C-r,class_return,SINCE_INCEPTION,1.52,,48,[48],detail_return_table_cross_validated,1.0,수수료미징구-오프라인-퇴직연금(C-r) 수수료미징구-오프라인-퇴직연금(C-r) -6.06 -3.83 -3.25 3.35 1.52
FUND000039,KR5119450058,CLASS000553,C-re,class_return,1Y,-5.69,,48,[48],detail_return_table_cross_validated,1.0,수수료미징구-온라인-퇴직연금(C-re) 수수료미징구-온라인-퇴직연금(C-re) -5.69 -3.46 -2.87 3.75 1.94
FUND000039,KR5119450058,CLASS000553,C-re,class_return,2Y,-3.46,,48,[48],detail_return_table_cross_validated,1.0,수수료미징구-온라인-퇴직연금(C-re) 수수료미징구-온라인-퇴직연금(C-re) -5.69 -3.46 -2.87 3.75 1.94
FUND000039,KR5119450058,CLASS000553,C-re,class_return,3Y,-2.87,,48,[48],detail_return_table_cross_validated,1.0,수수료미징구-온라인-퇴직연금(C-re) 수수료미징구-온라인-퇴직연금(C-re) -5.69 -3.46 -2.87 3.75 1.94
FUND000039,KR5119450058,CLASS000553,C-re,class_return,5Y,3.75,,48,[48],detail_return_table_cross_validated,1.0,수수료미징구-온라인-퇴직연금(C-re) 수수료미징구-온라인-퇴직연금(C-re) -5.69 -3.46 -2.87 3.75 1.94
FUND000039,KR5119450058,CLASS000553,C-re,class_return,SINCE_INCEPTION,1.94,,48,[48],detail_return_table_cross_validated,1.0,수수료미징구-온라인-퇴직연금(C-re) 수수료미징구-온라인-퇴직연금(C-re) -5.69 -3.46 -2.87 3.75 1.94
FUND000039,KR5119450058,CLASS000555,S,class_return,1Y,-5.64,,48,[48],detail_return_table_cross_validated,1.0,수수료후취-온라인슈퍼(S) 수수료후취-온라인슈퍼(S) -5.64 -3.42 -2.83 3.80 3.10
FUND000039,KR5119450058,CLASS000555,S,class_return,2Y,-3.42,,48,[48],detail_return_table_cross_validated,1.0,수수료후취-온라인슈퍼(S) 수수료후취-온라인슈퍼(S) -5.64 -3.42 -2.83 3.80 3.10
FUND000039,KR5119450058,CLASS000555,S,class_return,3Y,-2.83,,48,[48],detail_return_table_cross_validated,1.0,수수료후취-온라인슈퍼(S) 수수료후취-온라인슈퍼(S) -5.64 -3.42 -2.83 3.80 3.10
FUND000039,KR5119450058,CLASS000555,S,class_return,5Y,3.80,,48,[48],detail_return_table_cross_validated,1.0,수수료후취-온라인슈퍼(S) 수수료후취-온라인슈퍼(S) -5.64 -3.42 -2.83 3.80 3.10
FUND000039,KR5119450058,CLASS000555,S,class_return,SINCE_INCEPTION,3.10,,48,[48],detail_return_table_cross_validated,1.0,수수료후취-온라인슈퍼(S) 수수료후취-온라인슈퍼(S) -5.64 -3.42 -2.83 3.80 3.10
FUND000039,KR5119450058,CLASS000556,S-P,class_return,1Y,-5.55,,48,[48],detail_return_table_cross_validated,1.0,수수료미징구-온라인슈퍼-개인연금(S-P) 수수료미징구-온라인슈퍼-개인연금(S-P) -5.55 -3.32 -2.73 3.90 2.08
FUND000039,KR5119450058,CLASS000556,S-P,class_return,2Y,-3.32,,48,[48],detail_return_table_cross_validated,1.0,수수료미징구-온라인슈퍼-개인연금(S-P) 수수료미징구-온라인슈퍼-개인연금(S-P) -5.55 -3.32 -2.73 3.90 2.08
FUND000039,KR5119450058,CLASS000556,S-P,class_return,3Y,-2.73,,48,[48],detail_return_table_cross_validated,1.0,수수료미징구-온라인슈퍼-개인연금(S-P) 수수료미징구-온라인슈퍼-개인연금(S-P) -5.55 -3.32 -2.73 3.90 2.08
FUND000039,KR5119450058,CLASS000556,S-P,class_return,5Y,3.90,,48,[48],detail_return_table_cross_validated,1.0,수수료미징구-온라인슈퍼-개인연금(S-P) 수수료미징구-온라인슈퍼-개인연금(S-P) -5.55 -3.32 -2.73 3.90 2.08
FUND000039,KR5119450058,CLASS000556,S-P,class_return,SINCE_INCEPTION,2.08,,48,[48],detail_return_table_cross_validated,1.0,수수료미징구-온라인슈퍼-개인연금(S-P) 수수료미징구-온라인슈퍼-개인연금(S-P) -5.55 -3.32 -2.73 3.90 2.08
FUND000040,KR5119501001,CLASS000557,C1,class_return,1Y,3.15,,5,"[5,33]",cell_grid,1.0,수수료미징구 - 오프라인 - 퇴직연금 (C1) 수수료미징구 - 오프라인 - 퇴직연금 (C1) 3.15 3.56 3.28 1.84 2.86
FUND000040,KR5119501001,CLASS000557,C1,class_return,2Y,3.56,,5,"[5,33]",cell_grid,1.0,수수료미징구 - 오프라인 - 퇴직연금 (C1) 수수료미징구 - 오프라인 - 퇴직연금 (C1) 3.15 3.56 3.28 1.84 2.86
FUND000040,KR5119501001,CLASS000557,C1,class_return,3Y,3.28,,5,"[5,33]",cell_grid,1.0,수수료미징구 - 오프라인 - 퇴직연금 (C1) 수수료미징구 - 오프라인 - 퇴직연금 (C1) 3.15 3.56 3.28 1.84 2.86
FUND000040,KR5119501001,CLASS000557,C1,class_return,5Y,1.84,,5,"[5,33]",cell_grid,1.0,수수료미징구 - 오프라인 - 퇴직연금 (C1) 수수료미징구 - 오프라인 - 퇴직연금 (C1) 3.15 3.56 3.28 1.84 2.86
FUND000040,KR5119501001,CLASS000557,C1,class_return,SINCE_INCEPTION,2.86,,5,"[5,33]",cell_grid,1.0,수수료미징구 - 오프라인 - 퇴직연금 (C1) 수수료미징구 - 오프라인 - 퇴직연금 (C1) 3.15 3.56 3.28 1.84 2.86
FUND000040,KR5119501001,CLASS000558,C-e,class_return,1Y,3.29,,5,"[5,33]",cell_grid,1.0,수수료미징구 - 온라인 - 퇴직연금 (C-e) 수수료미징구 - 온라인 - 퇴직연금 (C-e) 3.29 3.70 3.42 1.98 2.01
FUND000040,KR5119501001,CLASS000558,C-e,class_return,2Y,3.70,,5,"[5,33]",cell_grid,1.0,수수료미징구 - 온라인 - 퇴직연금 (C-e) 수수료미징구 - 온라인 - 퇴직연금 (C-e) 3.29 3.70 3.42 1.98 2.01
FUND000040,KR5119501001,CLASS000558,C-e,class_return,3Y,3.42,,5,"[5,33]",cell_grid,1.0,수수료미징구 - 온라인 - 퇴직연금 (C-e) 수수료미징구 - 온라인 - 퇴직연금 (C-e) 3.29 3.70 3.42 1.98 2.01
FUND000040,KR5119501001,CLASS000558,C-e,class_return,5Y,1.98,,5,"[5,33]",cell_grid,1.0,수수료미징구 - 온라인 - 퇴직연금 (C-e) 수수료미징구 - 온라인 - 퇴직연금 (C-e) 3.29 3.70 3.42 1.98 2.01
FUND000040,KR5119501001,CLASS000558,C-e,class_return,SINCE_INCEPTION,2.01,,5,"[5,33]",cell_grid,1.0,수수료미징구 - 온라인 - 퇴직연금 (C-e) 수수료미징구 - 온라인 - 퇴직연금 (C-e) 3.29 3.70 3.42 1.98 2.01
FUND000040,KR5119501001,,,benchmark,1Y,3.74,,5,[5],cell_grid,1.0,비교지수(%) 비교지수(%) 3.74 4.08 3.83 2.43 3.32
FUND000040,KR5119501001,,,benchmark,2Y,4.08,,5,[5],cell_grid,1.0,비교지수(%) 비교지수(%) 3.74 4.08 3.83 2.43 3.32
FUND000040,KR5119501001,,,benchmark,3Y,3.83,,5,[5],cell_grid,1.0,비교지수(%) 비교지수(%) 3.74 4.08 3.83 2.43 3.32
FUND000040,KR5119501001,,,benchmark,5Y,2.43,,5,[5],cell_grid,1.0,비교지수(%) 비교지수(%) 3.74 4.08 3.83 2.43 3.32
FUND000040,KR5119501001,,,benchmark,SINCE_INCEPTION,3.32,,5,[5],cell_grid,1.0,비교지수(%) 비교지수(%) 3.74 4.08 3.83 2.43 3.32
FUND000040,KR5119501001,,,volatility,1Y,0.38,,5,[5],cell_grid,1.0,수익률 변동성(%) 수익률 변동성(%) 0.38 0.41 0.72 0.75 0.98
FUND000040,KR5119501001,,,volatility,2Y,0.41,,5,[5],cell_grid,1.0,수익률 변동성(%) 수익률 변동성(%) 0.38 0.41 0.72 0.75 0.98
FUND000040,KR5119501001,,,volatility,3Y,0.72,,5,[5],cell_grid,1.0,수익률 변동성(%) 수익률 변동성(%) 0.38 0.41 0.72 0.75 0.98
FUND000040,KR5119501001,,,volatility,5Y,0.75,,5,[5],cell_grid,1.0,수익률 변동성(%) 수익률 변동성(%) 0.38 0.41 0.72 0.75 0.98
FUND000040,KR5119501001,,,volatility,SINCE_INCEPTION,0.98,,5,[5],cell_grid,1.0,수익률 변동성(%) 수익률 변동성(%) 0.38 0.41 0.72 0.75 0.98
FUND000041,KR5119520012,CLASS000569,C-r,class_return,1Y,6.35,,5,"[5,48]",cell_grid,1.0,수수료미징구 - 오프라인 - 퇴직연금 (C-r) 수수료미징구 - 오프라인 - 퇴직연금 (C-r) 6.35 5.34 3.08 1.63 3.89
FUND000041,KR5119520012,CLASS000569,C-r,class_return,2Y,5.34,,5,"[5,48]",cell_grid,1.0,수수료미징구 - 오프라인 - 퇴직연금 (C-r) 수수료미징구 - 오프라인 - 퇴직연금 (C-r) 6.35 5.34 3.08 1.63 3.89
FUND000041,KR5119520012,CLASS000569,C-r,class_return,3Y,3.08,,5,"[5,48]",cell_grid,1.0,수수료미징구 - 오프라인 - 퇴직연금 (C-r) 수수료미징구 - 오프라인 - 퇴직연금 (C-r) 6.35 5.34 3.08 1.63 3.89
FUND000041,KR5119520012,CLASS000569,C-r,class_return,5Y,1.63,,5,"[5,48]",cell_grid,1.0,수수료미징구 - 오프라인 - 퇴직연금 (C-r) 수수료미징구 - 오프라인 - 퇴직연금 (C-r) 6.35 5.34 3.08 1.63 3.89
FUND000041,KR5119520012,CLASS000569,C-r,class_return,SINCE_INCEPTION,3.89,,5,"[5,48]",cell_grid,1.0,수수료미징구 - 오프라인 - 퇴직연금 (C-r) 수수료미징구 - 오프라인 - 퇴직연금 (C-r) 6.35 5.34 3.08 1.63 3.89
FUND000041,KR5119520012,,,benchmark,1Y,6.73,,5,[5],cell_grid,1.0,비교지수(%) 비교지수(%) 6.73 5.48 3.14 1.53 3.74
FUND000041,KR5119520012,,,benchmark,2Y,5.48,,5,[5],cell_grid,1.0,비교지수(%) 비교지수(%) 6.73 5.48 3.14 1.53 3.74
FUND000041,KR5119520012,,,benchmark,3Y,3.14,,5,[5],cell_grid,1.0,비교지수(%) 비교지수(%) 6.73 5.48 3.14 1.53 3.74
FUND000041,KR5119520012,,,benchmark,5Y,1.53,,5,[5],cell_grid,1.0,비교지수(%) 비교지수(%) 6.73 5.48 3.14 1.53 3.74
FUND000041,KR5119520012,,,benchmark,SINCE_INCEPTION,3.74,,5,[5],cell_grid,1.0,비교지수(%) 비교지수(%) 6.73 5.48 3.14 1.53 3.74
FUND000041,KR5119520012,,,volatility,1Y,2.67,,5,[5],cell_grid,1.0,수익률 변동성(%) 수익률 변동성(%) 2.67 3.29 4.07 3.47 2.60
FUND000041,KR5119520012,,,volatility,2Y,3.29,,5,[5],cell_grid,1.0,수익률 변동성(%) 수익률 변동성(%) 2.67 3.29 4.07 3.47 2.60
FUND000041,KR5119520012,,,volatility,3Y,4.07,,5,[5],cell_grid,1.0,수익률 변동성(%) 수익률 변동성(%) 2.67 3.29 4.07 3.47 2.60
FUND000041,KR5119520012,,,volatility,5Y,3.47,,5,[5],cell_grid,1.0,수익률 변동성(%) 수익률 변동성(%) 2.67 3.29 4.07 3.47 2.60
FUND000041,KR5119520012,,,volatility,SINCE_INCEPTION,2.60,,5,[5],cell_grid,1.0,수익률 변동성(%) 수익률 변동성(%) 2.67 3.29 4.07 3.47 2.60
FUND000041,KR5119520012,CLASS000570,C-re,class_return,1Y,6.45,,48,[48],detail_return_table_cross_validated,1.0,수수료미징구-온라인-퇴직연금(C-re) 수수료미징구-온라인-퇴직연금(C-re) 6.45 5.45 3.18 1.73 2.29
FUND000041,KR5119520012,CLASS000570,C-re,class_return,2Y,5.45,,48,[48],detail_return_table_cross_validated,1.0,수수료미징구-온라인-퇴직연금(C-re) 수수료미징구-온라인-퇴직연금(C-re) 6.45 5.45 3.18 1.73 2.29
FUND000041,KR5119520012,CLASS000570,C-re,class_return,3Y,3.18,,48,[48],detail_return_table_cross_validated,1.0,수수료미징구-온라인-퇴직연금(C-re) 수수료미징구-온라인-퇴직연금(C-re) 6.45 5.45 3.18 1.73 2.29
FUND000041,KR5119520012,CLASS000570,C-re,class_return,5Y,1.73,,48,[48],detail_return_table_cross_validated,1.0,수수료미징구-온라인-퇴직연금(C-re) 수수료미징구-온라인-퇴직연금(C-re) 6.45 5.45 3.18 1.73 2.29
FUND000041,KR5119520012,CLASS000570,C-re,class_return,SINCE_INCEPTION,2.29,,48,[48],detail_return_table_cross_validated,1.0,수수료미징구-온라인-퇴직연금(C-re) 수수료미징구-온라인-퇴직연금(C-re) 6.45 5.45 3.18 1.73 2.29
FUND000041,KR5119520012,CLASS000572,S,class_return,1Y,-,,48,[48],detail_return_table_cross_validated,1.0,수수료후취-온라인슈퍼(S) 수수료후취-온라인슈퍼(S) - - - - -0.81
FUND000041,KR5119520012,CLASS000572,S,class_return,2Y,-,,48,[48],detail_return_table_cross_validated,1.0,수수료후취-온라인슈퍼(S) 수수료후취-온라인슈퍼(S) - - - - -0.81
FUND000041,KR5119520012,CLASS000572,S,class_return,3Y,-,,48,[48],detail_return_table_cross_validated,1.0,수수료후취-온라인슈퍼(S) 수수료후취-온라인슈퍼(S) - - - - -0.81
FUND000041,KR5119520012,CLASS000572,S,class_return,5Y,-,,48,[48],detail_return_table_cross_validated,1.0,수수료후취-온라인슈퍼(S) 수수료후취-온라인슈퍼(S) - - - - -0.81
FUND000041,KR5119520012,CLASS000572,S,class_return,SINCE_INCEPTION,-0.81,,48,[48],detail_return_table_cross_validated,1.0,수수료후취-온라인슈퍼(S) 수수료후취-온라인슈퍼(S) - - - - -0.81
FUND000041,KR5119520012,CLASS000573,S-P,class_return,1Y,-,,48,[48],detail_return_table_cross_validated,1.0,수수료미징구-온라인슈퍼-개인연금(S-P) 수수료미징구-온라인슈퍼-개인연금(S-P) - - - - -0.79
FUND000041,KR5119520012,CLASS000573,S-P,class_return,2Y,-,,48,[48],detail_return_table_cross_validated,1.0,수수료미징구-온라인슈퍼-개인연금(S-P) 수수료미징구-온라인슈퍼-개인연금(S-P) - - - - -0.79
FUND000041,KR5119520012,CLASS000573,S-P,class_return,3Y,-,,48,[48],detail_return_table_cross_validated,1.0,수수료미징구-온라인슈퍼-개인연금(S-P) 수수료미징구-온라인슈퍼-개인연금(S-P) - - - - -0.79
FUND000041,KR5119520012,CLASS000573,S-P,class_return,5Y,-,,48,[48],detail_return_table_cross_validated,1.0,수수료미징구-온라인슈퍼-개인연금(S-P) 수수료미징구-온라인슈퍼-개인연금(S-P) - - - - -0.79
FUND000041,KR5119520012,CLASS000573,S-P,class_return,SINCE_INCEPTION,-0.79,,48,[48],detail_return_table_cross_validated,1.0,수수료미징구-온라인슈퍼-개인연금(S-P) 수수료미징구-온라인슈퍼-개인연금(S-P) - - - - -0.79
FUND000041,KR5119520012,CLASS000574,S-R,class_return,1Y,-,,48,[48],detail_return_table_cross_validated,1.0,수수료미징구-온라인슈퍼-퇴직연금(S-R) 수수료미징구-온라인슈퍼-퇴직연금(S-R) - - - - -3.16
FUND000041,KR5119520012,CLASS000574,S-R,class_return,2Y,-,,48,[48],detail_return_table_cross_validated,1.0,수수료미징구-온라인슈퍼-퇴직연금(S-R) 수수료미징구-온라인슈퍼-퇴직연금(S-R) - - - - -3.16
FUND000041,KR5119520012,CLASS000574,S-R,class_return,3Y,-,,48,[48],detail_return_table_cross_validated,1.0,수수료미징구-온라인슈퍼-퇴직연금(S-R) 수수료미징구-온라인슈퍼-퇴직연금(S-R) - - - - -3.16
FUND000041,KR5119520012,CLASS000574,S-R,class_return,5Y,-,,48,[48],detail_return_table_cross_validated,1.0,수수료미징구-온라인슈퍼-퇴직연금(S-R) 수수료미징구-온라인슈퍼-퇴직연금(S-R) - - - - -3.16
FUND000041,KR5119520012,CLASS000574,S-R,class_return,SINCE_INCEPTION,-3.16,,48,[48],detail_return_table_cross_validated,1.0,수수료미징구-온라인슈퍼-퇴직연금(S-R) 수수료미징구-온라인슈퍼-퇴직연금(S-R) - - - - -3.16
FUND000042,KR5120420039,,,fund,1Y,4.85,2006-09-05,6,[6],cell_grid,1.0,Tomorrow장기우량증권투자신탁K-1호(채권) Tomorrow장기우량증권투자신탁K-1호(채권) 2006-09-05 4.85 6.87 6.03 2.45 3.81
FUND000042,KR5120420039,,,fund,2Y,6.87,2006-09-05,6,[6],cell_grid,1.0,Tomorrow장기우량증권투자신탁K-1호(채권) Tomorrow장기우량증권투자신탁K-1호(채권) 2006-09-05 4.85 6.87 6.03 2.45 3.81
FUND000042,KR5120420039,,,fund,3Y,6.03,2006-09-05,6,[6],cell_grid,1.0,Tomorrow장기우량증권투자신탁K-1호(채권) Tomorrow장기우량증권투자신탁K-1호(채권) 2006-09-05 4.85 6.87 6.03 2.45 3.81
FUND000042,KR5120420039,,,fund,5Y,2.45,2006-09-05,6,[6],cell_grid,1.0,Tomorrow장기우량증권투자신탁K-1호(채권) Tomorrow장기우량증권투자신탁K-1호(채권) 2006-09-05 4.85 6.87 6.03 2.45 3.81
FUND000042,KR5120420039,,,fund,SINCE_INCEPTION,3.81,2006-09-05,6,[6],cell_grid,1.0,Tomorrow장기우량증권투자신탁K-1호(채권) Tomorrow장기우량증권투자신탁K-1호(채권) 2006-09-05 4.85 6.87 6.03 2.45 3.81
FUND000042,KR5120420039,,,benchmark,1Y,4.21,2006-09-05,6,[6],cell_grid,1.0,비교지수 비교지수 2006-09-05 4.21 5.84 5.14 1.63 3.57
FUND000042,KR5120420039,,,benchmark,2Y,5.84,2006-09-05,6,[6],cell_grid,1.0,비교지수 비교지수 2006-09-05 4.21 5.84 5.14 1.63 3.57
FUND000042,KR5120420039,,,benchmark,3Y,5.14,2006-09-05,6,[6],cell_grid,1.0,비교지수 비교지수 2006-09-05 4.21 5.84 5.14 1.63 3.57
FUND000042,KR5120420039,,,benchmark,5Y,1.63,2006-09-05,6,[6],cell_grid,1.0,비교지수 비교지수 2006-09-05 4.21 5.84 5.14 1.63 3.57
FUND000042,KR5120420039,,,benchmark,SINCE_INCEPTION,3.57,2006-09-05,6,[6],cell_grid,1.0,비교지수 비교지수 2006-09-05 4.21 5.84 5.14 1.63 3.57
FUND000042,KR5120420039,,,volatility,1Y,2.61,2006-09-05,6,[6],cell_grid,1.0,수익률 변동성(%) 수익률 변동성(%) 2006-09-05 2.61 2.98 3.73 3.43 2.66
FUND000042,KR5120420039,,,volatility,2Y,2.98,2006-09-05,6,[6],cell_grid,1.0,수익률 변동성(%) 수익률 변동성(%) 2006-09-05 2.61 2.98 3.73 3.43 2.66
FUND000042,KR5120420039,,,volatility,3Y,3.73,2006-09-05,6,[6],cell_grid,1.0,수익률 변동성(%) 수익률 변동성(%) 2006-09-05 2.61 2.98 3.73 3.43 2.66
FUND000042,KR5120420039,,,volatility,5Y,3.43,2006-09-05,6,[6],cell_grid,1.0,수익률 변동성(%) 수익률 변동성(%) 2006-09-05 2.61 2.98 3.73 3.43 2.66
FUND000042,KR5120420039,,,volatility,SINCE_INCEPTION,2.66,2006-09-05,6,[6],cell_grid,1.0,수익률 변동성(%) 수익률 변동성(%) 2006-09-05 2.61 2.98 3.73 3.43 2.66
FUND000042,KR5120420039,CLASS000575,A,class_return,1Y,4.72,2006-09-05,6,"[6,59]",cell_grid,1.0,ClassA ClassA 2006-09-05 4.72 6.74 5.90 2.33 3.69
FUND000042,KR5120420039,CLASS000575,A,class_return,2Y,6.74,2006-09-05,6,"[6,59]",cell_grid,1.0,ClassA ClassA 2006-09-05 4.72 6.74 5.90 2.33 3.69
FUND000042,KR5120420039,CLASS000575,A,class_return,3Y,5.90,2006-09-05,6,"[6,59]",cell_grid,1.0,ClassA ClassA 2006-09-05 4.72 6.74 5.90 2.33 3.69
FUND000042,KR5120420039,CLASS000575,A,class_return,5Y,2.33,2006-09-05,6,"[6,59]",cell_grid,1.0,ClassA ClassA 2006-09-05 4.72 6.74 5.90 2.33 3.69
FUND000042,KR5120420039,CLASS000575,A,class_return,SINCE_INCEPTION,3.69,2006-09-05,6,"[6,59]",cell_grid,1.0,ClassA ClassA 2006-09-05 4.72 6.74 5.90 2.33 3.69
FUND000042,KR5120420039,CLASS000576,C1,class_return,1Y,4.41,2006-09-05,6,"[6,59]",cell_grid,1.0,ClassC1 ClassC1 2006-09-05 4.41 6.43 5.58 2.02 3.47
FUND000042,KR5120420039,CLASS000576,C1,class_return,2Y,6.43,2006-09-05,6,"[6,59]",cell_grid,1.0,ClassC1 ClassC1 2006-09-05 4.41 6.43 5.58 2.02 3.47
FUND000042,KR5120420039,CLASS000576,C1,class_return,3Y,5.58,2006-09-05,6,"[6,59]",cell_grid,1.0,ClassC1 ClassC1 2006-09-05 4.41 6.43 5.58 2.02 3.47
FUND000042,KR5120420039,CLASS000576,C1,class_return,5Y,2.02,2006-09-05,6,"[6,59]",cell_grid,1.0,ClassC1 ClassC1 2006-09-05 4.41 6.43 5.58 2.02 3.47
FUND000042,KR5120420039,CLASS000576,C1,class_return,SINCE_INCEPTION,3.47,2006-09-05,6,"[6,59]",cell_grid,1.0,ClassC1 ClassC1 2006-09-05 4.41 6.43 5.58 2.02 3.47
FUND000042,KR5120420039,,,volatility,1Y,2.61,2006-09-05,6,[6],cell_grid,1.0,수익률 변동성(%) 수익률 변동성(%) 2006-09-05 2.61 2.99 3.73 3.43 2.67
FUND000042,KR5120420039,,,volatility,2Y,2.99,2006-09-05,6,[6],cell_grid,1.0,수익률 변동성(%) 수익률 변동성(%) 2006-09-05 2.61 2.99 3.73 3.43 2.67
FUND000042,KR5120420039,,,volatility,3Y,3.73,2006-09-05,6,[6],cell_grid,1.0,수익률 변동성(%) 수익률 변동성(%) 2006-09-05 2.61 2.99 3.73 3.43 2.67
FUND000042,KR5120420039,,,volatility,5Y,3.43,2006-09-05,6,[6],cell_grid,1.0,수익률 변동성(%) 수익률 변동성(%) 2006-09-05 2.61 2.99 3.73 3.43 2.67
FUND000042,KR5120420039,,,volatility,SINCE_INCEPTION,2.67,2006-09-05,6,[6],cell_grid,1.0,수익률 변동성(%) 수익률 변동성(%) 2006-09-05 2.61 2.99 3.73 3.43 2.67
FUND000042,KR5120420039,CLASS000577,C2,class_return,1Y,4.22,2010-04-12,6,"[6,59]",cell_grid,1.0,ClassC2 ClassC2 2010-04-12 4.22 4.40 4.80 1.61 2.86
FUND000042,KR5120420039,CLASS000577,C2,class_return,2Y,4.40,2010-04-12,6,"[6,59]",cell_grid,1.0,ClassC2 ClassC2 2010-04-12 4.22 4.40 4.80 1.61 2.86
FUND000042,KR5120420039,CLASS000577,C2,class_return,3Y,4.80,2010-04-12,6,"[6,59]",cell_grid,1.0,ClassC2 ClassC2 2010-04-12 4.22 4.40 4.80 1.61 2.86
FUND000042,KR5120420039,CLASS000577,C2,class_return,5Y,1.61,2010-04-12,6,"[6,59]",cell_grid,1.0,ClassC2 ClassC2 2010-04-12 4.22 4.40 4.80 1.61 2.86
FUND000042,KR5120420039,CLASS000577,C2,class_return,SINCE_INCEPTION,2.86,2010-04-12,6,"[6,59]",cell_grid,1.0,ClassC2 ClassC2 2010-04-12 4.22 4.40 4.80 1.61 2.86
FUND000042,KR5120420039,,,benchmark,1Y,3.67,2010-04-12,6,[6],cell_grid,1.0,비교지수 비교지수 2010-04-12 3.67 3.64 3.68 0.78 2.75
FUND000042,KR5120420039,,,benchmark,2Y,3.64,2010-04-12,6,[6],cell_grid,1.0,비교지수 비교지수 2010-04-12 3.67 3.64 3.68 0.78 2.75
FUND000042,KR5120420039,,,benchmark,3Y,3.68,2010-04-12,6,[6],cell_grid,1.0,비교지수 비교지수 2010-04-12 3.67 3.64 3.68 0.78 2.75
FUND000042,KR5120420039,,,benchmark,5Y,0.78,2010-04-12,6,[6],cell_grid,1.0,비교지수 비교지수 2010-04-12 3.67 3.64 3.68 0.78 2.75
FUND000042,KR5120420039,,,benchmark,SINCE_INCEPTION,2.75,2010-04-12,6,[6],cell_grid,1.0,비교지수 비교지수 2010-04-12 3.67 3.64 3.68 0.78 2.75
FUND000042,KR5120420039,,,volatility,1Y,2.52,2010-04-12,6,[6],cell_grid,1.0,수익률 변동성(%) 수익률 변동성(%) 2010-04-12 2.52 2.65 3.62 3.35 2.33
FUND000042,KR5120420039,,,volatility,2Y,2.65,2010-04-12,6,[6],cell_grid,1.0,수익률 변동성(%) 수익률 변동성(%) 2010-04-12 2.52 2.65 3.62 3.35 2.33
FUND000042,KR5120420039,,,volatility,3Y,3.62,2010-04-12,6,[6],cell_grid,1.0,수익률 변동성(%) 수익률 변동성(%) 2010-04-12 2.52 2.65 3.62 3.35 2.33
FUND000042,KR5120420039,,,volatility,5Y,3.35,2010-04-12,6,[6],cell_grid,1.0,수익률 변동성(%) 수익률 변동성(%) 2010-04-12 2.52 2.65 3.62 3.35 2.33
FUND000042,KR5120420039,,,volatility,SINCE_INCEPTION,2.33,2010-04-12,6,[6],cell_grid,1.0,수익률 변동성(%) 수익률 변동성(%) 2010-04-12 2.52 2.65 3.62 3.35 2.33
FUND000042,KR5120420039,CLASS000580,CF,class_return,1Y,4.67,2013-04-29,6,"[6,59]",cell_grid,1.0,ClassCF ClassCF 2013-04-29 4.67 6.69 4.41 0.69
FUND000042,KR5120420039,CLASS000580,CF,class_return,2Y,6.69,2013-04-29,6,"[6,59]",cell_grid,1.0,ClassCF ClassCF 2013-04-29 4.67 6.69 4.41 0.69
FUND000042,KR5120420039,CLASS000580,CF,class_return,3Y,4.41,2013-04-29,6,"[6,59]",cell_grid,1.0,ClassCF ClassCF 2013-04-29 4.67 6.69 4.41 0.69
FUND000042,KR5120420039,CLASS000580,CF,class_return,SINCE_INCEPTION,0.69,2013-04-29,6,"[6,59]",cell_grid,1.0,ClassCF ClassCF 2013-04-29 4.67 6.69 4.41 0.69
FUND000042,KR5120420039,,,benchmark,1Y,4.21,2013-04-29,6,[6],cell_grid,1.0,비교지수 비교지수 2013-04-29 4.21 5.84 3.96 0.55
FUND000042,KR5120420039,,,benchmark,2Y,5.84,2013-04-29,6,[6],cell_grid,1.0,비교지수 비교지수 2013-04-29 4.21 5.84 3.96 0.55
FUND000042,KR5120420039,,,benchmark,3Y,3.96,2013-04-29,6,[6],cell_grid,1.0,비교지수 비교지수 2013-04-29 4.21 5.84 3.96 0.55
FUND000042,KR5120420039,,,benchmark,SINCE_INCEPTION,0.55,2013-04-29,6,[6],cell_grid,1.0,비교지수 비교지수 2013-04-29 4.21 5.84 3.96 0.55
FUND000042,KR5120420039,,,volatility,1Y,2.61,2013-04-29,6,[6],cell_grid,1.0,수익률 변동성(%) 수익률 변동성(%) 2013-04-29 2.61 2.98 3.18 3.38 2.71
FUND000042,KR5120420039,,,volatility,2Y,2.98,2013-04-29,6,[6],cell_grid,1.0,수익률 변동성(%) 수익률 변동성(%) 2013-04-29 2.61 2.98 3.18 3.38 2.71
FUND000042,KR5120420039,,,volatility,3Y,3.18,2013-04-29,6,[6],cell_grid,1.0,수익률 변동성(%) 수익률 변동성(%) 2013-04-29 2.61 2.98 3.18 3.38 2.71
FUND000042,KR5120420039,,,volatility,5Y,3.38,2013-04-29,6,[6],cell_grid,1.0,수익률 변동성(%) 수익률 변동성(%) 2013-04-29 2.61 2.98 3.18 3.38 2.71
FUND000042,KR5120420039,,,volatility,SINCE_INCEPTION,2.71,2013-04-29,6,[6],cell_grid,1.0,수익률 변동성(%) 수익률 변동성(%) 2013-04-29 2.61 2.98 3.18 3.38 2.71
FUND000042,KR5120420039,CLASS000581,CP,class_return,1Y,4.51,2012-01-02,6,"[6,59]",cell_grid,1.0,ClassCP ClassCP 2012-01-02 4.51 6.53 5.69 2.12 1.75
FUND000042,KR5120420039,CLASS000581,CP,class_return,2Y,6.53,2012-01-02,6,"[6,59]",cell_grid,1.0,ClassCP ClassCP 2012-01-02 4.51 6.53 5.69 2.12 1.75
FUND000042,KR5120420039,CLASS000581,CP,class_return,3Y,5.69,2012-01-02,6,"[6,59]",cell_grid,1.0,ClassCP ClassCP 2012-01-02 4.51 6.53 5.69 2.12 1.75
FUND000042,KR5120420039,CLASS000581,CP,class_return,5Y,2.12,2012-01-02,6,"[6,59]",cell_grid,1.0,ClassCP ClassCP 2012-01-02 4.51 6.53 5.69 2.12 1.75
FUND000042,KR5120420039,CLASS000581,CP,class_return,SINCE_INCEPTION,1.75,2012-01-02,6,"[6,59]",cell_grid,1.0,ClassCP ClassCP 2012-01-02 4.51 6.53 5.69 2.12 1.75
FUND000042,KR5120420039,,,benchmark,1Y,4.21,2012-01-02,6,[6],cell_grid,1.0,비교지수 비교지수 2012-01-02 4.21 5.84 5.14 1.63 1.62
FUND000042,KR5120420039,,,benchmark,2Y,5.84,2012-01-02,6,[6],cell_grid,1.0,비교지수 비교지수 2012-01-02 4.21 5.84 5.14 1.63 1.62
FUND000042,KR5120420039,,,benchmark,3Y,5.14,2012-01-02,6,[6],cell_grid,1.0,비교지수 비교지수 2012-01-02 4.21 5.84 5.14 1.63 1.62
FUND000042,KR5120420039,,,benchmark,5Y,1.63,2012-01-02,6,[6],cell_grid,1.0,비교지수 비교지수 2012-01-02 4.21 5.84 5.14 1.63 1.62
FUND000042,KR5120420039,,,benchmark,SINCE_INCEPTION,1.62,2012-01-02,6,[6],cell_grid,1.0,비교지수 비교지수 2012-01-02 4.21 5.84 5.14 1.63 1.62
FUND000042,KR5120420039,,,volatility,1Y,2.61,2012-01-02,6,[6],cell_grid,1.0,수익률 변동성(%) 수익률 변동성(%) 2012-01-02 2.61 2.98 3.73 3.43 2.48
FUND000042,KR5120420039,,,volatility,2Y,2.98,2012-01-02,6,[6],cell_grid,1.0,수익률 변동성(%) 수익률 변동성(%) 2012-01-02 2.61 2.98 3.73 3.43 2.48
FUND000042,KR5120420039,,,volatility,3Y,3.73,2012-01-02,6,[6],cell_grid,1.0,수익률 변동성(%) 수익률 변동성(%) 2012-01-02 2.61 2.98 3.73 3.43 2.48
FUND000042,KR5120420039,,,volatility,5Y,3.43,2012-01-02,6,[6],cell_grid,1.0,수익률 변동성(%) 수익률 변동성(%) 2012-01-02 2.61 2.98 3.73 3.43 2.48
FUND000042,KR5120420039,,,volatility,SINCE_INCEPTION,2.48,2012-01-02,6,[6],cell_grid,1.0,수익률 변동성(%) 수익률 변동성(%) 2012-01-02 2.61 2.98 3.73 3.43 2.48
FUND000042,KR5120420039,CLASS000578,CW,class_return,1Y,4.72,2011-07-14,6,"[6,59]",cell_grid,1.0,ClassCW ClassCW 2011-07-14 4.72 6.74 5.90 2.33 3.12
FUND000042,KR5120420039,CLASS000578,CW,class_return,2Y,6.74,2011-07-14,6,"[6,59]",cell_grid,1.0,ClassCW ClassCW 2011-07-14 4.72 6.74 5.90 2.33 3.12
FUND000042,KR5120420039,CLASS000578,CW,class_return,3Y,5.90,2011-07-14,6,"[6,59]",cell_grid,1.0,ClassCW ClassCW 2011-07-14 4.72 6.74 5.90 2.33 3.12
FUND000042,KR5120420039,CLASS000578,CW,class_return,5Y,2.33,2011-07-14,6,"[6,59]",cell_grid,1.0,ClassCW ClassCW 2011-07-14 4.72 6.74 5.90 2.33 3.12
FUND000042,KR5120420039,CLASS000578,CW,class_return,SINCE_INCEPTION,3.12,2011-07-14,6,"[6,59]",cell_grid,1.0,ClassCW ClassCW 2011-07-14 4.72 6.74 5.90 2.33 3.12
FUND000042,KR5120420039,,,benchmark,1Y,4.21,2011-07-14,6,[6],cell_grid,1.0,비교지수 비교지수 2011-07-14 4.21 5.84 5.14 1.63 2.88
FUND000042,KR5120420039,,,benchmark,2Y,5.84,2011-07-14,6,[6],cell_grid,1.0,비교지수 비교지수 2011-07-14 4.21 5.84 5.14 1.63 2.88
FUND000042,KR5120420039,,,benchmark,3Y,5.14,2011-07-14,6,[6],cell_grid,1.0,비교지수 비교지수 2011-07-14 4.21 5.84 5.14 1.63 2.88
FUND000042,KR5120420039,,,benchmark,5Y,1.63,2011-07-14,6,[6],cell_grid,1.0,비교지수 비교지수 2011-07-14 4.21 5.84 5.14 1.63 2.88
FUND000042,KR5120420039,,,benchmark,SINCE_INCEPTION,2.88,2011-07-14,6,[6],cell_grid,1.0,비교지수 비교지수 2011-07-14 4.21 5.84 5.14 1.63 2.88
FUND000042,KR5120420039,,,volatility,1Y,2.61,2011-07-14,6,[6],cell_grid,1.0,수익률 변동성(%) 수익률 변동성(%) 2011-07-14 2.61 2.98 3.73 3.43 2.39
FUND000042,KR5120420039,,,volatility,2Y,2.98,2011-07-14,6,[6],cell_grid,1.0,수익률 변동성(%) 수익률 변동성(%) 2011-07-14 2.61 2.98 3.73 3.43 2.39
FUND000042,KR5120420039,,,volatility,3Y,3.73,2011-07-14,6,[6],cell_grid,1.0,수익률 변동성(%) 수익률 변동성(%) 2011-07-14 2.61 2.98 3.73 3.43 2.39
FUND000042,KR5120420039,,,volatility,5Y,3.43,2011-07-14,6,[6],cell_grid,1.0,수익률 변동성(%) 수익률 변동성(%) 2011-07-14 2.61 2.98 3.73 3.43 2.39
FUND000042,KR5120420039,,,volatility,SINCE_INCEPTION,2.39,2011-07-14,6,[6],cell_grid,1.0,수익률 변동성(%) 수익률 변동성(%) 2011-07-14 2.61 2.98 3.73 3.43 2.39
FUND000042,KR5120420039,CLASS000582,A-i,class_return,1Y,1.69,2012-02-10,6,"[6,59]",cell_grid,1.0,ClassAi ClassAi 2012-02-10 1.69 5.17 4.85 1.85 0.84
FUND000042,KR5120420039,CLASS000582,A-i,class_return,2Y,5.17,2012-02-10,6,"[6,59]",cell_grid,1.0,ClassAi ClassAi 2012-02-10 1.69 5.17 4.85 1.85 0.84
FUND000042,KR5120420039,CLASS000582,A-i,class_return,3Y,4.85,2012-02-10,6,"[6,59]",cell_grid,1.0,ClassAi ClassAi 2012-02-10 1.69 5.17 4.85 1.85 0.84
FUND000042,KR5120420039,CLASS000582,A-i,class_return,5Y,1.85,2012-02-10,6,"[6,59]",cell_grid,1.0,ClassAi ClassAi 2012-02-10 1.69 5.17 4.85 1.85 0.84
FUND000042,KR5120420039,CLASS000582,A-i,class_return,SINCE_INCEPTION,0.84,2012-02-10,6,"[6,59]",cell_grid,1.0,ClassAi ClassAi 2012-02-10 1.69 5.17 4.85 1.85 0.84
FUND000042,KR5120420039,,,benchmark,1Y,1.84,2012-02-10,6,[6],cell_grid,1.0,비교지수 비교지수 2012-02-10 1.84 4.63 4.34 1.25 0.56
FUND000042,KR5120420039,,,benchmark,2Y,4.63,2012-02-10,6,[6],cell_grid,1.0,비교지수 비교지수 2012-02-10 1.84 4.63 4.34 1.25 0.56
FUND000042,KR5120420039,,,benchmark,3Y,4.34,2012-02-10,6,[6],cell_grid,1.0,비교지수 비교지수 2012-02-10 1.84 4.63 4.34 1.25 0.56
FUND000042,KR5120420039,,,benchmark,5Y,1.25,2012-02-10,6,[6],cell_grid,1.0,비교지수 비교지수 2012-02-10 1.84 4.63 4.34 1.25 0.56
FUND000042,KR5120420039,,,benchmark,SINCE_INCEPTION,0.56,2012-02-10,6,[6],cell_grid,1.0,비교지수 비교지수 2012-02-10 1.84 4.63 4.34 1.25 0.56
FUND000042,KR5120420039,,,volatility,1Y,1.94,2012-02-10,6,[6],cell_grid,1.0,수익률 변동성(%) 수익률 변동성(%) 2012-02-10 1.94 2.75 3.60 3.24 17.89
FUND000042,KR5120420039,,,volatility,2Y,2.75,2012-02-10,6,[6],cell_grid,1.0,수익률 변동성(%) 수익률 변동성(%) 2012-02-10 1.94 2.75 3.60 3.24 17.89
FUND000042,KR5120420039,,,volatility,3Y,3.60,2012-02-10,6,[6],cell_grid,1.0,수익률 변동성(%) 수익률 변동성(%) 2012-02-10 1.94 2.75 3.60 3.24 17.89
FUND000042,KR5120420039,,,volatility,5Y,3.24,2012-02-10,6,[6],cell_grid,1.0,수익률 변동성(%) 수익률 변동성(%) 2012-02-10 1.94 2.75 3.60 3.24 17.89
FUND000042,KR5120420039,,,volatility,SINCE_INCEPTION,17.89,2012-02-10,6,[6],cell_grid,1.0,수익률 변동성(%) 수익률 변동성(%) 2012-02-10 1.94 2.75 3.60 3.24 17.89
FUND000042,KR5120420039,CLASS000584,A2,class_return,1Y,4.51,2014-10-21,6,"[6,59]",cell_grid,1.0,ClassA2 ClassA2 2014-10-21 4.51 6.53 5.69 2.12 2.39
FUND000042,KR5120420039,CLASS000584,A2,class_return,2Y,6.53,2014-10-21,6,"[6,59]",cell_grid,1.0,ClassA2 ClassA2 2014-10-21 4.51 6.53 5.69 2.12 2.39
FUND000042,KR5120420039,CLASS000584,A2,class_return,3Y,5.69,2014-10-21,6,"[6,59]",cell_grid,1.0,ClassA2 ClassA2 2014-10-21 4.51 6.53 5.69 2.12 2.39
FUND000042,KR5120420039,CLASS000584,A2,class_return,5Y,2.12,2014-10-21,6,"[6,59]",cell_grid,1.0,ClassA2 ClassA2 2014-10-21 4.51 6.53 5.69 2.12 2.39
FUND000042,KR5120420039,CLASS000584,A2,class_return,SINCE_INCEPTION,2.39,2014-10-21,6,"[6,59]",cell_grid,1.0,ClassA2 ClassA2 2014-10-21 4.51 6.53 5.69 2.12 2.39
FUND000042,KR5120420039,,,benchmark,1Y,4.21,2014-10-21,6,[6],cell_grid,1.0,비교지수 비교지수 2014-10-21 4.21 5.84 5.14 1.63 2.27
FUND000042,KR5120420039,,,benchmark,2Y,5.84,2014-10-21,6,[6],cell_grid,1.0,비교지수 비교지수 2014-10-21 4.21 5.84 5.14 1.63 2.27
FUND000042,KR5120420039,,,benchmark,3Y,5.14,2014-10-21,6,[6],cell_grid,1.0,비교지수 비교지수 2014-10-21 4.21 5.84 5.14 1.63 2.27
FUND000042,KR5120420039,,,benchmark,5Y,1.63,2014-10-21,6,[6],cell_grid,1.0,비교지수 비교지수 2014-10-21 4.21 5.84 5.14 1.63 2.27
FUND000042,KR5120420039,,,benchmark,SINCE_INCEPTION,2.27,2014-10-21,6,[6],cell_grid,1.0,비교지수 비교지수 2014-10-21 4.21 5.84 5.14 1.63 2.27
FUND000042,KR5120420039,,,volatility,1Y,2.61,2014-10-21,6,[6],cell_grid,1.0,수익률 변동성(%) 수익률 변동성(%) 2014-10-21 2.61 2.98 3.73 3.43 2.57
FUND000042,KR5120420039,,,volatility,2Y,2.98,2014-10-21,6,[6],cell_grid,1.0,수익률 변동성(%) 수익률 변동성(%) 2014-10-21 2.61 2.98 3.73 3.43 2.57
FUND000042,KR5120420039,,,volatility,3Y,3.73,2014-10-21,6,[6],cell_grid,1.0,수익률 변동성(%) 수익률 변동성(%) 2014-10-21 2.61 2.98 3.73 3.43 2.57
FUND000042,KR5120420039,,,volatility,5Y,3.43,2014-10-21,6,[6],cell_grid,1.0,수익률 변동성(%) 수익률 변동성(%) 2014-10-21 2.61 2.98 3.73 3.43 2.57
FUND000042,KR5120420039,,,volatility,SINCE_INCEPTION,2.57,2014-10-21,6,[6],cell_grid,1.0,수익률 변동성(%) 수익률 변동성(%) 2014-10-21 2.61 2.98 3.73 3.43 2.57
FUND000042,KR5120420039,CLASS000585,C-E,class_return,1Y,4.56,2014-10-29,6,"[6,59]",cell_grid,1.0,ClassCE ClassCE 2014-10-29 4.56 6.58 5.74 2.18 2.43
FUND000042,KR5120420039,CLASS000585,C-E,class_return,2Y,6.58,2014-10-29,6,"[6,59]",cell_grid,1.0,ClassCE ClassCE 2014-10-29 4.56 6.58 5.74 2.18 2.43
FUND000042,KR5120420039,CLASS000585,C-E,class_return,3Y,5.74,2014-10-29,6,"[6,59]",cell_grid,1.0,ClassCE ClassCE 2014-10-29 4.56 6.58 5.74 2.18 2.43
FUND000042,KR5120420039,CLASS000585,C-E,class_return,5Y,2.18,2014-10-29,6,"[6,59]",cell_grid,1.0,ClassCE ClassCE 2014-10-29 4.56 6.58 5.74 2.18 2.43
FUND000042,KR5120420039,CLASS000585,C-E,class_return,SINCE_INCEPTION,2.43,2014-10-29,6,"[6,59]",cell_grid,1.0,ClassCE ClassCE 2014-10-29 4.56 6.58 5.74 2.18 2.43
FUND000042,KR5120420039,,,benchmark,1Y,4.21,2014-10-29,6,[6],cell_grid,1.0,비교지수 비교지수 2014-10-29 4.21 5.84 5.14 1.63 2.25
FUND000042,KR5120420039,,,benchmark,2Y,5.84,2014-10-29,6,[6],cell_grid,1.0,비교지수 비교지수 2014-10-29 4.21 5.84 5.14 1.63 2.25
FUND000042,KR5120420039,,,benchmark,3Y,5.14,2014-10-29,6,[6],cell_grid,1.0,비교지수 비교지수 2014-10-29 4.21 5.84 5.14 1.63 2.25
FUND000042,KR5120420039,,,benchmark,5Y,1.63,2014-10-29,6,[6],cell_grid,1.0,비교지수 비교지수 2014-10-29 4.21 5.84 5.14 1.63 2.25
FUND000042,KR5120420039,,,benchmark,SINCE_INCEPTION,2.25,2014-10-29,6,[6],cell_grid,1.0,비교지수 비교지수 2014-10-29 4.21 5.84 5.14 1.63 2.25
FUND000042,KR5120420039,CLASS000586,S,class_return,1Y,4.63,2014-10-30,7,"[7,59]",cell_grid,1.0,ClassS ClassS 2014-10-30 4.63 6.64 5.80 2.23 2.48
FUND000042,KR5120420039,CLASS000586,S,class_return,2Y,6.64,2014-10-30,7,"[7,59]",cell_grid,1.0,ClassS ClassS 2014-10-30 4.63 6.64 5.80 2.23 2.48
FUND000042,KR5120420039,CLASS000586,S,class_return,3Y,5.80,2014-10-30,7,"[7,59]",cell_grid,1.0,ClassS ClassS 2014-10-30 4.63 6.64 5.80 2.23 2.48
FUND000042,KR5120420039,CLASS000586,S,class_return,5Y,2.23,2014-10-30,7,"[7,59]",cell_grid,1.0,ClassS ClassS 2014-10-30 4.63 6.64 5.80 2.23 2.48
FUND000042,KR5120420039,CLASS000586,S,class_return,SINCE_INCEPTION,2.48,2014-10-30,7,"[7,59]",cell_grid,1.0,ClassS ClassS 2014-10-30 4.63 6.64 5.80 2.23 2.48
FUND000042,KR5120420039,CLASS000587,S-P,class_return,1Y,4.64,2015-10-27,7,"[7,59]",cell_grid,1.0,ClassS-P ClassS-P 2015-10-27 4.64 6.66 5.81 2.25 2.37
FUND000042,KR5120420039,CLASS000587,S-P,class_return,2Y,6.66,2015-10-27,7,"[7,59]",cell_grid,1.0,ClassS-P ClassS-P 2015-10-27 4.64 6.66 5.81 2.25 2.37
FUND000042,KR5120420039,CLASS000587,S-P,class_return,3Y,5.81,2015-10-27,7,"[7,59]",cell_grid,1.0,ClassS-P ClassS-P 2015-10-27 4.64 6.66 5.81 2.25 2.37
FUND000042,KR5120420039,CLASS000587,S-P,class_return,5Y,2.25,2015-10-27,7,"[7,59]",cell_grid,1.0,ClassS-P ClassS-P 2015-10-27 4.64 6.66 5.81 2.25 2.37
FUND000042,KR5120420039,CLASS000587,S-P,class_return,SINCE_INCEPTION,2.37,2015-10-27,7,"[7,59]",cell_grid,1.0,ClassS-P ClassS-P 2015-10-27 4.64 6.66 5.81 2.25 2.37
FUND000042,KR5120420039,,,benchmark,1Y,4.21,2015-10-27,7,[7],cell_grid,1.0,비교지수 비교지수 2015-10-27 4.21 5.84 5.14 1.63 2.02
FUND000042,KR5120420039,,,benchmark,2Y,5.84,2015-10-27,7,[7],cell_grid,1.0,비교지수 비교지수 2015-10-27 4.21 5.84 5.14 1.63 2.02
FUND000042,KR5120420039,,,benchmark,3Y,5.14,2015-10-27,7,[7],cell_grid,1.0,비교지수 비교지수 2015-10-27 4.21 5.84 5.14 1.63 2.02
FUND000042,KR5120420039,,,benchmark,5Y,1.63,2015-10-27,7,[7],cell_grid,1.0,비교지수 비교지수 2015-10-27 4.21 5.84 5.14 1.63 2.02
FUND000042,KR5120420039,,,benchmark,SINCE_INCEPTION,2.02,2015-10-27,7,[7],cell_grid,1.0,비교지수 비교지수 2015-10-27 4.21 5.84 5.14 1.63 2.02
FUND000042,KR5120420039,CLASS000588,Ae,class_return,1Y,4.62,2016-09-13,7,"[7,59]",cell_grid,1.0,ClassAe ClassAe 2016-09-13 4.62 6.64 5.79 2.23 7.84
FUND000042,KR5120420039,CLASS000588,Ae,class_return,2Y,6.64,2016-09-13,7,"[7,59]",cell_grid,1.0,ClassAe ClassAe 2016-09-13 4.62 6.64 5.79 2.23 7.84
FUND000042,KR5120420039,CLASS000588,Ae,class_return,3Y,5.79,2016-09-13,7,"[7,59]",cell_grid,1.0,ClassAe ClassAe 2016-09-13 4.62 6.64 5.79 2.23 7.84
FUND000042,KR5120420039,CLASS000588,Ae,class_return,5Y,2.23,2016-09-13,7,"[7,59]",cell_grid,1.0,ClassAe ClassAe 2016-09-13 4.62 6.64 5.79 2.23 7.84
FUND000042,KR5120420039,CLASS000588,Ae,class_return,SINCE_INCEPTION,7.84,2016-09-13,7,"[7,59]",cell_grid,1.0,ClassAe ClassAe 2016-09-13 4.62 6.64 5.79 2.23 7.84
FUND000042,KR5120420039,,,benchmark,1Y,4.21,2016-09-13,7,[7],cell_grid,1.0,비교지수 비교지수 2016-09-13 4.21 5.84 5.14 1.63 1.81
FUND000042,KR5120420039,,,benchmark,2Y,5.84,2016-09-13,7,[7],cell_grid,1.0,비교지수 비교지수 2016-09-13 4.21 5.84 5.14 1.63 1.81
FUND000042,KR5120420039,,,benchmark,3Y,5.14,2016-09-13,7,[7],cell_grid,1.0,비교지수 비교지수 2016-09-13 4.21 5.84 5.14 1.63 1.81
FUND000042,KR5120420039,,,benchmark,5Y,1.63,2016-09-13,7,[7],cell_grid,1.0,비교지수 비교지수 2016-09-13 4.21 5.84 5.14 1.63 1.81
FUND000042,KR5120420039,,,benchmark,SINCE_INCEPTION,1.81,2016-09-13,7,[7],cell_grid,1.0,비교지수 비교지수 2016-09-13 4.21 5.84 5.14 1.63 1.81
FUND000042,KR5120420039,,,volatility,1Y,2.61,2016-09-13,7,[7],cell_grid,1.0,수익률 변동성(%) 수익률 변동성(%) 2016-09-13 2.61 2.98 3.73 3.43 2.77
FUND000042,KR5120420039,,,volatility,2Y,2.98,2016-09-13,7,[7],cell_grid,1.0,수익률 변동성(%) 수익률 변동성(%) 2016-09-13 2.61 2.98 3.73 3.43 2.77
FUND000042,KR5120420039,,,volatility,3Y,3.73,2016-09-13,7,[7],cell_grid,1.0,수익률 변동성(%) 수익률 변동성(%) 2016-09-13 2.61 2.98 3.73 3.43 2.77
FUND000042,KR5120420039,,,volatility,5Y,3.43,2016-09-13,7,[7],cell_grid,1.0,수익률 변동성(%) 수익률 변동성(%) 2016-09-13 2.61 2.98 3.73 3.43 2.77
FUND000042,KR5120420039,,,volatility,SINCE_INCEPTION,2.77,2016-09-13,7,[7],cell_grid,1.0,수익률 변동성(%) 수익률 변동성(%) 2016-09-13 2.61 2.98 3.73 3.43 2.77
FUND000042,KR5120420039,CLASS000590,C-Pe,class_return,1Y,4.62,2017-08-17,7,"[7,60]",cell_grid,1.0,ClassC-Pe ClassC-Pe 2017-08-17 4.62 6.64 5.79 2.23 2.63
FUND000042,KR5120420039,CLASS000590,C-Pe,class_return,2Y,6.64,2017-08-17,7,"[7,60]",cell_grid,1.0,ClassC-Pe ClassC-Pe 2017-08-17 4.62 6.64 5.79 2.23 2.63
FUND000042,KR5120420039,CLASS000590,C-Pe,class_return,3Y,5.79,2017-08-17,7,"[7,60]",cell_grid,1.0,ClassC-Pe ClassC-Pe 2017-08-17 4.62 6.64 5.79 2.23 2.63
FUND000042,KR5120420039,CLASS000590,C-Pe,class_return,5Y,2.23,2017-08-17,7,"[7,60]",cell_grid,1.0,ClassC-Pe ClassC-Pe 2017-08-17 4.62 6.64 5.79 2.23 2.63
FUND000042,KR5120420039,CLASS000590,C-Pe,class_return,SINCE_INCEPTION,2.63,2017-08-17,7,"[7,60]",cell_grid,1.0,ClassC-Pe ClassC-Pe 2017-08-17 4.62 6.64 5.79 2.23 2.63
FUND000042,KR5120420039,,,benchmark,1Y,4.21,2017-08-17,7,[7],cell_grid,1.0,비교지수 비교지수 2017-08-17 4.21 5.84 5.14 1.63 2.13
FUND000042,KR5120420039,,,benchmark,2Y,5.84,2017-08-17,7,[7],cell_grid,1.0,비교지수 비교지수 2017-08-17 4.21 5.84 5.14 1.63 2.13
FUND000042,KR5120420039,,,benchmark,3Y,5.14,2017-08-17,7,[7],cell_grid,1.0,비교지수 비교지수 2017-08-17 4.21 5.84 5.14 1.63 2.13
FUND000042,KR5120420039,,,benchmark,5Y,1.63,2017-08-17,7,[7],cell_grid,1.0,비교지수 비교지수 2017-08-17 4.21 5.84 5.14 1.63 2.13
FUND000042,KR5120420039,,,benchmark,SINCE_INCEPTION,2.13,2017-08-17,7,[7],cell_grid,1.0,비교지수 비교지수 2017-08-17 4.21 5.84 5.14 1.63 2.13
FUND000042,KR5120420039,,,volatility,1Y,2.61,2017-08-17,7,[7],cell_grid,1.0,수익률 변동성(%) 수익률 변동성(%) 2017-08-17 2.61 2.98 3.73 3.43 2.87
FUND000042,KR5120420039,,,volatility,2Y,2.98,2017-08-17,7,[7],cell_grid,1.0,수익률 변동성(%) 수익률 변동성(%) 2017-08-17 2.61 2.98 3.73 3.43 2.87
FUND000042,KR5120420039,,,volatility,3Y,3.73,2017-08-17,7,[7],cell_grid,1.0,수익률 변동성(%) 수익률 변동성(%) 2017-08-17 2.61 2.98 3.73 3.43 2.87
FUND000042,KR5120420039,,,volatility,5Y,3.43,2017-08-17,7,[7],cell_grid,1.0,수익률 변동성(%) 수익률 변동성(%) 2017-08-17 2.61 2.98 3.73 3.43 2.87
FUND000042,KR5120420039,,,volatility,SINCE_INCEPTION,2.87,2017-08-17,7,[7],cell_grid,1.0,수익률 변동성(%) 수익률 변동성(%) 2017-08-17 2.61 2.98 3.73 3.43 2.87
FUND000042,KR5120420039,CLASS000591,C-P2e,class_return,1Y,4.60,2017-11-20,7,"[7,60]",cell_grid,1.0,ClassC-P2e ClassC-P2e 2017-11-20 4.60 6.62 5.77 2.21 2.82
FUND000042,KR5120420039,CLASS000591,C-P2e,class_return,2Y,6.62,2017-11-20,7,"[7,60]",cell_grid,1.0,ClassC-P2e ClassC-P2e 2017-11-20 4.60 6.62 5.77 2.21 2.82
FUND000042,KR5120420039,CLASS000591,C-P2e,class_return,3Y,5.77,2017-11-20,7,"[7,60]",cell_grid,1.0,ClassC-P2e ClassC-P2e 2017-11-20 4.60 6.62 5.77 2.21 2.82
FUND000042,KR5120420039,CLASS000591,C-P2e,class_return,5Y,2.21,2017-11-20,7,"[7,60]",cell_grid,1.0,ClassC-P2e ClassC-P2e 2017-11-20 4.60 6.62 5.77 2.21 2.82
FUND000042,KR5120420039,CLASS000591,C-P2e,class_return,SINCE_INCEPTION,2.82,2017-11-20,7,"[7,60]",cell_grid,1.0,ClassC-P2e ClassC-P2e 2017-11-20 4.60 6.62 5.77 2.21 2.82
FUND000042,KR5120420039,,,benchmark,1Y,4.21,2017-11-20,7,[7],cell_grid,1.0,비교지수 비교지수 2017-11-20 4.21 5.84 5.14 1.63 2.28
FUND000042,KR5120420039,,,benchmark,2Y,5.84,2017-11-20,7,[7],cell_grid,1.0,비교지수 비교지수 2017-11-20 4.21 5.84 5.14 1.63 2.28
FUND000042,KR5120420039,,,benchmark,3Y,5.14,2017-11-20,7,[7],cell_grid,1.0,비교지수 비교지수 2017-11-20 4.21 5.84 5.14 1.63 2.28
FUND000042,KR5120420039,,,benchmark,5Y,1.63,2017-11-20,7,[7],cell_grid,1.0,비교지수 비교지수 2017-11-20 4.21 5.84 5.14 1.63 2.28
FUND000042,KR5120420039,,,benchmark,SINCE_INCEPTION,2.28,2017-11-20,7,[7],cell_grid,1.0,비교지수 비교지수 2017-11-20 4.21 5.84 5.14 1.63 2.28
FUND000042,KR5120420039,,,volatility,1Y,2.61,2017-11-20,7,[7],cell_grid,1.0,수익률 변동성(%) 수익률 변동성(%) 2017-11-20 2.61 2.98 3.73 3.43 3.01
FUND000042,KR5120420039,,,volatility,2Y,2.98,2017-11-20,7,[7],cell_grid,1.0,수익률 변동성(%) 수익률 변동성(%) 2017-11-20 2.61 2.98 3.73 3.43 3.01
FUND000042,KR5120420039,,,volatility,3Y,3.73,2017-11-20,7,[7],cell_grid,1.0,수익률 변동성(%) 수익률 변동성(%) 2017-11-20 2.61 2.98 3.73 3.43 3.01
FUND000042,KR5120420039,,,volatility,5Y,3.43,2017-11-20,7,[7],cell_grid,1.0,수익률 변동성(%) 수익률 변동성(%) 2017-11-20 2.61 2.98 3.73 3.43 3.01
FUND000042,KR5120420039,,,volatility,SINCE_INCEPTION,3.01,2017-11-20,7,[7],cell_grid,1.0,수익률 변동성(%) 수익률 변동성(%) 2017-11-20 2.61 2.98 3.73 3.43 3.01
FUND000042,KR5120420039,CLASS000583,C-P2,class_return,1Y,4.46,2013-04-26,7,"[7,60]",cell_grid,1.0,ClassC-P2 ClassC-P2 2013-04-26 4.46 6.48 5.64 2.07 2.45
FUND000042,KR5120420039,CLASS000583,C-P2,class_return,2Y,6.48,2013-04-26,7,"[7,60]",cell_grid,1.0,ClassC-P2 ClassC-P2 2013-04-26 4.46 6.48 5.64 2.07 2.45
FUND000042,KR5120420039,CLASS000583,C-P2,class_return,3Y,5.64,2013-04-26,7,"[7,60]",cell_grid,1.0,ClassC-P2 ClassC-P2 2013-04-26 4.46 6.48 5.64 2.07 2.45
FUND000042,KR5120420039,CLASS000583,C-P2,class_return,5Y,2.07,2013-04-26,7,"[7,60]",cell_grid,1.0,ClassC-P2 ClassC-P2 2013-04-26 4.46 6.48 5.64 2.07 2.45
FUND000042,KR5120420039,CLASS000583,C-P2,class_return,SINCE_INCEPTION,2.45,2013-04-26,7,"[7,60]",cell_grid,1.0,ClassC-P2 ClassC-P2 2013-04-26 4.46 6.48 5.64 2.07 2.45
FUND000042,KR5120420039,,,benchmark,1Y,4.21,2013-04-26,7,[7],cell_grid,1.0,비교지수 비교지수 2013-04-26 4.21 5.84 5.14 1.63 2.46
FUND000042,KR5120420039,,,benchmark,2Y,5.84,2013-04-26,7,[7],cell_grid,1.0,비교지수 비교지수 2013-04-26 4.21 5.84 5.14 1.63 2.46
FUND000042,KR5120420039,,,benchmark,3Y,5.14,2013-04-26,7,[7],cell_grid,1.0,비교지수 비교지수 2013-04-26 4.21 5.84 5.14 1.63 2.46
FUND000042,KR5120420039,,,benchmark,5Y,1.63,2013-04-26,7,[7],cell_grid,1.0,비교지수 비교지수 2013-04-26 4.21 5.84 5.14 1.63 2.46
FUND000042,KR5120420039,,,benchmark,SINCE_INCEPTION,2.46,2013-04-26,7,[7],cell_grid,1.0,비교지수 비교지수 2013-04-26 4.21 5.84 5.14 1.63 2.46
FUND000042,KR5120420039,,,volatility,1Y,2.61,2013-04-26,7,[7],cell_grid,1.0,수익률 변동성(%) 수익률 변동성(%) 2013-04-26 2.61 2.99 3.73 3.43 2.48
FUND000042,KR5120420039,,,volatility,2Y,2.99,2013-04-26,7,[7],cell_grid,1.0,수익률 변동성(%) 수익률 변동성(%) 2013-04-26 2.61 2.99 3.73 3.43 2.48
FUND000042,KR5120420039,,,volatility,3Y,3.73,2013-04-26,7,[7],cell_grid,1.0,수익률 변동성(%) 수익률 변동성(%) 2013-04-26 2.61 2.99 3.73 3.43 2.48
FUND000042,KR5120420039,,,volatility,5Y,3.43,2013-04-26,7,[7],cell_grid,1.0,수익률 변동성(%) 수익률 변동성(%) 2013-04-26 2.61 2.99 3.73 3.43 2.48
FUND000042,KR5120420039,,,volatility,SINCE_INCEPTION,2.48,2013-04-26,7,[7],cell_grid,1.0,수익률 변동성(%) 수익률 변동성(%) 2013-04-26 2.61 2.99 3.73 3.43 2.48
FUND000043,KR5120420091,,,fund,1Y,4.23,,6,[6],cell_grid,1.0,교보악사 내일환매 초단기우량채 증권투자신탁[채권] 교보악사 내일환매 초단기우량채 증권투자신탁[채권] 4.23 4.48 4.48
FUND000043,KR5120420091,,,fund,2Y,4.48,,6,[6],cell_grid,1.0,교보악사 내일환매 초단기우량채 증권투자신탁[채권] 교보악사 내일환매 초단기우량채 증권투자신탁[채권] 4.23 4.48 4.48
FUND000043,KR5120420091,,,fund,SINCE_INCEPTION,4.48,,6,[6],cell_grid,1.0,교보악사 내일환매 초단기우량채 증권투자신탁[채권] 교보악사 내일환매 초단기우량채 증권투자신탁[채권] 4.23 4.48 4.48
FUND000043,KR5120420091,,,benchmark,1Y,3.72,,6,[6],cell_grid,1.0,비교지수 비교지수 3.72 3.88 3.88
FUND000043,KR5120420091,,,benchmark,2Y,3.88,,6,[6],cell_grid,1.0,비교지수 비교지수 3.72 3.88 3.88
FUND000043,KR5120420091,,,benchmark,SINCE_INCEPTION,3.88,,6,[6],cell_grid,1.0,비교지수 비교지수 3.72 3.88 3.88
FUND000043,KR5120420091,,,volatility,1Y,0.19,,6,[6],cell_grid,1.0,수익률 변동성(%) 수익률 변동성(%) 0.19 0.22 0.22
FUND000043,KR5120420091,,,volatility,2Y,0.22,,6,[6],cell_grid,1.0,수익률 변동성(%) 수익률 변동성(%) 0.19 0.22 0.22
FUND000043,KR5120420091,,,volatility,SINCE_INCEPTION,0.22,,6,[6],cell_grid,1.0,수익률 변동성(%) 수익률 변동성(%) 0.19 0.22 0.22
FUND000043,KR5120420091,CLASS000593,A,class_return,1Y,3.91,2022-12-21,6,"[6,57]",cell_grid,1.0,Class A Class A 3.91 4.17 4.17
FUND000043,KR5120420091,CLASS000593,A,class_return,2Y,4.17,2022-12-21,6,"[6,57]",cell_grid,1.0,Class A Class A 3.91 4.17 4.17
FUND000043,KR5120420091,CLASS000593,A,class_return,SINCE_INCEPTION,4.17,2022-12-21,6,"[6,57]",cell_grid,1.0,Class A Class A 3.91 4.17 4.17
FUND000043,KR5120420091,CLASS000594,Ae,class_return,1Y,4.00,2022-12-21,6,"[6,58]",cell_grid,1.0,Class Ae Class Ae 4.00 4.27 4.27
FUND000043,KR5120420091,CLASS000594,Ae,class_return,2Y,4.27,2022-12-21,6,"[6,58]",cell_grid,1.0,Class Ae Class Ae 4.00 4.27 4.27
FUND000043,KR5120420091,CLASS000594,Ae,class_return,SINCE_INCEPTION,4.27,2022-12-21,6,"[6,58]",cell_grid,1.0,Class Ae Class Ae 4.00 4.27 4.27
FUND000043,KR5120420091,CLASS000595,C,class_return,1Y,3.34,2022-12-21,6,"[6,58]",cell_grid,1.0,Class C Class C 3.34 3.82 3.82
FUND000043,KR5120420091,CLASS000595,C,class_return,2Y,3.82,2022-12-21,6,"[6,58]",cell_grid,1.0,Class C Class C 3.34 3.82 3.82
FUND000043,KR5120420091,CLASS000595,C,class_return,SINCE_INCEPTION,3.82,2022-12-21,6,"[6,58]",cell_grid,1.0,Class C Class C 3.34 3.82 3.82
FUND000043,KR5120420091,,,benchmark,1Y,3.32,,6,[6],cell_grid,1.0,비교지수 비교지수 3.32 3.68 3.68
FUND000043,KR5120420091,,,benchmark,2Y,3.68,,6,[6],cell_grid,1.0,비교지수 비교지수 3.32 3.68 3.68
FUND000043,KR5120420091,,,benchmark,SINCE_INCEPTION,3.68,,6,[6],cell_grid,1.0,비교지수 비교지수 3.32 3.68 3.68
FUND000043,KR5120420091,,,volatility,1Y,0.22,,6,[6],cell_grid,1.0,수익률 변동성(%) 수익률 변동성(%) 0.22 0.23 0.23
FUND000043,KR5120420091,,,volatility,2Y,0.23,,6,[6],cell_grid,1.0,수익률 변동성(%) 수익률 변동성(%) 0.22 0.23 0.23
FUND000043,KR5120420091,,,volatility,SINCE_INCEPTION,0.23,,6,[6],cell_grid,1.0,수익률 변동성(%) 수익률 변동성(%) 0.22 0.23 0.23
FUND000043,KR5120420091,CLASS000596,Ce,class_return,1Y,3.94,2022-12-21,6,"[6,58]",cell_grid,1.0,Class Ce Class Ce 3.94 4.19 4.19
FUND000043,KR5120420091,CLASS000596,Ce,class_return,2Y,4.19,2022-12-21,6,"[6,58]",cell_grid,1.0,Class Ce Class Ce 3.94 4.19 4.19
FUND000043,KR5120420091,CLASS000596,Ce,class_return,SINCE_INCEPTION,4.19,2022-12-21,6,"[6,58]",cell_grid,1.0,Class Ce Class Ce 3.94 4.19 4.19
FUND000043,KR5120420091,CLASS000597,C-F,class_return,1Y,4.06,2022-12-21,58,[58],detail_return_table_cross_validated,1.0,초단기우량채증권투자신탁[채권] 2022-12-21 4.06 4.31 4.31
FUND000043,KR5120420091,CLASS000597,C-F,class_return,2Y,4.31,2022-12-21,58,[58],detail_return_table_cross_validated,1.0,초단기우량채증권투자신탁[채권] 2022-12-21 4.06 4.31 4.31
FUND000043,KR5120420091,CLASS000597,C-F,class_return,SINCE_INCEPTION,4.31,2022-12-21,58,[58],detail_return_table_cross_validated,1.0,초단기우량채증권투자신탁[채권] 2022-12-21 4.06 4.31 4.31
FUND000043,KR5120420091,,C-P(연금),class_return,1Y,4.07,2022-12-21,58,[58],detail_return_table_cross_validated,1.0,초단기우량채증권투자신탁[채권] 2022-12-21 4.07 4.28 4.28
FUND000043,KR5120420091,,C-P(연금),class_return,2Y,4.28,2022-12-21,58,[58],detail_return_table_cross_validated,1.0,초단기우량채증권투자신탁[채권] 2022-12-21 4.07 4.28 4.28
FUND000043,KR5120420091,,C-P(연금),class_return,SINCE_INCEPTION,4.28,2022-12-21,58,[58],detail_return_table_cross_validated,1.0,초단기우량채증권투자신탁[채권] 2022-12-21 4.07 4.28 4.28
FUND000043,KR5120420091,,C-Pe(연금),class_return,1Y,4.01,2022-12-21,58,[58],detail_return_table_cross_validated,1.0,초단기우량채증권투자신탁[채권] 2022-12-21 4.01 4.26 4.26
FUND000043,KR5120420091,,C-Pe(연금),class_return,2Y,4.26,2022-12-21,58,[58],detail_return_table_cross_validated,1.0,초단기우량채증권투자신탁[채권] 2022-12-21 4.01 4.26 4.26
FUND000043,KR5120420091,,C-Pe(연금),class_return,SINCE_INCEPTION,4.26,2022-12-21,58,[58],detail_return_table_cross_validated,1.0,초단기우량채증권투자신탁[채권] 2022-12-21 4.01 4.26 4.26
FUND000043,KR5120420091,,C-R(퇴직연금),class_return,1Y,3.98,2022-12-21,58,[58],detail_return_table_cross_validated,1.0,초단기우량채증권투자신탁[채권] 2022-12-21 3.98 4.24 4.24
FUND000043,KR5120420091,,C-R(퇴직연금),class_return,2Y,4.24,2022-12-21,58,[58],detail_return_table_cross_validated,1.0,초단기우량채증권투자신탁[채권] 2022-12-21 3.98 4.24 4.24
FUND000043,KR5120420091,,C-R(퇴직연금),class_return,SINCE_INCEPTION,4.24,2022-12-21,58,[58],detail_return_table_cross_validated,1.0,초단기우량채증권투자신탁[채권] 2022-12-21 3.98 4.24 4.24
FUND000043,KR5120420091,CLASS000605,S,class_return,1Y,3.99,2022-12-21,59,[59],detail_return_table_cross_validated,1.0,초단기우량채증권투자신탁[채권] 2022-12-21 3.99 4.24 4.24
FUND000043,KR5120420091,CLASS000605,S,class_return,2Y,4.24,2022-12-21,59,[59],detail_return_table_cross_validated,1.0,초단기우량채증권투자신탁[채권] 2022-12-21 3.99 4.24 4.24
FUND000043,KR5120420091,CLASS000605,S,class_return,SINCE_INCEPTION,4.24,2022-12-21,59,[59],detail_return_table_cross_validated,1.0,초단기우량채증권투자신탁[채권] 2022-12-21 3.99 4.24 4.24
FUND000043,KR5120420091,CLASS000606,S-P,class_return,1Y,4.01,2022-12-21,59,[59],detail_return_table_cross_validated,1.0,초단기우량채증권투자신탁[채권] 2022-12-21 4.01 4.26 4.26
FUND000043,KR5120420091,CLASS000606,S-P,class_return,2Y,4.26,2022-12-21,59,[59],detail_return_table_cross_validated,1.0,초단기우량채증권투자신탁[채권] 2022-12-21 4.01 4.26 4.26
FUND000043,KR5120420091,CLASS000606,S-P,class_return,SINCE_INCEPTION,4.26,2022-12-21,59,[59],detail_return_table_cross_validated,1.0,초단기우량채증권투자신탁[채권] 2022-12-21 4.01 4.26 4.26
FUND000043,KR5120420091,,S-R(퇴직연금),class_return,1Y,4.02,2022-12-23,59,[59],detail_return_table_cross_validated,1.0,초단기우량채증권투자신탁[채권] 2022-12-23 4.02 4.23
FUND000043,KR5120420091,,S-R(퇴직연금),class_return,SINCE_INCEPTION,4.23,2022-12-23,59,[59],detail_return_table_cross_validated,1.0,초단기우량채증권투자신탁[채권] 2022-12-23 4.02 4.23
FUND000044,KR5120450015,,,fund,SINCE_INCEPTION,7.58,,6,[6],cell_grid,1.0,교보악사파워인덱스증권 자투자신탁1호(주식) 교보악사파워인덱스증권 자투자신탁1호(주식) -1.15 6.49 -3.45 5.33 7.58
FUND000044,KR5120450015,,,fund,5Y,5.33,,6,[6],cell_grid,1.0,교보악사파워인덱스증권 자투자신탁1호(주식) 교보악사파워인덱스증권 자투자신탁1호(주식) -1.15 6.49 -3.45 5.33 7.58
FUND000044,KR5120450015,,,fund,3Y,-3.45,,6,[6],cell_grid,1.0,교보악사파워인덱스증권 자투자신탁1호(주식) 교보악사파워인덱스증권 자투자신탁1호(주식) -1.15 6.49 -3.45 5.33 7.58
FUND000044,KR5120450015,,,fund,2Y,6.49,,6,[6],cell_grid,1.0,교보악사파워인덱스증권 자투자신탁1호(주식) 교보악사파워인덱스증권 자투자신탁1호(주식) -1.15 6.49 -3.45 5.33 7.58
FUND000044,KR5120450015,,,fund,1Y,-1.15,,6,[6],cell_grid,1.0,교보악사파워인덱스증권 자투자신탁1호(주식) 교보악사파워인덱스증권 자투자신탁1호(주식) -1.15 6.49 -3.45 5.33 7.58
FUND000044,KR5120450015,,,benchmark,SINCE_INCEPTION,4.90,,6,[6],cell_grid,1.0,비교지수 비교지수 -4.00 3.55 -6.15 2.30 4.90
FUND000044,KR5120450015,,,benchmark,5Y,2.30,,6,[6],cell_grid,1.0,비교지수 비교지수 -4.00 3.55 -6.15 2.30 4.90
FUND000044,KR5120450015,,,benchmark,3Y,-6.15,,6,[6],cell_grid,1.0,비교지수 비교지수 -4.00 3.55 -6.15 2.30 4.90
FUND000044,KR5120450015,,,benchmark,2Y,3.55,,6,[6],cell_grid,1.0,비교지수 비교지수 -4.00 3.55 -6.15 2.30 4.90
FUND000044,KR5120450015,,,benchmark,1Y,-4.00,,6,[6],cell_grid,1.0,비교지수 비교지수 -4.00 3.55 -6.15 2.30 4.90
FUND000044,KR5120450015,,,volatility,SINCE_INCEPTION,17.33,,6,[6],cell_grid,1.0,수익률 변동성(%) 수익률 변동성(%) 17.96 16.38 16.31 20.04 17.33
FUND000044,KR5120450015,,,volatility,5Y,20.04,,6,[6],cell_grid,1.0,수익률 변동성(%) 수익률 변동성(%) 17.96 16.38 16.31 20.04 17.33
FUND000044,KR5120450015,,,volatility,3Y,16.31,,6,[6],cell_grid,1.0,수익률 변동성(%) 수익률 변동성(%) 17.96 16.38 16.31 20.04 17.33
FUND000044,KR5120450015,,,volatility,2Y,16.38,,6,[6],cell_grid,1.0,수익률 변동성(%) 수익률 변동성(%) 17.96 16.38 16.31 20.04 17.33
FUND000044,KR5120450015,,,volatility,1Y,17.96,,6,[6],cell_grid,1.0,수익률 변동성(%) 수익률 변동성(%) 17.96 16.38 16.31 20.04 17.33
FUND000044,KR5120450015,CLASS000609,A1,class_return,SINCE_INCEPTION,6.97,2008-12-19,6,"[6,66]",cell_grid,1.0,ClassA1 ClassA1 -1.79 5.80 -4.08 4.64 6.97
FUND000044,KR5120450015,CLASS000609,A1,class_return,5Y,4.64,2008-12-19,6,"[6,66]",cell_grid,1.0,ClassA1 ClassA1 -1.79 5.80 -4.08 4.64 6.97
FUND000044,KR5120450015,CLASS000609,A1,class_return,3Y,-4.08,2008-12-19,6,"[6,66]",cell_grid,1.0,ClassA1 ClassA1 -1.79 5.80 -4.08 4.64 6.97
FUND000044,KR5120450015,CLASS000609,A1,class_return,2Y,5.80,2008-12-19,6,"[6,66]",cell_grid,1.0,ClassA1 ClassA1 -1.79 5.80 -4.08 4.64 6.97
FUND000044,KR5120450015,CLASS000609,A1,class_return,1Y,-1.79,2008-12-19,6,"[6,66]",cell_grid,1.0,ClassA1 ClassA1 -1.79 5.80 -4.08 4.64 6.97
FUND000044,KR5120450015,,,volatility,SINCE_INCEPTION,17.34,,6,[6],cell_grid,1.0,수익률 변동성(%) 수익률 변동성(%) 17.97 16.39 16.32 20.05 17.34
FUND000044,KR5120450015,,,volatility,5Y,20.05,,6,[6],cell_grid,1.0,수익률 변동성(%) 수익률 변동성(%) 17.97 16.39 16.32 20.05 17.34
FUND000044,KR5120450015,,,volatility,3Y,16.32,,6,[6],cell_grid,1.0,수익률 변동성(%) 수익률 변동성(%) 17.97 16.39 16.32 20.05 17.34
FUND000044,KR5120450015,,,volatility,2Y,16.39,,6,[6],cell_grid,1.0,수익률 변동성(%) 수익률 변동성(%) 17.97 16.39 16.32 20.05 17.34
FUND000044,KR5120450015,,,volatility,1Y,17.97,,6,[6],cell_grid,1.0,수익률 변동성(%) 수익률 변동성(%) 17.97 16.39 16.32 20.05 17.34
FUND000044,KR5120450015,CLASS000610,C1,class_return,SINCE_INCEPTION,6.33,2008-12-19,6,"[6,66]",cell_grid,1.0,ClassC1 ClassC1 -2.42 5.13 -4.69 3.98 6.33
FUND000044,KR5120450015,CLASS000610,C1,class_return,5Y,3.98,2008-12-19,6,"[6,66]",cell_grid,1.0,ClassC1 ClassC1 -2.42 5.13 -4.69 3.98 6.33
FUND000044,KR5120450015,CLASS000610,C1,class_return,3Y,-4.69,2008-12-19,6,"[6,66]",cell_grid,1.0,ClassC1 ClassC1 -2.42 5.13 -4.69 3.98 6.33
FUND000044,KR5120450015,CLASS000610,C1,class_return,2Y,5.13,2008-12-19,6,"[6,66]",cell_grid,1.0,ClassC1 ClassC1 -2.42 5.13 -4.69 3.98 6.33
FUND000044,KR5120450015,CLASS000610,C1,class_return,1Y,-2.42,2008-12-19,6,"[6,66]",cell_grid,1.0,ClassC1 ClassC1 -2.42 5.13 -4.69 3.98 6.33
FUND000044,KR5120450015,,,volatility,SINCE_INCEPTION,17.35,,6,[6],cell_grid,1.0,수익률 변동성(%) 수익률 변동성(%) 17.97 16.39 16.33 20.06 17.35
FUND000044,KR5120450015,,,volatility,5Y,20.06,,6,[6],cell_grid,1.0,수익률 변동성(%) 수익률 변동성(%) 17.97 16.39 16.33 20.06 17.35
FUND000044,KR5120450015,,,volatility,3Y,16.33,,6,[6],cell_grid,1.0,수익률 변동성(%) 수익률 변동성(%) 17.97 16.39 16.33 20.06 17.35
FUND000044,KR5120450015,,,volatility,2Y,16.39,,6,[6],cell_grid,1.0,수익률 변동성(%) 수익률 변동성(%) 17.97 16.39 16.33 20.06 17.35
FUND000044,KR5120450015,,,volatility,1Y,17.97,,6,[6],cell_grid,1.0,수익률 변동성(%) 수익률 변동성(%) 17.97 16.39 16.33 20.06 17.35
FUND000044,KR5120450015,CLASS000623,Ae,class_return,SINCE_INCEPTION,2.25,2017-11-21,6,"[6,67]",cell_grid,1.0,ClassAe ClassAe -1.55 6.06 -3.85 4.90 2.25
FUND000044,KR5120450015,CLASS000623,Ae,class_return,5Y,4.90,2017-11-21,6,"[6,67]",cell_grid,1.0,ClassAe ClassAe -1.55 6.06 -3.85 4.90 2.25
FUND000044,KR5120450015,CLASS000623,Ae,class_return,3Y,-3.85,2017-11-21,6,"[6,67]",cell_grid,1.0,ClassAe ClassAe -1.55 6.06 -3.85 4.90 2.25
FUND000044,KR5120450015,CLASS000623,Ae,class_return,2Y,6.06,2017-11-21,6,"[6,67]",cell_grid,1.0,ClassAe ClassAe -1.55 6.06 -3.85 4.90 2.25
FUND000044,KR5120450015,CLASS000623,Ae,class_return,1Y,-1.55,2017-11-21,6,"[6,67]",cell_grid,1.0,ClassAe ClassAe -1.55 6.06 -3.85 4.90 2.25
FUND000044,KR5120450015,,,benchmark,SINCE_INCEPTION,-0.14,,6,[6],cell_grid,1.0,비교지수 비교지수 -4.00 3.55 -6.15 2.30 -0.14
FUND000044,KR5120450015,,,benchmark,5Y,2.30,,6,[6],cell_grid,1.0,비교지수 비교지수 -4.00 3.55 -6.15 2.30 -0.14
FUND000044,KR5120450015,,,benchmark,3Y,-6.15,,6,[6],cell_grid,1.0,비교지수 비교지수 -4.00 3.55 -6.15 2.30 -0.14
FUND000044,KR5120450015,,,benchmark,2Y,3.55,,6,[6],cell_grid,1.0,비교지수 비교지수 -4.00 3.55 -6.15 2.30 -0.14
FUND000044,KR5120450015,,,benchmark,1Y,-4.00,,6,[6],cell_grid,1.0,비교지수 비교지수 -4.00 3.55 -6.15 2.30 -0.14
FUND000044,KR5120450015,,,volatility,SINCE_INCEPTION,18.61,,6,[6],cell_grid,1.0,수익률 변동성(%) 수익률 변동성(%) 17.96 16.38 16.32 20.05 18.61
FUND000044,KR5120450015,,,volatility,5Y,20.05,,6,[6],cell_grid,1.0,수익률 변동성(%) 수익률 변동성(%) 17.96 16.38 16.32 20.05 18.61
FUND000044,KR5120450015,,,volatility,3Y,16.32,,6,[6],cell_grid,1.0,수익률 변동성(%) 수익률 변동성(%) 17.96 16.38 16.32 20.05 18.61
FUND000044,KR5120450015,,,volatility,2Y,16.38,,6,[6],cell_grid,1.0,수익률 변동성(%) 수익률 변동성(%) 17.96 16.38 16.32 20.05 18.61
FUND000044,KR5120450015,,,volatility,1Y,17.96,,6,[6],cell_grid,1.0,수익률 변동성(%) 수익률 변동성(%) 17.96 16.38 16.32 20.05 18.61
FUND000044,KR5120450015,CLASS000615,Ce,class_return,SINCE_INCEPTION,7.27,2008-12-19,6,"[6,66]",cell_grid,1.0,ClassCe ClassCe -1.51 6.10 -3.81 4.94 7.27
FUND000044,KR5120450015,CLASS000615,Ce,class_return,5Y,4.94,2008-12-19,6,"[6,66]",cell_grid,1.0,ClassCe ClassCe -1.51 6.10 -3.81 4.94 7.27
FUND000044,KR5120450015,CLASS000615,Ce,class_return,3Y,-3.81,2008-12-19,6,"[6,66]",cell_grid,1.0,ClassCe ClassCe -1.51 6.10 -3.81 4.94 7.27
FUND000044,KR5120450015,CLASS000615,Ce,class_return,2Y,6.10,2008-12-19,6,"[6,66]",cell_grid,1.0,ClassCe ClassCe -1.51 6.10 -3.81 4.94 7.27
FUND000044,KR5120450015,CLASS000615,Ce,class_return,1Y,-1.51,2008-12-19,6,"[6,66]",cell_grid,1.0,ClassCe ClassCe -1.51 6.10 -3.81 4.94 7.27
FUND000044,KR5120450015,,,volatility,SINCE_INCEPTION,17.34,,6,[6],cell_grid,1.0,수익률 변동성(%) 수익률 변동성(%) 17.96 16.38 16.32 20.05 17.34
FUND000044,KR5120450015,,,volatility,5Y,20.05,,6,[6],cell_grid,1.0,수익률 변동성(%) 수익률 변동성(%) 17.96 16.38 16.32 20.05 17.34
FUND000044,KR5120450015,,,volatility,3Y,16.32,,6,[6],cell_grid,1.0,수익률 변동성(%) 수익률 변동성(%) 17.96 16.38 16.32 20.05 17.34
FUND000044,KR5120450015,,,volatility,2Y,16.38,,6,[6],cell_grid,1.0,수익률 변동성(%) 수익률 변동성(%) 17.96 16.38 16.32 20.05 17.34
FUND000044,KR5120450015,,,volatility,1Y,17.96,,6,[6],cell_grid,1.0,수익률 변동성(%) 수익률 변동성(%) 17.96 16.38 16.32 20.05 17.34
FUND000044,KR5120450015,CLASS000611,C2,class_return,1Y,-2.31,2009-12-29,66,[66],detail_return_table_cross_validated,1.0,ClassC2 ClassC2 -2.31 5.25 -4.59 4.09 3.79
FUND000044,KR5120450015,CLASS000611,C2,class_return,2Y,5.25,2009-12-29,66,[66],detail_return_table_cross_validated,1.0,ClassC2 ClassC2 -2.31 5.25 -4.59 4.09 3.79
FUND000044,KR5120450015,CLASS000611,C2,class_return,3Y,-4.59,2009-12-29,66,[66],detail_return_table_cross_validated,1.0,ClassC2 ClassC2 -2.31 5.25 -4.59 4.09 3.79
FUND000044,KR5120450015,CLASS000611,C2,class_return,5Y,4.09,2009-12-29,66,[66],detail_return_table_cross_validated,1.0,ClassC2 ClassC2 -2.31 5.25 -4.59 4.09 3.79
FUND000044,KR5120450015,CLASS000611,C2,class_return,SINCE_INCEPTION,3.79,2009-12-29,66,[66],detail_return_table_cross_validated,1.0,ClassC2 ClassC2 -2.31 5.25 -4.59 4.09 3.79
FUND000044,KR5120450015,CLASS000612,C3,class_return,1Y,-2.21,2011-01-17,66,[66],detail_return_table_cross_validated,1.0,ClassC3 ClassC3 -2.21 5.36 -4.49 4.19 2.37
FUND000044,KR5120450015,CLASS000612,C3,class_return,2Y,5.36,2011-01-17,66,[66],detail_return_table_cross_validated,1.0,ClassC3 ClassC3 -2.21 5.36 -4.49 4.19 2.37
FUND000044,KR5120450015,CLASS000612,C3,class_return,3Y,-4.49,2011-01-17,66,[66],detail_return_table_cross_validated,1.0,ClassC3 ClassC3 -2.21 5.36 -4.49 4.19 2.37
FUND000044,KR5120450015,CLASS000612,C3,class_return,5Y,4.19,2011-01-17,66,[66],detail_return_table_cross_validated,1.0,ClassC3 ClassC3 -2.21 5.36 -4.49 4.19 2.37
FUND000044,KR5120450015,CLASS000612,C3,class_return,SINCE_INCEPTION,2.37,2011-01-17,66,[66],detail_return_table_cross_validated,1.0,ClassC3 ClassC3 -2.21 5.36 -4.49 4.19 2.37
FUND000044,KR5120450015,CLASS000613,C4,class_return,1Y,-2.12,2011-12-29,66,[66],detail_return_table_cross_validated,1.0,ClassC4 ClassC4 -2.12 5.45 -4.40 4.29 3.79
FUND000044,KR5120450015,CLASS000613,C4,class_return,2Y,5.45,2011-12-29,66,[66],detail_return_table_cross_validated,1.0,ClassC4 ClassC4 -2.12 5.45 -4.40 4.29 3.79
FUND000044,KR5120450015,CLASS000613,C4,class_return,3Y,-4.40,2011-12-29,66,[66],detail_return_table_cross_validated,1.0,ClassC4 ClassC4 -2.12 5.45 -4.40 4.29 3.79
FUND000044,KR5120450015,CLASS000613,C4,class_return,5Y,4.29,2011-12-29,66,[66],detail_return_table_cross_validated,1.0,ClassC4 ClassC4 -2.12 5.45 -4.40 4.29 3.79
FUND000044,KR5120450015,CLASS000613,C4,class_return,SINCE_INCEPTION,3.79,2011-12-29,66,[66],detail_return_table_cross_validated,1.0,ClassC4 ClassC4 -2.12 5.45 -4.40 4.29 3.79
FUND000044,KR5120450015,CLASS000616,C(장마),class_return,1Y,-2.29,2009-06-17,66,[66],detail_return_table_cross_validated,1.0,ClassC(장마) ClassC(장마) -2.29 5.27 -4.57 4.10 5.10
FUND000044,KR5120450015,CLASS000616,C(장마),class_return,2Y,5.27,2009-06-17,66,[66],detail_return_table_cross_validated,1.0,ClassC(장마) ClassC(장마) -2.29 5.27 -4.57 4.10 5.10
FUND000044,KR5120450015,CLASS000616,C(장마),class_return,3Y,-4.57,2009-06-17,66,[66],detail_return_table_cross_validated,1.0,ClassC(장마) ClassC(장마) -2.29 5.27 -4.57 4.10 5.10
FUND000044,KR5120450015,CLASS000616,C(장마),class_return,5Y,4.10,2009-06-17,66,[66],detail_return_table_cross_validated,1.0,ClassC(장마) ClassC(장마) -2.29 5.27 -4.57 4.10 5.10
FUND000044,KR5120450015,CLASS000616,C(장마),class_return,SINCE_INCEPTION,5.10,2009-06-17,66,[66],detail_return_table_cross_validated,1.0,ClassC(장마) ClassC(장마) -2.29 5.27 -4.57 4.10 5.10
FUND000044,KR5120450015,CLASS000618,CP,class_return,1Y,-1.91,2015-06-29,66,[66],detail_return_table_cross_validated,1.0,ClassCP ClassCP -1.91 5.68 -4.19 4.52 4.54
FUND000044,KR5120450015,CLASS000618,CP,class_return,2Y,5.68,2015-06-29,66,[66],detail_return_table_cross_validated,1.0,ClassCP ClassCP -1.91 5.68 -4.19 4.52 4.54
FUND000044,KR5120450015,CLASS000618,CP,class_return,3Y,-4.19,2015-06-29,66,[66],detail_return_table_cross_validated,1.0,ClassCP ClassCP -1.91 5.68 -4.19 4.52 4.54
FUND000044,KR5120450015,CLASS000618,CP,class_return,5Y,4.52,2015-06-29,66,[66],detail_return_table_cross_validated,1.0,ClassCP ClassCP -1.91 5.68 -4.19 4.52 4.54
FUND000044,KR5120450015,CLASS000618,CP,class_return,SINCE_INCEPTION,4.54,2015-06-29,66,[66],detail_return_table_cross_validated,1.0,ClassCP ClassCP -1.91 5.68 -4.19 4.52 4.54
FUND000044,KR5120450015,CLASS000619,S,class_return,1Y,-1.46,2014-09-02,66,[66],detail_return_table_cross_validated,1.0,ClassS ClassS -1.46 6.15 -3.76 4.99 4.36
FUND000044,KR5120450015,CLASS000619,S,class_return,2Y,6.15,2014-09-02,66,[66],detail_return_table_cross_validated,1.0,ClassS ClassS -1.46 6.15 -3.76 4.99 4.36
FUND000044,KR5120450015,CLASS000619,S,class_return,3Y,-3.76,2014-09-02,66,[66],detail_return_table_cross_validated,1.0,ClassS ClassS -1.46 6.15 -3.76 4.99 4.36
FUND000044,KR5120450015,CLASS000619,S,class_return,5Y,4.99,2014-09-02,66,[66],detail_return_table_cross_validated,1.0,ClassS ClassS -1.46 6.15 -3.76 4.99 4.36
FUND000044,KR5120450015,CLASS000619,S,class_return,SINCE_INCEPTION,4.36,2014-09-02,66,[66],detail_return_table_cross_validated,1.0,ClassS ClassS -1.46 6.15 -3.76 4.99 4.36
FUND000044,KR5120450015,CLASS000620,CW,class_return,1Y,-1.31,2017-02-15,66,[66],detail_return_table_cross_validated,1.0,ClassCW ClassCW -1.31 6.31 -3.61 5.15 5.22
FUND000044,KR5120450015,CLASS000620,CW,class_return,2Y,6.31,2017-02-15,66,[66],detail_return_table_cross_validated,1.0,ClassCW ClassCW -1.31 6.31 -3.61 5.15 5.22
FUND000044,KR5120450015,CLASS000620,CW,class_return,3Y,-3.61,2017-02-15,66,[66],detail_return_table_cross_validated,1.0,ClassCW ClassCW -1.31 6.31 -3.61 5.15 5.22
FUND000044,KR5120450015,CLASS000620,CW,class_return,5Y,5.15,2017-02-15,66,[66],detail_return_table_cross_validated,1.0,ClassCW ClassCW -1.31 6.31 -3.61 5.15 5.22
FUND000044,KR5120450015,CLASS000620,CW,class_return,SINCE_INCEPTION,5.22,2017-02-15,66,[66],detail_return_table_cross_validated,1.0,ClassCW ClassCW -1.31 6.31 -3.61 5.15 5.22
FUND000044,KR5120450015,CLASS000624,C-Pe,class_return,1Y,-1.61,2017-08-14,67,[67],detail_return_table_cross_validated,1.0,ClassC-Pe ClassC-Pe -1.61 5.99 -3.90 4.83 3.50
FUND000044,KR5120450015,CLASS000624,C-Pe,class_return,2Y,5.99,2017-08-14,67,[67],detail_return_table_cross_validated,1.0,ClassC-Pe ClassC-Pe -1.61 5.99 -3.90 4.83 3.50
FUND000044,KR5120450015,CLASS000624,C-Pe,class_return,3Y,-3.90,2017-08-14,67,[67],detail_return_table_cross_validated,1.0,ClassC-Pe ClassC-Pe -1.61 5.99 -3.90 4.83 3.50
FUND000044,KR5120450015,CLASS000624,C-Pe,class_return,5Y,4.83,2017-08-14,67,[67],detail_return_table_cross_validated,1.0,ClassC-Pe ClassC-Pe -1.61 5.99 -3.90 4.83 3.50
FUND000044,KR5120450015,CLASS000624,C-Pe,class_return,SINCE_INCEPTION,3.50,2017-08-14,67,[67],detail_return_table_cross_validated,1.0,ClassC-Pe ClassC-Pe -1.61 5.99 -3.90 4.83 3.50
FUND000044,KR5120450015,CLASS000625,C-P2,class_return,1Y,-1.93,2018-07-09,67,[67],detail_return_table_cross_validated,1.0,ClassC-P2 ClassC-P2 -1.93 5.66 -4.21 4.50 3.82
FUND000044,KR5120450015,CLASS000625,C-P2,class_return,2Y,5.66,2018-07-09,67,[67],detail_return_table_cross_validated,1.0,ClassC-P2 ClassC-P2 -1.93 5.66 -4.21 4.50 3.82
FUND000044,KR5120450015,CLASS000625,C-P2,class_return,3Y,-4.21,2018-07-09,67,[67],detail_return_table_cross_validated,1.0,ClassC-P2 ClassC-P2 -1.93 5.66 -4.21 4.50 3.82
FUND000044,KR5120450015,CLASS000625,C-P2,class_return,5Y,4.50,2018-07-09,67,[67],detail_return_table_cross_validated,1.0,ClassC-P2 ClassC-P2 -1.93 5.66 -4.21 4.50 3.82
FUND000044,KR5120450015,CLASS000625,C-P2,class_return,SINCE_INCEPTION,3.82,2018-07-09,67,[67],detail_return_table_cross_validated,1.0,ClassC-P2 ClassC-P2 -1.93 5.66 -4.21 4.50 3.82
FUND000044,KR5120450015,CLASS000626,C-P2e,class_return,1Y,-1.62,2018-02-19,67,[67],detail_return_table_cross_validated,1.0,ClassC-P2e ClassC-P2e -1.62 5.98 -3.91 4.82 3.01
FUND000044,KR5120450015,CLASS000626,C-P2e,class_return,2Y,5.98,2018-02-19,67,[67],detail_return_table_cross_validated,1.0,ClassC-P2e ClassC-P2e -1.62 5.98 -3.91 4.82 3.01
FUND000044,KR5120450015,CLASS000626,C-P2e,class_return,3Y,-3.91,2018-02-19,67,[67],detail_return_table_cross_validated,1.0,ClassC-P2e ClassC-P2e -1.62 5.98 -3.91 4.82 3.01
FUND000044,KR5120450015,CLASS000626,C-P2e,class_return,5Y,4.82,2018-02-19,67,[67],detail_return_table_cross_validated,1.0,ClassC-P2e ClassC-P2e -1.62 5.98 -3.91 4.82 3.01
FUND000044,KR5120450015,CLASS000626,C-P2e,class_return,SINCE_INCEPTION,3.01,2018-02-19,67,[67],detail_return_table_cross_validated,1.0,ClassC-P2e ClassC-P2e -1.62 5.98 -3.91 4.82 3.01
FUND000044,KR5120450015,CLASS000628,S-P,class_return,1Y,-1.44,2020-06-30,67,[67],detail_return_table_cross_validated,1.0,ClassS-P ClassS-P -1.44 6.17 -3.74 6.53
FUND000044,KR5120450015,CLASS000628,S-P,class_return,2Y,6.17,2020-06-30,67,[67],detail_return_table_cross_validated,1.0,ClassS-P ClassS-P -1.44 6.17 -3.74 6.53
FUND000044,KR5120450015,CLASS000628,S-P,class_return,3Y,-3.74,2020-06-30,67,[67],detail_return_table_cross_validated,1.0,ClassS-P ClassS-P -1.44 6.17 -3.74 6.53
FUND000044,KR5120450015,CLASS000628,S-P,class_return,SINCE_INCEPTION,6.53,2020-06-30,67,[67],detail_return_table_cross_validated,1.0,ClassS-P ClassS-P -1.44 6.17 -3.74 6.53
FUND000044,KR5120450015,CLASS000617,Af,class_return,1Y,-1.31,2012-05-14,67,[67],detail_return_table_cross_validated,1.0,ClassAf ClassAf -1.31 6.31 -3.61 5.15 4.27
FUND000044,KR5120450015,CLASS000617,Af,class_return,2Y,6.31,2012-05-14,67,[67],detail_return_table_cross_validated,1.0,ClassAf ClassAf -1.31 6.31 -3.61 5.15 4.27
FUND000044,KR5120450015,CLASS000617,Af,class_return,3Y,-3.61,2012-05-14,67,[67],detail_return_table_cross_validated,1.0,ClassAf ClassAf -1.31 6.31 -3.61 5.15 4.27
FUND000044,KR5120450015,CLASS000617,Af,class_return,5Y,5.15,2012-05-14,67,[67],detail_return_table_cross_validated,1.0,ClassAf ClassAf -1.31 6.31 -3.61 5.15 4.27
FUND000044,KR5120450015,CLASS000617,Af,class_return,SINCE_INCEPTION,4.27,2012-05-14,67,[67],detail_return_table_cross_validated,1.0,ClassAf ClassAf -1.31 6.31 -3.61 5.15 4.27
FUND000044,KR5120450015,CLASS000621,AG,class_return,1Y,-1.66,,67,[67],detail_return_table_cross_validated,1.0,ClassAG -1.66 5.94 -3.95 4.78 6.09
FUND000044,KR5120450015,CLASS000621,AG,class_return,2Y,5.94,,67,[67],detail_return_table_cross_validated,1.0,ClassAG -1.66 5.94 -3.95 4.78 6.09
FUND000044,KR5120450015,CLASS000621,AG,class_return,3Y,-3.95,,67,[67],detail_return_table_cross_validated,1.0,ClassAG -1.66 5.94 -3.95 4.78 6.09
FUND000044,KR5120450015,CLASS000621,AG,class_return,5Y,4.78,,67,[67],detail_return_table_cross_validated,1.0,ClassAG -1.66 5.94 -3.95 4.78 6.09
FUND000044,KR5120450015,CLASS000621,AG,class_return,SINCE_INCEPTION,6.09,,67,[67],detail_return_table_cross_validated,1.0,ClassAG -1.66 5.94 -3.95 4.78 6.09
FUND000044,KR5120450018,,,fund,SINCE_INCEPTION,7.58,,6,[6],cell_grid,1.0,교보악사파워인덱스증권 자투자신탁1호(주식) 교보악사파워인덱스증권 자투자신탁1호(주식) -1.15 6.49 -3.45 5.33 7.58
FUND000044,KR5120450018,,,fund,5Y,5.33,,6,[6],cell_grid,1.0,교보악사파워인덱스증권 자투자신탁1호(주식) 교보악사파워인덱스증권 자투자신탁1호(주식) -1.15 6.49 -3.45 5.33 7.58
FUND000044,KR5120450018,,,fund,3Y,-3.45,,6,[6],cell_grid,1.0,교보악사파워인덱스증권 자투자신탁1호(주식) 교보악사파워인덱스증권 자투자신탁1호(주식) -1.15 6.49 -3.45 5.33 7.58
FUND000044,KR5120450018,,,fund,2Y,6.49,,6,[6],cell_grid,1.0,교보악사파워인덱스증권 자투자신탁1호(주식) 교보악사파워인덱스증권 자투자신탁1호(주식) -1.15 6.49 -3.45 5.33 7.58
FUND000044,KR5120450018,,,fund,1Y,-1.15,,6,[6],cell_grid,1.0,교보악사파워인덱스증권 자투자신탁1호(주식) 교보악사파워인덱스증권 자투자신탁1호(주식) -1.15 6.49 -3.45 5.33 7.58
FUND000044,KR5120450018,,,benchmark,SINCE_INCEPTION,4.90,,6,[6],cell_grid,1.0,비교지수 비교지수 -4.00 3.55 -6.15 2.30 4.90
FUND000044,KR5120450018,,,benchmark,5Y,2.30,,6,[6],cell_grid,1.0,비교지수 비교지수 -4.00 3.55 -6.15 2.30 4.90
FUND000044,KR5120450018,,,benchmark,3Y,-6.15,,6,[6],cell_grid,1.0,비교지수 비교지수 -4.00 3.55 -6.15 2.30 4.90
FUND000044,KR5120450018,,,benchmark,2Y,3.55,,6,[6],cell_grid,1.0,비교지수 비교지수 -4.00 3.55 -6.15 2.30 4.90
FUND000044,KR5120450018,,,benchmark,1Y,-4.00,,6,[6],cell_grid,1.0,비교지수 비교지수 -4.00 3.55 -6.15 2.30 4.90
FUND000044,KR5120450018,,,volatility,SINCE_INCEPTION,17.33,,6,[6],cell_grid,1.0,수익률 변동성(%) 수익률 변동성(%) 17.96 16.38 16.31 20.04 17.33
FUND000044,KR5120450018,,,volatility,5Y,20.04,,6,[6],cell_grid,1.0,수익률 변동성(%) 수익률 변동성(%) 17.96 16.38 16.31 20.04 17.33
FUND000044,KR5120450018,,,volatility,3Y,16.31,,6,[6],cell_grid,1.0,수익률 변동성(%) 수익률 변동성(%) 17.96 16.38 16.31 20.04 17.33
FUND000044,KR5120450018,,,volatility,2Y,16.38,,6,[6],cell_grid,1.0,수익률 변동성(%) 수익률 변동성(%) 17.96 16.38 16.31 20.04 17.33
FUND000044,KR5120450018,,,volatility,1Y,17.96,,6,[6],cell_grid,1.0,수익률 변동성(%) 수익률 변동성(%) 17.96 16.38 16.31 20.04 17.33
FUND000044,KR5120450018,CLASS000609,A1,class_return,SINCE_INCEPTION,6.97,2008-12-19,6,"[6,66]",cell_grid,1.0,ClassA1 ClassA1 -1.79 5.80 -4.08 4.64 6.97
FUND000044,KR5120450018,CLASS000609,A1,class_return,5Y,4.64,2008-12-19,6,"[6,66]",cell_grid,1.0,ClassA1 ClassA1 -1.79 5.80 -4.08 4.64 6.97
FUND000044,KR5120450018,CLASS000609,A1,class_return,3Y,-4.08,2008-12-19,6,"[6,66]",cell_grid,1.0,ClassA1 ClassA1 -1.79 5.80 -4.08 4.64 6.97
FUND000044,KR5120450018,CLASS000609,A1,class_return,2Y,5.80,2008-12-19,6,"[6,66]",cell_grid,1.0,ClassA1 ClassA1 -1.79 5.80 -4.08 4.64 6.97
FUND000044,KR5120450018,CLASS000609,A1,class_return,1Y,-1.79,2008-12-19,6,"[6,66]",cell_grid,1.0,ClassA1 ClassA1 -1.79 5.80 -4.08 4.64 6.97
FUND000044,KR5120450018,,,volatility,SINCE_INCEPTION,17.34,,6,[6],cell_grid,1.0,수익률 변동성(%) 수익률 변동성(%) 17.97 16.39 16.32 20.05 17.34
FUND000044,KR5120450018,,,volatility,5Y,20.05,,6,[6],cell_grid,1.0,수익률 변동성(%) 수익률 변동성(%) 17.97 16.39 16.32 20.05 17.34
FUND000044,KR5120450018,,,volatility,3Y,16.32,,6,[6],cell_grid,1.0,수익률 변동성(%) 수익률 변동성(%) 17.97 16.39 16.32 20.05 17.34
FUND000044,KR5120450018,,,volatility,2Y,16.39,,6,[6],cell_grid,1.0,수익률 변동성(%) 수익률 변동성(%) 17.97 16.39 16.32 20.05 17.34
FUND000044,KR5120450018,,,volatility,1Y,17.97,,6,[6],cell_grid,1.0,수익률 변동성(%) 수익률 변동성(%) 17.97 16.39 16.32 20.05 17.34
FUND000044,KR5120450018,CLASS000610,C1,class_return,SINCE_INCEPTION,6.33,2008-12-19,6,"[6,66]",cell_grid,1.0,ClassC1 ClassC1 -2.42 5.13 -4.69 3.98 6.33
FUND000044,KR5120450018,CLASS000610,C1,class_return,5Y,3.98,2008-12-19,6,"[6,66]",cell_grid,1.0,ClassC1 ClassC1 -2.42 5.13 -4.69 3.98 6.33
FUND000044,KR5120450018,CLASS000610,C1,class_return,3Y,-4.69,2008-12-19,6,"[6,66]",cell_grid,1.0,ClassC1 ClassC1 -2.42 5.13 -4.69 3.98 6.33
FUND000044,KR5120450018,CLASS000610,C1,class_return,2Y,5.13,2008-12-19,6,"[6,66]",cell_grid,1.0,ClassC1 ClassC1 -2.42 5.13 -4.69 3.98 6.33
FUND000044,KR5120450018,CLASS000610,C1,class_return,1Y,-2.42,2008-12-19,6,"[6,66]",cell_grid,1.0,ClassC1 ClassC1 -2.42 5.13 -4.69 3.98 6.33
FUND000044,KR5120450018,,,volatility,SINCE_INCEPTION,17.35,,6,[6],cell_grid,1.0,수익률 변동성(%) 수익률 변동성(%) 17.97 16.39 16.33 20.06 17.35
FUND000044,KR5120450018,,,volatility,5Y,20.06,,6,[6],cell_grid,1.0,수익률 변동성(%) 수익률 변동성(%) 17.97 16.39 16.33 20.06 17.35
FUND000044,KR5120450018,,,volatility,3Y,16.33,,6,[6],cell_grid,1.0,수익률 변동성(%) 수익률 변동성(%) 17.97 16.39 16.33 20.06 17.35
FUND000044,KR5120450018,,,volatility,2Y,16.39,,6,[6],cell_grid,1.0,수익률 변동성(%) 수익률 변동성(%) 17.97 16.39 16.33 20.06 17.35
FUND000044,KR5120450018,,,volatility,1Y,17.97,,6,[6],cell_grid,1.0,수익률 변동성(%) 수익률 변동성(%) 17.97 16.39 16.33 20.06 17.35
FUND000044,KR5120450018,CLASS000623,Ae,class_return,SINCE_INCEPTION,2.25,2017-11-21,6,"[6,67]",cell_grid,1.0,ClassAe ClassAe -1.55 6.06 -3.85 4.90 2.25
FUND000044,KR5120450018,CLASS000623,Ae,class_return,5Y,4.90,2017-11-21,6,"[6,67]",cell_grid,1.0,ClassAe ClassAe -1.55 6.06 -3.85 4.90 2.25
FUND000044,KR5120450018,CLASS000623,Ae,class_return,3Y,-3.85,2017-11-21,6,"[6,67]",cell_grid,1.0,ClassAe ClassAe -1.55 6.06 -3.85 4.90 2.25
FUND000044,KR5120450018,CLASS000623,Ae,class_return,2Y,6.06,2017-11-21,6,"[6,67]",cell_grid,1.0,ClassAe ClassAe -1.55 6.06 -3.85 4.90 2.25
FUND000044,KR5120450018,CLASS000623,Ae,class_return,1Y,-1.55,2017-11-21,6,"[6,67]",cell_grid,1.0,ClassAe ClassAe -1.55 6.06 -3.85 4.90 2.25
FUND000044,KR5120450018,,,benchmark,SINCE_INCEPTION,-0.14,,6,[6],cell_grid,1.0,비교지수 비교지수 -4.00 3.55 -6.15 2.30 -0.14
FUND000044,KR5120450018,,,benchmark,5Y,2.30,,6,[6],cell_grid,1.0,비교지수 비교지수 -4.00 3.55 -6.15 2.30 -0.14
FUND000044,KR5120450018,,,benchmark,3Y,-6.15,,6,[6],cell_grid,1.0,비교지수 비교지수 -4.00 3.55 -6.15 2.30 -0.14
FUND000044,KR5120450018,,,benchmark,2Y,3.55,,6,[6],cell_grid,1.0,비교지수 비교지수 -4.00 3.55 -6.15 2.30 -0.14
FUND000044,KR5120450018,,,benchmark,1Y,-4.00,,6,[6],cell_grid,1.0,비교지수 비교지수 -4.00 3.55 -6.15 2.30 -0.14
FUND000044,KR5120450018,,,volatility,SINCE_INCEPTION,18.61,,6,[6],cell_grid,1.0,수익률 변동성(%) 수익률 변동성(%) 17.96 16.38 16.32 20.05 18.61
FUND000044,KR5120450018,,,volatility,5Y,20.05,,6,[6],cell_grid,1.0,수익률 변동성(%) 수익률 변동성(%) 17.96 16.38 16.32 20.05 18.61
FUND000044,KR5120450018,,,volatility,3Y,16.32,,6,[6],cell_grid,1.0,수익률 변동성(%) 수익률 변동성(%) 17.96 16.38 16.32 20.05 18.61
FUND000044,KR5120450018,,,volatility,2Y,16.38,,6,[6],cell_grid,1.0,수익률 변동성(%) 수익률 변동성(%) 17.96 16.38 16.32 20.05 18.61
FUND000044,KR5120450018,,,volatility,1Y,17.96,,6,[6],cell_grid,1.0,수익률 변동성(%) 수익률 변동성(%) 17.96 16.38 16.32 20.05 18.61
FUND000044,KR5120450018,CLASS000615,Ce,class_return,SINCE_INCEPTION,7.27,2008-12-19,6,"[6,66]",cell_grid,1.0,ClassCe ClassCe -1.51 6.10 -3.81 4.94 7.27
FUND000044,KR5120450018,CLASS000615,Ce,class_return,5Y,4.94,2008-12-19,6,"[6,66]",cell_grid,1.0,ClassCe ClassCe -1.51 6.10 -3.81 4.94 7.27
FUND000044,KR5120450018,CLASS000615,Ce,class_return,3Y,-3.81,2008-12-19,6,"[6,66]",cell_grid,1.0,ClassCe ClassCe -1.51 6.10 -3.81 4.94 7.27
FUND000044,KR5120450018,CLASS000615,Ce,class_return,2Y,6.10,2008-12-19,6,"[6,66]",cell_grid,1.0,ClassCe ClassCe -1.51 6.10 -3.81 4.94 7.27
FUND000044,KR5120450018,CLASS000615,Ce,class_return,1Y,-1.51,2008-12-19,6,"[6,66]",cell_grid,1.0,ClassCe ClassCe -1.51 6.10 -3.81 4.94 7.27
FUND000044,KR5120450018,,,volatility,SINCE_INCEPTION,17.34,,6,[6],cell_grid,1.0,수익률 변동성(%) 수익률 변동성(%) 17.96 16.38 16.32 20.05 17.34
FUND000044,KR5120450018,,,volatility,5Y,20.05,,6,[6],cell_grid,1.0,수익률 변동성(%) 수익률 변동성(%) 17.96 16.38 16.32 20.05 17.34
FUND000044,KR5120450018,,,volatility,3Y,16.32,,6,[6],cell_grid,1.0,수익률 변동성(%) 수익률 변동성(%) 17.96 16.38 16.32 20.05 17.34
FUND000044,KR5120450018,,,volatility,2Y,16.38,,6,[6],cell_grid,1.0,수익률 변동성(%) 수익률 변동성(%) 17.96 16.38 16.32 20.05 17.34
FUND000044,KR5120450018,,,volatility,1Y,17.96,,6,[6],cell_grid,1.0,수익률 변동성(%) 수익률 변동성(%) 17.96 16.38 16.32 20.05 17.34
FUND000044,KR5120450018,CLASS000611,C2,class_return,1Y,-2.31,2009-12-29,66,[66],detail_return_table_cross_validated,1.0,ClassC2 ClassC2 -2.31 5.25 -4.59 4.09 3.79
FUND000044,KR5120450018,CLASS000611,C2,class_return,2Y,5.25,2009-12-29,66,[66],detail_return_table_cross_validated,1.0,ClassC2 ClassC2 -2.31 5.25 -4.59 4.09 3.79
FUND000044,KR5120450018,CLASS000611,C2,class_return,3Y,-4.59,2009-12-29,66,[66],detail_return_table_cross_validated,1.0,ClassC2 ClassC2 -2.31 5.25 -4.59 4.09 3.79
FUND000044,KR5120450018,CLASS000611,C2,class_return,5Y,4.09,2009-12-29,66,[66],detail_return_table_cross_validated,1.0,ClassC2 ClassC2 -2.31 5.25 -4.59 4.09 3.79
FUND000044,KR5120450018,CLASS000611,C2,class_return,SINCE_INCEPTION,3.79,2009-12-29,66,[66],detail_return_table_cross_validated,1.0,ClassC2 ClassC2 -2.31 5.25 -4.59 4.09 3.79
FUND000044,KR5120450018,CLASS000612,C3,class_return,1Y,-2.21,2011-01-17,66,[66],detail_return_table_cross_validated,1.0,ClassC3 ClassC3 -2.21 5.36 -4.49 4.19 2.37
FUND000044,KR5120450018,CLASS000612,C3,class_return,2Y,5.36,2011-01-17,66,[66],detail_return_table_cross_validated,1.0,ClassC3 ClassC3 -2.21 5.36 -4.49 4.19 2.37
FUND000044,KR5120450018,CLASS000612,C3,class_return,3Y,-4.49,2011-01-17,66,[66],detail_return_table_cross_validated,1.0,ClassC3 ClassC3 -2.21 5.36 -4.49 4.19 2.37
FUND000044,KR5120450018,CLASS000612,C3,class_return,5Y,4.19,2011-01-17,66,[66],detail_return_table_cross_validated,1.0,ClassC3 ClassC3 -2.21 5.36 -4.49 4.19 2.37
FUND000044,KR5120450018,CLASS000612,C3,class_return,SINCE_INCEPTION,2.37,2011-01-17,66,[66],detail_return_table_cross_validated,1.0,ClassC3 ClassC3 -2.21 5.36 -4.49 4.19 2.37
FUND000044,KR5120450018,CLASS000613,C4,class_return,1Y,-2.12,2011-12-29,66,[66],detail_return_table_cross_validated,1.0,ClassC4 ClassC4 -2.12 5.45 -4.40 4.29 3.79
FUND000044,KR5120450018,CLASS000613,C4,class_return,2Y,5.45,2011-12-29,66,[66],detail_return_table_cross_validated,1.0,ClassC4 ClassC4 -2.12 5.45 -4.40 4.29 3.79
FUND000044,KR5120450018,CLASS000613,C4,class_return,3Y,-4.40,2011-12-29,66,[66],detail_return_table_cross_validated,1.0,ClassC4 ClassC4 -2.12 5.45 -4.40 4.29 3.79
FUND000044,KR5120450018,CLASS000613,C4,class_return,5Y,4.29,2011-12-29,66,[66],detail_return_table_cross_validated,1.0,ClassC4 ClassC4 -2.12 5.45 -4.40 4.29 3.79
FUND000044,KR5120450018,CLASS000613,C4,class_return,SINCE_INCEPTION,3.79,2011-12-29,66,[66],detail_return_table_cross_validated,1.0,ClassC4 ClassC4 -2.12 5.45 -4.40 4.29 3.79
FUND000044,KR5120450018,CLASS000616,C(장마),class_return,1Y,-2.29,2009-06-17,66,[66],detail_return_table_cross_validated,1.0,ClassC(장마) ClassC(장마) -2.29 5.27 -4.57 4.10 5.10
FUND000044,KR5120450018,CLASS000616,C(장마),class_return,2Y,5.27,2009-06-17,66,[66],detail_return_table_cross_validated,1.0,ClassC(장마) ClassC(장마) -2.29 5.27 -4.57 4.10 5.10
FUND000044,KR5120450018,CLASS000616,C(장마),class_return,3Y,-4.57,2009-06-17,66,[66],detail_return_table_cross_validated,1.0,ClassC(장마) ClassC(장마) -2.29 5.27 -4.57 4.10 5.10
FUND000044,KR5120450018,CLASS000616,C(장마),class_return,5Y,4.10,2009-06-17,66,[66],detail_return_table_cross_validated,1.0,ClassC(장마) ClassC(장마) -2.29 5.27 -4.57 4.10 5.10
FUND000044,KR5120450018,CLASS000616,C(장마),class_return,SINCE_INCEPTION,5.10,2009-06-17,66,[66],detail_return_table_cross_validated,1.0,ClassC(장마) ClassC(장마) -2.29 5.27 -4.57 4.10 5.10
FUND000044,KR5120450018,CLASS000618,CP,class_return,1Y,-1.91,2015-06-29,66,[66],detail_return_table_cross_validated,1.0,ClassCP ClassCP -1.91 5.68 -4.19 4.52 4.54
FUND000044,KR5120450018,CLASS000618,CP,class_return,2Y,5.68,2015-06-29,66,[66],detail_return_table_cross_validated,1.0,ClassCP ClassCP -1.91 5.68 -4.19 4.52 4.54
FUND000044,KR5120450018,CLASS000618,CP,class_return,3Y,-4.19,2015-06-29,66,[66],detail_return_table_cross_validated,1.0,ClassCP ClassCP -1.91 5.68 -4.19 4.52 4.54
FUND000044,KR5120450018,CLASS000618,CP,class_return,5Y,4.52,2015-06-29,66,[66],detail_return_table_cross_validated,1.0,ClassCP ClassCP -1.91 5.68 -4.19 4.52 4.54
FUND000044,KR5120450018,CLASS000618,CP,class_return,SINCE_INCEPTION,4.54,2015-06-29,66,[66],detail_return_table_cross_validated,1.0,ClassCP ClassCP -1.91 5.68 -4.19 4.52 4.54
FUND000044,KR5120450018,CLASS000619,S,class_return,1Y,-1.46,2014-09-02,66,[66],detail_return_table_cross_validated,1.0,ClassS ClassS -1.46 6.15 -3.76 4.99 4.36
FUND000044,KR5120450018,CLASS000619,S,class_return,2Y,6.15,2014-09-02,66,[66],detail_return_table_cross_validated,1.0,ClassS ClassS -1.46 6.15 -3.76 4.99 4.36
FUND000044,KR5120450018,CLASS000619,S,class_return,3Y,-3.76,2014-09-02,66,[66],detail_return_table_cross_validated,1.0,ClassS ClassS -1.46 6.15 -3.76 4.99 4.36
FUND000044,KR5120450018,CLASS000619,S,class_return,5Y,4.99,2014-09-02,66,[66],detail_return_table_cross_validated,1.0,ClassS ClassS -1.46 6.15 -3.76 4.99 4.36
FUND000044,KR5120450018,CLASS000619,S,class_return,SINCE_INCEPTION,4.36,2014-09-02,66,[66],detail_return_table_cross_validated,1.0,ClassS ClassS -1.46 6.15 -3.76 4.99 4.36
FUND000044,KR5120450018,CLASS000620,CW,class_return,1Y,-1.31,2017-02-15,66,[66],detail_return_table_cross_validated,1.0,ClassCW ClassCW -1.31 6.31 -3.61 5.15 5.22
FUND000044,KR5120450018,CLASS000620,CW,class_return,2Y,6.31,2017-02-15,66,[66],detail_return_table_cross_validated,1.0,ClassCW ClassCW -1.31 6.31 -3.61 5.15 5.22
FUND000044,KR5120450018,CLASS000620,CW,class_return,3Y,-3.61,2017-02-15,66,[66],detail_return_table_cross_validated,1.0,ClassCW ClassCW -1.31 6.31 -3.61 5.15 5.22
FUND000044,KR5120450018,CLASS000620,CW,class_return,5Y,5.15,2017-02-15,66,[66],detail_return_table_cross_validated,1.0,ClassCW ClassCW -1.31 6.31 -3.61 5.15 5.22
FUND000044,KR5120450018,CLASS000620,CW,class_return,SINCE_INCEPTION,5.22,2017-02-15,66,[66],detail_return_table_cross_validated,1.0,ClassCW ClassCW -1.31 6.31 -3.61 5.15 5.22
FUND000044,KR5120450018,CLASS000624,C-Pe,class_return,1Y,-1.61,2017-08-14,67,[67],detail_return_table_cross_validated,1.0,ClassC-Pe ClassC-Pe -1.61 5.99 -3.90 4.83 3.50
FUND000044,KR5120450018,CLASS000624,C-Pe,class_return,2Y,5.99,2017-08-14,67,[67],detail_return_table_cross_validated,1.0,ClassC-Pe ClassC-Pe -1.61 5.99 -3.90 4.83 3.50
FUND000044,KR5120450018,CLASS000624,C-Pe,class_return,3Y,-3.90,2017-08-14,67,[67],detail_return_table_cross_validated,1.0,ClassC-Pe ClassC-Pe -1.61 5.99 -3.90 4.83 3.50
FUND000044,KR5120450018,CLASS000624,C-Pe,class_return,5Y,4.83,2017-08-14,67,[67],detail_return_table_cross_validated,1.0,ClassC-Pe ClassC-Pe -1.61 5.99 -3.90 4.83 3.50
FUND000044,KR5120450018,CLASS000624,C-Pe,class_return,SINCE_INCEPTION,3.50,2017-08-14,67,[67],detail_return_table_cross_validated,1.0,ClassC-Pe ClassC-Pe -1.61 5.99 -3.90 4.83 3.50
FUND000044,KR5120450018,CLASS000625,C-P2,class_return,1Y,-1.93,2018-07-09,67,[67],detail_return_table_cross_validated,1.0,ClassC-P2 ClassC-P2 -1.93 5.66 -4.21 4.50 3.82
FUND000044,KR5120450018,CLASS000625,C-P2,class_return,2Y,5.66,2018-07-09,67,[67],detail_return_table_cross_validated,1.0,ClassC-P2 ClassC-P2 -1.93 5.66 -4.21 4.50 3.82
FUND000044,KR5120450018,CLASS000625,C-P2,class_return,3Y,-4.21,2018-07-09,67,[67],detail_return_table_cross_validated,1.0,ClassC-P2 ClassC-P2 -1.93 5.66 -4.21 4.50 3.82
FUND000044,KR5120450018,CLASS000625,C-P2,class_return,5Y,4.50,2018-07-09,67,[67],detail_return_table_cross_validated,1.0,ClassC-P2 ClassC-P2 -1.93 5.66 -4.21 4.50 3.82
FUND000044,KR5120450018,CLASS000625,C-P2,class_return,SINCE_INCEPTION,3.82,2018-07-09,67,[67],detail_return_table_cross_validated,1.0,ClassC-P2 ClassC-P2 -1.93 5.66 -4.21 4.50 3.82
FUND000044,KR5120450018,CLASS000626,C-P2e,class_return,1Y,-1.62,2018-02-19,67,[67],detail_return_table_cross_validated,1.0,ClassC-P2e ClassC-P2e -1.62 5.98 -3.91 4.82 3.01
FUND000044,KR5120450018,CLASS000626,C-P2e,class_return,2Y,5.98,2018-02-19,67,[67],detail_return_table_cross_validated,1.0,ClassC-P2e ClassC-P2e -1.62 5.98 -3.91 4.82 3.01
FUND000044,KR5120450018,CLASS000626,C-P2e,class_return,3Y,-3.91,2018-02-19,67,[67],detail_return_table_cross_validated,1.0,ClassC-P2e ClassC-P2e -1.62 5.98 -3.91 4.82 3.01
FUND000044,KR5120450018,CLASS000626,C-P2e,class_return,5Y,4.82,2018-02-19,67,[67],detail_return_table_cross_validated,1.0,ClassC-P2e ClassC-P2e -1.62 5.98 -3.91 4.82 3.01
FUND000044,KR5120450018,CLASS000626,C-P2e,class_return,SINCE_INCEPTION,3.01,2018-02-19,67,[67],detail_return_table_cross_validated,1.0,ClassC-P2e ClassC-P2e -1.62 5.98 -3.91 4.82 3.01
FUND000044,KR5120450018,CLASS000628,S-P,class_return,1Y,-1.44,2020-06-30,67,[67],detail_return_table_cross_validated,1.0,ClassS-P ClassS-P -1.44 6.17 -3.74 6.53
FUND000044,KR5120450018,CLASS000628,S-P,class_return,2Y,6.17,2020-06-30,67,[67],detail_return_table_cross_validated,1.0,ClassS-P ClassS-P -1.44 6.17 -3.74 6.53
FUND000044,KR5120450018,CLASS000628,S-P,class_return,3Y,-3.74,2020-06-30,67,[67],detail_return_table_cross_validated,1.0,ClassS-P ClassS-P -1.44 6.17 -3.74 6.53
FUND000044,KR5120450018,CLASS000628,S-P,class_return,SINCE_INCEPTION,6.53,2020-06-30,67,[67],detail_return_table_cross_validated,1.0,ClassS-P ClassS-P -1.44 6.17 -3.74 6.53
FUND000044,KR5120450018,CLASS000617,Af,class_return,1Y,-1.31,2012-05-14,67,[67],detail_return_table_cross_validated,1.0,ClassAf ClassAf -1.31 6.31 -3.61 5.15 4.27
FUND000044,KR5120450018,CLASS000617,Af,class_return,2Y,6.31,2012-05-14,67,[67],detail_return_table_cross_validated,1.0,ClassAf ClassAf -1.31 6.31 -3.61 5.15 4.27
FUND000044,KR5120450018,CLASS000617,Af,class_return,3Y,-3.61,2012-05-14,67,[67],detail_return_table_cross_validated,1.0,ClassAf ClassAf -1.31 6.31 -3.61 5.15 4.27
FUND000044,KR5120450018,CLASS000617,Af,class_return,5Y,5.15,2012-05-14,67,[67],detail_return_table_cross_validated,1.0,ClassAf ClassAf -1.31 6.31 -3.61 5.15 4.27
FUND000044,KR5120450018,CLASS000617,Af,class_return,SINCE_INCEPTION,4.27,2012-05-14,67,[67],detail_return_table_cross_validated,1.0,ClassAf ClassAf -1.31 6.31 -3.61 5.15 4.27
FUND000044,KR5120450018,CLASS000621,AG,class_return,1Y,-1.66,,67,[67],detail_return_table_cross_validated,1.0,ClassAG -1.66 5.94 -3.95 4.78 6.09
FUND000044,KR5120450018,CLASS000621,AG,class_return,2Y,5.94,,67,[67],detail_return_table_cross_validated,1.0,ClassAG -1.66 5.94 -3.95 4.78 6.09
FUND000044,KR5120450018,CLASS000621,AG,class_return,3Y,-3.95,,67,[67],detail_return_table_cross_validated,1.0,ClassAG -1.66 5.94 -3.95 4.78 6.09
FUND000044,KR5120450018,CLASS000621,AG,class_return,5Y,4.78,,67,[67],detail_return_table_cross_validated,1.0,ClassAG -1.66 5.94 -3.95 4.78 6.09
FUND000044,KR5120450018,CLASS000621,AG,class_return,SINCE_INCEPTION,6.09,,67,[67],detail_return_table_cross_validated,1.0,ClassAG -1.66 5.94 -3.95 4.78 6.09
FUND000045,KR5120451001,,,fund,1Y,1.81,2007-06-04,6,[6],coordinate_reconstruction,1.0,파워인덱스증권자투자신탁2호(주식)(운용) 2007-06-04 1.81 5.49 3.59 7.88 4.99
FUND000045,KR5120451001,,,fund,2Y,5.49,2007-06-04,6,[6],coordinate_reconstruction,1.0,파워인덱스증권자투자신탁2호(주식)(운용) 2007-06-04 1.81 5.49 3.59 7.88 4.99
FUND000045,KR5120451001,,,fund,3Y,3.59,2007-06-04,6,[6],coordinate_reconstruction,1.0,파워인덱스증권자투자신탁2호(주식)(운용) 2007-06-04 1.81 5.49 3.59 7.88 4.99
FUND000045,KR5120451001,,,fund,5Y,7.88,2007-06-04,6,[6],coordinate_reconstruction,1.0,파워인덱스증권자투자신탁2호(주식)(운용) 2007-06-04 1.81 5.49 3.59 7.88 4.99
FUND000045,KR5120451001,,,fund,SINCE_INCEPTION,4.99,2007-06-04,6,[6],coordinate_reconstruction,1.0,파워인덱스증권자투자신탁2호(주식)(운용) 2007-06-04 1.81 5.49 3.59 7.88 4.99
FUND000045,KR5120451001,,,benchmark,1Y,-1.58,2007-06-04,6,[6],coordinate_reconstruction,1.0,비교지수 2007-06-04 -1.58 2.45 0.72 4.70 2.72
FUND000045,KR5120451001,,,benchmark,2Y,2.45,2007-06-04,6,[6],coordinate_reconstruction,1.0,비교지수 2007-06-04 -1.58 2.45 0.72 4.70 2.72
FUND000045,KR5120451001,,,benchmark,3Y,0.72,2007-06-04,6,[6],coordinate_reconstruction,1.0,비교지수 2007-06-04 -1.58 2.45 0.72 4.70 2.72
FUND000045,KR5120451001,,,benchmark,5Y,4.70,2007-06-04,6,[6],coordinate_reconstruction,1.0,비교지수 2007-06-04 -1.58 2.45 0.72 4.70 2.72
FUND000045,KR5120451001,,,benchmark,SINCE_INCEPTION,2.72,2007-06-04,6,[6],coordinate_reconstruction,1.0,비교지수 2007-06-04 -1.58 2.45 0.72 4.70 2.72
FUND000045,KR5120451001,,,volatility,1Y,18.76,2007-06-04,6,[6],coordinate_reconstruction,1.0,수익률 변동성(%) 2007-06-04 18.76 17.23 17.19 17.17 21.31
FUND000045,KR5120451001,,,volatility,2Y,17.23,2007-06-04,6,[6],coordinate_reconstruction,1.0,수익률 변동성(%) 2007-06-04 18.76 17.23 17.19 17.17 21.31
FUND000045,KR5120451001,,,volatility,3Y,17.19,2007-06-04,6,[6],coordinate_reconstruction,1.0,수익률 변동성(%) 2007-06-04 18.76 17.23 17.19 17.17 21.31
FUND000045,KR5120451001,,,volatility,5Y,17.17,2007-06-04,6,[6],coordinate_reconstruction,1.0,수익률 변동성(%) 2007-06-04 18.76 17.23 17.19 17.17 21.31
FUND000045,KR5120451001,,,volatility,SINCE_INCEPTION,21.31,2007-06-04,6,[6],coordinate_reconstruction,1.0,수익률 변동성(%) 2007-06-04 18.76 17.23 17.19 17.17 21.31
FUND000045,KR5120451001,CLASS000629,A1,class_return,1Y,1.42,2007-06-04,6,"[6,54]",coordinate_reconstruction,1.0,파워인덱스증권자투자신탁2호(주식)ClassA1 2007-06-04 1.42 5.08 3.20 7.47 4.40
FUND000045,KR5120451001,CLASS000629,A1,class_return,2Y,5.08,2007-06-04,6,"[6,54]",coordinate_reconstruction,1.0,파워인덱스증권자투자신탁2호(주식)ClassA1 2007-06-04 1.42 5.08 3.20 7.47 4.40
FUND000045,KR5120451001,CLASS000629,A1,class_return,3Y,3.20,2007-06-04,6,"[6,54]",coordinate_reconstruction,1.0,파워인덱스증권자투자신탁2호(주식)ClassA1 2007-06-04 1.42 5.08 3.20 7.47 4.40
FUND000045,KR5120451001,CLASS000629,A1,class_return,5Y,7.47,2007-06-04,6,"[6,54]",coordinate_reconstruction,1.0,파워인덱스증권자투자신탁2호(주식)ClassA1 2007-06-04 1.42 5.08 3.20 7.47 4.40
FUND000045,KR5120451001,CLASS000629,A1,class_return,SINCE_INCEPTION,4.40,2007-06-04,6,"[6,54]",coordinate_reconstruction,1.0,파워인덱스증권자투자신탁2호(주식)ClassA1 2007-06-04 1.42 5.08 3.20 7.47 4.40
FUND000045,KR5120451001,,,benchmark,1Y,-1.58,2007-06-04,6,[6],coordinate_reconstruction,1.0,비교지수 2007-06-04 -1.58 2.45 0.72 4.70 2.80
FUND000045,KR5120451001,,,benchmark,2Y,2.45,2007-06-04,6,[6],coordinate_reconstruction,1.0,비교지수 2007-06-04 -1.58 2.45 0.72 4.70 2.80
FUND000045,KR5120451001,,,benchmark,3Y,0.72,2007-06-04,6,[6],coordinate_reconstruction,1.0,비교지수 2007-06-04 -1.58 2.45 0.72 4.70 2.80
FUND000045,KR5120451001,,,benchmark,5Y,4.70,2007-06-04,6,[6],coordinate_reconstruction,1.0,비교지수 2007-06-04 -1.58 2.45 0.72 4.70 2.80
FUND000045,KR5120451001,,,benchmark,SINCE_INCEPTION,2.80,2007-06-04,6,[6],coordinate_reconstruction,1.0,비교지수 2007-06-04 -1.58 2.45 0.72 4.70 2.80
FUND000045,KR5120451001,,,volatility,1Y,18.77,2007-06-04,6,[6],coordinate_reconstruction,1.0,수익률 변동성(%) 2007-06-04 18.77 17.23 17.19 17.17 21.32
FUND000045,KR5120451001,,,volatility,2Y,17.23,2007-06-04,6,[6],coordinate_reconstruction,1.0,수익률 변동성(%) 2007-06-04 18.77 17.23 17.19 17.17 21.32
FUND000045,KR5120451001,,,volatility,3Y,17.19,2007-06-04,6,[6],coordinate_reconstruction,1.0,수익률 변동성(%) 2007-06-04 18.77 17.23 17.19 17.17 21.32
FUND000045,KR5120451001,,,volatility,5Y,17.17,2007-06-04,6,[6],coordinate_reconstruction,1.0,수익률 변동성(%) 2007-06-04 18.77 17.23 17.19 17.17 21.32
FUND000045,KR5120451001,,,volatility,SINCE_INCEPTION,21.32,2007-06-04,6,[6],coordinate_reconstruction,1.0,수익률 변동성(%) 2007-06-04 18.77 17.23 17.19 17.17 21.32
FUND000045,KR5120451001,CLASS000630,C1,class_return,1Y,0.63,2007-06-04,6,"[6,54]",coordinate_reconstruction,1.0,파워인덱스증권자투자신탁2호(주식)ClassC1 2007-06-04 0.63 4.27 2.41 6.65 3.71
FUND000045,KR5120451001,CLASS000630,C1,class_return,2Y,4.27,2007-06-04,6,"[6,54]",coordinate_reconstruction,1.0,파워인덱스증권자투자신탁2호(주식)ClassC1 2007-06-04 0.63 4.27 2.41 6.65 3.71
FUND000045,KR5120451001,CLASS000630,C1,class_return,3Y,2.41,2007-06-04,6,"[6,54]",coordinate_reconstruction,1.0,파워인덱스증권자투자신탁2호(주식)ClassC1 2007-06-04 0.63 4.27 2.41 6.65 3.71
FUND000045,KR5120451001,CLASS000630,C1,class_return,5Y,6.65,2007-06-04,6,"[6,54]",coordinate_reconstruction,1.0,파워인덱스증권자투자신탁2호(주식)ClassC1 2007-06-04 0.63 4.27 2.41 6.65 3.71
FUND000045,KR5120451001,CLASS000630,C1,class_return,SINCE_INCEPTION,3.71,2007-06-04,6,"[6,54]",coordinate_reconstruction,1.0,파워인덱스증권자투자신탁2호(주식)ClassC1 2007-06-04 0.63 4.27 2.41 6.65 3.71
FUND000045,KR5120451001,,,volatility,1Y,18.78,2007-06-04,6,[6],coordinate_reconstruction,1.0,수익률 변동성(%) 2007-06-04 18.78 17.25 17.21 17.19 21.33
FUND000045,KR5120451001,,,volatility,2Y,17.25,2007-06-04,6,[6],coordinate_reconstruction,1.0,수익률 변동성(%) 2007-06-04 18.78 17.25 17.21 17.19 21.33
FUND000045,KR5120451001,,,volatility,3Y,17.21,2007-06-04,6,[6],coordinate_reconstruction,1.0,수익률 변동성(%) 2007-06-04 18.78 17.25 17.21 17.19 21.33
FUND000045,KR5120451001,,,volatility,5Y,17.19,2007-06-04,6,[6],coordinate_reconstruction,1.0,수익률 변동성(%) 2007-06-04 18.78 17.25 17.21 17.19 21.33
FUND000045,KR5120451001,,,volatility,SINCE_INCEPTION,21.33,2007-06-04,6,[6],coordinate_reconstruction,1.0,수익률 변동성(%) 2007-06-04 18.78 17.25 17.21 17.19 21.33
FUND000045,KR5120451001,CLASS000633,Ae,class_return,1Y,1.53,2017-06-28,6,"[6,54]",coordinate_reconstruction,1.0,파워인덱스증권자투자신탁2호[주식]ClassAe 2017-06-28 1.53 5.20 3.31 7.59 4.43
FUND000045,KR5120451001,CLASS000633,Ae,class_return,2Y,5.20,2017-06-28,6,"[6,54]",coordinate_reconstruction,1.0,파워인덱스증권자투자신탁2호[주식]ClassAe 2017-06-28 1.53 5.20 3.31 7.59 4.43
FUND000045,KR5120451001,CLASS000633,Ae,class_return,3Y,3.31,2017-06-28,6,"[6,54]",coordinate_reconstruction,1.0,파워인덱스증권자투자신탁2호[주식]ClassAe 2017-06-28 1.53 5.20 3.31 7.59 4.43
FUND000045,KR5120451001,CLASS000633,Ae,class_return,5Y,7.59,2017-06-28,6,"[6,54]",coordinate_reconstruction,1.0,파워인덱스증권자투자신탁2호[주식]ClassAe 2017-06-28 1.53 5.20 3.31 7.59 4.43
FUND000045,KR5120451001,CLASS000633,Ae,class_return,SINCE_INCEPTION,4.43,2017-06-28,6,"[6,54]",coordinate_reconstruction,1.0,파워인덱스증권자투자신탁2호[주식]ClassAe 2017-06-28 1.53 5.20 3.31 7.59 4.43
FUND000045,KR5120451001,,,benchmark,1Y,-1.58,2017-06-28,6,[6],coordinate_reconstruction,1.0,이(연평균 비교지수 2017-06-28 -1.58 2.45 0.72 4.70 1.80
FUND000045,KR5120451001,,,benchmark,2Y,2.45,2017-06-28,6,[6],coordinate_reconstruction,1.0,이(연평균 비교지수 2017-06-28 -1.58 2.45 0.72 4.70 1.80
FUND000045,KR5120451001,,,benchmark,3Y,0.72,2017-06-28,6,[6],coordinate_reconstruction,1.0,이(연평균 비교지수 2017-06-28 -1.58 2.45 0.72 4.70 1.80
FUND000045,KR5120451001,,,benchmark,5Y,4.70,2017-06-28,6,[6],coordinate_reconstruction,1.0,이(연평균 비교지수 2017-06-28 -1.58 2.45 0.72 4.70 1.80
FUND000045,KR5120451001,,,benchmark,SINCE_INCEPTION,1.80,2017-06-28,6,[6],coordinate_reconstruction,1.0,이(연평균 비교지수 2017-06-28 -1.58 2.45 0.72 4.70 1.80
FUND000045,KR5120451001,,,volatility,1Y,18.77,2017-06-28,6,[6],coordinate_reconstruction,1.0,수익률 변동성(%) 2017-06-28 18.77 17.23 17.19 17.17 18.27
FUND000045,KR5120451001,,,volatility,2Y,17.23,2017-06-28,6,[6],coordinate_reconstruction,1.0,수익률 변동성(%) 2017-06-28 18.77 17.23 17.19 17.17 18.27
FUND000045,KR5120451001,,,volatility,3Y,17.19,2017-06-28,6,[6],coordinate_reconstruction,1.0,수익률 변동성(%) 2017-06-28 18.77 17.23 17.19 17.17 18.27
FUND000045,KR5120451001,,,volatility,5Y,17.17,2017-06-28,6,[6],coordinate_reconstruction,1.0,수익률 변동성(%) 2017-06-28 18.77 17.23 17.19 17.17 18.27
FUND000045,KR5120451001,,,volatility,SINCE_INCEPTION,18.27,2017-06-28,6,[6],coordinate_reconstruction,1.0,수익률 변동성(%) 2017-06-28 18.77 17.23 17.19 17.17 18.27
FUND000045,KR5120451001,CLASS000634,Ce,class_return,1Y,1.14,2017-06-30,6,"[6,54]",coordinate_reconstruction,1.0,파워인덱스증권자투자신탁2호[주식]ClassCe 2017-06-30 1.14 4.79 2.92 7.17 3.99
FUND000045,KR5120451001,CLASS000634,Ce,class_return,2Y,4.79,2017-06-30,6,"[6,54]",coordinate_reconstruction,1.0,파워인덱스증권자투자신탁2호[주식]ClassCe 2017-06-30 1.14 4.79 2.92 7.17 3.99
FUND000045,KR5120451001,CLASS000634,Ce,class_return,3Y,2.92,2017-06-30,6,"[6,54]",coordinate_reconstruction,1.0,파워인덱스증권자투자신탁2호[주식]ClassCe 2017-06-30 1.14 4.79 2.92 7.17 3.99
FUND000045,KR5120451001,CLASS000634,Ce,class_return,5Y,7.17,2017-06-30,6,"[6,54]",coordinate_reconstruction,1.0,파워인덱스증권자투자신탁2호[주식]ClassCe 2017-06-30 1.14 4.79 2.92 7.17 3.99
FUND000045,KR5120451001,CLASS000634,Ce,class_return,SINCE_INCEPTION,3.99,2017-06-30,6,"[6,54]",coordinate_reconstruction,1.0,파워인덱스증권자투자신탁2호[주식]ClassCe 2017-06-30 1.14 4.79 2.92 7.17 3.99
FUND000045,KR5120451001,,,benchmark,1Y,-1.58,2017-06-30,6,[6],coordinate_reconstruction,1.0,비교지수 2017-06-30 -1.58 2.45 0.72 4.70 1.79
FUND000045,KR5120451001,,,benchmark,2Y,2.45,2017-06-30,6,[6],coordinate_reconstruction,1.0,비교지수 2017-06-30 -1.58 2.45 0.72 4.70 1.79
FUND000045,KR5120451001,,,benchmark,3Y,0.72,2017-06-30,6,[6],coordinate_reconstruction,1.0,비교지수 2017-06-30 -1.58 2.45 0.72 4.70 1.79
FUND000045,KR5120451001,,,benchmark,5Y,4.70,2017-06-30,6,[6],coordinate_reconstruction,1.0,비교지수 2017-06-30 -1.58 2.45 0.72 4.70 1.79
FUND000045,KR5120451001,,,benchmark,SINCE_INCEPTION,1.79,2017-06-30,6,[6],coordinate_reconstruction,1.0,비교지수 2017-06-30 -1.58 2.45 0.72 4.70 1.79
FUND000045,KR5120451001,,,volatility,1Y,18.77,2017-06-30,6,[6],coordinate_reconstruction,1.0,수익률 변동성(%) 2017-06-30 18.77 17.24 17.20 17.18 18.28
FUND000045,KR5120451001,,,volatility,2Y,17.24,2017-06-30,6,[6],coordinate_reconstruction,1.0,수익률 변동성(%) 2017-06-30 18.77 17.24 17.20 17.18 18.28
FUND000045,KR5120451001,,,volatility,3Y,17.20,2017-06-30,6,[6],coordinate_reconstruction,1.0,수익률 변동성(%) 2017-06-30 18.77 17.24 17.20 17.18 18.28
FUND000045,KR5120451001,,,volatility,5Y,17.18,2017-06-30,6,[6],coordinate_reconstruction,1.0,수익률 변동성(%) 2017-06-30 18.77 17.24 17.20 17.18 18.28
FUND000045,KR5120451001,,,volatility,SINCE_INCEPTION,18.28,2017-06-30,6,[6],coordinate_reconstruction,1.0,수익률 변동성(%) 2017-06-30 18.77 17.24 17.20 17.18 18.28
FUND000045,KR5120451001,CLASS000635,C-R,class_return,1Y,0.93,2017-07-28,54,[54],detail_return_table_cross_validated,1.0,파워인덱스증권자투자신탁2호[주식]ClassC-R 2017-07-28 0.93 4.58 2.71 6.96 3.51
FUND000045,KR5120451001,CLASS000635,C-R,class_return,2Y,4.58,2017-07-28,54,[54],detail_return_table_cross_validated,1.0,파워인덱스증권자투자신탁2호[주식]ClassC-R 2017-07-28 0.93 4.58 2.71 6.96 3.51
FUND000045,KR5120451001,CLASS000635,C-R,class_return,3Y,2.71,2017-07-28,54,[54],detail_return_table_cross_validated,1.0,파워인덱스증권자투자신탁2호[주식]ClassC-R 2017-07-28 0.93 4.58 2.71 6.96 3.51
FUND000045,KR5120451001,CLASS000635,C-R,class_return,5Y,6.96,2017-07-28,54,[54],detail_return_table_cross_validated,1.0,파워인덱스증권자투자신탁2호[주식]ClassC-R 2017-07-28 0.93 4.58 2.71 6.96 3.51
FUND000045,KR5120451001,CLASS000635,C-R,class_return,SINCE_INCEPTION,3.51,2017-07-28,54,[54],detail_return_table_cross_validated,1.0,파워인덱스증권자투자신탁2호[주식]ClassC-R 2017-07-28 0.93 4.58 2.71 6.96 3.51
FUND000045,KR5120451001,CLASS000636,C-Re,class_return,1Y,1.28,2017-12-21,54,[54],detail_return_table_cross_validated,1.0,파워인덱스증권자투자신탁2호[주식]ClassC-Re 2017-12-21 1.28 4.95 3.07 7.33 3.84
FUND000045,KR5120451001,CLASS000636,C-Re,class_return,2Y,4.95,2017-12-21,54,[54],detail_return_table_cross_validated,1.0,파워인덱스증권자투자신탁2호[주식]ClassC-Re 2017-12-21 1.28 4.95 3.07 7.33 3.84
FUND000045,KR5120451001,CLASS000636,C-Re,class_return,3Y,3.07,2017-12-21,54,[54],detail_return_table_cross_validated,1.0,파워인덱스증권자투자신탁2호[주식]ClassC-Re 2017-12-21 1.28 4.95 3.07 7.33 3.84
FUND000045,KR5120451001,CLASS000636,C-Re,class_return,5Y,7.33,2017-12-21,54,[54],detail_return_table_cross_validated,1.0,파워인덱스증권자투자신탁2호[주식]ClassC-Re 2017-12-21 1.28 4.95 3.07 7.33 3.84
FUND000045,KR5120451001,CLASS000636,C-Re,class_return,SINCE_INCEPTION,3.84,2017-12-21,54,[54],detail_return_table_cross_validated,1.0,파워인덱스증권자투자신탁2호[주식]ClassC-Re 2017-12-21 1.28 4.95 3.07 7.33 3.84
FUND000012,KR5122420005,CLASS000154,C,class_return,1Y,2.85,2014-12-04,5,"[5,52]",cell_grid,1.0,수수료미징구- 오프라인형(C)(%) 수수료미징구- 오프라인형(C)(%) 2014-12-04 2.85 3.49 4.08 2.93 2.37
FUND000012,KR5122420005,CLASS000154,C,class_return,SINCE_INCEPTION,2.37,2014-12-04,5,"[5,52]",cell_grid,1.0,수수료미징구- 오프라인형(C)(%) 수수료미징구- 오프라인형(C)(%) 2014-12-04 2.85 3.49 4.08 2.93 2.37
FUND000012,KR5122420005,CLASS000154,C,class_return,3Y,4.08,2014-12-04,5,"[5,52]",cell_grid,1.0,수수료미징구- 오프라인형(C)(%) 수수료미징구- 오프라인형(C)(%) 2014-12-04 2.85 3.49 4.08 2.93 2.37
FUND000012,KR5122420005,CLASS000154,C,class_return,5Y,2.93,2014-12-04,5,"[5,52]",cell_grid,1.0,수수료미징구- 오프라인형(C)(%) 수수료미징구- 오프라인형(C)(%) 2014-12-04 2.85 3.49 4.08 2.93 2.37
FUND000012,KR5122420005,CLASS000154,C,class_return,2Y,3.49,2014-12-04,5,"[5,52]",cell_grid,1.0,수수료미징구- 오프라인형(C)(%) 수수료미징구- 오프라인형(C)(%) 2014-12-04 2.85 3.49 4.08 2.93 2.37
FUND000012,KR5122420005,,,benchmark,1Y,2.76,2014-12-04,5,[5],cell_grid,1.0,비교지수(%) 비교지수(%) 2014-12-04 2.76 3.17 3.44 2.59 2.09
FUND000012,KR5122420005,,,benchmark,SINCE_INCEPTION,2.09,2014-12-04,5,[5],cell_grid,1.0,비교지수(%) 비교지수(%) 2014-12-04 2.76 3.17 3.44 2.59 2.09
FUND000012,KR5122420005,,,benchmark,3Y,3.44,2014-12-04,5,[5],cell_grid,1.0,비교지수(%) 비교지수(%) 2014-12-04 2.76 3.17 3.44 2.59 2.09
FUND000012,KR5122420005,,,benchmark,5Y,2.59,2014-12-04,5,[5],cell_grid,1.0,비교지수(%) 비교지수(%) 2014-12-04 2.76 3.17 3.44 2.59 2.09
FUND000012,KR5122420005,,,benchmark,2Y,3.17,2014-12-04,5,[5],cell_grid,1.0,비교지수(%) 비교지수(%) 2014-12-04 2.76 3.17 3.44 2.59 2.09
FUND000012,KR5122420005,,,volatility,1Y,0.18,2014-12-04,5,[5],cell_grid,1.0,수익률 변동성(%) 수익률 변동성(%) 2014-12-04 0.18 0.22 0.27 0.39 0.29
FUND000012,KR5122420005,,,volatility,SINCE_INCEPTION,0.29,2014-12-04,5,[5],cell_grid,1.0,수익률 변동성(%) 수익률 변동성(%) 2014-12-04 0.18 0.22 0.27 0.39 0.29
FUND000012,KR5122420005,,,volatility,3Y,0.27,2014-12-04,5,[5],cell_grid,1.0,수익률 변동성(%) 수익률 변동성(%) 2014-12-04 0.18 0.22 0.27 0.39 0.29
FUND000012,KR5122420005,,,volatility,5Y,0.39,2014-12-04,5,[5],cell_grid,1.0,수익률 변동성(%) 수익률 변동성(%) 2014-12-04 0.18 0.22 0.27 0.39 0.29
FUND000012,KR5122420005,,,volatility,2Y,0.22,2014-12-04,5,[5],cell_grid,1.0,수익률 변동성(%) 수익률 변동성(%) 2014-12-04 0.18 0.22 0.27 0.39 0.29
FUND000012,KR5122420005,CLASS000152,A,class_return,1Y,2.95,,51,[51],detail_return_table_cross_validated,1.0,ClassA ClassA 2.95 3.58 4.18 3.02 2.46
FUND000012,KR5122420005,CLASS000152,A,class_return,SINCE_INCEPTION,2.46,,51,[51],detail_return_table_cross_validated,1.0,ClassA ClassA 2.95 3.58 4.18 3.02 2.46
FUND000012,KR5122420005,CLASS000152,A,class_return,2Y,3.58,,51,[51],detail_return_table_cross_validated,1.0,ClassA ClassA 2.95 3.58 4.18 3.02 2.46
FUND000012,KR5122420005,CLASS000152,A,class_return,5Y,3.02,,51,[51],detail_return_table_cross_validated,1.0,ClassA ClassA 2.95 3.58 4.18 3.02 2.46
FUND000012,KR5122420005,CLASS000152,A,class_return,3Y,4.18,,51,[51],detail_return_table_cross_validated,1.0,ClassA ClassA 2.95 3.58 4.18 3.02 2.46
FUND000012,KR5122420005,CLASS000153,A-E,class_return,1Y,3.05,,52,[52],detail_return_table_cross_validated,1.0,ClassA-E ClassA-E 3.05 3.68 4.28 3.12 2.61
FUND000012,KR5122420005,CLASS000153,A-E,class_return,2Y,3.68,,52,[52],detail_return_table_cross_validated,1.0,ClassA-E ClassA-E 3.05 3.68 4.28 3.12 2.61
FUND000012,KR5122420005,CLASS000153,A-E,class_return,3Y,4.28,,52,[52],detail_return_table_cross_validated,1.0,ClassA-E ClassA-E 3.05 3.68 4.28 3.12 2.61
FUND000012,KR5122420005,CLASS000153,A-E,class_return,5Y,3.12,,52,[52],detail_return_table_cross_validated,1.0,ClassA-E ClassA-E 3.05 3.68 4.28 3.12 2.61
FUND000012,KR5122420005,CLASS000153,A-E,class_return,SINCE_INCEPTION,2.61,,52,[52],detail_return_table_cross_validated,1.0,ClassA-E ClassA-E 3.05 3.68 4.28 3.12 2.61
FUND000012,KR5122420005,CLASS000155,C-E,class_return,1Y,3.00,,52,[52],detail_return_table_cross_validated,1.0,ClassC-E ClassC-E 3.00 3.64 4.23 3.08 2.51
FUND000012,KR5122420005,CLASS000155,C-E,class_return,2Y,3.64,,52,[52],detail_return_table_cross_validated,1.0,ClassC-E ClassC-E 3.00 3.64 4.23 3.08 2.51
FUND000012,KR5122420005,CLASS000155,C-E,class_return,3Y,4.23,,52,[52],detail_return_table_cross_validated,1.0,ClassC-E ClassC-E 3.00 3.64 4.23 3.08 2.51
FUND000012,KR5122420005,CLASS000155,C-E,class_return,5Y,3.08,,52,[52],detail_return_table_cross_validated,1.0,ClassC-E ClassC-E 3.00 3.64 4.23 3.08 2.51
FUND000012,KR5122420005,CLASS000155,C-E,class_return,SINCE_INCEPTION,2.51,,52,[52],detail_return_table_cross_validated,1.0,ClassC-E ClassC-E 3.00 3.64 4.23 3.08 2.51
FUND000012,KR5122420005,CLASS000159,C-W,class_return,1Y,3.15,,52,[52],detail_return_table_cross_validated,1.0,ClassC-W ClassC-W 3.15 3.79 4.39 3.23 2.70
FUND000012,KR5122420005,CLASS000159,C-W,class_return,2Y,3.79,,52,[52],detail_return_table_cross_validated,1.0,ClassC-W ClassC-W 3.15 3.79 4.39 3.23 2.70
FUND000012,KR5122420005,CLASS000159,C-W,class_return,3Y,4.39,,52,[52],detail_return_table_cross_validated,1.0,ClassC-W ClassC-W 3.15 3.79 4.39 3.23 2.70
FUND000012,KR5122420005,CLASS000159,C-W,class_return,5Y,3.23,,52,[52],detail_return_table_cross_validated,1.0,ClassC-W ClassC-W 3.15 3.79 4.39 3.23 2.70
FUND000012,KR5122420005,CLASS000159,C-W,class_return,SINCE_INCEPTION,2.70,,52,[52],detail_return_table_cross_validated,1.0,ClassC-W ClassC-W 3.15 3.79 4.39 3.23 2.70
FUND000012,KR5122420005,CLASS000164,S,class_return,1Y,3.07,,52,[52],detail_return_table_cross_validated,1.0,Class S Class S 3.07 3.71 4.30 3.14 2.63
FUND000012,KR5122420005,CLASS000164,S,class_return,2Y,3.71,,52,[52],detail_return_table_cross_validated,1.0,Class S Class S 3.07 3.71 4.30 3.14 2.63
FUND000012,KR5122420005,CLASS000164,S,class_return,3Y,4.30,,52,[52],detail_return_table_cross_validated,1.0,Class S Class S 3.07 3.71 4.30 3.14 2.63
FUND000012,KR5122420005,CLASS000164,S,class_return,5Y,3.14,,52,[52],detail_return_table_cross_validated,1.0,Class S Class S 3.07 3.71 4.30 3.14 2.63
FUND000012,KR5122420005,CLASS000164,S,class_return,SINCE_INCEPTION,2.63,,52,[52],detail_return_table_cross_validated,1.0,Class S Class S 3.07 3.71 4.30 3.14 2.63
FUND000012,KR5122420005,CLASS000165,S-P,class_return,1Y,3.09,,52,[52],detail_return_table_cross_validated,1.0,Class S-P Class S-P 3.09 3.73 4.32 3.16 2.65
FUND000012,KR5122420005,CLASS000165,S-P,class_return,2Y,3.73,,52,[52],detail_return_table_cross_validated,1.0,Class S-P Class S-P 3.09 3.73 4.32 3.16 2.65
FUND000012,KR5122420005,CLASS000165,S-P,class_return,3Y,4.32,,52,[52],detail_return_table_cross_validated,1.0,Class S-P Class S-P 3.09 3.73 4.32 3.16 2.65
FUND000012,KR5122420005,CLASS000165,S-P,class_return,5Y,3.16,,52,[52],detail_return_table_cross_validated,1.0,Class S-P Class S-P 3.09 3.73 4.32 3.16 2.65
FUND000012,KR5122420005,CLASS000165,S-P,class_return,SINCE_INCEPTION,2.65,,52,[52],detail_return_table_cross_validated,1.0,Class S-P Class S-P 3.09 3.73 4.32 3.16 2.65
FUND000012,KR5122420005,CLASS000160,C-P1,class_return,1Y,2.91,,52,[52],detail_return_table_cross_validated,1.0,ClassC-P1 ClassC-P1 2.91 3.55 4.15 2.99 2.49
FUND000012,KR5122420005,CLASS000160,C-P1,class_return,2Y,3.55,,52,[52],detail_return_table_cross_validated,1.0,ClassC-P1 ClassC-P1 2.91 3.55 4.15 2.99 2.49
FUND000012,KR5122420005,CLASS000160,C-P1,class_return,3Y,4.15,,52,[52],detail_return_table_cross_validated,1.0,ClassC-P1 ClassC-P1 2.91 3.55 4.15 2.99 2.49
FUND000012,KR5122420005,CLASS000160,C-P1,class_return,5Y,2.99,,52,[52],detail_return_table_cross_validated,1.0,ClassC-P1 ClassC-P1 2.91 3.55 4.15 2.99 2.49
FUND000012,KR5122420005,CLASS000160,C-P1,class_return,SINCE_INCEPTION,2.49,,52,[52],detail_return_table_cross_validated,1.0,ClassC-P1 ClassC-P1 2.91 3.55 4.15 2.99 2.49
FUND000012,KR5122420005,CLASS000162,C-P2,class_return,1Y,2.92,,52,[52],detail_return_table_cross_validated,1.0,ClassC-P2 ClassC-P2 2.92 3.56 4.16 3.00 2.49
FUND000012,KR5122420005,CLASS000162,C-P2,class_return,2Y,3.56,,52,[52],detail_return_table_cross_validated,1.0,ClassC-P2 ClassC-P2 2.92 3.56 4.16 3.00 2.49
FUND000012,KR5122420005,CLASS000162,C-P2,class_return,3Y,4.16,,52,[52],detail_return_table_cross_validated,1.0,ClassC-P2 ClassC-P2 2.92 3.56 4.16 3.00 2.49
FUND000012,KR5122420005,CLASS000162,C-P2,class_return,5Y,3.00,,52,[52],detail_return_table_cross_validated,1.0,ClassC-P2 ClassC-P2 2.92 3.56 4.16 3.00 2.49
FUND000012,KR5122420005,CLASS000162,C-P2,class_return,SINCE_INCEPTION,2.49,,52,[52],detail_return_table_cross_validated,1.0,ClassC-P2 ClassC-P2 2.92 3.56 4.16 3.00 2.49
FUND000012,KR5122420005,CLASS000161,C-Pe,class_return,1Y,3.04,,52,[52],detail_return_table_cross_validated,1.0,ClassC-Pe ClassC-Pe 3.04 3.67 4.27 3.11 2.67
FUND000012,KR5122420005,CLASS000161,C-Pe,class_return,2Y,3.67,,52,[52],detail_return_table_cross_validated,1.0,ClassC-Pe ClassC-Pe 3.04 3.67 4.27 3.11 2.67
FUND000012,KR5122420005,CLASS000161,C-Pe,class_return,3Y,4.27,,52,[52],detail_return_table_cross_validated,1.0,ClassC-Pe ClassC-Pe 3.04 3.67 4.27 3.11 2.67
FUND000012,KR5122420005,CLASS000161,C-Pe,class_return,5Y,3.11,,52,[52],detail_return_table_cross_validated,1.0,ClassC-Pe ClassC-Pe 3.04 3.67 4.27 3.11 2.67
FUND000012,KR5122420005,CLASS000161,C-Pe,class_return,SINCE_INCEPTION,2.67,,52,[52],detail_return_table_cross_validated,1.0,ClassC-Pe ClassC-Pe 3.04 3.67 4.27 3.11 2.67
FUND000012,KR5122420005,CLASS000157,C-I,class_return,1Y,3.06,,52,[52],detail_return_table_cross_validated,1.0,ClassC-I ClassC-I 3.06 3.70 4.32 3.18 2.70
FUND000012,KR5122420005,CLASS000157,C-I,class_return,2Y,3.70,,52,[52],detail_return_table_cross_validated,1.0,ClassC-I ClassC-I 3.06 3.70 4.32 3.18 2.70
FUND000012,KR5122420005,CLASS000157,C-I,class_return,3Y,4.32,,52,[52],detail_return_table_cross_validated,1.0,ClassC-I ClassC-I 3.06 3.70 4.32 3.18 2.70
FUND000012,KR5122420005,CLASS000157,C-I,class_return,5Y,3.18,,52,[52],detail_return_table_cross_validated,1.0,ClassC-I ClassC-I 3.06 3.70 4.32 3.18 2.70
FUND000012,KR5122420005,CLASS000157,C-I,class_return,SINCE_INCEPTION,2.70,,52,[52],detail_return_table_cross_validated,1.0,ClassC-I ClassC-I 3.06 3.70 4.32 3.18 2.70
FUND000012,KR5122420005,CLASS000156,C-F,class_return,1Y,3.14,,52,[52],detail_return_table_cross_validated,1.0,Class C-F Class C-F 3.14 3.77 4.37 3.21 2.75
FUND000012,KR5122420005,CLASS000156,C-F,class_return,2Y,3.77,,52,[52],detail_return_table_cross_validated,1.0,Class C-F Class C-F 3.14 3.77 4.37 3.21 2.75
FUND000012,KR5122420005,CLASS000156,C-F,class_return,3Y,4.37,,52,[52],detail_return_table_cross_validated,1.0,Class C-F Class C-F 3.14 3.77 4.37 3.21 2.75
FUND000012,KR5122420005,CLASS000156,C-F,class_return,5Y,3.21,,52,[52],detail_return_table_cross_validated,1.0,Class C-F Class C-F 3.14 3.77 4.37 3.21 2.75
FUND000012,KR5122420005,CLASS000156,C-F,class_return,SINCE_INCEPTION,2.75,,52,[52],detail_return_table_cross_validated,1.0,Class C-F Class C-F 3.14 3.77 4.37 3.21 2.75
FUND000012,KR5122420005,CLASS000163,C-Pe2,class_return,1Y,3.04,,52,[52],detail_return_table_cross_validated,1.0,Class C-Pe2 Class C-Pe2 3.04 3.68 4.28 3.12 2.69
FUND000012,KR5122420005,CLASS000163,C-Pe2,class_return,2Y,3.68,,52,[52],detail_return_table_cross_validated,1.0,Class C-Pe2 Class C-Pe2 3.04 3.68 4.28 3.12 2.69
FUND000012,KR5122420005,CLASS000163,C-Pe2,class_return,3Y,4.28,,52,[52],detail_return_table_cross_validated,1.0,Class C-Pe2 Class C-Pe2 3.04 3.68 4.28 3.12 2.69
FUND000012,KR5122420005,CLASS000163,C-Pe2,class_return,5Y,3.12,,52,[52],detail_return_table_cross_validated,1.0,Class C-Pe2 Class C-Pe2 3.04 3.68 4.28 3.12 2.69
FUND000012,KR5122420005,CLASS000163,C-Pe2,class_return,SINCE_INCEPTION,2.69,,52,[52],detail_return_table_cross_validated,1.0,Class C-Pe2 Class C-Pe2 3.04 3.68 4.28 3.12 2.69
FUND000012,KR5122420005,CLASS000166,A2,class_return,1Y,3.10,,52,[52],detail_return_table_cross_validated,1.0,Class A2 Class A2 3.10 3.74 4.33 3.17 2.92
FUND000012,KR5122420005,CLASS000166,A2,class_return,2Y,3.74,,52,[52],detail_return_table_cross_validated,1.0,Class A2 Class A2 3.10 3.74 4.33 3.17 2.92
FUND000012,KR5122420005,CLASS000166,A2,class_return,3Y,4.33,,52,[52],detail_return_table_cross_validated,1.0,Class A2 Class A2 3.10 3.74 4.33 3.17 2.92
FUND000012,KR5122420005,CLASS000166,A2,class_return,5Y,3.17,,52,[52],detail_return_table_cross_validated,1.0,Class A2 Class A2 3.10 3.74 4.33 3.17 2.92
FUND000012,KR5122420005,CLASS000166,A2,class_return,SINCE_INCEPTION,2.92,,52,[52],detail_return_table_cross_validated,1.0,Class A2 Class A2 3.10 3.74 4.33 3.17 2.92
FUND000012,KR5122420005,CLASS000167,S-R,class_return,1Y,3.11,,52,[52],detail_return_table_cross_validated,1.0,Class S-R Class S-R 3.11 3.75 4.34 3.19 2.97
FUND000012,KR5122420005,CLASS000167,S-R,class_return,2Y,3.75,,52,[52],detail_return_table_cross_validated,1.0,Class S-R Class S-R 3.11 3.75 4.34 3.19 2.97
FUND000012,KR5122420005,CLASS000167,S-R,class_return,3Y,4.34,,52,[52],detail_return_table_cross_validated,1.0,Class S-R Class S-R 3.11 3.75 4.34 3.19 2.97
FUND000012,KR5122420005,CLASS000167,S-R,class_return,5Y,3.19,,52,[52],detail_return_table_cross_validated,1.0,Class S-R Class S-R 3.11 3.75 4.34 3.19 2.97
FUND000012,KR5122420005,CLASS000167,S-R,class_return,SINCE_INCEPTION,2.97,,52,[52],detail_return_table_cross_validated,1.0,Class S-R Class S-R 3.11 3.75 4.34 3.19 2.97
FUND000080,KR5123365001,,,fund,1Y,3.69,,3,[3],coordinate_reconstruction,1.0,투자신탁 3.69 3.63 2.86 1.80 2.47
FUND000080,KR5123365001,,,fund,2Y,3.63,,3,[3],coordinate_reconstruction,1.0,투자신탁 3.69 3.63 2.86 1.80 2.47
FUND000080,KR5123365001,,,fund,3Y,2.86,,3,[3],coordinate_reconstruction,1.0,투자신탁 3.69 3.63 2.86 1.80 2.47
FUND000080,KR5123365001,,,fund,5Y,1.80,,3,[3],coordinate_reconstruction,1.0,투자신탁 3.69 3.63 2.86 1.80 2.47
FUND000080,KR5123365001,,,fund,SINCE_INCEPTION,2.47,,3,[3],coordinate_reconstruction,1.0,투자신탁 3.69 3.63 2.86 1.80 2.47
FUND000080,KR5123365001,,,benchmark,1Y,3.90,2001-02-23,3,[3],coordinate_reconstruction,1.0,비교지수 2001.02.23 3.90 3.74 3.24 2.26 0.77
FUND000080,KR5123365001,,,benchmark,2Y,3.74,2001-02-23,3,[3],coordinate_reconstruction,1.0,비교지수 2001.02.23 3.90 3.74 3.24 2.26 0.77
FUND000080,KR5123365001,,,benchmark,3Y,3.24,2001-02-23,3,[3],coordinate_reconstruction,1.0,비교지수 2001.02.23 3.90 3.74 3.24 2.26 0.77
FUND000080,KR5123365001,,,benchmark,5Y,2.26,2001-02-23,3,[3],coordinate_reconstruction,1.0,비교지수 2001.02.23 3.90 3.74 3.24 2.26 0.77
FUND000080,KR5123365001,,,benchmark,SINCE_INCEPTION,0.77,2001-02-23,3,[3],coordinate_reconstruction,1.0,비교지수 2001.02.23 3.90 3.74 3.24 2.26 0.77
FUND000080,KR5123365001,,,volatility,1Y,0.49,,3,[3],coordinate_reconstruction,1.0,수익률변동성 0.49 0.57 0.84 0.75 0.64
FUND000080,KR5123365001,,,volatility,2Y,0.57,,3,[3],coordinate_reconstruction,1.0,수익률변동성 0.49 0.57 0.84 0.75 0.64
FUND000080,KR5123365001,,,volatility,3Y,0.84,,3,[3],coordinate_reconstruction,1.0,수익률변동성 0.49 0.57 0.84 0.75 0.64
FUND000080,KR5123365001,,,volatility,5Y,0.75,,3,[3],coordinate_reconstruction,1.0,수익률변동성 0.49 0.57 0.84 0.75 0.64
FUND000080,KR5123365001,,,volatility,SINCE_INCEPTION,0.64,,3,[3],coordinate_reconstruction,1.0,수익률변동성 0.49 0.57 0.84 0.75 0.64
FUND000081,KR5123420015,CLASS000952,A1,class_return,1Y,3.47,2014-08-13,3,"[3,40]",coordinate_reconstruction,1.0,2014.08.13 3.47 3.51 3.34 2.35 2.00
FUND000081,KR5123420015,CLASS000952,A1,class_return,2Y,3.51,2014-08-13,3,"[3,40]",coordinate_reconstruction,1.0,2014.08.13 3.47 3.51 3.34 2.35 2.00
FUND000081,KR5123420015,CLASS000952,A1,class_return,3Y,3.34,2014-08-13,3,"[3,40]",coordinate_reconstruction,1.0,2014.08.13 3.47 3.51 3.34 2.35 2.00
FUND000081,KR5123420015,CLASS000952,A1,class_return,5Y,2.35,2014-08-13,3,"[3,40]",coordinate_reconstruction,1.0,2014.08.13 3.47 3.51 3.34 2.35 2.00
FUND000081,KR5123420015,CLASS000952,A1,class_return,SINCE_INCEPTION,2.00,2014-08-13,3,"[3,40]",coordinate_reconstruction,1.0,2014.08.13 3.47 3.51 3.34 2.35 2.00
FUND000081,KR5123420015,CLASS000955,A-e,class_return,1Y,3.54,2016-03-15,4,"[4,40]",coordinate_reconstruction,1.0,2016.03.15 3.54 3.59 3.42 2.42 2.06
FUND000081,KR5123420015,CLASS000955,A-e,class_return,2Y,3.59,2016-03-15,4,"[4,40]",coordinate_reconstruction,1.0,2016.03.15 3.54 3.59 3.42 2.42 2.06
FUND000081,KR5123420015,CLASS000955,A-e,class_return,3Y,3.42,2016-03-15,4,"[4,40]",coordinate_reconstruction,1.0,2016.03.15 3.54 3.59 3.42 2.42 2.06
FUND000081,KR5123420015,CLASS000955,A-e,class_return,5Y,2.42,2016-03-15,4,"[4,40]",coordinate_reconstruction,1.0,2016.03.15 3.54 3.59 3.42 2.42 2.06
FUND000081,KR5123420015,CLASS000955,A-e,class_return,SINCE_INCEPTION,2.06,2016-03-15,4,"[4,40]",coordinate_reconstruction,1.0,2016.03.15 3.54 3.59 3.42 2.42 2.06
FUND000081,KR5123420015,CLASS000953,C1,class_return,1Y,3.36,2014-05-13,4,"[4,40]",coordinate_reconstruction,1.0,2014.05.13 3.36 3.41 3.24 2.24 1.97
FUND000081,KR5123420015,CLASS000953,C1,class_return,2Y,3.41,2014-05-13,4,"[4,40]",coordinate_reconstruction,1.0,2014.05.13 3.36 3.41 3.24 2.24 1.97
FUND000081,KR5123420015,CLASS000953,C1,class_return,3Y,3.24,2014-05-13,4,"[4,40]",coordinate_reconstruction,1.0,2014.05.13 3.36 3.41 3.24 2.24 1.97
FUND000081,KR5123420015,CLASS000953,C1,class_return,5Y,2.24,2014-05-13,4,"[4,40]",coordinate_reconstruction,1.0,2014.05.13 3.36 3.41 3.24 2.24 1.97
FUND000081,KR5123420015,CLASS000953,C1,class_return,SINCE_INCEPTION,1.97,2014-05-13,4,"[4,40]",coordinate_reconstruction,1.0,2014.05.13 3.36 3.41 3.24 2.24 1.97
FUND000081,KR5123420015,CLASS000956,C-e,class_return,1Y,3.49,2016-03-15,4,"[4,40]",coordinate_reconstruction,1.0,2016.03.15 3.49 3.54 3.37 2.37 2.01
FUND000081,KR5123420015,CLASS000956,C-e,class_return,2Y,3.54,2016-03-15,4,"[4,40]",coordinate_reconstruction,1.0,2016.03.15 3.49 3.54 3.37 2.37 2.01
FUND000081,KR5123420015,CLASS000956,C-e,class_return,3Y,3.37,2016-03-15,4,"[4,40]",coordinate_reconstruction,1.0,2016.03.15 3.49 3.54 3.37 2.37 2.01
FUND000081,KR5123420015,CLASS000956,C-e,class_return,5Y,2.37,2016-03-15,4,"[4,40]",coordinate_reconstruction,1.0,2016.03.15 3.49 3.54 3.37 2.37 2.01
FUND000081,KR5123420015,CLASS000956,C-e,class_return,SINCE_INCEPTION,2.01,2016-03-15,4,"[4,40]",coordinate_reconstruction,1.0,2016.03.15 3.49 3.54 3.37 2.37 2.01
FUND000081,KR5123420015,,,benchmark,1Y,3.56,2014-02-27,4,[4],coordinate_reconstruction,1.0,비교지수 2014.02.27 3.56 3.64 3.31 2.37 2.12
FUND000081,KR5123420015,,,benchmark,2Y,3.64,2014-02-27,4,[4],coordinate_reconstruction,1.0,비교지수 2014.02.27 3.56 3.64 3.31 2.37 2.12
FUND000081,KR5123420015,,,benchmark,3Y,3.31,2014-02-27,4,[4],coordinate_reconstruction,1.0,비교지수 2014.02.27 3.56 3.64 3.31 2.37 2.12
FUND000081,KR5123420015,,,benchmark,5Y,2.37,2014-02-27,4,[4],coordinate_reconstruction,1.0,비교지수 2014.02.27 3.56 3.64 3.31 2.37 2.12
FUND000081,KR5123420015,,,benchmark,SINCE_INCEPTION,2.12,2014-02-27,4,[4],coordinate_reconstruction,1.0,비교지수 2014.02.27 3.56 3.64 3.31 2.37 2.12
FUND000081,KR5123420015,,,volatility,1Y,0.21,2014-02-27,4,[4],coordinate_reconstruction,1.0,수익률변동성 2014.02.27 0.21 0.22 0.36 0.35 0.28
FUND000081,KR5123420015,,,volatility,2Y,0.22,2014-02-27,4,[4],coordinate_reconstruction,1.0,수익률변동성 2014.02.27 0.21 0.22 0.36 0.35 0.28
FUND000081,KR5123420015,,,volatility,3Y,0.36,2014-02-27,4,[4],coordinate_reconstruction,1.0,수익률변동성 2014.02.27 0.21 0.22 0.36 0.35 0.28
FUND000081,KR5123420015,,,volatility,5Y,0.35,2014-02-27,4,[4],coordinate_reconstruction,1.0,수익률변동성 2014.02.27 0.21 0.22 0.36 0.35 0.28
FUND000081,KR5123420015,,,volatility,SINCE_INCEPTION,0.28,2014-02-27,4,[4],coordinate_reconstruction,1.0,수익률변동성 2014.02.27 0.21 0.22 0.36 0.35 0.28
FUND000081,KR5123420015,CLASS000954,C-F,class_return,1Y,3.60,,40,[40],detail_return_table_cross_validated,1.0,수수료미징구-오 프라인-기관 2016.01.20 (C-F) 3.60 3.64 3.64 3.47 3.47 2.48 2.11 2.11
FUND000081,KR5123420015,CLASS000954,C-F,class_return,2Y,3.64,,40,[40],detail_return_table_cross_validated,1.0,수수료미징구-오 프라인-기관 2016.01.20 (C-F) 3.60 3.64 3.64 3.47 3.47 2.48 2.11 2.11
FUND000081,KR5123420015,CLASS000954,C-F,class_return,3Y,3.47,,40,[40],detail_return_table_cross_validated,1.0,수수료미징구-오 프라인-기관 2016.01.20 (C-F) 3.60 3.64 3.64 3.47 3.47 2.48 2.11 2.11
FUND000081,KR5123420015,CLASS000954,C-F,class_return,5Y,2.48,,40,[40],detail_return_table_cross_validated,1.0,수수료미징구-오 프라인-기관 2016.01.20 (C-F) 3.60 3.64 3.64 3.47 3.47 2.48 2.11 2.11
FUND000081,KR5123420015,CLASS000954,C-F,class_return,SINCE_INCEPTION,2.11,,40,[40],detail_return_table_cross_validated,1.0,수수료미징구-오 프라인-기관 2016.01.20 (C-F) 3.60 3.64 3.64 3.47 3.47 2.48 2.11 2.11
FUND000081,KR5123420015,CLASS000958,S,class_return,1Y,3.55,,40,[40],detail_return_table_cross_validated,1.0,수수료후취-온라 인슈퍼(S) 2018.09.21 3.55 3.59 3.59 3.42 3.42 2.43 2.33 2.33
FUND000081,KR5123420015,CLASS000958,S,class_return,2Y,3.59,,40,[40],detail_return_table_cross_validated,1.0,수수료후취-온라 인슈퍼(S) 2018.09.21 3.55 3.59 3.59 3.42 3.42 2.43 2.33 2.33
FUND000081,KR5123420015,CLASS000958,S,class_return,3Y,3.42,,40,[40],detail_return_table_cross_validated,1.0,수수료후취-온라 인슈퍼(S) 2018.09.21 3.55 3.59 3.59 3.42 3.42 2.43 2.33 2.33
FUND000081,KR5123420015,CLASS000958,S,class_return,5Y,2.43,,40,[40],detail_return_table_cross_validated,1.0,수수료후취-온라 인슈퍼(S) 2018.09.21 3.55 3.59 3.59 3.42 3.42 2.43 2.33 2.33
FUND000081,KR5123420015,CLASS000958,S,class_return,SINCE_INCEPTION,2.33,,40,[40],detail_return_table_cross_validated,1.0,수수료후취-온라 인슈퍼(S) 2018.09.21 3.55 3.59 3.59 3.42 3.42 2.43 2.33 2.33
FUND000081,KR5123420015,CLASS000959,C-P,class_return,1Y,3.40,,41,[41],detail_return_table_cross_validated,1.0,프라인-개인연금 3.40 3.45 3.28 2.29 1.80
FUND000081,KR5123420015,CLASS000959,C-P,class_return,2Y,3.45,,41,[41],detail_return_table_cross_validated,1.0,프라인-개인연금 3.40 3.45 3.28 2.29 1.80
FUND000081,KR5123420015,CLASS000959,C-P,class_return,3Y,3.28,,41,[41],detail_return_table_cross_validated,1.0,프라인-개인연금 3.40 3.45 3.28 2.29 1.80
FUND000081,KR5123420015,CLASS000959,C-P,class_return,5Y,2.29,,41,[41],detail_return_table_cross_validated,1.0,프라인-개인연금 3.40 3.45 3.28 2.29 1.80
FUND000081,KR5123420015,CLASS000959,C-P,class_return,SINCE_INCEPTION,1.80,,41,[41],detail_return_table_cross_validated,1.0,프라인-개인연금 3.40 3.45 3.28 2.29 1.80
FUND000081,KR5123420015,CLASS000963,C-Pe,class_return,1Y,3.52,,41,[41],detail_return_table_cross_validated,1.0,라인-개인연금 3.52 3.56 3.92
FUND000081,KR5123420015,CLASS000963,C-Pe,class_return,2Y,3.56,,41,[41],detail_return_table_cross_validated,1.0,라인-개인연금 3.52 3.56 3.92
FUND000081,KR5123420015,CLASS000963,C-Pe,class_return,SINCE_INCEPTION,3.92,,41,[41],detail_return_table_cross_validated,1.0,라인-개인연금 3.52 3.56 3.92
FUND000082,KR5123420039,CLASS000965,C,class_return,1Y,7.24,2019-09-20,4,"[4,39]",coordinate_reconstruction,1.0,오프라인-퇴직연 2019.09.20 7.24 5.93 3.06 1.65 2.65
FUND000082,KR5123420039,CLASS000965,C,class_return,2Y,5.93,2019-09-20,4,"[4,39]",coordinate_reconstruction,1.0,오프라인-퇴직연 2019.09.20 7.24 5.93 3.06 1.65 2.65
FUND000082,KR5123420039,CLASS000965,C,class_return,3Y,3.06,2019-09-20,4,"[4,39]",coordinate_reconstruction,1.0,오프라인-퇴직연 2019.09.20 7.24 5.93 3.06 1.65 2.65
FUND000082,KR5123420039,CLASS000965,C,class_return,5Y,1.65,2019-09-20,4,"[4,39]",coordinate_reconstruction,1.0,오프라인-퇴직연 2019.09.20 7.24 5.93 3.06 1.65 2.65
FUND000082,KR5123420039,CLASS000965,C,class_return,SINCE_INCEPTION,2.65,2019-09-20,4,"[4,39]",coordinate_reconstruction,1.0,오프라인-퇴직연 2019.09.20 7.24 5.93 3.06 1.65 2.65
FUND000082,KR5123420039,CLASS000966,C-e,class_return,1Y,7.35,2019-11-06,4,"[4,39]",coordinate_reconstruction,1.0,온라인-퇴직연금 2019.11.06 7.35 6.04 3.17 1.75 1.85
FUND000082,KR5123420039,CLASS000966,C-e,class_return,2Y,6.04,2019-11-06,4,"[4,39]",coordinate_reconstruction,1.0,온라인-퇴직연금 2019.11.06 7.35 6.04 3.17 1.75 1.85
FUND000082,KR5123420039,CLASS000966,C-e,class_return,3Y,3.17,2019-11-06,4,"[4,39]",coordinate_reconstruction,1.0,온라인-퇴직연금 2019.11.06 7.35 6.04 3.17 1.75 1.85
FUND000082,KR5123420039,CLASS000966,C-e,class_return,5Y,1.75,2019-11-06,4,"[4,39]",coordinate_reconstruction,1.0,온라인-퇴직연금 2019.11.06 7.35 6.04 3.17 1.75 1.85
FUND000082,KR5123420039,CLASS000966,C-e,class_return,SINCE_INCEPTION,1.85,2019-11-06,4,"[4,39]",coordinate_reconstruction,1.0,온라인-퇴직연금 2019.11.06 7.35 6.04 3.17 1.75 1.85
FUND000082,KR5123420039,,,benchmark,1Y,7.26,2006-01-03,4,[4],coordinate_reconstruction,1.0,비교지수 2006.01.03 7.26 5.61 3.04 1.67 3.86
FUND000082,KR5123420039,,,benchmark,2Y,5.61,2006-01-03,4,[4],coordinate_reconstruction,1.0,비교지수 2006.01.03 7.26 5.61 3.04 1.67 3.86
FUND000082,KR5123420039,,,benchmark,3Y,3.04,2006-01-03,4,[4],coordinate_reconstruction,1.0,비교지수 2006.01.03 7.26 5.61 3.04 1.67 3.86
FUND000082,KR5123420039,,,benchmark,5Y,1.67,2006-01-03,4,[4],coordinate_reconstruction,1.0,비교지수 2006.01.03 7.26 5.61 3.04 1.67 3.86
FUND000082,KR5123420039,,,benchmark,SINCE_INCEPTION,3.86,2006-01-03,4,[4],coordinate_reconstruction,1.0,비교지수 2006.01.03 7.26 5.61 3.04 1.67 3.86
FUND000082,KR5123420039,,,volatility,1Y,2.77,2006-01-03,5,[5],coordinate_reconstruction,1.0,수익률변동성 2006.01.03 2.77 3.43 4.28 3.64 2.56
FUND000082,KR5123420039,,,volatility,2Y,3.43,2006-01-03,5,[5],coordinate_reconstruction,1.0,수익률변동성 2006.01.03 2.77 3.43 4.28 3.64 2.56
FUND000082,KR5123420039,,,volatility,3Y,4.28,2006-01-03,5,[5],coordinate_reconstruction,1.0,수익률변동성 2006.01.03 2.77 3.43 4.28 3.64 2.56
FUND000082,KR5123420039,,,volatility,5Y,3.64,2006-01-03,5,[5],coordinate_reconstruction,1.0,수익률변동성 2006.01.03 2.77 3.43 4.28 3.64 2.56
FUND000082,KR5123420039,,,volatility,SINCE_INCEPTION,2.56,2006-01-03,5,[5],coordinate_reconstruction,1.0,수익률변동성 2006.01.03 2.77 3.43 4.28 3.64 2.56
FUND000083,KR5123420049,CLASS000968,A,class_return,1Y,4.50,2017-12-15,3,"[3,39]",coordinate_reconstruction,1.0,2017.12.15 4.50 4.94 4.10 3.02 2.80
FUND000083,KR5123420049,CLASS000968,A,class_return,2Y,4.94,2017-12-15,3,"[3,39]",coordinate_reconstruction,1.0,2017.12.15 4.50 4.94 4.10 3.02 2.80
FUND000083,KR5123420049,CLASS000968,A,class_return,3Y,4.10,2017-12-15,3,"[3,39]",coordinate_reconstruction,1.0,2017.12.15 4.50 4.94 4.10 3.02 2.80
FUND000083,KR5123420049,CLASS000968,A,class_return,5Y,3.02,2017-12-15,3,"[3,39]",coordinate_reconstruction,1.0,2017.12.15 4.50 4.94 4.10 3.02 2.80
FUND000083,KR5123420049,CLASS000968,A,class_return,SINCE_INCEPTION,2.80,2017-12-15,3,"[3,39]",coordinate_reconstruction,1.0,2017.12.15 4.50 4.94 4.10 3.02 2.80
FUND000083,KR5123420049,CLASS000969,A-e,class_return,1Y,4.61,2017-12-15,4,"[4,39]",coordinate_reconstruction,1.0,2017.12.15 4.61 5.04 4.20 3.12 2.90
FUND000083,KR5123420049,CLASS000969,A-e,class_return,2Y,5.04,2017-12-15,4,"[4,39]",coordinate_reconstruction,1.0,2017.12.15 4.61 5.04 4.20 3.12 2.90
FUND000083,KR5123420049,CLASS000969,A-e,class_return,3Y,4.20,2017-12-15,4,"[4,39]",coordinate_reconstruction,1.0,2017.12.15 4.61 5.04 4.20 3.12 2.90
FUND000083,KR5123420049,CLASS000969,A-e,class_return,5Y,3.12,2017-12-15,4,"[4,39]",coordinate_reconstruction,1.0,2017.12.15 4.61 5.04 4.20 3.12 2.90
FUND000083,KR5123420049,CLASS000969,A-e,class_return,SINCE_INCEPTION,2.90,2017-12-15,4,"[4,39]",coordinate_reconstruction,1.0,2017.12.15 4.61 5.04 4.20 3.12 2.90
FUND000083,KR5123420049,CLASS000970,C,class_return,1Y,4.45,2017-12-15,4,"[4,39]",coordinate_reconstruction,1.0,2017.12.15 4.45 4.88 4.04 2.97 2.75
FUND000083,KR5123420049,CLASS000970,C,class_return,2Y,4.88,2017-12-15,4,"[4,39]",coordinate_reconstruction,1.0,2017.12.15 4.45 4.88 4.04 2.97 2.75
FUND000083,KR5123420049,CLASS000970,C,class_return,3Y,4.04,2017-12-15,4,"[4,39]",coordinate_reconstruction,1.0,2017.12.15 4.45 4.88 4.04 2.97 2.75
FUND000083,KR5123420049,CLASS000970,C,class_return,5Y,2.97,2017-12-15,4,"[4,39]",coordinate_reconstruction,1.0,2017.12.15 4.45 4.88 4.04 2.97 2.75
FUND000083,KR5123420049,CLASS000970,C,class_return,SINCE_INCEPTION,2.75,2017-12-15,4,"[4,39]",coordinate_reconstruction,1.0,2017.12.15 4.45 4.88 4.04 2.97 2.75
FUND000083,KR5123420049,CLASS000971,C-e,class_return,1Y,4.58,2017-12-15,4,"[4,39]",coordinate_reconstruction,1.0,2017.12.15 4.58 5.01 4.17 3.09 2.87
FUND000083,KR5123420049,CLASS000971,C-e,class_return,2Y,5.01,2017-12-15,4,"[4,39]",coordinate_reconstruction,1.0,2017.12.15 4.58 5.01 4.17 3.09 2.87
FUND000083,KR5123420049,CLASS000971,C-e,class_return,3Y,4.17,2017-12-15,4,"[4,39]",coordinate_reconstruction,1.0,2017.12.15 4.58 5.01 4.17 3.09 2.87
FUND000083,KR5123420049,CLASS000971,C-e,class_return,5Y,3.09,2017-12-15,4,"[4,39]",coordinate_reconstruction,1.0,2017.12.15 4.58 5.01 4.17 3.09 2.87
FUND000083,KR5123420049,CLASS000971,C-e,class_return,SINCE_INCEPTION,2.87,2017-12-15,4,"[4,39]",coordinate_reconstruction,1.0,2017.12.15 4.58 5.01 4.17 3.09 2.87
FUND000083,KR5123420049,,,benchmark,1Y,3.65,2017-12-13,4,[4],coordinate_reconstruction,1.0,비교지수 2017.12.13 3.65 3.75 3.23 2.34 2.20
FUND000083,KR5123420049,,,benchmark,2Y,3.75,2017-12-13,4,[4],coordinate_reconstruction,1.0,비교지수 2017.12.13 3.65 3.75 3.23 2.34 2.20
FUND000083,KR5123420049,,,benchmark,3Y,3.23,2017-12-13,4,[4],coordinate_reconstruction,1.0,비교지수 2017.12.13 3.65 3.75 3.23 2.34 2.20
FUND000083,KR5123420049,,,benchmark,5Y,2.34,2017-12-13,4,[4],coordinate_reconstruction,1.0,비교지수 2017.12.13 3.65 3.75 3.23 2.34 2.20
FUND000083,KR5123420049,,,benchmark,SINCE_INCEPTION,2.20,2017-12-13,4,[4],coordinate_reconstruction,1.0,비교지수 2017.12.13 3.65 3.75 3.23 2.34 2.20
FUND000083,KR5123420049,,,volatility,1Y,0.20,2017-12-13,4,[4],coordinate_reconstruction,1.0,수익률변동성 2017.12.13 0.20 0.24 0.38 0.36 0.31
FUND000083,KR5123420049,,,volatility,2Y,0.24,2017-12-13,4,[4],coordinate_reconstruction,1.0,수익률변동성 2017.12.13 0.20 0.24 0.38 0.36 0.31
FUND000083,KR5123420049,,,volatility,3Y,0.38,2017-12-13,4,[4],coordinate_reconstruction,1.0,수익률변동성 2017.12.13 0.20 0.24 0.38 0.36 0.31
FUND000083,KR5123420049,,,volatility,5Y,0.36,2017-12-13,4,[4],coordinate_reconstruction,1.0,수익률변동성 2017.12.13 0.20 0.24 0.38 0.36 0.31
FUND000083,KR5123420049,,,volatility,SINCE_INCEPTION,0.31,2017-12-13,4,[4],coordinate_reconstruction,1.0,수익률변동성 2017.12.13 0.20 0.24 0.38 0.36 0.31
FUND000083,KR5123420049,CLASS000973,C-F,class_return,1Y,4.69,2017-12-13,39,[39],detail_return_table_cross_validated,1.0,수수료미징구- 오프라인-기관 2017.12.13 (C-F) 수수료미징구- 오프라인-기관 (C-F) 4.69 5.12 4.28 3.20 2.98
FUND000083,KR5123420049,CLASS000973,C-F,class_return,2Y,5.12,2017-12-13,39,[39],detail_return_table_cross_validated,1.0,수수료미징구- 오프라인-기관 2017.12.13 (C-F) 수수료미징구- 오프라인-기관 (C-F) 4.69 5.12 4.28 3.20 2.98
FUND000083,KR5123420049,CLASS000973,C-F,class_return,3Y,4.28,2017-12-13,39,[39],detail_return_table_cross_validated,1.0,수수료미징구- 오프라인-기관 2017.12.13 (C-F) 수수료미징구- 오프라인-기관 (C-F) 4.69 5.12 4.28 3.20 2.98
FUND000083,KR5123420049,CLASS000973,C-F,class_return,5Y,3.20,2017-12-13,39,[39],detail_return_table_cross_validated,1.0,수수료미징구- 오프라인-기관 2017.12.13 (C-F) 수수료미징구- 오프라인-기관 (C-F) 4.69 5.12 4.28 3.20 2.98
FUND000083,KR5123420049,CLASS000973,C-F,class_return,SINCE_INCEPTION,2.98,2017-12-13,39,[39],detail_return_table_cross_validated,1.0,수수료미징구- 오프라인-기관 2017.12.13 (C-F) 수수료미징구- 오프라인-기관 (C-F) 4.69 5.12 4.28 3.20 2.98
FUND000083,KR5123420049,CLASS000972,C-I,class_return,SINCE_INCEPTION,4.39,,39,[39],detail_return_table_cross_validated,1.0,오프라인-고액 4.39
FUND000083,KR5123420049,CLASS000975,C-P,class_return,1Y,4.48,2017-12-21,40,[40],detail_return_table_cross_validated,1.0,수수료미징구- 오프라인-개인 2017.12.21 연금 (C-P) 수수료미징구- 오프라인-개인 연금 (C-P) 4.48 4.92 4.08 3.00 2.78
FUND000083,KR5123420049,CLASS000975,C-P,class_return,2Y,4.92,2017-12-21,40,[40],detail_return_table_cross_validated,1.0,수수료미징구- 오프라인-개인 2017.12.21 연금 (C-P) 수수료미징구- 오프라인-개인 연금 (C-P) 4.48 4.92 4.08 3.00 2.78
FUND000083,KR5123420049,CLASS000975,C-P,class_return,3Y,4.08,2017-12-21,40,[40],detail_return_table_cross_validated,1.0,수수료미징구- 오프라인-개인 2017.12.21 연금 (C-P) 수수료미징구- 오프라인-개인 연금 (C-P) 4.48 4.92 4.08 3.00 2.78
FUND000083,KR5123420049,CLASS000975,C-P,class_return,5Y,3.00,2017-12-21,40,[40],detail_return_table_cross_validated,1.0,수수료미징구- 오프라인-개인 2017.12.21 연금 (C-P) 수수료미징구- 오프라인-개인 연금 (C-P) 4.48 4.92 4.08 3.00 2.78
FUND000083,KR5123420049,CLASS000975,C-P,class_return,SINCE_INCEPTION,2.78,2017-12-21,40,[40],detail_return_table_cross_validated,1.0,수수료미징구- 오프라인-개인 2017.12.21 연금 (C-P) 수수료미징구- 오프라인-개인 연금 (C-P) 4.48 4.92 4.08 3.00 2.78
FUND000083,KR5123420049,CLASS000978,C-Pe,class_return,1Y,4.60,2017-12-15,40,[40],detail_return_table_cross_validated,1.0,수수료미징구- 온라인-개인연 2017.12.15 금 (C-Pe) 수수료미징구- 온라인-개인연 금 (C-Pe) 4.60 5.03 4.19 3.11 2.89
FUND000083,KR5123420049,CLASS000978,C-Pe,class_return,2Y,5.03,2017-12-15,40,[40],detail_return_table_cross_validated,1.0,수수료미징구- 온라인-개인연 2017.12.15 금 (C-Pe) 수수료미징구- 온라인-개인연 금 (C-Pe) 4.60 5.03 4.19 3.11 2.89
FUND000083,KR5123420049,CLASS000978,C-Pe,class_return,3Y,4.19,2017-12-15,40,[40],detail_return_table_cross_validated,1.0,수수료미징구- 온라인-개인연 2017.12.15 금 (C-Pe) 수수료미징구- 온라인-개인연 금 (C-Pe) 4.60 5.03 4.19 3.11 2.89
FUND000083,KR5123420049,CLASS000978,C-Pe,class_return,5Y,3.11,2017-12-15,40,[40],detail_return_table_cross_validated,1.0,수수료미징구- 온라인-개인연 2017.12.15 금 (C-Pe) 수수료미징구- 온라인-개인연 금 (C-Pe) 4.60 5.03 4.19 3.11 2.89
FUND000083,KR5123420049,CLASS000978,C-Pe,class_return,SINCE_INCEPTION,2.89,2017-12-15,40,[40],detail_return_table_cross_validated,1.0,수수료미징구- 온라인-개인연 2017.12.15 금 (C-Pe) 수수료미징구- 온라인-개인연 금 (C-Pe) 4.60 5.03 4.19 3.11 2.89
FUND000083,KR5123420049,CLASS000977,S,class_return,1Y,4.63,,40,[40],detail_return_table_cross_validated,1.0,4.63 4.84
FUND000083,KR5123420049,CLASS000977,S,class_return,SINCE_INCEPTION,4.84,,40,[40],detail_return_table_cross_validated,1.0,4.63 4.84
FUND000084,KR5123490013,CLASS000982,A1,class_return,1Y,-5.19,2012-04-09,5,"[5,49]",coordinate_reconstruction,1.0,2012.04.09 -5.19 4.66 2.20 6.33 3.42
FUND000084,KR5123490013,CLASS000982,A1,class_return,2Y,4.66,2012-04-09,5,"[5,49]",coordinate_reconstruction,1.0,2012.04.09 -5.19 4.66 2.20 6.33 3.42
FUND000084,KR5123490013,CLASS000982,A1,class_return,3Y,2.20,2012-04-09,5,"[5,49]",coordinate_reconstruction,1.0,2012.04.09 -5.19 4.66 2.20 6.33 3.42
FUND000084,KR5123490013,CLASS000982,A1,class_return,5Y,6.33,2012-04-09,5,"[5,49]",coordinate_reconstruction,1.0,2012.04.09 -5.19 4.66 2.20 6.33 3.42
FUND000084,KR5123490013,CLASS000982,A1,class_return,SINCE_INCEPTION,3.42,2012-04-09,5,"[5,49]",coordinate_reconstruction,1.0,2012.04.09 -5.19 4.66 2.20 6.33 3.42
FUND000084,KR5123490013,CLASS000983,Ae,class_return,1Y,-5.00,2012-04-09,5,"[5,49]",coordinate_reconstruction,1.0,2012.04.09 -5.00 4.87 2.41 6.55 3.67
FUND000084,KR5123490013,CLASS000983,Ae,class_return,2Y,4.87,2012-04-09,5,"[5,49]",coordinate_reconstruction,1.0,2012.04.09 -5.00 4.87 2.41 6.55 3.67
FUND000084,KR5123490013,CLASS000983,Ae,class_return,3Y,2.41,2012-04-09,5,"[5,49]",coordinate_reconstruction,1.0,2012.04.09 -5.00 4.87 2.41 6.55 3.67
FUND000084,KR5123490013,CLASS000983,Ae,class_return,5Y,6.55,2012-04-09,5,"[5,49]",coordinate_reconstruction,1.0,2012.04.09 -5.00 4.87 2.41 6.55 3.67
FUND000084,KR5123490013,CLASS000983,Ae,class_return,SINCE_INCEPTION,3.67,2012-04-09,5,"[5,49]",coordinate_reconstruction,1.0,2012.04.09 -5.00 4.87 2.41 6.55 3.67
FUND000084,KR5123490013,CLASS000984,C1,class_return,1Y,-5.58,2012-04-09,6,"[6,49]",coordinate_reconstruction,1.0,2012.04.09 -5.58 4.25 1.79 5.91 3.03
FUND000084,KR5123490013,CLASS000984,C1,class_return,2Y,4.25,2012-04-09,6,"[6,49]",coordinate_reconstruction,1.0,2012.04.09 -5.58 4.25 1.79 5.91 3.03
FUND000084,KR5123490013,CLASS000984,C1,class_return,3Y,1.79,2012-04-09,6,"[6,49]",coordinate_reconstruction,1.0,2012.04.09 -5.58 4.25 1.79 5.91 3.03
FUND000084,KR5123490013,CLASS000984,C1,class_return,5Y,5.91,2012-04-09,6,"[6,49]",coordinate_reconstruction,1.0,2012.04.09 -5.58 4.25 1.79 5.91 3.03
FUND000084,KR5123490013,CLASS000984,C1,class_return,SINCE_INCEPTION,3.03,2012-04-09,6,"[6,49]",coordinate_reconstruction,1.0,2012.04.09 -5.58 4.25 1.79 5.91 3.03
FUND000084,KR5123490013,CLASS000985,Ce,class_return,1Y,-5.19,2012-04-09,6,"[6,49]",coordinate_reconstruction,1.0,2012.04.09 -5.19 4.66 2.20 6.33 3.45
FUND000084,KR5123490013,CLASS000985,Ce,class_return,2Y,4.66,2012-04-09,6,"[6,49]",coordinate_reconstruction,1.0,2012.04.09 -5.19 4.66 2.20 6.33 3.45
FUND000084,KR5123490013,CLASS000985,Ce,class_return,3Y,2.20,2012-04-09,6,"[6,49]",coordinate_reconstruction,1.0,2012.04.09 -5.19 4.66 2.20 6.33 3.45
FUND000084,KR5123490013,CLASS000985,Ce,class_return,5Y,6.33,2012-04-09,6,"[6,49]",coordinate_reconstruction,1.0,2012.04.09 -5.19 4.66 2.20 6.33 3.45
FUND000084,KR5123490013,CLASS000985,Ce,class_return,SINCE_INCEPTION,3.45,2012-04-09,6,"[6,49]",coordinate_reconstruction,1.0,2012.04.09 -5.19 4.66 2.20 6.33 3.45
FUND000084,KR5123490013,,,benchmark,1Y,-,,6,[6],coordinate_reconstruction,1.0,비교지수 - - - - - -
FUND000084,KR5123490013,,,benchmark,2Y,-,,6,[6],coordinate_reconstruction,1.0,비교지수 - - - - - -
FUND000084,KR5123490013,,,benchmark,3Y,-,,6,[6],coordinate_reconstruction,1.0,비교지수 - - - - - -
FUND000084,KR5123490013,,,benchmark,5Y,-,,6,[6],coordinate_reconstruction,1.0,비교지수 - - - - - -
FUND000084,KR5123490013,,,benchmark,SINCE_INCEPTION,-,,6,[6],coordinate_reconstruction,1.0,비교지수 - - - - - -
FUND000084,KR5123490013,,,volatility,1Y,21.85,2012-04-09,6,[6],coordinate_reconstruction,1.0,수익률변동성 2012.04.09 21.85 18.99 18.29 17.04 15.07
FUND000084,KR5123490013,,,volatility,2Y,18.99,2012-04-09,6,[6],coordinate_reconstruction,1.0,수익률변동성 2012.04.09 21.85 18.99 18.29 17.04 15.07
FUND000084,KR5123490013,,,volatility,3Y,18.29,2012-04-09,6,[6],coordinate_reconstruction,1.0,수익률변동성 2012.04.09 21.85 18.99 18.29 17.04 15.07
FUND000084,KR5123490013,,,volatility,5Y,17.04,2012-04-09,6,[6],coordinate_reconstruction,1.0,수익률변동성 2012.04.09 21.85 18.99 18.29 17.04 15.07
FUND000084,KR5123490013,,,volatility,SINCE_INCEPTION,15.07,2012-04-09,6,[6],coordinate_reconstruction,1.0,수익률변동성 2012.04.09 21.85 18.99 18.29 17.04 15.07
FUND000084,KR5123490013,CLASS000987,C-W,class_return,1Y,-4.90,2012-04-19,49,[49],detail_return_table_cross_validated,1.0,수수료미징구- 오프라인-랩 (C-W) 수수료미징구- 오프라인-랩 (C-W) -4.90 4.98 2.52 6.66 3.76
FUND000084,KR5123490013,CLASS000987,C-W,class_return,2Y,4.98,2012-04-19,49,[49],detail_return_table_cross_validated,1.0,수수료미징구- 오프라인-랩 (C-W) 수수료미징구- 오프라인-랩 (C-W) -4.90 4.98 2.52 6.66 3.76
FUND000084,KR5123490013,CLASS000987,C-W,class_return,3Y,2.52,2012-04-19,49,[49],detail_return_table_cross_validated,1.0,수수료미징구- 오프라인-랩 (C-W) 수수료미징구- 오프라인-랩 (C-W) -4.90 4.98 2.52 6.66 3.76
FUND000084,KR5123490013,CLASS000987,C-W,class_return,5Y,6.66,2012-04-19,49,[49],detail_return_table_cross_validated,1.0,수수료미징구- 오프라인-랩 (C-W) 수수료미징구- 오프라인-랩 (C-W) -4.90 4.98 2.52 6.66 3.76
FUND000084,KR5123490013,CLASS000987,C-W,class_return,SINCE_INCEPTION,3.76,2012-04-19,49,[49],detail_return_table_cross_validated,1.0,수수료미징구- 오프라인-랩 (C-W) 수수료미징구- 오프라인-랩 (C-W) -4.90 4.98 2.52 6.66 3.76
FUND000084,KR5123490013,CLASS000988,C-P,class_return,1Y,-5.29,2013-12-02,50,[50],detail_return_table_cross_validated,1.0,수수료미징구- 오프라인-개인 연금 (C-P) 수수료미징구- 오프라인-개인 연금 (C-P) -5.29 4.56 2.10 6.23 2.91
FUND000084,KR5123490013,CLASS000988,C-P,class_return,2Y,4.56,2013-12-02,50,[50],detail_return_table_cross_validated,1.0,수수료미징구- 오프라인-개인 연금 (C-P) 수수료미징구- 오프라인-개인 연금 (C-P) -5.29 4.56 2.10 6.23 2.91
FUND000084,KR5123490013,CLASS000988,C-P,class_return,3Y,2.10,2013-12-02,50,[50],detail_return_table_cross_validated,1.0,수수료미징구- 오프라인-개인 연금 (C-P) 수수료미징구- 오프라인-개인 연금 (C-P) -5.29 4.56 2.10 6.23 2.91
FUND000084,KR5123490013,CLASS000988,C-P,class_return,5Y,6.23,2013-12-02,50,[50],detail_return_table_cross_validated,1.0,수수료미징구- 오프라인-개인 연금 (C-P) 수수료미징구- 오프라인-개인 연금 (C-P) -5.29 4.56 2.10 6.23 2.91
FUND000084,KR5123490013,CLASS000988,C-P,class_return,SINCE_INCEPTION,2.91,2013-12-02,50,[50],detail_return_table_cross_validated,1.0,수수료미징구- 오프라인-개인 연금 (C-P) 수수료미징구- 오프라인-개인 연금 (C-P) -5.29 4.56 2.10 6.23 2.91
FUND000084,KR5123490013,CLASS000989,S,class_return,1Y,-5.00,2014-04-22,50,[50],detail_return_table_cross_validated,1.0,수수료후취-온 라인슈퍼(S) 수수료후취-온 라인슈퍼(S) -5.00 4.87 2.41 6.55 3.32
FUND000084,KR5123490013,CLASS000989,S,class_return,2Y,4.87,2014-04-22,50,[50],detail_return_table_cross_validated,1.0,수수료후취-온 라인슈퍼(S) 수수료후취-온 라인슈퍼(S) -5.00 4.87 2.41 6.55 3.32
FUND000084,KR5123490013,CLASS000989,S,class_return,3Y,2.41,2014-04-22,50,[50],detail_return_table_cross_validated,1.0,수수료후취-온 라인슈퍼(S) 수수료후취-온 라인슈퍼(S) -5.00 4.87 2.41 6.55 3.32
FUND000084,KR5123490013,CLASS000989,S,class_return,5Y,6.55,2014-04-22,50,[50],detail_return_table_cross_validated,1.0,수수료후취-온 라인슈퍼(S) 수수료후취-온 라인슈퍼(S) -5.00 4.87 2.41 6.55 3.32
FUND000084,KR5123490013,CLASS000989,S,class_return,SINCE_INCEPTION,3.32,2014-04-22,50,[50],detail_return_table_cross_validated,1.0,수수료후취-온 라인슈퍼(S) 수수료후취-온 라인슈퍼(S) -5.00 4.87 2.41 6.55 3.32
FUND000084,KR5123490013,CLASS000991,C-Pe,class_return,1Y,-5.05,2017-09-04,50,[50],detail_return_table_cross_validated,1.0,수수료미징구- 온라인-개인연 금 (C-Pe) 수수료미징구- 온라인-개인연 금 (C-Pe) -5.05 4.82 2.36 6.49 2.05
FUND000084,KR5123490013,CLASS000991,C-Pe,class_return,2Y,4.82,2017-09-04,50,[50],detail_return_table_cross_validated,1.0,수수료미징구- 온라인-개인연 금 (C-Pe) 수수료미징구- 온라인-개인연 금 (C-Pe) -5.05 4.82 2.36 6.49 2.05
FUND000084,KR5123490013,CLASS000991,C-Pe,class_return,3Y,2.36,2017-09-04,50,[50],detail_return_table_cross_validated,1.0,수수료미징구- 온라인-개인연 금 (C-Pe) 수수료미징구- 온라인-개인연 금 (C-Pe) -5.05 4.82 2.36 6.49 2.05
FUND000084,KR5123490013,CLASS000991,C-Pe,class_return,5Y,6.49,2017-09-04,50,[50],detail_return_table_cross_validated,1.0,수수료미징구- 온라인-개인연 금 (C-Pe) 수수료미징구- 온라인-개인연 금 (C-Pe) -5.05 4.82 2.36 6.49 2.05
FUND000084,KR5123490013,CLASS000991,C-Pe,class_return,SINCE_INCEPTION,2.05,2017-09-04,50,[50],detail_return_table_cross_validated,1.0,수수료미징구- 온라인-개인연 금 (C-Pe) 수수료미징구- 온라인-개인연 금 (C-Pe) -5.05 4.82 2.36 6.49 2.05
FUND000084,KR5123490016,CLASS000982,A1,class_return,1Y,-5.19,2012-04-09,5,"[5,49]",coordinate_reconstruction,1.0,2012.04.09 -5.19 4.66 2.20 6.33 3.42
FUND000084,KR5123490016,CLASS000982,A1,class_return,2Y,4.66,2012-04-09,5,"[5,49]",coordinate_reconstruction,1.0,2012.04.09 -5.19 4.66 2.20 6.33 3.42
FUND000084,KR5123490016,CLASS000982,A1,class_return,3Y,2.20,2012-04-09,5,"[5,49]",coordinate_reconstruction,1.0,2012.04.09 -5.19 4.66 2.20 6.33 3.42
FUND000084,KR5123490016,CLASS000982,A1,class_return,5Y,6.33,2012-04-09,5,"[5,49]",coordinate_reconstruction,1.0,2012.04.09 -5.19 4.66 2.20 6.33 3.42
FUND000084,KR5123490016,CLASS000982,A1,class_return,SINCE_INCEPTION,3.42,2012-04-09,5,"[5,49]",coordinate_reconstruction,1.0,2012.04.09 -5.19 4.66 2.20 6.33 3.42
FUND000084,KR5123490016,CLASS000983,Ae,class_return,1Y,-5.00,2012-04-09,5,"[5,49]",coordinate_reconstruction,1.0,2012.04.09 -5.00 4.87 2.41 6.55 3.67
FUND000084,KR5123490016,CLASS000983,Ae,class_return,2Y,4.87,2012-04-09,5,"[5,49]",coordinate_reconstruction,1.0,2012.04.09 -5.00 4.87 2.41 6.55 3.67
FUND000084,KR5123490016,CLASS000983,Ae,class_return,3Y,2.41,2012-04-09,5,"[5,49]",coordinate_reconstruction,1.0,2012.04.09 -5.00 4.87 2.41 6.55 3.67
FUND000084,KR5123490016,CLASS000983,Ae,class_return,5Y,6.55,2012-04-09,5,"[5,49]",coordinate_reconstruction,1.0,2012.04.09 -5.00 4.87 2.41 6.55 3.67
FUND000084,KR5123490016,CLASS000983,Ae,class_return,SINCE_INCEPTION,3.67,2012-04-09,5,"[5,49]",coordinate_reconstruction,1.0,2012.04.09 -5.00 4.87 2.41 6.55 3.67
FUND000084,KR5123490016,CLASS000984,C1,class_return,1Y,-5.58,2012-04-09,6,"[6,49]",coordinate_reconstruction,1.0,2012.04.09 -5.58 4.25 1.79 5.91 3.03
FUND000084,KR5123490016,CLASS000984,C1,class_return,2Y,4.25,2012-04-09,6,"[6,49]",coordinate_reconstruction,1.0,2012.04.09 -5.58 4.25 1.79 5.91 3.03
FUND000084,KR5123490016,CLASS000984,C1,class_return,3Y,1.79,2012-04-09,6,"[6,49]",coordinate_reconstruction,1.0,2012.04.09 -5.58 4.25 1.79 5.91 3.03
FUND000084,KR5123490016,CLASS000984,C1,class_return,5Y,5.91,2012-04-09,6,"[6,49]",coordinate_reconstruction,1.0,2012.04.09 -5.58 4.25 1.79 5.91 3.03
FUND000084,KR5123490016,CLASS000984,C1,class_return,SINCE_INCEPTION,3.03,2012-04-09,6,"[6,49]",coordinate_reconstruction,1.0,2012.04.09 -5.58 4.25 1.79 5.91 3.03
FUND000084,KR5123490016,CLASS000985,Ce,class_return,1Y,-5.19,2012-04-09,6,"[6,49]",coordinate_reconstruction,1.0,2012.04.09 -5.19 4.66 2.20 6.33 3.45
FUND000084,KR5123490016,CLASS000985,Ce,class_return,2Y,4.66,2012-04-09,6,"[6,49]",coordinate_reconstruction,1.0,2012.04.09 -5.19 4.66 2.20 6.33 3.45
FUND000084,KR5123490016,CLASS000985,Ce,class_return,3Y,2.20,2012-04-09,6,"[6,49]",coordinate_reconstruction,1.0,2012.04.09 -5.19 4.66 2.20 6.33 3.45
FUND000084,KR5123490016,CLASS000985,Ce,class_return,5Y,6.33,2012-04-09,6,"[6,49]",coordinate_reconstruction,1.0,2012.04.09 -5.19 4.66 2.20 6.33 3.45
FUND000084,KR5123490016,CLASS000985,Ce,class_return,SINCE_INCEPTION,3.45,2012-04-09,6,"[6,49]",coordinate_reconstruction,1.0,2012.04.09 -5.19 4.66 2.20 6.33 3.45
FUND000084,KR5123490016,,,benchmark,1Y,-,,6,[6],coordinate_reconstruction,1.0,비교지수 - - - - - -
FUND000084,KR5123490016,,,benchmark,2Y,-,,6,[6],coordinate_reconstruction,1.0,비교지수 - - - - - -
FUND000084,KR5123490016,,,benchmark,3Y,-,,6,[6],coordinate_reconstruction,1.0,비교지수 - - - - - -
FUND000084,KR5123490016,,,benchmark,5Y,-,,6,[6],coordinate_reconstruction,1.0,비교지수 - - - - - -
FUND000084,KR5123490016,,,benchmark,SINCE_INCEPTION,-,,6,[6],coordinate_reconstruction,1.0,비교지수 - - - - - -
FUND000084,KR5123490016,,,volatility,1Y,21.85,2012-04-09,6,[6],coordinate_reconstruction,1.0,수익률변동성 2012.04.09 21.85 18.99 18.29 17.04 15.07
FUND000084,KR5123490016,,,volatility,2Y,18.99,2012-04-09,6,[6],coordinate_reconstruction,1.0,수익률변동성 2012.04.09 21.85 18.99 18.29 17.04 15.07
FUND000084,KR5123490016,,,volatility,3Y,18.29,2012-04-09,6,[6],coordinate_reconstruction,1.0,수익률변동성 2012.04.09 21.85 18.99 18.29 17.04 15.07
FUND000084,KR5123490016,,,volatility,5Y,17.04,2012-04-09,6,[6],coordinate_reconstruction,1.0,수익률변동성 2012.04.09 21.85 18.99 18.29 17.04 15.07
FUND000084,KR5123490016,,,volatility,SINCE_INCEPTION,15.07,2012-04-09,6,[6],coordinate_reconstruction,1.0,수익률변동성 2012.04.09 21.85 18.99 18.29 17.04 15.07
FUND000084,KR5123490016,CLASS000987,C-W,class_return,1Y,-4.90,2012-04-19,49,[49],detail_return_table_cross_validated,1.0,수수료미징구- 오프라인-랩 (C-W) 수수료미징구- 오프라인-랩 (C-W) -4.90 4.98 2.52 6.66 3.76
FUND000084,KR5123490016,CLASS000987,C-W,class_return,2Y,4.98,2012-04-19,49,[49],detail_return_table_cross_validated,1.0,수수료미징구- 오프라인-랩 (C-W) 수수료미징구- 오프라인-랩 (C-W) -4.90 4.98 2.52 6.66 3.76
FUND000084,KR5123490016,CLASS000987,C-W,class_return,3Y,2.52,2012-04-19,49,[49],detail_return_table_cross_validated,1.0,수수료미징구- 오프라인-랩 (C-W) 수수료미징구- 오프라인-랩 (C-W) -4.90 4.98 2.52 6.66 3.76
FUND000084,KR5123490016,CLASS000987,C-W,class_return,5Y,6.66,2012-04-19,49,[49],detail_return_table_cross_validated,1.0,수수료미징구- 오프라인-랩 (C-W) 수수료미징구- 오프라인-랩 (C-W) -4.90 4.98 2.52 6.66 3.76
FUND000084,KR5123490016,CLASS000987,C-W,class_return,SINCE_INCEPTION,3.76,2012-04-19,49,[49],detail_return_table_cross_validated,1.0,수수료미징구- 오프라인-랩 (C-W) 수수료미징구- 오프라인-랩 (C-W) -4.90 4.98 2.52 6.66 3.76
FUND000084,KR5123490016,CLASS000988,C-P,class_return,1Y,-5.29,2013-12-02,50,[50],detail_return_table_cross_validated,1.0,수수료미징구- 오프라인-개인 연금 (C-P) 수수료미징구- 오프라인-개인 연금 (C-P) -5.29 4.56 2.10 6.23 2.91
FUND000084,KR5123490016,CLASS000988,C-P,class_return,2Y,4.56,2013-12-02,50,[50],detail_return_table_cross_validated,1.0,수수료미징구- 오프라인-개인 연금 (C-P) 수수료미징구- 오프라인-개인 연금 (C-P) -5.29 4.56 2.10 6.23 2.91
FUND000084,KR5123490016,CLASS000988,C-P,class_return,3Y,2.10,2013-12-02,50,[50],detail_return_table_cross_validated,1.0,수수료미징구- 오프라인-개인 연금 (C-P) 수수료미징구- 오프라인-개인 연금 (C-P) -5.29 4.56 2.10 6.23 2.91
FUND000084,KR5123490016,CLASS000988,C-P,class_return,5Y,6.23,2013-12-02,50,[50],detail_return_table_cross_validated,1.0,수수료미징구- 오프라인-개인 연금 (C-P) 수수료미징구- 오프라인-개인 연금 (C-P) -5.29 4.56 2.10 6.23 2.91
FUND000084,KR5123490016,CLASS000988,C-P,class_return,SINCE_INCEPTION,2.91,2013-12-02,50,[50],detail_return_table_cross_validated,1.0,수수료미징구- 오프라인-개인 연금 (C-P) 수수료미징구- 오프라인-개인 연금 (C-P) -5.29 4.56 2.10 6.23 2.91
FUND000084,KR5123490016,CLASS000989,S,class_return,1Y,-5.00,2014-04-22,50,[50],detail_return_table_cross_validated,1.0,수수료후취-온 라인슈퍼(S) 수수료후취-온 라인슈퍼(S) -5.00 4.87 2.41 6.55 3.32
FUND000084,KR5123490016,CLASS000989,S,class_return,2Y,4.87,2014-04-22,50,[50],detail_return_table_cross_validated,1.0,수수료후취-온 라인슈퍼(S) 수수료후취-온 라인슈퍼(S) -5.00 4.87 2.41 6.55 3.32
FUND000084,KR5123490016,CLASS000989,S,class_return,3Y,2.41,2014-04-22,50,[50],detail_return_table_cross_validated,1.0,수수료후취-온 라인슈퍼(S) 수수료후취-온 라인슈퍼(S) -5.00 4.87 2.41 6.55 3.32
FUND000084,KR5123490016,CLASS000989,S,class_return,5Y,6.55,2014-04-22,50,[50],detail_return_table_cross_validated,1.0,수수료후취-온 라인슈퍼(S) 수수료후취-온 라인슈퍼(S) -5.00 4.87 2.41 6.55 3.32
FUND000084,KR5123490016,CLASS000989,S,class_return,SINCE_INCEPTION,3.32,2014-04-22,50,[50],detail_return_table_cross_validated,1.0,수수료후취-온 라인슈퍼(S) 수수료후취-온 라인슈퍼(S) -5.00 4.87 2.41 6.55 3.32
FUND000084,KR5123490016,CLASS000991,C-Pe,class_return,1Y,-5.05,2017-09-04,50,[50],detail_return_table_cross_validated,1.0,수수료미징구- 온라인-개인연 금 (C-Pe) 수수료미징구- 온라인-개인연 금 (C-Pe) -5.05 4.82 2.36 6.49 2.05
FUND000084,KR5123490016,CLASS000991,C-Pe,class_return,2Y,4.82,2017-09-04,50,[50],detail_return_table_cross_validated,1.0,수수료미징구- 온라인-개인연 금 (C-Pe) 수수료미징구- 온라인-개인연 금 (C-Pe) -5.05 4.82 2.36 6.49 2.05
FUND000084,KR5123490016,CLASS000991,C-Pe,class_return,3Y,2.36,2017-09-04,50,[50],detail_return_table_cross_validated,1.0,수수료미징구- 온라인-개인연 금 (C-Pe) 수수료미징구- 온라인-개인연 금 (C-Pe) -5.05 4.82 2.36 6.49 2.05
FUND000084,KR5123490016,CLASS000991,C-Pe,class_return,5Y,6.49,2017-09-04,50,[50],detail_return_table_cross_validated,1.0,수수료미징구- 온라인-개인연 금 (C-Pe) 수수료미징구- 온라인-개인연 금 (C-Pe) -5.05 4.82 2.36 6.49 2.05
FUND000084,KR5123490016,CLASS000991,C-Pe,class_return,SINCE_INCEPTION,2.05,2017-09-04,50,[50],detail_return_table_cross_validated,1.0,수수료미징구- 온라인-개인연 금 (C-Pe) 수수료미징구- 온라인-개인연 금 (C-Pe) -5.05 4.82 2.36 6.49 2.05
FUND000084,KR5123490017,CLASS000982,A1,class_return,1Y,-5.19,2012-04-09,5,"[5,49]",coordinate_reconstruction,1.0,2012.04.09 -5.19 4.66 2.20 6.33 3.42
FUND000084,KR5123490017,CLASS000982,A1,class_return,2Y,4.66,2012-04-09,5,"[5,49]",coordinate_reconstruction,1.0,2012.04.09 -5.19 4.66 2.20 6.33 3.42
FUND000084,KR5123490017,CLASS000982,A1,class_return,3Y,2.20,2012-04-09,5,"[5,49]",coordinate_reconstruction,1.0,2012.04.09 -5.19 4.66 2.20 6.33 3.42
FUND000084,KR5123490017,CLASS000982,A1,class_return,5Y,6.33,2012-04-09,5,"[5,49]",coordinate_reconstruction,1.0,2012.04.09 -5.19 4.66 2.20 6.33 3.42
FUND000084,KR5123490017,CLASS000982,A1,class_return,SINCE_INCEPTION,3.42,2012-04-09,5,"[5,49]",coordinate_reconstruction,1.0,2012.04.09 -5.19 4.66 2.20 6.33 3.42
FUND000084,KR5123490017,CLASS000983,Ae,class_return,1Y,-5.00,2012-04-09,5,"[5,49]",coordinate_reconstruction,1.0,2012.04.09 -5.00 4.87 2.41 6.55 3.67
FUND000084,KR5123490017,CLASS000983,Ae,class_return,2Y,4.87,2012-04-09,5,"[5,49]",coordinate_reconstruction,1.0,2012.04.09 -5.00 4.87 2.41 6.55 3.67
FUND000084,KR5123490017,CLASS000983,Ae,class_return,3Y,2.41,2012-04-09,5,"[5,49]",coordinate_reconstruction,1.0,2012.04.09 -5.00 4.87 2.41 6.55 3.67
FUND000084,KR5123490017,CLASS000983,Ae,class_return,5Y,6.55,2012-04-09,5,"[5,49]",coordinate_reconstruction,1.0,2012.04.09 -5.00 4.87 2.41 6.55 3.67
FUND000084,KR5123490017,CLASS000983,Ae,class_return,SINCE_INCEPTION,3.67,2012-04-09,5,"[5,49]",coordinate_reconstruction,1.0,2012.04.09 -5.00 4.87 2.41 6.55 3.67
FUND000084,KR5123490017,CLASS000984,C1,class_return,1Y,-5.58,2012-04-09,6,"[6,49]",coordinate_reconstruction,1.0,2012.04.09 -5.58 4.25 1.79 5.91 3.03
FUND000084,KR5123490017,CLASS000984,C1,class_return,2Y,4.25,2012-04-09,6,"[6,49]",coordinate_reconstruction,1.0,2012.04.09 -5.58 4.25 1.79 5.91 3.03
FUND000084,KR5123490017,CLASS000984,C1,class_return,3Y,1.79,2012-04-09,6,"[6,49]",coordinate_reconstruction,1.0,2012.04.09 -5.58 4.25 1.79 5.91 3.03
FUND000084,KR5123490017,CLASS000984,C1,class_return,5Y,5.91,2012-04-09,6,"[6,49]",coordinate_reconstruction,1.0,2012.04.09 -5.58 4.25 1.79 5.91 3.03
FUND000084,KR5123490017,CLASS000984,C1,class_return,SINCE_INCEPTION,3.03,2012-04-09,6,"[6,49]",coordinate_reconstruction,1.0,2012.04.09 -5.58 4.25 1.79 5.91 3.03
FUND000084,KR5123490017,CLASS000985,Ce,class_return,1Y,-5.19,2012-04-09,6,"[6,49]",coordinate_reconstruction,1.0,2012.04.09 -5.19 4.66 2.20 6.33 3.45
FUND000084,KR5123490017,CLASS000985,Ce,class_return,2Y,4.66,2012-04-09,6,"[6,49]",coordinate_reconstruction,1.0,2012.04.09 -5.19 4.66 2.20 6.33 3.45
FUND000084,KR5123490017,CLASS000985,Ce,class_return,3Y,2.20,2012-04-09,6,"[6,49]",coordinate_reconstruction,1.0,2012.04.09 -5.19 4.66 2.20 6.33 3.45
FUND000084,KR5123490017,CLASS000985,Ce,class_return,5Y,6.33,2012-04-09,6,"[6,49]",coordinate_reconstruction,1.0,2012.04.09 -5.19 4.66 2.20 6.33 3.45
FUND000084,KR5123490017,CLASS000985,Ce,class_return,SINCE_INCEPTION,3.45,2012-04-09,6,"[6,49]",coordinate_reconstruction,1.0,2012.04.09 -5.19 4.66 2.20 6.33 3.45
FUND000084,KR5123490017,,,benchmark,1Y,-,,6,[6],coordinate_reconstruction,1.0,비교지수 - - - - - -
FUND000084,KR5123490017,,,benchmark,2Y,-,,6,[6],coordinate_reconstruction,1.0,비교지수 - - - - - -
FUND000084,KR5123490017,,,benchmark,3Y,-,,6,[6],coordinate_reconstruction,1.0,비교지수 - - - - - -
FUND000084,KR5123490017,,,benchmark,5Y,-,,6,[6],coordinate_reconstruction,1.0,비교지수 - - - - - -
FUND000084,KR5123490017,,,benchmark,SINCE_INCEPTION,-,,6,[6],coordinate_reconstruction,1.0,비교지수 - - - - - -
FUND000084,KR5123490017,,,volatility,1Y,21.85,2012-04-09,6,[6],coordinate_reconstruction,1.0,수익률변동성 2012.04.09 21.85 18.99 18.29 17.04 15.07
FUND000084,KR5123490017,,,volatility,2Y,18.99,2012-04-09,6,[6],coordinate_reconstruction,1.0,수익률변동성 2012.04.09 21.85 18.99 18.29 17.04 15.07
FUND000084,KR5123490017,,,volatility,3Y,18.29,2012-04-09,6,[6],coordinate_reconstruction,1.0,수익률변동성 2012.04.09 21.85 18.99 18.29 17.04 15.07
FUND000084,KR5123490017,,,volatility,5Y,17.04,2012-04-09,6,[6],coordinate_reconstruction,1.0,수익률변동성 2012.04.09 21.85 18.99 18.29 17.04 15.07
FUND000084,KR5123490017,,,volatility,SINCE_INCEPTION,15.07,2012-04-09,6,[6],coordinate_reconstruction,1.0,수익률변동성 2012.04.09 21.85 18.99 18.29 17.04 15.07
FUND000084,KR5123490017,CLASS000987,C-W,class_return,1Y,-4.90,2012-04-19,49,[49],detail_return_table_cross_validated,1.0,수수료미징구- 오프라인-랩 (C-W) 수수료미징구- 오프라인-랩 (C-W) -4.90 4.98 2.52 6.66 3.76
FUND000084,KR5123490017,CLASS000987,C-W,class_return,2Y,4.98,2012-04-19,49,[49],detail_return_table_cross_validated,1.0,수수료미징구- 오프라인-랩 (C-W) 수수료미징구- 오프라인-랩 (C-W) -4.90 4.98 2.52 6.66 3.76
FUND000084,KR5123490017,CLASS000987,C-W,class_return,3Y,2.52,2012-04-19,49,[49],detail_return_table_cross_validated,1.0,수수료미징구- 오프라인-랩 (C-W) 수수료미징구- 오프라인-랩 (C-W) -4.90 4.98 2.52 6.66 3.76
FUND000084,KR5123490017,CLASS000987,C-W,class_return,5Y,6.66,2012-04-19,49,[49],detail_return_table_cross_validated,1.0,수수료미징구- 오프라인-랩 (C-W) 수수료미징구- 오프라인-랩 (C-W) -4.90 4.98 2.52 6.66 3.76
FUND000084,KR5123490017,CLASS000987,C-W,class_return,SINCE_INCEPTION,3.76,2012-04-19,49,[49],detail_return_table_cross_validated,1.0,수수료미징구- 오프라인-랩 (C-W) 수수료미징구- 오프라인-랩 (C-W) -4.90 4.98 2.52 6.66 3.76
FUND000084,KR5123490017,CLASS000988,C-P,class_return,1Y,-5.29,2013-12-02,50,[50],detail_return_table_cross_validated,1.0,수수료미징구- 오프라인-개인 연금 (C-P) 수수료미징구- 오프라인-개인 연금 (C-P) -5.29 4.56 2.10 6.23 2.91
FUND000084,KR5123490017,CLASS000988,C-P,class_return,2Y,4.56,2013-12-02,50,[50],detail_return_table_cross_validated,1.0,수수료미징구- 오프라인-개인 연금 (C-P) 수수료미징구- 오프라인-개인 연금 (C-P) -5.29 4.56 2.10 6.23 2.91
FUND000084,KR5123490017,CLASS000988,C-P,class_return,3Y,2.10,2013-12-02,50,[50],detail_return_table_cross_validated,1.0,수수료미징구- 오프라인-개인 연금 (C-P) 수수료미징구- 오프라인-개인 연금 (C-P) -5.29 4.56 2.10 6.23 2.91
FUND000084,KR5123490017,CLASS000988,C-P,class_return,5Y,6.23,2013-12-02,50,[50],detail_return_table_cross_validated,1.0,수수료미징구- 오프라인-개인 연금 (C-P) 수수료미징구- 오프라인-개인 연금 (C-P) -5.29 4.56 2.10 6.23 2.91
FUND000084,KR5123490017,CLASS000988,C-P,class_return,SINCE_INCEPTION,2.91,2013-12-02,50,[50],detail_return_table_cross_validated,1.0,수수료미징구- 오프라인-개인 연금 (C-P) 수수료미징구- 오프라인-개인 연금 (C-P) -5.29 4.56 2.10 6.23 2.91
FUND000084,KR5123490017,CLASS000989,S,class_return,1Y,-5.00,2014-04-22,50,[50],detail_return_table_cross_validated,1.0,수수료후취-온 라인슈퍼(S) 수수료후취-온 라인슈퍼(S) -5.00 4.87 2.41 6.55 3.32
FUND000084,KR5123490017,CLASS000989,S,class_return,2Y,4.87,2014-04-22,50,[50],detail_return_table_cross_validated,1.0,수수료후취-온 라인슈퍼(S) 수수료후취-온 라인슈퍼(S) -5.00 4.87 2.41 6.55 3.32
FUND000084,KR5123490017,CLASS000989,S,class_return,3Y,2.41,2014-04-22,50,[50],detail_return_table_cross_validated,1.0,수수료후취-온 라인슈퍼(S) 수수료후취-온 라인슈퍼(S) -5.00 4.87 2.41 6.55 3.32
FUND000084,KR5123490017,CLASS000989,S,class_return,5Y,6.55,2014-04-22,50,[50],detail_return_table_cross_validated,1.0,수수료후취-온 라인슈퍼(S) 수수료후취-온 라인슈퍼(S) -5.00 4.87 2.41 6.55 3.32
FUND000084,KR5123490017,CLASS000989,S,class_return,SINCE_INCEPTION,3.32,2014-04-22,50,[50],detail_return_table_cross_validated,1.0,수수료후취-온 라인슈퍼(S) 수수료후취-온 라인슈퍼(S) -5.00 4.87 2.41 6.55 3.32
FUND000084,KR5123490017,CLASS000991,C-Pe,class_return,1Y,-5.05,2017-09-04,50,[50],detail_return_table_cross_validated,1.0,수수료미징구- 온라인-개인연 금 (C-Pe) 수수료미징구- 온라인-개인연 금 (C-Pe) -5.05 4.82 2.36 6.49 2.05
FUND000084,KR5123490017,CLASS000991,C-Pe,class_return,2Y,4.82,2017-09-04,50,[50],detail_return_table_cross_validated,1.0,수수료미징구- 온라인-개인연 금 (C-Pe) 수수료미징구- 온라인-개인연 금 (C-Pe) -5.05 4.82 2.36 6.49 2.05
FUND000084,KR5123490017,CLASS000991,C-Pe,class_return,3Y,2.36,2017-09-04,50,[50],detail_return_table_cross_validated,1.0,수수료미징구- 온라인-개인연 금 (C-Pe) 수수료미징구- 온라인-개인연 금 (C-Pe) -5.05 4.82 2.36 6.49 2.05
FUND000084,KR5123490017,CLASS000991,C-Pe,class_return,5Y,6.49,2017-09-04,50,[50],detail_return_table_cross_validated,1.0,수수료미징구- 온라인-개인연 금 (C-Pe) 수수료미징구- 온라인-개인연 금 (C-Pe) -5.05 4.82 2.36 6.49 2.05
FUND000084,KR5123490017,CLASS000991,C-Pe,class_return,SINCE_INCEPTION,2.05,2017-09-04,50,[50],detail_return_table_cross_validated,1.0,수수료미징구- 온라인-개인연 금 (C-Pe) 수수료미징구- 온라인-개인연 금 (C-Pe) -5.05 4.82 2.36 6.49 2.05
FUND000032,KR5125450023,CLASS000433,C,class_return,1Y,-0.69,2003-05-26,4,"[4,43]",coordinate_reconstruction,1.0,2003-05-26 -0.69 7.65 4.66 10.21 10.83
FUND000032,KR5125450023,CLASS000433,C,class_return,2Y,7.65,2003-05-26,4,"[4,43]",coordinate_reconstruction,1.0,2003-05-26 -0.69 7.65 4.66 10.21 10.83
FUND000032,KR5125450023,CLASS000433,C,class_return,3Y,4.66,2003-05-26,4,"[4,43]",coordinate_reconstruction,1.0,2003-05-26 -0.69 7.65 4.66 10.21 10.83
FUND000032,KR5125450023,CLASS000433,C,class_return,5Y,10.21,2003-05-26,4,"[4,43]",coordinate_reconstruction,1.0,2003-05-26 -0.69 7.65 4.66 10.21 10.83
FUND000032,KR5125450023,CLASS000433,C,class_return,SINCE_INCEPTION,10.83,2003-05-26,4,"[4,43]",coordinate_reconstruction,1.0,2003-05-26 -0.69 7.65 4.66 10.21 10.83
FUND000032,KR5125450023,,,benchmark,1Y,-2.70,2003-05-26,4,[4],coordinate_reconstruction,1.0,비교지수(%) 2003-05-26 -2.70 1.16 0.20 5.23 6.12
FUND000032,KR5125450023,,,benchmark,2Y,1.16,2003-05-26,4,[4],coordinate_reconstruction,1.0,비교지수(%) 2003-05-26 -2.70 1.16 0.20 5.23 6.12
FUND000032,KR5125450023,,,benchmark,3Y,0.20,2003-05-26,4,[4],coordinate_reconstruction,1.0,비교지수(%) 2003-05-26 -2.70 1.16 0.20 5.23 6.12
FUND000032,KR5125450023,,,benchmark,5Y,5.23,2003-05-26,4,[4],coordinate_reconstruction,1.0,비교지수(%) 2003-05-26 -2.70 1.16 0.20 5.23 6.12
FUND000032,KR5125450023,,,benchmark,SINCE_INCEPTION,6.12,2003-05-26,4,[4],coordinate_reconstruction,1.0,비교지수(%) 2003-05-26 -2.70 1.16 0.20 5.23 6.12
FUND000032,KR5125450023,,,volatility,1Y,12.57,2003-05-26,4,[4],coordinate_reconstruction,1.0,수익률) 수익률 변동성(%) 2003-05-26 12.57 12.50 12.53 14.18 15.40
FUND000032,KR5125450023,,,volatility,2Y,12.50,2003-05-26,4,[4],coordinate_reconstruction,1.0,수익률) 수익률 변동성(%) 2003-05-26 12.57 12.50 12.53 14.18 15.40
FUND000032,KR5125450023,,,volatility,3Y,12.53,2003-05-26,4,[4],coordinate_reconstruction,1.0,수익률) 수익률 변동성(%) 2003-05-26 12.57 12.50 12.53 14.18 15.40
FUND000032,KR5125450023,,,volatility,5Y,14.18,2003-05-26,4,[4],coordinate_reconstruction,1.0,수익률) 수익률 변동성(%) 2003-05-26 12.57 12.50 12.53 14.18 15.40
FUND000032,KR5125450023,,,volatility,SINCE_INCEPTION,15.40,2003-05-26,4,[4],coordinate_reconstruction,1.0,수익률) 수익률 변동성(%) 2003-05-26 12.57 12.50 12.53 14.18 15.40
FUND000032,KR5125450023,CLASS000430,A,class_return,1Y,-0.53,2007-04-17,43,[43],detail_return_table_cross_validated,1.0,A형(수수료선취- 오프라인) A형(수수료선취- 오프라인) 2007-04-17 -0.53 7.83 4.84 10.40 7.57
FUND000032,KR5125450023,CLASS000430,A,class_return,2Y,7.83,2007-04-17,43,[43],detail_return_table_cross_validated,1.0,A형(수수료선취- 오프라인) A형(수수료선취- 오프라인) 2007-04-17 -0.53 7.83 4.84 10.40 7.57
FUND000032,KR5125450023,CLASS000430,A,class_return,3Y,4.84,2007-04-17,43,[43],detail_return_table_cross_validated,1.0,A형(수수료선취- 오프라인) A형(수수료선취- 오프라인) 2007-04-17 -0.53 7.83 4.84 10.40 7.57
FUND000032,KR5125450023,CLASS000430,A,class_return,5Y,10.40,2007-04-17,43,[43],detail_return_table_cross_validated,1.0,A형(수수료선취- 오프라인) A형(수수료선취- 오프라인) 2007-04-17 -0.53 7.83 4.84 10.40 7.57
FUND000032,KR5125450023,CLASS000430,A,class_return,SINCE_INCEPTION,7.57,2007-04-17,43,[43],detail_return_table_cross_validated,1.0,A형(수수료선취- 오프라인) A형(수수료선취- 오프라인) 2007-04-17 -0.53 7.83 4.84 10.40 7.57
FUND000032,KR5125450023,CLASS000431,Ae,class_return,1Y,-0.16,2014-09-01,43,[43],detail_return_table_cross_validated,1.0,Ae형(수수료선취- 온라인) Ae형(수수료선취- 온라인) 2014-09-01 -0.16 8.22 5.22 10.74 4.18
FUND000032,KR5125450023,CLASS000431,Ae,class_return,2Y,8.22,2014-09-01,43,[43],detail_return_table_cross_validated,1.0,Ae형(수수료선취- 온라인) Ae형(수수료선취- 온라인) 2014-09-01 -0.16 8.22 5.22 10.74 4.18
FUND000032,KR5125450023,CLASS000431,Ae,class_return,3Y,5.22,2014-09-01,43,[43],detail_return_table_cross_validated,1.0,Ae형(수수료선취- 온라인) Ae형(수수료선취- 온라인) 2014-09-01 -0.16 8.22 5.22 10.74 4.18
FUND000032,KR5125450023,CLASS000431,Ae,class_return,5Y,10.74,2014-09-01,43,[43],detail_return_table_cross_validated,1.0,Ae형(수수료선취- 온라인) Ae형(수수료선취- 온라인) 2014-09-01 -0.16 8.22 5.22 10.74 4.18
FUND000032,KR5125450023,CLASS000431,Ae,class_return,SINCE_INCEPTION,4.18,2014-09-01,43,[43],detail_return_table_cross_validated,1.0,Ae형(수수료선취- 온라인) Ae형(수수료선취- 온라인) 2014-09-01 -0.16 8.22 5.22 10.74 4.18
FUND000032,KR5125450023,CLASS000432,A-G,class_return,1Y,-0.45,2017-05-24,43,[43],detail_return_table_cross_validated,1.0,A-G형(수수료선취- 오프라인- 무권유저비용) A-G형(수수료선취- 오프라인- 무권유저비용) 2017-05-24 -0.45 7.91 4.91 10.47 3.38
FUND000032,KR5125450023,CLASS000432,A-G,class_return,2Y,7.91,2017-05-24,43,[43],detail_return_table_cross_validated,1.0,A-G형(수수료선취- 오프라인- 무권유저비용) A-G형(수수료선취- 오프라인- 무권유저비용) 2017-05-24 -0.45 7.91 4.91 10.47 3.38
FUND000032,KR5125450023,CLASS000432,A-G,class_return,3Y,4.91,2017-05-24,43,[43],detail_return_table_cross_validated,1.0,A-G형(수수료선취- 오프라인- 무권유저비용) A-G형(수수료선취- 오프라인- 무권유저비용) 2017-05-24 -0.45 7.91 4.91 10.47 3.38
FUND000032,KR5125450023,CLASS000432,A-G,class_return,5Y,10.47,2017-05-24,43,[43],detail_return_table_cross_validated,1.0,A-G형(수수료선취- 오프라인- 무권유저비용) A-G형(수수료선취- 오프라인- 무권유저비용) 2017-05-24 -0.45 7.91 4.91 10.47 3.38
FUND000032,KR5125450023,CLASS000432,A-G,class_return,SINCE_INCEPTION,3.38,2017-05-24,43,[43],detail_return_table_cross_validated,1.0,A-G형(수수료선취- 오프라인- 무권유저비용) A-G형(수수료선취- 오프라인- 무권유저비용) 2017-05-24 -0.45 7.91 4.91 10.47 3.38
FUND000032,KR5125450023,CLASS000440,C-G,class_return,1Y,-0.66,2017-06-02,43,[43],detail_return_table_cross_validated,1.0,C- G형(수수료미징구- 오프라인- 무권유저비용) C- G형(수수료미징구- 오프라인- 무권유저비용) 2017-06-02 -0.66 7.68 4.69 10.25 2.81
FUND000032,KR5125450023,CLASS000440,C-G,class_return,2Y,7.68,2017-06-02,43,[43],detail_return_table_cross_validated,1.0,C- G형(수수료미징구- 오프라인- 무권유저비용) C- G형(수수료미징구- 오프라인- 무권유저비용) 2017-06-02 -0.66 7.68 4.69 10.25 2.81
FUND000032,KR5125450023,CLASS000440,C-G,class_return,3Y,4.69,2017-06-02,43,[43],detail_return_table_cross_validated,1.0,C- G형(수수료미징구- 오프라인- 무권유저비용) C- G형(수수료미징구- 오프라인- 무권유저비용) 2017-06-02 -0.66 7.68 4.69 10.25 2.81
FUND000032,KR5125450023,CLASS000440,C-G,class_return,5Y,10.25,2017-06-02,43,[43],detail_return_table_cross_validated,1.0,C- G형(수수료미징구- 오프라인- 무권유저비용) C- G형(수수료미징구- 오프라인- 무권유저비용) 2017-06-02 -0.66 7.68 4.69 10.25 2.81
FUND000032,KR5125450023,CLASS000440,C-G,class_return,SINCE_INCEPTION,2.81,2017-06-02,43,[43],detail_return_table_cross_validated,1.0,C- G형(수수료미징구- 오프라인- 무권유저비용) C- G형(수수료미징구- 오프라인- 무권유저비용) 2017-06-02 -0.66 7.68 4.69 10.25 2.81
FUND000032,KR5125450023,CLASS000434,W,class_return,1Y,0.17,2007-04-17,43,[43],detail_return_table_cross_validated,1.0,W형(수수료미징구- 오프라인-랩) W형(수수료미징구- 오프라인-랩) 2007-04-17 0.17 8.58 5.57 11.17 8.28
FUND000032,KR5125450023,CLASS000434,W,class_return,2Y,8.58,2007-04-17,43,[43],detail_return_table_cross_validated,1.0,W형(수수료미징구- 오프라인-랩) W형(수수료미징구- 오프라인-랩) 2007-04-17 0.17 8.58 5.57 11.17 8.28
FUND000032,KR5125450023,CLASS000434,W,class_return,3Y,5.57,2007-04-17,43,[43],detail_return_table_cross_validated,1.0,W형(수수료미징구- 오프라인-랩) W형(수수료미징구- 오프라인-랩) 2007-04-17 0.17 8.58 5.57 11.17 8.28
FUND000032,KR5125450023,CLASS000434,W,class_return,5Y,11.17,2007-04-17,43,[43],detail_return_table_cross_validated,1.0,W형(수수료미징구- 오프라인-랩) W형(수수료미징구- 오프라인-랩) 2007-04-17 0.17 8.58 5.57 11.17 8.28
FUND000032,KR5125450023,CLASS000434,W,class_return,SINCE_INCEPTION,8.28,2007-04-17,43,[43],detail_return_table_cross_validated,1.0,W형(수수료미징구- 오프라인-랩) W형(수수료미징구- 오프라인-랩) 2007-04-17 0.17 8.58 5.57 11.17 8.28
FUND000032,KR5125450023,CLASS000435,e,class_return,1Y,-0.25,2009-06-10,43,[43],detail_return_table_cross_validated,1.0,e형(수수료미징구- 온라인) e형(수수료미징구- 온라인) 2009-06-10 -0.25 8.13 5.13 10.60 7.82
FUND000032,KR5125450023,CLASS000435,e,class_return,2Y,8.13,2009-06-10,43,[43],detail_return_table_cross_validated,1.0,e형(수수료미징구- 온라인) e형(수수료미징구- 온라인) 2009-06-10 -0.25 8.13 5.13 10.60 7.82
FUND000032,KR5125450023,CLASS000435,e,class_return,3Y,5.13,2009-06-10,43,[43],detail_return_table_cross_validated,1.0,e형(수수료미징구- 온라인) e형(수수료미징구- 온라인) 2009-06-10 -0.25 8.13 5.13 10.60 7.82
FUND000032,KR5125450023,CLASS000435,e,class_return,5Y,10.60,2009-06-10,43,[43],detail_return_table_cross_validated,1.0,e형(수수료미징구- 온라인) e형(수수료미징구- 온라인) 2009-06-10 -0.25 8.13 5.13 10.60 7.82
FUND000032,KR5125450023,CLASS000435,e,class_return,SINCE_INCEPTION,7.82,2009-06-10,43,[43],detail_return_table_cross_validated,1.0,e형(수수료미징구- 온라인) e형(수수료미징구- 온라인) 2009-06-10 -0.25 8.13 5.13 10.60 7.82
FUND000032,KR5125450023,CLASS000437,I,class_return,1Y,0.15,2012-05-18,43,[43],detail_return_table_cross_validated,1.0,I형(수수료미징구- 오프라인-기관) I형(수수료미징구- 오프라인-기관) 2012-05-18 0.15 8.56 5.55 11.15 7.83
FUND000032,KR5125450023,CLASS000437,I,class_return,2Y,8.56,2012-05-18,43,[43],detail_return_table_cross_validated,1.0,I형(수수료미징구- 오프라인-기관) I형(수수료미징구- 오프라인-기관) 2012-05-18 0.15 8.56 5.55 11.15 7.83
FUND000032,KR5125450023,CLASS000437,I,class_return,3Y,5.55,2012-05-18,43,[43],detail_return_table_cross_validated,1.0,I형(수수료미징구- 오프라인-기관) I형(수수료미징구- 오프라인-기관) 2012-05-18 0.15 8.56 5.55 11.15 7.83
FUND000032,KR5125450023,CLASS000437,I,class_return,5Y,11.15,2012-05-18,43,[43],detail_return_table_cross_validated,1.0,I형(수수료미징구- 오프라인-기관) I형(수수료미징구- 오프라인-기관) 2012-05-18 0.15 8.56 5.55 11.15 7.83
FUND000032,KR5125450023,CLASS000437,I,class_return,SINCE_INCEPTION,7.83,2012-05-18,43,[43],detail_return_table_cross_validated,1.0,I형(수수료미징구- 오프라인-기관) I형(수수료미징구- 오프라인-기관) 2012-05-18 0.15 8.56 5.55 11.15 7.83
FUND000032,KR5125450023,CLASS000436,Cy,class_return,1Y,-0.29,2013-10-28,43,[43],detail_return_table_cross_validated,1.0,Cy형(수수료미징구- 오프라인-기타) Cy형(수수료미징구- 오프라인-기타) 2013-10-28 -0.29 8.08 5.08 10.66 5.27
FUND000032,KR5125450023,CLASS000436,Cy,class_return,2Y,8.08,2013-10-28,43,[43],detail_return_table_cross_validated,1.0,Cy형(수수료미징구- 오프라인-기타) Cy형(수수료미징구- 오프라인-기타) 2013-10-28 -0.29 8.08 5.08 10.66 5.27
FUND000032,KR5125450023,CLASS000436,Cy,class_return,3Y,5.08,2013-10-28,43,[43],detail_return_table_cross_validated,1.0,Cy형(수수료미징구- 오프라인-기타) Cy형(수수료미징구- 오프라인-기타) 2013-10-28 -0.29 8.08 5.08 10.66 5.27
FUND000032,KR5125450023,CLASS000436,Cy,class_return,5Y,10.66,2013-10-28,43,[43],detail_return_table_cross_validated,1.0,Cy형(수수료미징구- 오프라인-기타) Cy형(수수료미징구- 오프라인-기타) 2013-10-28 -0.29 8.08 5.08 10.66 5.27
FUND000032,KR5125450023,CLASS000436,Cy,class_return,SINCE_INCEPTION,5.27,2013-10-28,43,[43],detail_return_table_cross_validated,1.0,Cy형(수수료미징구- 오프라인-기타) Cy형(수수료미징구- 오프라인-기타) 2013-10-28 -0.29 8.08 5.08 10.66 5.27
FUND000032,KR5125450023,CLASS000438,C-P,class_return,1Y,-0.68,2013-04-03,44,[44],detail_return_table_cross_validated,1.0,C-P형(수수료미징구- 오프라인-개인연금) C-P형(수수료미징구- 오프라인-개인연금) 2013-04-03 -0.68 7.66 4.67 10.22 5.31
FUND000032,KR5125450023,CLASS000438,C-P,class_return,2Y,7.66,2013-04-03,44,[44],detail_return_table_cross_validated,1.0,C-P형(수수료미징구- 오프라인-개인연금) C-P형(수수료미징구- 오프라인-개인연금) 2013-04-03 -0.68 7.66 4.67 10.22 5.31
FUND000032,KR5125450023,CLASS000438,C-P,class_return,3Y,4.67,2013-04-03,44,[44],detail_return_table_cross_validated,1.0,C-P형(수수료미징구- 오프라인-개인연금) C-P형(수수료미징구- 오프라인-개인연금) 2013-04-03 -0.68 7.66 4.67 10.22 5.31
FUND000032,KR5125450023,CLASS000438,C-P,class_return,5Y,10.22,2013-04-03,44,[44],detail_return_table_cross_validated,1.0,C-P형(수수료미징구- 오프라인-개인연금) C-P형(수수료미징구- 오프라인-개인연금) 2013-04-03 -0.68 7.66 4.67 10.22 5.31
FUND000032,KR5125450023,CLASS000438,C-P,class_return,SINCE_INCEPTION,5.31,2013-04-03,44,[44],detail_return_table_cross_validated,1.0,C-P형(수수료미징구- 오프라인-개인연금) C-P형(수수료미징구- 오프라인-개인연금) 2013-04-03 -0.68 7.66 4.67 10.22 5.31
FUND000032,KR5125450023,CLASS000439,C-Pe,class_return,1Y,-0.24,2016-08-31,44,[44],detail_return_table_cross_validated,1.0,C- Pe형(수수료미징구- 온라인-개인연금) C- Pe형(수수료미징구- 온라인-개인연금) 2016-08-31 -0.24 8.14 5.13 10.71 4.73
FUND000032,KR5125450023,CLASS000439,C-Pe,class_return,2Y,8.14,2016-08-31,44,[44],detail_return_table_cross_validated,1.0,C- Pe형(수수료미징구- 온라인-개인연금) C- Pe형(수수료미징구- 온라인-개인연금) 2016-08-31 -0.24 8.14 5.13 10.71 4.73
FUND000032,KR5125450023,CLASS000439,C-Pe,class_return,3Y,5.13,2016-08-31,44,[44],detail_return_table_cross_validated,1.0,C- Pe형(수수료미징구- 온라인-개인연금) C- Pe형(수수료미징구- 온라인-개인연금) 2016-08-31 -0.24 8.14 5.13 10.71 4.73
FUND000032,KR5125450023,CLASS000439,C-Pe,class_return,5Y,10.71,2016-08-31,44,[44],detail_return_table_cross_validated,1.0,C- Pe형(수수료미징구- 온라인-개인연금) C- Pe형(수수료미징구- 온라인-개인연금) 2016-08-31 -0.24 8.14 5.13 10.71 4.73
FUND000032,KR5125450023,CLASS000439,C-Pe,class_return,SINCE_INCEPTION,4.73,2016-08-31,44,[44],detail_return_table_cross_validated,1.0,C- Pe형(수수료미징구- 온라인-개인연금) C- Pe형(수수료미징구- 온라인-개인연금) 2016-08-31 -0.24 8.14 5.13 10.71 4.73
FUND000032,KR5125450023,CLASS000441,C-P2,class_return,1Y,-0.59,2019-08-14,44,[44],detail_return_table_cross_validated,1.0,C- P2형(수수료미징구- 오프라인-퇴직연금) C- P2형(수수료미징구- 오프라인-퇴직연금) 2019-08-14 -0.59 7.77 4.77 10.33 6.67
FUND000032,KR5125450023,CLASS000441,C-P2,class_return,2Y,7.77,2019-08-14,44,[44],detail_return_table_cross_validated,1.0,C- P2형(수수료미징구- 오프라인-퇴직연금) C- P2형(수수료미징구- 오프라인-퇴직연금) 2019-08-14 -0.59 7.77 4.77 10.33 6.67
FUND000032,KR5125450023,CLASS000441,C-P2,class_return,3Y,4.77,2019-08-14,44,[44],detail_return_table_cross_validated,1.0,C- P2형(수수료미징구- 오프라인-퇴직연금) C- P2형(수수료미징구- 오프라인-퇴직연금) 2019-08-14 -0.59 7.77 4.77 10.33 6.67
FUND000032,KR5125450023,CLASS000441,C-P2,class_return,5Y,10.33,2019-08-14,44,[44],detail_return_table_cross_validated,1.0,C- P2형(수수료미징구- 오프라인-퇴직연금) C- P2형(수수료미징구- 오프라인-퇴직연금) 2019-08-14 -0.59 7.77 4.77 10.33 6.67
FUND000032,KR5125450023,CLASS000441,C-P2,class_return,SINCE_INCEPTION,6.67,2019-08-14,44,[44],detail_return_table_cross_validated,1.0,C- P2형(수수료미징구- 오프라인-퇴직연금) C- P2형(수수료미징구- 오프라인-퇴직연금) 2019-08-14 -0.59 7.77 4.77 10.33 6.67
FUND000032,KR5125450023,CLASS000442,C-P2e,class_return,1Y,-0.19,2019-08-14,44,[44],detail_return_table_cross_validated,1.0,C- P2e형(수수료미징구 -온라인-퇴직연금) C- P2e형(수수료미징구 -온라인-퇴직연금) 2019-08-14 -0.19 8.19 5.19 10.76 8.21
FUND000032,KR5125450023,CLASS000442,C-P2e,class_return,2Y,8.19,2019-08-14,44,[44],detail_return_table_cross_validated,1.0,C- P2e형(수수료미징구 -온라인-퇴직연금) C- P2e형(수수료미징구 -온라인-퇴직연금) 2019-08-14 -0.19 8.19 5.19 10.76 8.21
FUND000032,KR5125450023,CLASS000442,C-P2e,class_return,3Y,5.19,2019-08-14,44,[44],detail_return_table_cross_validated,1.0,C- P2e형(수수료미징구 -온라인-퇴직연금) C- P2e형(수수료미징구 -온라인-퇴직연금) 2019-08-14 -0.19 8.19 5.19 10.76 8.21
FUND000032,KR5125450023,CLASS000442,C-P2e,class_return,5Y,10.76,2019-08-14,44,[44],detail_return_table_cross_validated,1.0,C- P2e형(수수료미징구 -온라인-퇴직연금) C- P2e형(수수료미징구 -온라인-퇴직연금) 2019-08-14 -0.19 8.19 5.19 10.76 8.21
FUND000032,KR5125450023,CLASS000442,C-P2e,class_return,SINCE_INCEPTION,8.21,2019-08-14,44,[44],detail_return_table_cross_validated,1.0,C- P2e형(수수료미징구 -온라인-퇴직연금) C- P2e형(수수료미징구 -온라인-퇴직연금) 2019-08-14 -0.19 8.19 5.19 10.76 8.21
FUND000032,KR5125450023,CLASS000443,S,class_return,1Y,-0.12,2022-12-21,44,[44],detail_return_table_cross_validated,1.0,S형(수수료후취- 온라인슈퍼) S형(수수료후취- 온라인슈퍼) 2022-12-21 -0.12 8.27 - - 10.13
FUND000032,KR5125450023,CLASS000443,S,class_return,2Y,8.27,2022-12-21,44,[44],detail_return_table_cross_validated,1.0,S형(수수료후취- 온라인슈퍼) S형(수수료후취- 온라인슈퍼) 2022-12-21 -0.12 8.27 - - 10.13
FUND000032,KR5125450023,CLASS000443,S,class_return,3Y,-,2022-12-21,44,[44],detail_return_table_cross_validated,1.0,S형(수수료후취- 온라인슈퍼) S형(수수료후취- 온라인슈퍼) 2022-12-21 -0.12 8.27 - - 10.13
FUND000032,KR5125450023,CLASS000443,S,class_return,5Y,-,2022-12-21,44,[44],detail_return_table_cross_validated,1.0,S형(수수료후취- 온라인슈퍼) S형(수수료후취- 온라인슈퍼) 2022-12-21 -0.12 8.27 - - 10.13
FUND000032,KR5125450023,CLASS000443,S,class_return,SINCE_INCEPTION,10.13,2022-12-21,44,[44],detail_return_table_cross_validated,1.0,S형(수수료후취- 온라인슈퍼) S형(수수료후취- 온라인슈퍼) 2022-12-21 -0.12 8.27 - - 10.13
FUND000032,KR5125450023,CLASS000444,S-P,class_return,1Y,-0.06,2022-12-21,44,[44],detail_return_table_cross_validated,1.0,S-P형(수수료미징구- 온라인슈퍼-개인연금) S-P형(수수료미징구- 온라인슈퍼-개인연금) 2022-12-21 -0.06 8.33 - - 10.14
FUND000032,KR5125450023,CLASS000444,S-P,class_return,2Y,8.33,2022-12-21,44,[44],detail_return_table_cross_validated,1.0,S-P형(수수료미징구- 온라인슈퍼-개인연금) S-P형(수수료미징구- 온라인슈퍼-개인연금) 2022-12-21 -0.06 8.33 - - 10.14
FUND000032,KR5125450023,CLASS000444,S-P,class_return,3Y,-,2022-12-21,44,[44],detail_return_table_cross_validated,1.0,S-P형(수수료미징구- 온라인슈퍼-개인연금) S-P형(수수료미징구- 온라인슈퍼-개인연금) 2022-12-21 -0.06 8.33 - - 10.14
FUND000032,KR5125450023,CLASS000444,S-P,class_return,5Y,-,2022-12-21,44,[44],detail_return_table_cross_validated,1.0,S-P형(수수료미징구- 온라인슈퍼-개인연금) S-P형(수수료미징구- 온라인슈퍼-개인연금) 2022-12-21 -0.06 8.33 - - 10.14
FUND000032,KR5125450023,CLASS000444,S-P,class_return,SINCE_INCEPTION,10.14,2022-12-21,44,[44],detail_return_table_cross_validated,1.0,S-P형(수수료미징구- 온라인슈퍼-개인연금) S-P형(수수료미징구- 온라인슈퍼-개인연금) 2022-12-21 -0.06 8.33 - - 10.14
FUND000032,KR5125450023,CLASS000445,S-P2,class_return,1Y,-0.05,2022-12-22,44,[44],detail_return_table_cross_validated,1.0,S- P2형(수수료미징구- 온라인슈퍼-퇴직연금) S- P2형(수수료미징구- 온라인슈퍼-퇴직연금) 2022-12-22 -0.05 8.34 - - 10.08
FUND000032,KR5125450023,CLASS000445,S-P2,class_return,2Y,8.34,2022-12-22,44,[44],detail_return_table_cross_validated,1.0,S- P2형(수수료미징구- 온라인슈퍼-퇴직연금) S- P2형(수수료미징구- 온라인슈퍼-퇴직연금) 2022-12-22 -0.05 8.34 - - 10.08
FUND000032,KR5125450023,CLASS000445,S-P2,class_return,3Y,-,2022-12-22,44,[44],detail_return_table_cross_validated,1.0,S- P2형(수수료미징구- 온라인슈퍼-퇴직연금) S- P2형(수수료미징구- 온라인슈퍼-퇴직연금) 2022-12-22 -0.05 8.34 - - 10.08
FUND000032,KR5125450023,CLASS000445,S-P2,class_return,5Y,-,2022-12-22,44,[44],detail_return_table_cross_validated,1.0,S- P2형(수수료미징구- 온라인슈퍼-퇴직연금) S- P2형(수수료미징구- 온라인슈퍼-퇴직연금) 2022-12-22 -0.05 8.34 - - 10.08
FUND000032,KR5125450023,CLASS000445,S-P2,class_return,SINCE_INCEPTION,10.08,2022-12-22,44,[44],detail_return_table_cross_validated,1.0,S- P2형(수수료미징구- 온라인슈퍼-퇴직연금) S- P2형(수수료미징구- 온라인슈퍼-퇴직연금) 2022-12-22 -0.05 8.34 - - 10.08
FUND000033,KR5125450070,CLASS000449,C,class_return,1Y,-7.84,2002-04-25,4,"[4,40]",coordinate_reconstruction,1.0,2002-04-25 -7.84 1.48 -1.71 7.51 8.85
FUND000033,KR5125450070,CLASS000449,C,class_return,2Y,1.48,2002-04-25,4,"[4,40]",coordinate_reconstruction,1.0,2002-04-25 -7.84 1.48 -1.71 7.51 8.85
FUND000033,KR5125450070,CLASS000449,C,class_return,3Y,-1.71,2002-04-25,4,"[4,40]",coordinate_reconstruction,1.0,2002-04-25 -7.84 1.48 -1.71 7.51 8.85
FUND000033,KR5125450070,CLASS000449,C,class_return,5Y,7.51,2002-04-25,4,"[4,40]",coordinate_reconstruction,1.0,2002-04-25 -7.84 1.48 -1.71 7.51 8.85
FUND000033,KR5125450070,CLASS000449,C,class_return,SINCE_INCEPTION,8.85,2002-04-25,4,"[4,40]",coordinate_reconstruction,1.0,2002-04-25 -7.84 1.48 -1.71 7.51 8.85
FUND000033,KR5125450070,,,benchmark,1Y,-4.67,2002-04-25,4,[4],coordinate_reconstruction,1.0,비교지수(%) 2002-04-25 -4.67 0.49 -1.59 5.75 4.53
FUND000033,KR5125450070,,,benchmark,2Y,0.49,2002-04-25,4,[4],coordinate_reconstruction,1.0,비교지수(%) 2002-04-25 -4.67 0.49 -1.59 5.75 4.53
FUND000033,KR5125450070,,,benchmark,3Y,-1.59,2002-04-25,4,[4],coordinate_reconstruction,1.0,비교지수(%) 2002-04-25 -4.67 0.49 -1.59 5.75 4.53
FUND000033,KR5125450070,,,benchmark,5Y,5.75,2002-04-25,4,[4],coordinate_reconstruction,1.0,비교지수(%) 2002-04-25 -4.67 0.49 -1.59 5.75 4.53
FUND000033,KR5125450070,,,benchmark,SINCE_INCEPTION,4.53,2002-04-25,4,[4],coordinate_reconstruction,1.0,비교지수(%) 2002-04-25 -4.67 0.49 -1.59 5.75 4.53
FUND000033,KR5125450070,,,volatility,1Y,15.50,2002-04-25,4,[4],coordinate_reconstruction,1.0,수익률) 수익률 변동성(%) 2002-04-25 15.50 14.77 14.52 15.65 17.24
FUND000033,KR5125450070,,,volatility,2Y,14.77,2002-04-25,4,[4],coordinate_reconstruction,1.0,수익률) 수익률 변동성(%) 2002-04-25 15.50 14.77 14.52 15.65 17.24
FUND000033,KR5125450070,,,volatility,3Y,14.52,2002-04-25,4,[4],coordinate_reconstruction,1.0,수익률) 수익률 변동성(%) 2002-04-25 15.50 14.77 14.52 15.65 17.24
FUND000033,KR5125450070,,,volatility,5Y,15.65,2002-04-25,4,[4],coordinate_reconstruction,1.0,수익률) 수익률 변동성(%) 2002-04-25 15.50 14.77 14.52 15.65 17.24
FUND000033,KR5125450070,,,volatility,SINCE_INCEPTION,17.24,2002-04-25,4,[4],coordinate_reconstruction,1.0,수익률) 수익률 변동성(%) 2002-04-25 15.50 14.77 14.52 15.65 17.24
FUND000033,KR5125450070,CLASS000452,W,class_return,1Y,-6.91,2005-11-30,40,[40],detail_return_table_cross_validated,1.0,W형(수수료미징 구-오프라인-랩) W형(수수료미징 구-오프라인-랩) 2005-11-30 -6.91 2.51 -0.71 8.58 7.11
FUND000033,KR5125450070,CLASS000452,W,class_return,2Y,2.51,2005-11-30,40,[40],detail_return_table_cross_validated,1.0,W형(수수료미징 구-오프라인-랩) W형(수수료미징 구-오프라인-랩) 2005-11-30 -6.91 2.51 -0.71 8.58 7.11
FUND000033,KR5125450070,CLASS000452,W,class_return,3Y,-0.71,2005-11-30,40,[40],detail_return_table_cross_validated,1.0,W형(수수료미징 구-오프라인-랩) W형(수수료미징 구-오프라인-랩) 2005-11-30 -6.91 2.51 -0.71 8.58 7.11
FUND000033,KR5125450070,CLASS000452,W,class_return,5Y,8.58,2005-11-30,40,[40],detail_return_table_cross_validated,1.0,W형(수수료미징 구-오프라인-랩) W형(수수료미징 구-오프라인-랩) 2005-11-30 -6.91 2.51 -0.71 8.58 7.11
FUND000033,KR5125450070,CLASS000452,W,class_return,SINCE_INCEPTION,7.11,2005-11-30,40,[40],detail_return_table_cross_validated,1.0,W형(수수료미징 구-오프라인-랩) W형(수수료미징 구-오프라인-랩) 2005-11-30 -6.91 2.51 -0.71 8.58 7.11
FUND000033,KR5125450070,CLASS000450,e,class_return,1Y,-7.37,2008-01-22,40,[40],detail_return_table_cross_validated,1.0,e형(수수료미징구 -온라인) e형(수수료미징구 -온라인) 2008-01-22 -7.37 1.99 -1.21 7.91 4.50
FUND000033,KR5125450070,CLASS000450,e,class_return,2Y,1.99,2008-01-22,40,[40],detail_return_table_cross_validated,1.0,e형(수수료미징구 -온라인) e형(수수료미징구 -온라인) 2008-01-22 -7.37 1.99 -1.21 7.91 4.50
FUND000033,KR5125450070,CLASS000450,e,class_return,3Y,-1.21,2008-01-22,40,[40],detail_return_table_cross_validated,1.0,e형(수수료미징구 -온라인) e형(수수료미징구 -온라인) 2008-01-22 -7.37 1.99 -1.21 7.91 4.50
FUND000033,KR5125450070,CLASS000450,e,class_return,5Y,7.91,2008-01-22,40,[40],detail_return_table_cross_validated,1.0,e형(수수료미징구 -온라인) e형(수수료미징구 -온라인) 2008-01-22 -7.37 1.99 -1.21 7.91 4.50
FUND000033,KR5125450070,CLASS000450,e,class_return,SINCE_INCEPTION,4.50,2008-01-22,40,[40],detail_return_table_cross_validated,1.0,e형(수수료미징구 -온라인) e형(수수료미징구 -온라인) 2008-01-22 -7.37 1.99 -1.21 7.91 4.50
FUND000033,KR5125450070,CLASS000453,I,class_return,1Y,-6.93,,41,[41],detail_return_table_cross_validated,1.0,I형(수수료미징구 -오프라인-기관) I형(수수료미징구 -오프라인-기관) -6.93 1.85 1.23 10.96 5.36 -6.93
FUND000033,KR5125450070,CLASS000453,I,class_return,2Y,1.85,,41,[41],detail_return_table_cross_validated,1.0,I형(수수료미징구 -오프라인-기관) I형(수수료미징구 -오프라인-기관) -6.93 1.85 1.23 10.96 5.36 -6.93
FUND000033,KR5125450070,CLASS000453,I,class_return,3Y,1.23,,41,[41],detail_return_table_cross_validated,1.0,I형(수수료미징구 -오프라인-기관) I형(수수료미징구 -오프라인-기관) -6.93 1.85 1.23 10.96 5.36 -6.93
FUND000033,KR5125450070,CLASS000453,I,class_return,5Y,10.96,,41,[41],detail_return_table_cross_validated,1.0,I형(수수료미징구 -오프라인-기관) I형(수수료미징구 -오프라인-기관) -6.93 1.85 1.23 10.96 5.36 -6.93
FUND000033,KR5125450070,CLASS000453,I,class_return,SINCE_INCEPTION,5.36,,41,[41],detail_return_table_cross_validated,1.0,I형(수수료미징구 -오프라인-기관) I형(수수료미징구 -오프라인-기관) -6.93 1.85 1.23 10.96 5.36 -6.93
FUND000033,KR5125450070,CLASS000454,C-P,class_return,1Y,-7.79,,41,[41],detail_return_table_cross_validated,1.0,C- P형(수수료미징구 -오프라인- 개인연금) C- P형(수수료미징구 -오프라인- 개인연금) -7.79 1.53 -1.66 7.57 3.97 -7.79
FUND000033,KR5125450070,CLASS000454,C-P,class_return,2Y,1.53,,41,[41],detail_return_table_cross_validated,1.0,C- P형(수수료미징구 -오프라인- 개인연금) C- P형(수수료미징구 -오프라인- 개인연금) -7.79 1.53 -1.66 7.57 3.97 -7.79
FUND000033,KR5125450070,CLASS000454,C-P,class_return,3Y,-1.66,,41,[41],detail_return_table_cross_validated,1.0,C- P형(수수료미징구 -오프라인- 개인연금) C- P형(수수료미징구 -오프라인- 개인연금) -7.79 1.53 -1.66 7.57 3.97 -7.79
FUND000033,KR5125450070,CLASS000454,C-P,class_return,5Y,7.57,,41,[41],detail_return_table_cross_validated,1.0,C- P형(수수료미징구 -오프라인- 개인연금) C- P형(수수료미징구 -오프라인- 개인연금) -7.79 1.53 -1.66 7.57 3.97 -7.79
FUND000033,KR5125450070,CLASS000454,C-P,class_return,SINCE_INCEPTION,3.97,,41,[41],detail_return_table_cross_validated,1.0,C- P형(수수료미징구 -오프라인- 개인연금) C- P형(수수료미징구 -오프라인- 개인연금) -7.79 1.53 -1.66 7.57 3.97 -7.79
FUND000033,KR5125450070,CLASS000456,C-P2,class_return,1Y,-7.70,,41,[41],detail_return_table_cross_validated,1.0,C- P2형(수수료미징 구-오프라인- 퇴직연금) C- P2형(수수료미징 구-오프라인- 퇴직연금) -7.70 1.64 -1.56 7.67 2.73 -7.70
FUND000033,KR5125450070,CLASS000456,C-P2,class_return,2Y,1.64,,41,[41],detail_return_table_cross_validated,1.0,C- P2형(수수료미징 구-오프라인- 퇴직연금) C- P2형(수수료미징 구-오프라인- 퇴직연금) -7.70 1.64 -1.56 7.67 2.73 -7.70
FUND000033,KR5125450070,CLASS000456,C-P2,class_return,3Y,-1.56,,41,[41],detail_return_table_cross_validated,1.0,C- P2형(수수료미징 구-오프라인- 퇴직연금) C- P2형(수수료미징 구-오프라인- 퇴직연금) -7.70 1.64 -1.56 7.67 2.73 -7.70
FUND000033,KR5125450070,CLASS000456,C-P2,class_return,5Y,7.67,,41,[41],detail_return_table_cross_validated,1.0,C- P2형(수수료미징 구-오프라인- 퇴직연금) C- P2형(수수료미징 구-오프라인- 퇴직연금) -7.70 1.64 -1.56 7.67 2.73 -7.70
FUND000033,KR5125450070,CLASS000456,C-P2,class_return,SINCE_INCEPTION,2.73,,41,[41],detail_return_table_cross_validated,1.0,C- P2형(수수료미징 구-오프라인- 퇴직연금) C- P2형(수수료미징 구-오프라인- 퇴직연금) -7.70 1.64 -1.56 7.67 2.73 -7.70
FUND000033,KR5125450070,CLASS000455,C-Pe,class_return,1Y,-7.35,,41,[41],detail_return_table_cross_validated,1.0,C- Pe형(수수료미징 구-온라인- 개인연금) C- Pe형(수수료미징 구-온라인- 개인연금) -7.35 2.02 -1.18 8.07 3.32 -7.35
FUND000033,KR5125450070,CLASS000455,C-Pe,class_return,2Y,2.02,,41,[41],detail_return_table_cross_validated,1.0,C- Pe형(수수료미징 구-온라인- 개인연금) C- Pe형(수수료미징 구-온라인- 개인연금) -7.35 2.02 -1.18 8.07 3.32 -7.35
FUND000033,KR5125450070,CLASS000455,C-Pe,class_return,3Y,-1.18,,41,[41],detail_return_table_cross_validated,1.0,C- Pe형(수수료미징 구-온라인- 개인연금) C- Pe형(수수료미징 구-온라인- 개인연금) -7.35 2.02 -1.18 8.07 3.32 -7.35
FUND000033,KR5125450070,CLASS000455,C-Pe,class_return,5Y,8.07,,41,[41],detail_return_table_cross_validated,1.0,C- Pe형(수수료미징 구-온라인- 개인연금) C- Pe형(수수료미징 구-온라인- 개인연금) -7.35 2.02 -1.18 8.07 3.32 -7.35
FUND000033,KR5125450070,CLASS000455,C-Pe,class_return,SINCE_INCEPTION,3.32,,41,[41],detail_return_table_cross_validated,1.0,C- Pe형(수수료미징 구-온라인- 개인연금) C- Pe형(수수료미징 구-온라인- 개인연금) -7.35 2.02 -1.18 8.07 3.32 -7.35
FUND000033,KR5125450070,CLASS000457,C-P2e,class_return,1Y,-7.30,,41,[41],detail_return_table_cross_validated,1.0,C- P2e형(수수료미 징구-온라인- 퇴직연금) C- P2e형(수수료미 징구-온라인- 퇴직연금) -7.30 2.07 -1.14 8.13 1.11 -7.30
FUND000033,KR5125450070,CLASS000457,C-P2e,class_return,2Y,2.07,,41,[41],detail_return_table_cross_validated,1.0,C- P2e형(수수료미 징구-온라인- 퇴직연금) C- P2e형(수수료미 징구-온라인- 퇴직연금) -7.30 2.07 -1.14 8.13 1.11 -7.30
FUND000033,KR5125450070,CLASS000457,C-P2e,class_return,3Y,-1.14,,41,[41],detail_return_table_cross_validated,1.0,C- P2e형(수수료미 징구-온라인- 퇴직연금) C- P2e형(수수료미 징구-온라인- 퇴직연금) -7.30 2.07 -1.14 8.13 1.11 -7.30
FUND000033,KR5125450070,CLASS000457,C-P2e,class_return,5Y,8.13,,41,[41],detail_return_table_cross_validated,1.0,C- P2e형(수수료미 징구-온라인- 퇴직연금) C- P2e형(수수료미 징구-온라인- 퇴직연금) -7.30 2.07 -1.14 8.13 1.11 -7.30
FUND000033,KR5125450070,CLASS000457,C-P2e,class_return,SINCE_INCEPTION,1.11,,41,[41],detail_return_table_cross_validated,1.0,C- P2e형(수수료미 징구-온라인- 퇴직연금) C- P2e형(수수료미 징구-온라인- 퇴직연금) -7.30 2.07 -1.14 8.13 1.11 -7.30
FUND000033,KR5125450070,CLASS000451,C-G,class_return,1Y,-7.82,2017-05-26,41,[41],detail_return_table_cross_validated,1.0,CG형(수수료미징 구-오프라인- 무권유저비용) CG형(수수료미징 구-오프라인- 무권유저비용) 2017-05-26 -7.82 1.50 -1.69 7.52 1.07
FUND000033,KR5125450070,CLASS000451,C-G,class_return,2Y,1.50,2017-05-26,41,[41],detail_return_table_cross_validated,1.0,CG형(수수료미징 구-오프라인- 무권유저비용) CG형(수수료미징 구-오프라인- 무권유저비용) 2017-05-26 -7.82 1.50 -1.69 7.52 1.07
FUND000033,KR5125450070,CLASS000451,C-G,class_return,3Y,-1.69,2017-05-26,41,[41],detail_return_table_cross_validated,1.0,CG형(수수료미징 구-오프라인- 무권유저비용) CG형(수수료미징 구-오프라인- 무권유저비용) 2017-05-26 -7.82 1.50 -1.69 7.52 1.07
FUND000033,KR5125450070,CLASS000451,C-G,class_return,5Y,7.52,2017-05-26,41,[41],detail_return_table_cross_validated,1.0,CG형(수수료미징 구-오프라인- 무권유저비용) CG형(수수료미징 구-오프라인- 무권유저비용) 2017-05-26 -7.82 1.50 -1.69 7.52 1.07
FUND000033,KR5125450070,CLASS000451,C-G,class_return,SINCE_INCEPTION,1.07,2017-05-26,41,[41],detail_return_table_cross_validated,1.0,CG형(수수료미징 구-오프라인- 무권유저비용) CG형(수수료미징 구-오프라인- 무권유저비용) 2017-05-26 -7.82 1.50 -1.69 7.52 1.07
FUND000033,KR5125450070,CLASS000447,Ae,class_return,1Y,-7.23,2020-04-14,42,[42],detail_return_table_cross_validated,1.0,Ae형(수수료선취 -온라인) Ae형(수수료선취 -온라인) 2020-04-14 -7.23 2.15 -1.06 8.21 8.72
FUND000033,KR5125450070,CLASS000447,Ae,class_return,2Y,2.15,2020-04-14,42,[42],detail_return_table_cross_validated,1.0,Ae형(수수료선취 -온라인) Ae형(수수료선취 -온라인) 2020-04-14 -7.23 2.15 -1.06 8.21 8.72
FUND000033,KR5125450070,CLASS000447,Ae,class_return,3Y,-1.06,2020-04-14,42,[42],detail_return_table_cross_validated,1.0,Ae형(수수료선취 -온라인) Ae형(수수료선취 -온라인) 2020-04-14 -7.23 2.15 -1.06 8.21 8.72
FUND000033,KR5125450070,CLASS000447,Ae,class_return,5Y,8.21,2020-04-14,42,[42],detail_return_table_cross_validated,1.0,Ae형(수수료선취 -온라인) Ae형(수수료선취 -온라인) 2020-04-14 -7.23 2.15 -1.06 8.21 8.72
FUND000033,KR5125450070,CLASS000447,Ae,class_return,SINCE_INCEPTION,8.72,2020-04-14,42,[42],detail_return_table_cross_validated,1.0,Ae형(수수료선취 -온라인) Ae형(수수료선취 -온라인) 2020-04-14 -7.23 2.15 -1.06 8.21 8.72
FUND000033,KR5125450070,CLASS000458,S,class_return,1Y,-7.19,2022-12-21,42,[42],detail_return_table_cross_validated,1.0,S형(수수료후취- 온라인슈퍼) S형(수수료후취- 온라인슈퍼) 2022-12-21 -7.19 2.22 - - 3.86
FUND000033,KR5125450070,CLASS000458,S,class_return,2Y,2.22,2022-12-21,42,[42],detail_return_table_cross_validated,1.0,S형(수수료후취- 온라인슈퍼) S형(수수료후취- 온라인슈퍼) 2022-12-21 -7.19 2.22 - - 3.86
FUND000033,KR5125450070,CLASS000458,S,class_return,3Y,-,2022-12-21,42,[42],detail_return_table_cross_validated,1.0,S형(수수료후취- 온라인슈퍼) S형(수수료후취- 온라인슈퍼) 2022-12-21 -7.19 2.22 - - 3.86
FUND000033,KR5125450070,CLASS000458,S,class_return,5Y,-,2022-12-21,42,[42],detail_return_table_cross_validated,1.0,S형(수수료후취- 온라인슈퍼) S형(수수료후취- 온라인슈퍼) 2022-12-21 -7.19 2.22 - - 3.86
FUND000033,KR5125450070,CLASS000458,S,class_return,SINCE_INCEPTION,3.86,2022-12-21,42,[42],detail_return_table_cross_validated,1.0,S형(수수료후취- 온라인슈퍼) S형(수수료후취- 온라인슈퍼) 2022-12-21 -7.19 2.22 - - 3.86
FUND000033,KR5125450070,CLASS000459,S-P,class_return,1Y,-7.15,2022-12-21,42,[42],detail_return_table_cross_validated,1.0,S- P형(수수료미징구 -온라인슈퍼- 개인연금) S- P형(수수료미징구 -온라인슈퍼- 개인연금) 2022-12-21 -7.15 2.24 - - 3.88
FUND000033,KR5125450070,CLASS000459,S-P,class_return,2Y,2.24,2022-12-21,42,[42],detail_return_table_cross_validated,1.0,S- P형(수수료미징구 -온라인슈퍼- 개인연금) S- P형(수수료미징구 -온라인슈퍼- 개인연금) 2022-12-21 -7.15 2.24 - - 3.88
FUND000033,KR5125450070,CLASS000459,S-P,class_return,3Y,-,2022-12-21,42,[42],detail_return_table_cross_validated,1.0,S- P형(수수료미징구 -온라인슈퍼- 개인연금) S- P형(수수료미징구 -온라인슈퍼- 개인연금) 2022-12-21 -7.15 2.24 - - 3.88
FUND000033,KR5125450070,CLASS000459,S-P,class_return,5Y,-,2022-12-21,42,[42],detail_return_table_cross_validated,1.0,S- P형(수수료미징구 -온라인슈퍼- 개인연금) S- P형(수수료미징구 -온라인슈퍼- 개인연금) 2022-12-21 -7.15 2.24 - - 3.88
FUND000033,KR5125450070,CLASS000459,S-P,class_return,SINCE_INCEPTION,3.88,2022-12-21,42,[42],detail_return_table_cross_validated,1.0,S- P형(수수료미징구 -온라인슈퍼- 개인연금) S- P형(수수료미징구 -온라인슈퍼- 개인연금) 2022-12-21 -7.15 2.24 - - 3.88
FUND000033,KR5125450070,CLASS000460,S-P2,class_return,1Y,-7.12,2022-12-22,42,[42],detail_return_table_cross_validated,1.0,S- P2형(수수료미징 구-온라인슈퍼- 퇴직연금) S- P2형(수수료미징 구-온라인슈퍼- 퇴직연금) 2022-12-22 -7.12 2.27 - - 3.83
FUND000033,KR5125450070,CLASS000460,S-P2,class_return,2Y,2.27,2022-12-22,42,[42],detail_return_table_cross_validated,1.0,S- P2형(수수료미징 구-온라인슈퍼- 퇴직연금) S- P2형(수수료미징 구-온라인슈퍼- 퇴직연금) 2022-12-22 -7.12 2.27 - - 3.83
FUND000033,KR5125450070,CLASS000460,S-P2,class_return,3Y,-,2022-12-22,42,[42],detail_return_table_cross_validated,1.0,S- P2형(수수료미징 구-온라인슈퍼- 퇴직연금) S- P2형(수수료미징 구-온라인슈퍼- 퇴직연금) 2022-12-22 -7.12 2.27 - - 3.83
FUND000033,KR5125450070,CLASS000460,S-P2,class_return,5Y,-,2022-12-22,42,[42],detail_return_table_cross_validated,1.0,S- P2형(수수료미징 구-온라인슈퍼- 퇴직연금) S- P2형(수수료미징 구-온라인슈퍼- 퇴직연금) 2022-12-22 -7.12 2.27 - - 3.83
FUND000033,KR5125450070,CLASS000460,S-P2,class_return,SINCE_INCEPTION,3.83,2022-12-22,42,[42],detail_return_table_cross_validated,1.0,S- P2형(수수료미징 구-온라인슈퍼- 퇴직연금) S- P2형(수수료미징 구-온라인슈퍼- 퇴직연금) 2022-12-22 -7.12 2.27 - - 3.83
FUND000033,KR5125450070,CLASS000446,A,class_return,1Y,-7.56,2020-04-02,42,[42],detail_return_table_cross_validated,1.0,2020-04-02 -7.56 1.79 -1.41 7.84 9.79
FUND000033,KR5125450070,CLASS000446,A,class_return,2Y,1.79,2020-04-02,42,[42],detail_return_table_cross_validated,1.0,2020-04-02 -7.56 1.79 -1.41 7.84 9.79
FUND000033,KR5125450070,CLASS000446,A,class_return,3Y,-1.41,2020-04-02,42,[42],detail_return_table_cross_validated,1.0,2020-04-02 -7.56 1.79 -1.41 7.84 9.79
FUND000033,KR5125450070,CLASS000446,A,class_return,5Y,7.84,2020-04-02,42,[42],detail_return_table_cross_validated,1.0,2020-04-02 -7.56 1.79 -1.41 7.84 9.79
FUND000033,KR5125450070,CLASS000446,A,class_return,SINCE_INCEPTION,9.79,2020-04-02,42,[42],detail_return_table_cross_validated,1.0,2020-04-02 -7.56 1.79 -1.41 7.84 9.79
FUND000021,KR5127420034,CLASS000258,C,class_return,1Y,4.46,2003-12-31,4,"[4,35]",cell_grid,1.0,수수료미징구- 2003-12-31 오프라인(C) 투자실적추이 2003-12-31 4.46 5.74 1.74 1.21 2.97
FUND000021,KR5127420034,CLASS000258,C,class_return,2Y,5.74,2003-12-31,4,"[4,35]",cell_grid,1.0,수수료미징구- 2003-12-31 오프라인(C) 투자실적추이 2003-12-31 4.46 5.74 1.74 1.21 2.97
FUND000021,KR5127420034,CLASS000258,C,class_return,3Y,1.74,2003-12-31,4,"[4,35]",cell_grid,1.0,수수료미징구- 2003-12-31 오프라인(C) 투자실적추이 2003-12-31 4.46 5.74 1.74 1.21 2.97
FUND000021,KR5127420034,CLASS000258,C,class_return,5Y,1.21,2003-12-31,4,"[4,35]",cell_grid,1.0,수수료미징구- 2003-12-31 오프라인(C) 투자실적추이 2003-12-31 4.46 5.74 1.74 1.21 2.97
FUND000021,KR5127420034,CLASS000258,C,class_return,SINCE_INCEPTION,2.97,2003-12-31,4,"[4,35]",cell_grid,1.0,수수료미징구- 2003-12-31 오프라인(C) 투자실적추이 2003-12-31 4.46 5.74 1.74 1.21 2.97
FUND000021,KR5127420034,,,benchmark,1Y,4.73,2003-12-31,4,[4],cell_grid,1.0,비교지수 (연평균수익률) 비교지수 2003-12-31 4.73 5.41 2.32 1.77 3.80
FUND000021,KR5127420034,,,benchmark,2Y,5.41,2003-12-31,4,[4],cell_grid,1.0,비교지수 (연평균수익률) 비교지수 2003-12-31 4.73 5.41 2.32 1.77 3.80
FUND000021,KR5127420034,,,benchmark,3Y,2.32,2003-12-31,4,[4],cell_grid,1.0,비교지수 (연평균수익률) 비교지수 2003-12-31 4.73 5.41 2.32 1.77 3.80
FUND000021,KR5127420034,,,benchmark,5Y,1.77,2003-12-31,4,[4],cell_grid,1.0,비교지수 (연평균수익률) 비교지수 2003-12-31 4.73 5.41 2.32 1.77 3.80
FUND000021,KR5127420034,,,benchmark,SINCE_INCEPTION,3.80,2003-12-31,4,[4],cell_grid,1.0,비교지수 (연평균수익률) 비교지수 2003-12-31 4.73 5.41 2.32 1.77 3.80
FUND000021,KR5127420034,,,volatility,1Y,2.06,2003-12-31,4,[4],cell_grid,1.0,수익률 변동성 (단위:%) 수익률 변동성 2003-12-31 2.06 2.83 4.23 3.55 2.51
FUND000021,KR5127420034,,,volatility,2Y,2.83,2003-12-31,4,[4],cell_grid,1.0,수익률 변동성 (단위:%) 수익률 변동성 2003-12-31 2.06 2.83 4.23 3.55 2.51
FUND000021,KR5127420034,,,volatility,3Y,4.23,2003-12-31,4,[4],cell_grid,1.0,수익률 변동성 (단위:%) 수익률 변동성 2003-12-31 2.06 2.83 4.23 3.55 2.51
FUND000021,KR5127420034,,,volatility,5Y,3.55,2003-12-31,4,[4],cell_grid,1.0,수익률 변동성 (단위:%) 수익률 변동성 2003-12-31 2.06 2.83 4.23 3.55 2.51
FUND000021,KR5127420034,,,volatility,SINCE_INCEPTION,2.51,2003-12-31,4,[4],cell_grid,1.0,수익률 변동성 (단위:%) 수익률 변동성 2003-12-31 2.06 2.83 4.23 3.55 2.51
FUND000021,KR5127420034,CLASS000261,A,class_return,1Y,4.60,,35,[35],detail_return_table_cross_validated,1.0,A A 수수료선취-오프라인 4.60 5.88 1.88 1.35 1.75
FUND000021,KR5127420034,CLASS000261,A,class_return,2Y,5.88,,35,[35],detail_return_table_cross_validated,1.0,A A 수수료선취-오프라인 4.60 5.88 1.88 1.35 1.75
FUND000021,KR5127420034,CLASS000261,A,class_return,3Y,1.88,,35,[35],detail_return_table_cross_validated,1.0,A A 수수료선취-오프라인 4.60 5.88 1.88 1.35 1.75
FUND000021,KR5127420034,CLASS000261,A,class_return,5Y,1.35,,35,[35],detail_return_table_cross_validated,1.0,A A 수수료선취-오프라인 4.60 5.88 1.88 1.35 1.75
FUND000021,KR5127420034,CLASS000261,A,class_return,SINCE_INCEPTION,1.75,,35,[35],detail_return_table_cross_validated,1.0,A A 수수료선취-오프라인 4.60 5.88 1.88 1.35 1.75
FUND000021,KR5127420034,CLASS000270,A-E,class_return,1Y,4.71,,35,[35],detail_return_table_cross_validated,1.0,A-E A-E 수수료선취-온라인 4.71 - - - 5.63
FUND000021,KR5127420034,CLASS000270,A-E,class_return,2Y,-,,35,[35],detail_return_table_cross_validated,1.0,A-E A-E 수수료선취-온라인 4.71 - - - 5.63
FUND000021,KR5127420034,CLASS000270,A-E,class_return,3Y,-,,35,[35],detail_return_table_cross_validated,1.0,A-E A-E 수수료선취-온라인 4.71 - - - 5.63
FUND000021,KR5127420034,CLASS000270,A-E,class_return,5Y,-,,35,[35],detail_return_table_cross_validated,1.0,A-E A-E 수수료선취-온라인 4.71 - - - 5.63
FUND000021,KR5127420034,CLASS000270,A-E,class_return,SINCE_INCEPTION,5.63,,35,[35],detail_return_table_cross_validated,1.0,A-E A-E 수수료선취-온라인 4.71 - - - 5.63
FUND000021,KR5127420034,CLASS000267,C-퇴직연금,class_return,1Y,4.53,,35,[35],detail_return_table_cross_validated,1.0,C-퇴직연금 C-퇴직연금 수수료미징구-오프라인-퇴직연금 4.53 5.81 1.81 1.28 1.74
FUND000021,KR5127420034,CLASS000267,C-퇴직연금,class_return,2Y,5.81,,35,[35],detail_return_table_cross_validated,1.0,C-퇴직연금 C-퇴직연금 수수료미징구-오프라인-퇴직연금 4.53 5.81 1.81 1.28 1.74
FUND000021,KR5127420034,CLASS000267,C-퇴직연금,class_return,3Y,1.81,,35,[35],detail_return_table_cross_validated,1.0,C-퇴직연금 C-퇴직연금 수수료미징구-오프라인-퇴직연금 4.53 5.81 1.81 1.28 1.74
FUND000021,KR5127420034,CLASS000267,C-퇴직연금,class_return,5Y,1.28,,35,[35],detail_return_table_cross_validated,1.0,C-퇴직연금 C-퇴직연금 수수료미징구-오프라인-퇴직연금 4.53 5.81 1.81 1.28 1.74
FUND000021,KR5127420034,CLASS000267,C-퇴직연금,class_return,SINCE_INCEPTION,1.74,,35,[35],detail_return_table_cross_validated,1.0,C-퇴직연금 C-퇴직연금 수수료미징구-오프라인-퇴직연금 4.53 5.81 1.81 1.28 1.74
FUND000021,KR5127420034,CLASS000271,C-퇴직e,class_return,1Y,4.67,,35,[35],detail_return_table_cross_validated,1.0,C-퇴직e C-퇴직e 수수료미징구-온라인-퇴직연금 4.67 5.95 1.95 1.44 1.27
FUND000021,KR5127420034,CLASS000271,C-퇴직e,class_return,2Y,5.95,,35,[35],detail_return_table_cross_validated,1.0,C-퇴직e C-퇴직e 수수료미징구-온라인-퇴직연금 4.67 5.95 1.95 1.44 1.27
FUND000021,KR5127420034,CLASS000271,C-퇴직e,class_return,3Y,1.95,,35,[35],detail_return_table_cross_validated,1.0,C-퇴직e C-퇴직e 수수료미징구-온라인-퇴직연금 4.67 5.95 1.95 1.44 1.27
FUND000021,KR5127420034,CLASS000271,C-퇴직e,class_return,5Y,1.44,,35,[35],detail_return_table_cross_validated,1.0,C-퇴직e C-퇴직e 수수료미징구-온라인-퇴직연금 4.67 5.95 1.95 1.44 1.27
FUND000021,KR5127420034,CLASS000271,C-퇴직e,class_return,SINCE_INCEPTION,1.27,,35,[35],detail_return_table_cross_validated,1.0,C-퇴직e C-퇴직e 수수료미징구-온라인-퇴직연금 4.67 5.95 1.95 1.44 1.27
FUND000021,KR5127420034,CLASS000262,C-E,class_return,1Y,4.64,,35,[35],detail_return_table_cross_validated,1.0,C-E C-E 수수료미징구-온라인 4.64 5.92 1.91 1.39 1.82
FUND000021,KR5127420034,CLASS000262,C-E,class_return,2Y,5.92,,35,[35],detail_return_table_cross_validated,1.0,C-E C-E 수수료미징구-온라인 4.64 5.92 1.91 1.39 1.82
FUND000021,KR5127420034,CLASS000262,C-E,class_return,3Y,1.91,,35,[35],detail_return_table_cross_validated,1.0,C-E C-E 수수료미징구-온라인 4.64 5.92 1.91 1.39 1.82
FUND000021,KR5127420034,CLASS000262,C-E,class_return,5Y,1.39,,35,[35],detail_return_table_cross_validated,1.0,C-E C-E 수수료미징구-온라인 4.64 5.92 1.91 1.39 1.82
FUND000021,KR5127420034,CLASS000262,C-E,class_return,SINCE_INCEPTION,1.82,,35,[35],detail_return_table_cross_validated,1.0,C-E C-E 수수료미징구-온라인 4.64 5.92 1.91 1.39 1.82
FUND000021,KR5127420034,CLASS000259,C-F,class_return,1Y,4.80,,35,[35],detail_return_table_cross_validated,1.0,C-F C-F 수수료미징구-오프라인-기관 4.80 6.08 2.08 1.55 2.63
FUND000021,KR5127420034,CLASS000259,C-F,class_return,2Y,6.08,,35,[35],detail_return_table_cross_validated,1.0,C-F C-F 수수료미징구-오프라인-기관 4.80 6.08 2.08 1.55 2.63
FUND000021,KR5127420034,CLASS000259,C-F,class_return,3Y,2.08,,35,[35],detail_return_table_cross_validated,1.0,C-F C-F 수수료미징구-오프라인-기관 4.80 6.08 2.08 1.55 2.63
FUND000021,KR5127420034,CLASS000259,C-F,class_return,5Y,1.55,,35,[35],detail_return_table_cross_validated,1.0,C-F C-F 수수료미징구-오프라인-기관 4.80 6.08 2.08 1.55 2.63
FUND000021,KR5127420034,CLASS000259,C-F,class_return,SINCE_INCEPTION,2.63,,35,[35],detail_return_table_cross_validated,1.0,C-F C-F 수수료미징구-오프라인-기관 4.80 6.08 2.08 1.55 2.63
FUND000021,KR5127420034,CLASS000264,C-P,class_return,1Y,4.51,,35,[35],detail_return_table_cross_validated,1.0,C-P C-P 수수료미징구-오프라인-개인연금 4.51 5.79 1.79 1.27 1.83
FUND000021,KR5127420034,CLASS000264,C-P,class_return,2Y,5.79,,35,[35],detail_return_table_cross_validated,1.0,C-P C-P 수수료미징구-오프라인-개인연금 4.51 5.79 1.79 1.27 1.83
FUND000021,KR5127420034,CLASS000264,C-P,class_return,3Y,1.79,,35,[35],detail_return_table_cross_validated,1.0,C-P C-P 수수료미징구-오프라인-개인연금 4.51 5.79 1.79 1.27 1.83
FUND000021,KR5127420034,CLASS000264,C-P,class_return,5Y,1.27,,35,[35],detail_return_table_cross_validated,1.0,C-P C-P 수수료미징구-오프라인-개인연금 4.51 5.79 1.79 1.27 1.83
FUND000021,KR5127420034,CLASS000264,C-P,class_return,SINCE_INCEPTION,1.83,,35,[35],detail_return_table_cross_validated,1.0,C-P C-P 수수료미징구-오프라인-개인연금 4.51 5.79 1.79 1.27 1.83
FUND000021,KR5127420034,CLASS000265,C-Pe,class_return,1Y,4.66,,35,[35],detail_return_table_cross_validated,1.0,C-Pe C-Pe 수수료미징구-온라인-개인연금 4.66 5.94 1.94 1.41 1.96
FUND000021,KR5127420034,CLASS000265,C-Pe,class_return,2Y,5.94,,35,[35],detail_return_table_cross_validated,1.0,C-Pe C-Pe 수수료미징구-온라인-개인연금 4.66 5.94 1.94 1.41 1.96
FUND000021,KR5127420034,CLASS000265,C-Pe,class_return,3Y,1.94,,35,[35],detail_return_table_cross_validated,1.0,C-Pe C-Pe 수수료미징구-온라인-개인연금 4.66 5.94 1.94 1.41 1.96
FUND000021,KR5127420034,CLASS000265,C-Pe,class_return,5Y,1.41,,35,[35],detail_return_table_cross_validated,1.0,C-Pe C-Pe 수수료미징구-온라인-개인연금 4.66 5.94 1.94 1.41 1.96
FUND000021,KR5127420034,CLASS000265,C-Pe,class_return,SINCE_INCEPTION,1.96,,35,[35],detail_return_table_cross_validated,1.0,C-Pe C-Pe 수수료미징구-온라인-개인연금 4.66 5.94 1.94 1.41 1.96
FUND000021,KR5127420034,CLASS000263,C-W,class_return,1Y,4.81,,35,[35],detail_return_table_cross_validated,1.0,"C-W C-W 수수료미징구-오프라인-랩,금전신탁 4.81 6.10 2.09 1.56 1.57"
FUND000021,KR5127420034,CLASS000263,C-W,class_return,2Y,6.10,,35,[35],detail_return_table_cross_validated,1.0,"C-W C-W 수수료미징구-오프라인-랩,금전신탁 4.81 6.10 2.09 1.56 1.57"
FUND000021,KR5127420034,CLASS000263,C-W,class_return,3Y,2.09,,35,[35],detail_return_table_cross_validated,1.0,"C-W C-W 수수료미징구-오프라인-랩,금전신탁 4.81 6.10 2.09 1.56 1.57"
FUND000021,KR5127420034,CLASS000263,C-W,class_return,5Y,1.56,,35,[35],detail_return_table_cross_validated,1.0,"C-W C-W 수수료미징구-오프라인-랩,금전신탁 4.81 6.10 2.09 1.56 1.57"
FUND000021,KR5127420034,CLASS000263,C-W,class_return,SINCE_INCEPTION,1.57,,35,[35],detail_return_table_cross_validated,1.0,"C-W C-W 수수료미징구-오프라인-랩,금전신탁 4.81 6.10 2.09 1.56 1.57"
FUND000021,KR5127420034,CLASS000260,S,class_return,1Y,4.71,,35,[35],detail_return_table_cross_validated,1.0,S S 수수료후취-온라인슈퍼 4.71 5.99 1.99 1.46 2.25
FUND000021,KR5127420034,CLASS000260,S,class_return,2Y,5.99,,35,[35],detail_return_table_cross_validated,1.0,S S 수수료후취-온라인슈퍼 4.71 5.99 1.99 1.46 2.25
FUND000021,KR5127420034,CLASS000260,S,class_return,3Y,1.99,,35,[35],detail_return_table_cross_validated,1.0,S S 수수료후취-온라인슈퍼 4.71 5.99 1.99 1.46 2.25
FUND000021,KR5127420034,CLASS000260,S,class_return,5Y,1.46,,35,[35],detail_return_table_cross_validated,1.0,S S 수수료후취-온라인슈퍼 4.71 5.99 1.99 1.46 2.25
FUND000021,KR5127420034,CLASS000260,S,class_return,SINCE_INCEPTION,2.25,,35,[35],detail_return_table_cross_validated,1.0,S S 수수료후취-온라인슈퍼 4.71 5.99 1.99 1.46 2.25
FUND000021,KR5127420034,CLASS000272,S-퇴직,class_return,1Y,4.76,,35,[35],detail_return_table_cross_validated,1.0,S-퇴직 S-퇴직 수수료미징구-온라인슈퍼-퇴직연금 4.76 - - - 5.51
FUND000021,KR5127420034,CLASS000272,S-퇴직,class_return,2Y,-,,35,[35],detail_return_table_cross_validated,1.0,S-퇴직 S-퇴직 수수료미징구-온라인슈퍼-퇴직연금 4.76 - - - 5.51
FUND000021,KR5127420034,CLASS000272,S-퇴직,class_return,3Y,-,,35,[35],detail_return_table_cross_validated,1.0,S-퇴직 S-퇴직 수수료미징구-온라인슈퍼-퇴직연금 4.76 - - - 5.51
FUND000021,KR5127420034,CLASS000272,S-퇴직,class_return,5Y,-,,35,[35],detail_return_table_cross_validated,1.0,S-퇴직 S-퇴직 수수료미징구-온라인슈퍼-퇴직연금 4.76 - - - 5.51
FUND000021,KR5127420034,CLASS000272,S-퇴직,class_return,SINCE_INCEPTION,5.51,,35,[35],detail_return_table_cross_validated,1.0,S-퇴직 S-퇴직 수수료미징구-온라인슈퍼-퇴직연금 4.76 - - - 5.51
FUND000021,KR5127420034,CLASS000266,S-P,class_return,1Y,4.73,,35,[35],detail_return_table_cross_validated,1.0,S-P S-P 수수료미징구-온라인슈퍼-개인연금 4.73 6.01 2.01 1.48 1.74
FUND000021,KR5127420034,CLASS000266,S-P,class_return,2Y,6.01,,35,[35],detail_return_table_cross_validated,1.0,S-P S-P 수수료미징구-온라인슈퍼-개인연금 4.73 6.01 2.01 1.48 1.74
FUND000021,KR5127420034,CLASS000266,S-P,class_return,3Y,2.01,,35,[35],detail_return_table_cross_validated,1.0,S-P S-P 수수료미징구-온라인슈퍼-개인연금 4.73 6.01 2.01 1.48 1.74
FUND000021,KR5127420034,CLASS000266,S-P,class_return,5Y,1.48,,35,[35],detail_return_table_cross_validated,1.0,S-P S-P 수수료미징구-온라인슈퍼-개인연금 4.73 6.01 2.01 1.48 1.74
FUND000021,KR5127420034,CLASS000266,S-P,class_return,SINCE_INCEPTION,1.74,,35,[35],detail_return_table_cross_validated,1.0,S-P S-P 수수료미징구-온라인슈퍼-개인연금 4.73 6.01 2.01 1.48 1.74
FUND000021,KR5127420039,CLASS000258,C,class_return,1Y,4.46,2003-12-31,4,"[4,35]",cell_grid,1.0,수수료미징구- 2003-12-31 오프라인(C) 투자실적추이 2003-12-31 4.46 5.74 1.74 1.21 2.97
FUND000021,KR5127420039,CLASS000258,C,class_return,2Y,5.74,2003-12-31,4,"[4,35]",cell_grid,1.0,수수료미징구- 2003-12-31 오프라인(C) 투자실적추이 2003-12-31 4.46 5.74 1.74 1.21 2.97
FUND000021,KR5127420039,CLASS000258,C,class_return,3Y,1.74,2003-12-31,4,"[4,35]",cell_grid,1.0,수수료미징구- 2003-12-31 오프라인(C) 투자실적추이 2003-12-31 4.46 5.74 1.74 1.21 2.97
FUND000021,KR5127420039,CLASS000258,C,class_return,5Y,1.21,2003-12-31,4,"[4,35]",cell_grid,1.0,수수료미징구- 2003-12-31 오프라인(C) 투자실적추이 2003-12-31 4.46 5.74 1.74 1.21 2.97
FUND000021,KR5127420039,CLASS000258,C,class_return,SINCE_INCEPTION,2.97,2003-12-31,4,"[4,35]",cell_grid,1.0,수수료미징구- 2003-12-31 오프라인(C) 투자실적추이 2003-12-31 4.46 5.74 1.74 1.21 2.97
FUND000021,KR5127420039,,,benchmark,1Y,4.73,2003-12-31,4,[4],cell_grid,1.0,비교지수 (연평균수익률) 비교지수 2003-12-31 4.73 5.41 2.32 1.77 3.80
FUND000021,KR5127420039,,,benchmark,2Y,5.41,2003-12-31,4,[4],cell_grid,1.0,비교지수 (연평균수익률) 비교지수 2003-12-31 4.73 5.41 2.32 1.77 3.80
FUND000021,KR5127420039,,,benchmark,3Y,2.32,2003-12-31,4,[4],cell_grid,1.0,비교지수 (연평균수익률) 비교지수 2003-12-31 4.73 5.41 2.32 1.77 3.80
FUND000021,KR5127420039,,,benchmark,5Y,1.77,2003-12-31,4,[4],cell_grid,1.0,비교지수 (연평균수익률) 비교지수 2003-12-31 4.73 5.41 2.32 1.77 3.80
FUND000021,KR5127420039,,,benchmark,SINCE_INCEPTION,3.80,2003-12-31,4,[4],cell_grid,1.0,비교지수 (연평균수익률) 비교지수 2003-12-31 4.73 5.41 2.32 1.77 3.80
FUND000021,KR5127420039,,,volatility,1Y,2.06,2003-12-31,4,[4],cell_grid,1.0,수익률 변동성 (단위:%) 수익률 변동성 2003-12-31 2.06 2.83 4.23 3.55 2.51
FUND000021,KR5127420039,,,volatility,2Y,2.83,2003-12-31,4,[4],cell_grid,1.0,수익률 변동성 (단위:%) 수익률 변동성 2003-12-31 2.06 2.83 4.23 3.55 2.51
FUND000021,KR5127420039,,,volatility,3Y,4.23,2003-12-31,4,[4],cell_grid,1.0,수익률 변동성 (단위:%) 수익률 변동성 2003-12-31 2.06 2.83 4.23 3.55 2.51
FUND000021,KR5127420039,,,volatility,5Y,3.55,2003-12-31,4,[4],cell_grid,1.0,수익률 변동성 (단위:%) 수익률 변동성 2003-12-31 2.06 2.83 4.23 3.55 2.51
FUND000021,KR5127420039,,,volatility,SINCE_INCEPTION,2.51,2003-12-31,4,[4],cell_grid,1.0,수익률 변동성 (단위:%) 수익률 변동성 2003-12-31 2.06 2.83 4.23 3.55 2.51
FUND000021,KR5127420039,CLASS000261,A,class_return,1Y,4.60,,35,[35],detail_return_table_cross_validated,1.0,A A 수수료선취-오프라인 4.60 5.88 1.88 1.35 1.75
FUND000021,KR5127420039,CLASS000261,A,class_return,2Y,5.88,,35,[35],detail_return_table_cross_validated,1.0,A A 수수료선취-오프라인 4.60 5.88 1.88 1.35 1.75
FUND000021,KR5127420039,CLASS000261,A,class_return,3Y,1.88,,35,[35],detail_return_table_cross_validated,1.0,A A 수수료선취-오프라인 4.60 5.88 1.88 1.35 1.75
FUND000021,KR5127420039,CLASS000261,A,class_return,5Y,1.35,,35,[35],detail_return_table_cross_validated,1.0,A A 수수료선취-오프라인 4.60 5.88 1.88 1.35 1.75
FUND000021,KR5127420039,CLASS000261,A,class_return,SINCE_INCEPTION,1.75,,35,[35],detail_return_table_cross_validated,1.0,A A 수수료선취-오프라인 4.60 5.88 1.88 1.35 1.75
FUND000021,KR5127420039,CLASS000270,A-E,class_return,1Y,4.71,,35,[35],detail_return_table_cross_validated,1.0,A-E A-E 수수료선취-온라인 4.71 - - - 5.63
FUND000021,KR5127420039,CLASS000270,A-E,class_return,2Y,-,,35,[35],detail_return_table_cross_validated,1.0,A-E A-E 수수료선취-온라인 4.71 - - - 5.63
FUND000021,KR5127420039,CLASS000270,A-E,class_return,3Y,-,,35,[35],detail_return_table_cross_validated,1.0,A-E A-E 수수료선취-온라인 4.71 - - - 5.63
FUND000021,KR5127420039,CLASS000270,A-E,class_return,5Y,-,,35,[35],detail_return_table_cross_validated,1.0,A-E A-E 수수료선취-온라인 4.71 - - - 5.63
FUND000021,KR5127420039,CLASS000270,A-E,class_return,SINCE_INCEPTION,5.63,,35,[35],detail_return_table_cross_validated,1.0,A-E A-E 수수료선취-온라인 4.71 - - - 5.63
FUND000021,KR5127420039,CLASS000267,C-퇴직연금,class_return,1Y,4.53,,35,[35],detail_return_table_cross_validated,1.0,C-퇴직연금 C-퇴직연금 수수료미징구-오프라인-퇴직연금 4.53 5.81 1.81 1.28 1.74
FUND000021,KR5127420039,CLASS000267,C-퇴직연금,class_return,2Y,5.81,,35,[35],detail_return_table_cross_validated,1.0,C-퇴직연금 C-퇴직연금 수수료미징구-오프라인-퇴직연금 4.53 5.81 1.81 1.28 1.74
FUND000021,KR5127420039,CLASS000267,C-퇴직연금,class_return,3Y,1.81,,35,[35],detail_return_table_cross_validated,1.0,C-퇴직연금 C-퇴직연금 수수료미징구-오프라인-퇴직연금 4.53 5.81 1.81 1.28 1.74
FUND000021,KR5127420039,CLASS000267,C-퇴직연금,class_return,5Y,1.28,,35,[35],detail_return_table_cross_validated,1.0,C-퇴직연금 C-퇴직연금 수수료미징구-오프라인-퇴직연금 4.53 5.81 1.81 1.28 1.74
FUND000021,KR5127420039,CLASS000267,C-퇴직연금,class_return,SINCE_INCEPTION,1.74,,35,[35],detail_return_table_cross_validated,1.0,C-퇴직연금 C-퇴직연금 수수료미징구-오프라인-퇴직연금 4.53 5.81 1.81 1.28 1.74
FUND000021,KR5127420039,CLASS000271,C-퇴직e,class_return,1Y,4.67,,35,[35],detail_return_table_cross_validated,1.0,C-퇴직e C-퇴직e 수수료미징구-온라인-퇴직연금 4.67 5.95 1.95 1.44 1.27
FUND000021,KR5127420039,CLASS000271,C-퇴직e,class_return,2Y,5.95,,35,[35],detail_return_table_cross_validated,1.0,C-퇴직e C-퇴직e 수수료미징구-온라인-퇴직연금 4.67 5.95 1.95 1.44 1.27
FUND000021,KR5127420039,CLASS000271,C-퇴직e,class_return,3Y,1.95,,35,[35],detail_return_table_cross_validated,1.0,C-퇴직e C-퇴직e 수수료미징구-온라인-퇴직연금 4.67 5.95 1.95 1.44 1.27
FUND000021,KR5127420039,CLASS000271,C-퇴직e,class_return,5Y,1.44,,35,[35],detail_return_table_cross_validated,1.0,C-퇴직e C-퇴직e 수수료미징구-온라인-퇴직연금 4.67 5.95 1.95 1.44 1.27
FUND000021,KR5127420039,CLASS000271,C-퇴직e,class_return,SINCE_INCEPTION,1.27,,35,[35],detail_return_table_cross_validated,1.0,C-퇴직e C-퇴직e 수수료미징구-온라인-퇴직연금 4.67 5.95 1.95 1.44 1.27
FUND000021,KR5127420039,CLASS000262,C-E,class_return,1Y,4.64,,35,[35],detail_return_table_cross_validated,1.0,C-E C-E 수수료미징구-온라인 4.64 5.92 1.91 1.39 1.82
FUND000021,KR5127420039,CLASS000262,C-E,class_return,2Y,5.92,,35,[35],detail_return_table_cross_validated,1.0,C-E C-E 수수료미징구-온라인 4.64 5.92 1.91 1.39 1.82
FUND000021,KR5127420039,CLASS000262,C-E,class_return,3Y,1.91,,35,[35],detail_return_table_cross_validated,1.0,C-E C-E 수수료미징구-온라인 4.64 5.92 1.91 1.39 1.82
FUND000021,KR5127420039,CLASS000262,C-E,class_return,5Y,1.39,,35,[35],detail_return_table_cross_validated,1.0,C-E C-E 수수료미징구-온라인 4.64 5.92 1.91 1.39 1.82
FUND000021,KR5127420039,CLASS000262,C-E,class_return,SINCE_INCEPTION,1.82,,35,[35],detail_return_table_cross_validated,1.0,C-E C-E 수수료미징구-온라인 4.64 5.92 1.91 1.39 1.82
FUND000021,KR5127420039,CLASS000259,C-F,class_return,1Y,4.80,,35,[35],detail_return_table_cross_validated,1.0,C-F C-F 수수료미징구-오프라인-기관 4.80 6.08 2.08 1.55 2.63
FUND000021,KR5127420039,CLASS000259,C-F,class_return,2Y,6.08,,35,[35],detail_return_table_cross_validated,1.0,C-F C-F 수수료미징구-오프라인-기관 4.80 6.08 2.08 1.55 2.63
FUND000021,KR5127420039,CLASS000259,C-F,class_return,3Y,2.08,,35,[35],detail_return_table_cross_validated,1.0,C-F C-F 수수료미징구-오프라인-기관 4.80 6.08 2.08 1.55 2.63
FUND000021,KR5127420039,CLASS000259,C-F,class_return,5Y,1.55,,35,[35],detail_return_table_cross_validated,1.0,C-F C-F 수수료미징구-오프라인-기관 4.80 6.08 2.08 1.55 2.63
FUND000021,KR5127420039,CLASS000259,C-F,class_return,SINCE_INCEPTION,2.63,,35,[35],detail_return_table_cross_validated,1.0,C-F C-F 수수료미징구-오프라인-기관 4.80 6.08 2.08 1.55 2.63
FUND000021,KR5127420039,CLASS000264,C-P,class_return,1Y,4.51,,35,[35],detail_return_table_cross_validated,1.0,C-P C-P 수수료미징구-오프라인-개인연금 4.51 5.79 1.79 1.27 1.83
FUND000021,KR5127420039,CLASS000264,C-P,class_return,2Y,5.79,,35,[35],detail_return_table_cross_validated,1.0,C-P C-P 수수료미징구-오프라인-개인연금 4.51 5.79 1.79 1.27 1.83
FUND000021,KR5127420039,CLASS000264,C-P,class_return,3Y,1.79,,35,[35],detail_return_table_cross_validated,1.0,C-P C-P 수수료미징구-오프라인-개인연금 4.51 5.79 1.79 1.27 1.83
FUND000021,KR5127420039,CLASS000264,C-P,class_return,5Y,1.27,,35,[35],detail_return_table_cross_validated,1.0,C-P C-P 수수료미징구-오프라인-개인연금 4.51 5.79 1.79 1.27 1.83
FUND000021,KR5127420039,CLASS000264,C-P,class_return,SINCE_INCEPTION,1.83,,35,[35],detail_return_table_cross_validated,1.0,C-P C-P 수수료미징구-오프라인-개인연금 4.51 5.79 1.79 1.27 1.83
FUND000021,KR5127420039,CLASS000265,C-Pe,class_return,1Y,4.66,,35,[35],detail_return_table_cross_validated,1.0,C-Pe C-Pe 수수료미징구-온라인-개인연금 4.66 5.94 1.94 1.41 1.96
FUND000021,KR5127420039,CLASS000265,C-Pe,class_return,2Y,5.94,,35,[35],detail_return_table_cross_validated,1.0,C-Pe C-Pe 수수료미징구-온라인-개인연금 4.66 5.94 1.94 1.41 1.96
FUND000021,KR5127420039,CLASS000265,C-Pe,class_return,3Y,1.94,,35,[35],detail_return_table_cross_validated,1.0,C-Pe C-Pe 수수료미징구-온라인-개인연금 4.66 5.94 1.94 1.41 1.96
FUND000021,KR5127420039,CLASS000265,C-Pe,class_return,5Y,1.41,,35,[35],detail_return_table_cross_validated,1.0,C-Pe C-Pe 수수료미징구-온라인-개인연금 4.66 5.94 1.94 1.41 1.96
FUND000021,KR5127420039,CLASS000265,C-Pe,class_return,SINCE_INCEPTION,1.96,,35,[35],detail_return_table_cross_validated,1.0,C-Pe C-Pe 수수료미징구-온라인-개인연금 4.66 5.94 1.94 1.41 1.96
FUND000021,KR5127420039,CLASS000263,C-W,class_return,1Y,4.81,,35,[35],detail_return_table_cross_validated,1.0,"C-W C-W 수수료미징구-오프라인-랩,금전신탁 4.81 6.10 2.09 1.56 1.57"
FUND000021,KR5127420039,CLASS000263,C-W,class_return,2Y,6.10,,35,[35],detail_return_table_cross_validated,1.0,"C-W C-W 수수료미징구-오프라인-랩,금전신탁 4.81 6.10 2.09 1.56 1.57"
FUND000021,KR5127420039,CLASS000263,C-W,class_return,3Y,2.09,,35,[35],detail_return_table_cross_validated,1.0,"C-W C-W 수수료미징구-오프라인-랩,금전신탁 4.81 6.10 2.09 1.56 1.57"
FUND000021,KR5127420039,CLASS000263,C-W,class_return,5Y,1.56,,35,[35],detail_return_table_cross_validated,1.0,"C-W C-W 수수료미징구-오프라인-랩,금전신탁 4.81 6.10 2.09 1.56 1.57"
FUND000021,KR5127420039,CLASS000263,C-W,class_return,SINCE_INCEPTION,1.57,,35,[35],detail_return_table_cross_validated,1.0,"C-W C-W 수수료미징구-오프라인-랩,금전신탁 4.81 6.10 2.09 1.56 1.57"
FUND000021,KR5127420039,CLASS000260,S,class_return,1Y,4.71,,35,[35],detail_return_table_cross_validated,1.0,S S 수수료후취-온라인슈퍼 4.71 5.99 1.99 1.46 2.25
FUND000021,KR5127420039,CLASS000260,S,class_return,2Y,5.99,,35,[35],detail_return_table_cross_validated,1.0,S S 수수료후취-온라인슈퍼 4.71 5.99 1.99 1.46 2.25
FUND000021,KR5127420039,CLASS000260,S,class_return,3Y,1.99,,35,[35],detail_return_table_cross_validated,1.0,S S 수수료후취-온라인슈퍼 4.71 5.99 1.99 1.46 2.25
FUND000021,KR5127420039,CLASS000260,S,class_return,5Y,1.46,,35,[35],detail_return_table_cross_validated,1.0,S S 수수료후취-온라인슈퍼 4.71 5.99 1.99 1.46 2.25
FUND000021,KR5127420039,CLASS000260,S,class_return,SINCE_INCEPTION,2.25,,35,[35],detail_return_table_cross_validated,1.0,S S 수수료후취-온라인슈퍼 4.71 5.99 1.99 1.46 2.25
FUND000021,KR5127420039,CLASS000272,S-퇴직,class_return,1Y,4.76,,35,[35],detail_return_table_cross_validated,1.0,S-퇴직 S-퇴직 수수료미징구-온라인슈퍼-퇴직연금 4.76 - - - 5.51
FUND000021,KR5127420039,CLASS000272,S-퇴직,class_return,2Y,-,,35,[35],detail_return_table_cross_validated,1.0,S-퇴직 S-퇴직 수수료미징구-온라인슈퍼-퇴직연금 4.76 - - - 5.51
FUND000021,KR5127420039,CLASS000272,S-퇴직,class_return,3Y,-,,35,[35],detail_return_table_cross_validated,1.0,S-퇴직 S-퇴직 수수료미징구-온라인슈퍼-퇴직연금 4.76 - - - 5.51
FUND000021,KR5127420039,CLASS000272,S-퇴직,class_return,5Y,-,,35,[35],detail_return_table_cross_validated,1.0,S-퇴직 S-퇴직 수수료미징구-온라인슈퍼-퇴직연금 4.76 - - - 5.51
FUND000021,KR5127420039,CLASS000272,S-퇴직,class_return,SINCE_INCEPTION,5.51,,35,[35],detail_return_table_cross_validated,1.0,S-퇴직 S-퇴직 수수료미징구-온라인슈퍼-퇴직연금 4.76 - - - 5.51
FUND000021,KR5127420039,CLASS000266,S-P,class_return,1Y,4.73,,35,[35],detail_return_table_cross_validated,1.0,S-P S-P 수수료미징구-온라인슈퍼-개인연금 4.73 6.01 2.01 1.48 1.74
FUND000021,KR5127420039,CLASS000266,S-P,class_return,2Y,6.01,,35,[35],detail_return_table_cross_validated,1.0,S-P S-P 수수료미징구-온라인슈퍼-개인연금 4.73 6.01 2.01 1.48 1.74
FUND000021,KR5127420039,CLASS000266,S-P,class_return,3Y,2.01,,35,[35],detail_return_table_cross_validated,1.0,S-P S-P 수수료미징구-온라인슈퍼-개인연금 4.73 6.01 2.01 1.48 1.74
FUND000021,KR5127420039,CLASS000266,S-P,class_return,5Y,1.48,,35,[35],detail_return_table_cross_validated,1.0,S-P S-P 수수료미징구-온라인슈퍼-개인연금 4.73 6.01 2.01 1.48 1.74
FUND000021,KR5127420039,CLASS000266,S-P,class_return,SINCE_INCEPTION,1.74,,35,[35],detail_return_table_cross_validated,1.0,S-P S-P 수수료미징구-온라인슈퍼-개인연금 4.73 6.01 2.01 1.48 1.74
FUND000022,KR5127420045,CLASS000273,A,class_return,1Y,3.35,2015-08-20,5,"[5,37]",cell_grid,1.0,수수료선취- 2015-08-20 오프라인(A) 2015-08-20 3.35 3.71 3.55 2.34 1.93
FUND000022,KR5127420045,CLASS000273,A,class_return,2Y,3.71,2015-08-20,5,"[5,37]",cell_grid,1.0,수수료선취- 2015-08-20 오프라인(A) 2015-08-20 3.35 3.71 3.55 2.34 1.93
FUND000022,KR5127420045,CLASS000273,A,class_return,3Y,3.55,2015-08-20,5,"[5,37]",cell_grid,1.0,수수료선취- 2015-08-20 오프라인(A) 2015-08-20 3.35 3.71 3.55 2.34 1.93
FUND000022,KR5127420045,CLASS000273,A,class_return,5Y,2.34,2015-08-20,5,"[5,37]",cell_grid,1.0,수수료선취- 2015-08-20 오프라인(A) 2015-08-20 3.35 3.71 3.55 2.34 1.93
FUND000022,KR5127420045,CLASS000273,A,class_return,SINCE_INCEPTION,1.93,2015-08-20,5,"[5,37]",cell_grid,1.0,수수료선취- 2015-08-20 오프라인(A) 2015-08-20 3.35 3.71 3.55 2.34 1.93
FUND000022,KR5127420045,,,benchmark,1Y,3.28,2015-08-20,5,[5],cell_grid,1.0,비교지수 비교지수 2015-08-20 3.28 3.64 3.49 2.29 2.02
FUND000022,KR5127420045,,,benchmark,2Y,3.64,2015-08-20,5,[5],cell_grid,1.0,비교지수 비교지수 2015-08-20 3.28 3.64 3.49 2.29 2.02
FUND000022,KR5127420045,,,benchmark,3Y,3.49,2015-08-20,5,[5],cell_grid,1.0,비교지수 비교지수 2015-08-20 3.28 3.64 3.49 2.29 2.02
FUND000022,KR5127420045,,,benchmark,5Y,2.29,2015-08-20,5,[5],cell_grid,1.0,비교지수 비교지수 2015-08-20 3.28 3.64 3.49 2.29 2.02
FUND000022,KR5127420045,,,benchmark,SINCE_INCEPTION,2.02,2015-08-20,5,[5],cell_grid,1.0,비교지수 비교지수 2015-08-20 3.28 3.64 3.49 2.29 2.02
FUND000022,KR5127420045,,,volatility,1Y,0.26,2015-08-20,5,[5],cell_grid,1.0,수익률 변동성 (연평균수익률) 수익률 변동성 2015-08-20 0.26 0.27 0.47 0.49 0.39
FUND000022,KR5127420045,,,volatility,2Y,0.27,2015-08-20,5,[5],cell_grid,1.0,수익률 변동성 (연평균수익률) 수익률 변동성 2015-08-20 0.26 0.27 0.47 0.49 0.39
FUND000022,KR5127420045,,,volatility,3Y,0.47,2015-08-20,5,[5],cell_grid,1.0,수익률 변동성 (연평균수익률) 수익률 변동성 2015-08-20 0.26 0.27 0.47 0.49 0.39
FUND000022,KR5127420045,,,volatility,5Y,0.49,2015-08-20,5,[5],cell_grid,1.0,수익률 변동성 (연평균수익률) 수익률 변동성 2015-08-20 0.26 0.27 0.47 0.49 0.39
FUND000022,KR5127420045,,,volatility,SINCE_INCEPTION,0.39,2015-08-20,5,[5],cell_grid,1.0,수익률 변동성 (연평균수익률) 수익률 변동성 2015-08-20 0.26 0.27 0.47 0.49 0.39
FUND000022,KR5127420045,CLASS000286,A-E,class_return,1Y,3.37,,37,[37],detail_return_table_cross_validated,1.0,A-E A-E 수수료선취-온라인 3.37 3.72 3.57 2.35 2.23
FUND000022,KR5127420045,CLASS000286,A-E,class_return,2Y,3.72,,37,[37],detail_return_table_cross_validated,1.0,A-E A-E 수수료선취-온라인 3.37 3.72 3.57 2.35 2.23
FUND000022,KR5127420045,CLASS000286,A-E,class_return,3Y,3.57,,37,[37],detail_return_table_cross_validated,1.0,A-E A-E 수수료선취-온라인 3.37 3.72 3.57 2.35 2.23
FUND000022,KR5127420045,CLASS000286,A-E,class_return,5Y,2.35,,37,[37],detail_return_table_cross_validated,1.0,A-E A-E 수수료선취-온라인 3.37 3.72 3.57 2.35 2.23
FUND000022,KR5127420045,CLASS000286,A-E,class_return,SINCE_INCEPTION,2.23,,37,[37],detail_return_table_cross_validated,1.0,A-E A-E 수수료선취-온라인 3.37 3.72 3.57 2.35 2.23
FUND000022,KR5127420045,CLASS000274,C,class_return,1Y,3.22,,37,[37],detail_return_table_cross_validated,1.0,C C 수수료미징구-오프라인 3.22 3.57 3.42 2.21 1.93
FUND000022,KR5127420045,CLASS000274,C,class_return,2Y,3.57,,37,[37],detail_return_table_cross_validated,1.0,C C 수수료미징구-오프라인 3.22 3.57 3.42 2.21 1.93
FUND000022,KR5127420045,CLASS000274,C,class_return,3Y,3.42,,37,[37],detail_return_table_cross_validated,1.0,C C 수수료미징구-오프라인 3.22 3.57 3.42 2.21 1.93
FUND000022,KR5127420045,CLASS000274,C,class_return,5Y,2.21,,37,[37],detail_return_table_cross_validated,1.0,C C 수수료미징구-오프라인 3.22 3.57 3.42 2.21 1.93
FUND000022,KR5127420045,CLASS000274,C,class_return,SINCE_INCEPTION,1.93,,37,[37],detail_return_table_cross_validated,1.0,C C 수수료미징구-오프라인 3.22 3.57 3.42 2.21 1.93
FUND000022,KR5127420045,CLASS000277,C-퇴직연금,class_return,1Y,3.24,,37,[37],detail_return_table_cross_validated,1.0,C-퇴직연금 C-퇴직연금 수수료미징구-오프라인-퇴직연금 3.24 3.60 3.44 2.23 1.95
FUND000022,KR5127420045,CLASS000277,C-퇴직연금,class_return,2Y,3.60,,37,[37],detail_return_table_cross_validated,1.0,C-퇴직연금 C-퇴직연금 수수료미징구-오프라인-퇴직연금 3.24 3.60 3.44 2.23 1.95
FUND000022,KR5127420045,CLASS000277,C-퇴직연금,class_return,3Y,3.44,,37,[37],detail_return_table_cross_validated,1.0,C-퇴직연금 C-퇴직연금 수수료미징구-오프라인-퇴직연금 3.24 3.60 3.44 2.23 1.95
FUND000022,KR5127420045,CLASS000277,C-퇴직연금,class_return,5Y,2.23,,37,[37],detail_return_table_cross_validated,1.0,C-퇴직연금 C-퇴직연금 수수료미징구-오프라인-퇴직연금 3.24 3.60 3.44 2.23 1.95
FUND000022,KR5127420045,CLASS000277,C-퇴직연금,class_return,SINCE_INCEPTION,1.95,,37,[37],detail_return_table_cross_validated,1.0,C-퇴직연금 C-퇴직연금 수수료미징구-오프라인-퇴직연금 3.24 3.60 3.44 2.23 1.95
FUND000022,KR5127420045,CLASS000285,C-퇴직e,class_return,1Y,3.31,,37,[37],detail_return_table_cross_validated,1.0,C-퇴직e C-퇴직e 수수료미징구-온라인-퇴직연금 3.31 3.67 3.51 2.30 2.13
FUND000022,KR5127420045,CLASS000285,C-퇴직e,class_return,2Y,3.67,,37,[37],detail_return_table_cross_validated,1.0,C-퇴직e C-퇴직e 수수료미징구-온라인-퇴직연금 3.31 3.67 3.51 2.30 2.13
FUND000022,KR5127420045,CLASS000285,C-퇴직e,class_return,3Y,3.51,,37,[37],detail_return_table_cross_validated,1.0,C-퇴직e C-퇴직e 수수료미징구-온라인-퇴직연금 3.31 3.67 3.51 2.30 2.13
FUND000022,KR5127420045,CLASS000285,C-퇴직e,class_return,5Y,2.30,,37,[37],detail_return_table_cross_validated,1.0,C-퇴직e C-퇴직e 수수료미징구-온라인-퇴직연금 3.31 3.67 3.51 2.30 2.13
FUND000022,KR5127420045,CLASS000285,C-퇴직e,class_return,SINCE_INCEPTION,2.13,,37,[37],detail_return_table_cross_validated,1.0,C-퇴직e C-퇴직e 수수료미징구-온라인-퇴직연금 3.31 3.67 3.51 2.30 2.13
FUND000022,KR5127420045,CLASS000275,C-E,class_return,1Y,3.30,,37,[37],detail_return_table_cross_validated,1.0,C-E C-E 수수료미징구-온라인 3.30 3.66 3.50 2.29 2.02
FUND000022,KR5127420045,CLASS000275,C-E,class_return,2Y,3.66,,37,[37],detail_return_table_cross_validated,1.0,C-E C-E 수수료미징구-온라인 3.30 3.66 3.50 2.29 2.02
FUND000022,KR5127420045,CLASS000275,C-E,class_return,3Y,3.50,,37,[37],detail_return_table_cross_validated,1.0,C-E C-E 수수료미징구-온라인 3.30 3.66 3.50 2.29 2.02
FUND000022,KR5127420045,CLASS000275,C-E,class_return,5Y,2.29,,37,[37],detail_return_table_cross_validated,1.0,C-E C-E 수수료미징구-온라인 3.30 3.66 3.50 2.29 2.02
FUND000022,KR5127420045,CLASS000275,C-E,class_return,SINCE_INCEPTION,2.02,,37,[37],detail_return_table_cross_validated,1.0,C-E C-E 수수료미징구-온라인 3.30 3.66 3.50 2.29 2.02
FUND000022,KR5127420045,CLASS000276,C-F,class_return,1Y,3.37,,37,[37],detail_return_table_cross_validated,1.0,C-F C-F 수수료미징구-오프라인-기관 3.37 3.73 3.57 2.36 2.14
FUND000022,KR5127420045,CLASS000276,C-F,class_return,2Y,3.73,,37,[37],detail_return_table_cross_validated,1.0,C-F C-F 수수료미징구-오프라인-기관 3.37 3.73 3.57 2.36 2.14
FUND000022,KR5127420045,CLASS000276,C-F,class_return,3Y,3.57,,37,[37],detail_return_table_cross_validated,1.0,C-F C-F 수수료미징구-오프라인-기관 3.37 3.73 3.57 2.36 2.14
FUND000022,KR5127420045,CLASS000276,C-F,class_return,5Y,2.36,,37,[37],detail_return_table_cross_validated,1.0,C-F C-F 수수료미징구-오프라인-기관 3.37 3.73 3.57 2.36 2.14
FUND000022,KR5127420045,CLASS000276,C-F,class_return,SINCE_INCEPTION,2.14,,37,[37],detail_return_table_cross_validated,1.0,C-F C-F 수수료미징구-오프라인-기관 3.37 3.73 3.57 2.36 2.14
FUND000022,KR5127420045,CLASS000279,C-P,class_return,1Y,3.23,,37,[37],detail_return_table_cross_validated,1.0,C-P C-P 수수료미징구-오프라인-개인연금 3.23 3.59 3.43 2.22 2.10
FUND000022,KR5127420045,CLASS000279,C-P,class_return,2Y,3.59,,37,[37],detail_return_table_cross_validated,1.0,C-P C-P 수수료미징구-오프라인-개인연금 3.23 3.59 3.43 2.22 2.10
FUND000022,KR5127420045,CLASS000279,C-P,class_return,3Y,3.43,,37,[37],detail_return_table_cross_validated,1.0,C-P C-P 수수료미징구-오프라인-개인연금 3.23 3.59 3.43 2.22 2.10
FUND000022,KR5127420045,CLASS000279,C-P,class_return,5Y,2.22,,37,[37],detail_return_table_cross_validated,1.0,C-P C-P 수수료미징구-오프라인-개인연금 3.23 3.59 3.43 2.22 2.10
FUND000022,KR5127420045,CLASS000279,C-P,class_return,SINCE_INCEPTION,2.10,,37,[37],detail_return_table_cross_validated,1.0,C-P C-P 수수료미징구-오프라인-개인연금 3.23 3.59 3.43 2.22 2.10
FUND000022,KR5127420045,CLASS000280,C-Pe,class_return,1Y,3.31,,37,[37],detail_return_table_cross_validated,1.0,C-Pe C-Pe 수수료미징구-온라인-개인연금 3.31 3.67 3.51 2.30 2.18
FUND000022,KR5127420045,CLASS000280,C-Pe,class_return,2Y,3.67,,37,[37],detail_return_table_cross_validated,1.0,C-Pe C-Pe 수수료미징구-온라인-개인연금 3.31 3.67 3.51 2.30 2.18
FUND000022,KR5127420045,CLASS000280,C-Pe,class_return,3Y,3.51,,37,[37],detail_return_table_cross_validated,1.0,C-Pe C-Pe 수수료미징구-온라인-개인연금 3.31 3.67 3.51 2.30 2.18
FUND000022,KR5127420045,CLASS000280,C-Pe,class_return,5Y,2.30,,37,[37],detail_return_table_cross_validated,1.0,C-Pe C-Pe 수수료미징구-온라인-개인연금 3.31 3.67 3.51 2.30 2.18
FUND000022,KR5127420045,CLASS000280,C-Pe,class_return,SINCE_INCEPTION,2.18,,37,[37],detail_return_table_cross_validated,1.0,C-Pe C-Pe 수수료미징구-온라인-개인연금 3.31 3.67 3.51 2.30 2.18
FUND000022,KR5127420045,CLASS000278,C-W,class_return,1Y,3.39,,37,[37],detail_return_table_cross_validated,1.0,"C-W C-W 수수료미징구-오프라인-랩,금전신탁 3.39 3.75 3.59 2.38 2.10"
FUND000022,KR5127420045,CLASS000278,C-W,class_return,2Y,3.75,,37,[37],detail_return_table_cross_validated,1.0,"C-W C-W 수수료미징구-오프라인-랩,금전신탁 3.39 3.75 3.59 2.38 2.10"
FUND000022,KR5127420045,CLASS000278,C-W,class_return,3Y,3.59,,37,[37],detail_return_table_cross_validated,1.0,"C-W C-W 수수료미징구-오프라인-랩,금전신탁 3.39 3.75 3.59 2.38 2.10"
FUND000022,KR5127420045,CLASS000278,C-W,class_return,5Y,2.38,,37,[37],detail_return_table_cross_validated,1.0,"C-W C-W 수수료미징구-오프라인-랩,금전신탁 3.39 3.75 3.59 2.38 2.10"
FUND000022,KR5127420045,CLASS000278,C-W,class_return,SINCE_INCEPTION,2.10,,37,[37],detail_return_table_cross_validated,1.0,"C-W C-W 수수료미징구-오프라인-랩,금전신탁 3.39 3.75 3.59 2.38 2.10"
FUND000022,KR5127420045,CLASS000281,S,class_return,1Y,3.36,,37,[37],detail_return_table_cross_validated,1.0,S S 수수료후취-온라인슈퍼 3.36 3.66 3.49 2.26 2.04
FUND000022,KR5127420045,CLASS000281,S,class_return,2Y,3.66,,37,[37],detail_return_table_cross_validated,1.0,S S 수수료후취-온라인슈퍼 3.36 3.66 3.49 2.26 2.04
FUND000022,KR5127420045,CLASS000281,S,class_return,3Y,3.49,,37,[37],detail_return_table_cross_validated,1.0,S S 수수료후취-온라인슈퍼 3.36 3.66 3.49 2.26 2.04
FUND000022,KR5127420045,CLASS000281,S,class_return,5Y,2.26,,37,[37],detail_return_table_cross_validated,1.0,S S 수수료후취-온라인슈퍼 3.36 3.66 3.49 2.26 2.04
FUND000022,KR5127420045,CLASS000281,S,class_return,SINCE_INCEPTION,2.04,,37,[37],detail_return_table_cross_validated,1.0,S S 수수료후취-온라인슈퍼 3.36 3.66 3.49 2.26 2.04
FUND000022,KR5127420045,CLASS000282,S-P,class_return,1Y,3.31,,37,[37],detail_return_table_cross_validated,1.0,S-P S-P 수수료미징구-온라인슈퍼-개인연금 3.31 3.64 3.47 2.26 2.04
FUND000022,KR5127420045,CLASS000282,S-P,class_return,2Y,3.64,,37,[37],detail_return_table_cross_validated,1.0,S-P S-P 수수료미징구-온라인슈퍼-개인연금 3.31 3.64 3.47 2.26 2.04
FUND000022,KR5127420045,CLASS000282,S-P,class_return,3Y,3.47,,37,[37],detail_return_table_cross_validated,1.0,S-P S-P 수수료미징구-온라인슈퍼-개인연금 3.31 3.64 3.47 2.26 2.04
FUND000022,KR5127420045,CLASS000282,S-P,class_return,5Y,2.26,,37,[37],detail_return_table_cross_validated,1.0,S-P S-P 수수료미징구-온라인슈퍼-개인연금 3.31 3.64 3.47 2.26 2.04
FUND000022,KR5127420045,CLASS000282,S-P,class_return,SINCE_INCEPTION,2.04,,37,[37],detail_return_table_cross_validated,1.0,S-P S-P 수수료미징구-온라인슈퍼-개인연금 3.31 3.64 3.47 2.26 2.04
FUND000023,KR5127420083,CLASS000288,A,class_return,1Y,4.60,2016-09-07,5,"[5,35]",cell_grid,1.0,수수료선취- 2016-09-07 오프라인(A) 2016-09-07 4.60 8.63 6.28 0.71 1.23
FUND000023,KR5127420083,CLASS000288,A,class_return,2Y,8.63,2016-09-07,5,"[5,35]",cell_grid,1.0,수수료선취- 2016-09-07 오프라인(A) 2016-09-07 4.60 8.63 6.28 0.71 1.23
FUND000023,KR5127420083,CLASS000288,A,class_return,3Y,6.28,2016-09-07,5,"[5,35]",cell_grid,1.0,수수료선취- 2016-09-07 오프라인(A) 2016-09-07 4.60 8.63 6.28 0.71 1.23
FUND000023,KR5127420083,CLASS000288,A,class_return,5Y,0.71,2016-09-07,5,"[5,35]",cell_grid,1.0,수수료선취- 2016-09-07 오프라인(A) 2016-09-07 4.60 8.63 6.28 0.71 1.23
FUND000023,KR5127420083,CLASS000288,A,class_return,SINCE_INCEPTION,1.23,2016-09-07,5,"[5,35]",cell_grid,1.0,수수료선취- 2016-09-07 오프라인(A) 2016-09-07 4.60 8.63 6.28 0.71 1.23
FUND000023,KR5127420083,,,benchmark,1Y,4.47,2016-09-07,5,[5],cell_grid,1.0,비교지수 투자실적추이 비교지수 2016-09-07 4.47 8.34 6.28 0.72 1.35
FUND000023,KR5127420083,,,benchmark,2Y,8.34,2016-09-07,5,[5],cell_grid,1.0,비교지수 투자실적추이 비교지수 2016-09-07 4.47 8.34 6.28 0.72 1.35
FUND000023,KR5127420083,,,benchmark,3Y,6.28,2016-09-07,5,[5],cell_grid,1.0,비교지수 투자실적추이 비교지수 2016-09-07 4.47 8.34 6.28 0.72 1.35
FUND000023,KR5127420083,,,benchmark,5Y,0.72,2016-09-07,5,[5],cell_grid,1.0,비교지수 투자실적추이 비교지수 2016-09-07 4.47 8.34 6.28 0.72 1.35
FUND000023,KR5127420083,,,benchmark,SINCE_INCEPTION,1.35,2016-09-07,5,[5],cell_grid,1.0,비교지수 투자실적추이 비교지수 2016-09-07 4.47 8.34 6.28 0.72 1.35
FUND000023,KR5127420083,,,volatility,1Y,4.85,2016-09-07,5,[5],cell_grid,1.0,수익률 변동성 (연평균수익률) 수익률 변동성 2016-09-07 4.85 5.43 6.93 6.47 5.39
FUND000023,KR5127420083,,,volatility,2Y,5.43,2016-09-07,5,[5],cell_grid,1.0,수익률 변동성 (연평균수익률) 수익률 변동성 2016-09-07 4.85 5.43 6.93 6.47 5.39
FUND000023,KR5127420083,,,volatility,3Y,6.93,2016-09-07,5,[5],cell_grid,1.0,수익률 변동성 (연평균수익률) 수익률 변동성 2016-09-07 4.85 5.43 6.93 6.47 5.39
FUND000023,KR5127420083,,,volatility,5Y,6.47,2016-09-07,5,[5],cell_grid,1.0,수익률 변동성 (연평균수익률) 수익률 변동성 2016-09-07 4.85 5.43 6.93 6.47 5.39
FUND000023,KR5127420083,,,volatility,SINCE_INCEPTION,5.39,2016-09-07,5,[5],cell_grid,1.0,수익률 변동성 (연평균수익률) 수익률 변동성 2016-09-07 4.85 5.43 6.93 6.47 5.39
FUND000023,KR5127420083,CLASS000289,A-E,class_return,1Y,4.67,,35,[35],detail_return_table_cross_validated,1.0,A-E A-E 수수료선취-온라인 4.67 8.70 6.35 0.78 1.46
FUND000023,KR5127420083,CLASS000289,A-E,class_return,2Y,8.70,,35,[35],detail_return_table_cross_validated,1.0,A-E A-E 수수료선취-온라인 4.67 8.70 6.35 0.78 1.46
FUND000023,KR5127420083,CLASS000289,A-E,class_return,3Y,6.35,,35,[35],detail_return_table_cross_validated,1.0,A-E A-E 수수료선취-온라인 4.67 8.70 6.35 0.78 1.46
FUND000023,KR5127420083,CLASS000289,A-E,class_return,5Y,0.78,,35,[35],detail_return_table_cross_validated,1.0,A-E A-E 수수료선취-온라인 4.67 8.70 6.35 0.78 1.46
FUND000023,KR5127420083,CLASS000289,A-E,class_return,SINCE_INCEPTION,1.46,,35,[35],detail_return_table_cross_validated,1.0,A-E A-E 수수료선취-온라인 4.67 8.70 6.35 0.78 1.46
FUND000023,KR5127420083,CLASS000290,C,class_return,1Y,4.42,,35,[35],detail_return_table_cross_validated,1.0,C C 수수료미징구-오프라인 4.42 8.44 6.11 0.57 1.12
FUND000023,KR5127420083,CLASS000290,C,class_return,2Y,8.44,,35,[35],detail_return_table_cross_validated,1.0,C C 수수료미징구-오프라인 4.42 8.44 6.11 0.57 1.12
FUND000023,KR5127420083,CLASS000290,C,class_return,3Y,6.11,,35,[35],detail_return_table_cross_validated,1.0,C C 수수료미징구-오프라인 4.42 8.44 6.11 0.57 1.12
FUND000023,KR5127420083,CLASS000290,C,class_return,5Y,0.57,,35,[35],detail_return_table_cross_validated,1.0,C C 수수료미징구-오프라인 4.42 8.44 6.11 0.57 1.12
FUND000023,KR5127420083,CLASS000290,C,class_return,SINCE_INCEPTION,1.12,,35,[35],detail_return_table_cross_validated,1.0,C C 수수료미징구-오프라인 4.42 8.44 6.11 0.57 1.12
FUND000023,KR5127420083,CLASS000297,C-퇴직연금,class_return,1Y,4.48,,35,[35],detail_return_table_cross_validated,1.0,C-퇴직연금 C-퇴직연금 수수료미징구-오프라인-퇴직연금 4.48 8.50 6.15 0.59 1.92
FUND000023,KR5127420083,CLASS000297,C-퇴직연금,class_return,2Y,8.50,,35,[35],detail_return_table_cross_validated,1.0,C-퇴직연금 C-퇴직연금 수수료미징구-오프라인-퇴직연금 4.48 8.50 6.15 0.59 1.92
FUND000023,KR5127420083,CLASS000297,C-퇴직연금,class_return,3Y,6.15,,35,[35],detail_return_table_cross_validated,1.0,C-퇴직연금 C-퇴직연금 수수료미징구-오프라인-퇴직연금 4.48 8.50 6.15 0.59 1.92
FUND000023,KR5127420083,CLASS000297,C-퇴직연금,class_return,5Y,0.59,,35,[35],detail_return_table_cross_validated,1.0,C-퇴직연금 C-퇴직연금 수수료미징구-오프라인-퇴직연금 4.48 8.50 6.15 0.59 1.92
FUND000023,KR5127420083,CLASS000297,C-퇴직연금,class_return,SINCE_INCEPTION,1.92,,35,[35],detail_return_table_cross_validated,1.0,C-퇴직연금 C-퇴직연금 수수료미징구-오프라인-퇴직연금 4.48 8.50 6.15 0.59 1.92
FUND000023,KR5127420083,CLASS000298,C-퇴직e,class_return,1Y,4.61,,35,[35],detail_return_table_cross_validated,1.0,C-퇴직e C-퇴직e 수수료미징구-온라인-퇴직연금 4.61 8.64 6.29 0.72 0.46
FUND000023,KR5127420083,CLASS000298,C-퇴직e,class_return,2Y,8.64,,35,[35],detail_return_table_cross_validated,1.0,C-퇴직e C-퇴직e 수수료미징구-온라인-퇴직연금 4.61 8.64 6.29 0.72 0.46
FUND000023,KR5127420083,CLASS000298,C-퇴직e,class_return,3Y,6.29,,35,[35],detail_return_table_cross_validated,1.0,C-퇴직e C-퇴직e 수수료미징구-온라인-퇴직연금 4.61 8.64 6.29 0.72 0.46
FUND000023,KR5127420083,CLASS000298,C-퇴직e,class_return,5Y,0.72,,35,[35],detail_return_table_cross_validated,1.0,C-퇴직e C-퇴직e 수수료미징구-온라인-퇴직연금 4.61 8.64 6.29 0.72 0.46
FUND000023,KR5127420083,CLASS000298,C-퇴직e,class_return,SINCE_INCEPTION,0.46,,35,[35],detail_return_table_cross_validated,1.0,C-퇴직e C-퇴직e 수수료미징구-온라인-퇴직연금 4.61 8.64 6.29 0.72 0.46
FUND000023,KR5127420083,CLASS000291,C-E,class_return,1Y,4.58,,35,[35],detail_return_table_cross_validated,1.0,C-E C-E 수수료미징구-온라인 4.58 8.61 6.26 0.69 1.27
FUND000023,KR5127420083,CLASS000291,C-E,class_return,2Y,8.61,,35,[35],detail_return_table_cross_validated,1.0,C-E C-E 수수료미징구-온라인 4.58 8.61 6.26 0.69 1.27
FUND000023,KR5127420083,CLASS000291,C-E,class_return,3Y,6.26,,35,[35],detail_return_table_cross_validated,1.0,C-E C-E 수수료미징구-온라인 4.58 8.61 6.26 0.69 1.27
FUND000023,KR5127420083,CLASS000291,C-E,class_return,5Y,0.69,,35,[35],detail_return_table_cross_validated,1.0,C-E C-E 수수료미징구-온라인 4.58 8.61 6.26 0.69 1.27
FUND000023,KR5127420083,CLASS000291,C-E,class_return,SINCE_INCEPTION,1.27,,35,[35],detail_return_table_cross_validated,1.0,C-E C-E 수수료미징구-온라인 4.58 8.61 6.26 0.69 1.27
FUND000023,KR5127420083,CLASS000295,C-P,class_return,1Y,4.47,,35,[35],detail_return_table_cross_validated,1.0,C-P C-P 수수료미징구-오프라인- 개인연금 4.47 8.49 6.14 0.58 1.22
FUND000023,KR5127420083,CLASS000295,C-P,class_return,2Y,8.49,,35,[35],detail_return_table_cross_validated,1.0,C-P C-P 수수료미징구-오프라인- 개인연금 4.47 8.49 6.14 0.58 1.22
FUND000023,KR5127420083,CLASS000295,C-P,class_return,3Y,6.14,,35,[35],detail_return_table_cross_validated,1.0,C-P C-P 수수료미징구-오프라인- 개인연금 4.47 8.49 6.14 0.58 1.22
FUND000023,KR5127420083,CLASS000295,C-P,class_return,5Y,0.58,,35,[35],detail_return_table_cross_validated,1.0,C-P C-P 수수료미징구-오프라인- 개인연금 4.47 8.49 6.14 0.58 1.22
FUND000023,KR5127420083,CLASS000295,C-P,class_return,SINCE_INCEPTION,1.22,,35,[35],detail_return_table_cross_validated,1.0,C-P C-P 수수료미징구-오프라인- 개인연금 4.47 8.49 6.14 0.58 1.22
FUND000023,KR5127420083,CLASS000296,C-Pe,class_return,1Y,4.61,,35,[35],detail_return_table_cross_validated,1.0,C-Pe C-Pe 수수료미징구-온라인- 개인연금 4.61 8.63 6.29 0.71 1.24
FUND000023,KR5127420083,CLASS000296,C-Pe,class_return,2Y,8.63,,35,[35],detail_return_table_cross_validated,1.0,C-Pe C-Pe 수수료미징구-온라인- 개인연금 4.61 8.63 6.29 0.71 1.24
FUND000023,KR5127420083,CLASS000296,C-Pe,class_return,3Y,6.29,,35,[35],detail_return_table_cross_validated,1.0,C-Pe C-Pe 수수료미징구-온라인- 개인연금 4.61 8.63 6.29 0.71 1.24
FUND000023,KR5127420083,CLASS000296,C-Pe,class_return,5Y,0.71,,35,[35],detail_return_table_cross_validated,1.0,C-Pe C-Pe 수수료미징구-온라인- 개인연금 4.61 8.63 6.29 0.71 1.24
FUND000023,KR5127420083,CLASS000296,C-Pe,class_return,SINCE_INCEPTION,1.24,,35,[35],detail_return_table_cross_validated,1.0,C-Pe C-Pe 수수료미징구-온라인- 개인연금 4.61 8.63 6.29 0.71 1.24
FUND000023,KR5127420083,CLASS000294,S,class_return,1Y,4.68,,35,[35],detail_return_table_cross_validated,1.0,S S 수수료후취-온라인슈퍼 4.68 8.71 6.36 0.79 1.41
FUND000023,KR5127420083,CLASS000294,S,class_return,2Y,8.71,,35,[35],detail_return_table_cross_validated,1.0,S S 수수료후취-온라인슈퍼 4.68 8.71 6.36 0.79 1.41
FUND000023,KR5127420083,CLASS000294,S,class_return,3Y,6.36,,35,[35],detail_return_table_cross_validated,1.0,S S 수수료후취-온라인슈퍼 4.68 8.71 6.36 0.79 1.41
FUND000023,KR5127420083,CLASS000294,S,class_return,5Y,0.79,,35,[35],detail_return_table_cross_validated,1.0,S S 수수료후취-온라인슈퍼 4.68 8.71 6.36 0.79 1.41
FUND000023,KR5127420083,CLASS000294,S,class_return,SINCE_INCEPTION,1.41,,35,[35],detail_return_table_cross_validated,1.0,S S 수수료후취-온라인슈퍼 4.68 8.71 6.36 0.79 1.41
FUND000023,KR5127420083,CLASS000300,S-퇴직,class_return,1Y,4.71,,35,[35],detail_return_table_cross_validated,1.0,S-퇴직 S-퇴직 수수료미징구-온라인슈퍼-퇴직연금 4.71 - - - 6.92
FUND000023,KR5127420083,CLASS000300,S-퇴직,class_return,2Y,-,,35,[35],detail_return_table_cross_validated,1.0,S-퇴직 S-퇴직 수수료미징구-온라인슈퍼-퇴직연금 4.71 - - - 6.92
FUND000023,KR5127420083,CLASS000300,S-퇴직,class_return,3Y,-,,35,[35],detail_return_table_cross_validated,1.0,S-퇴직 S-퇴직 수수료미징구-온라인슈퍼-퇴직연금 4.71 - - - 6.92
FUND000023,KR5127420083,CLASS000300,S-퇴직,class_return,5Y,-,,35,[35],detail_return_table_cross_validated,1.0,S-퇴직 S-퇴직 수수료미징구-온라인슈퍼-퇴직연금 4.71 - - - 6.92
FUND000023,KR5127420083,CLASS000300,S-퇴직,class_return,SINCE_INCEPTION,6.92,,35,[35],detail_return_table_cross_validated,1.0,S-퇴직 S-퇴직 수수료미징구-온라인슈퍼-퇴직연금 4.71 - - - 6.92
FUND000023,KR5127420083,CLASS000299,S-P,class_return,1Y,4.69,,35,[35],detail_return_table_cross_validated,1.0,S-P S-P 수수료미징구-온라인슈퍼-개인연금 4.69 - - - 6.67
FUND000023,KR5127420083,CLASS000299,S-P,class_return,2Y,-,,35,[35],detail_return_table_cross_validated,1.0,S-P S-P 수수료미징구-온라인슈퍼-개인연금 4.69 - - - 6.67
FUND000023,KR5127420083,CLASS000299,S-P,class_return,3Y,-,,35,[35],detail_return_table_cross_validated,1.0,S-P S-P 수수료미징구-온라인슈퍼-개인연금 4.69 - - - 6.67
FUND000023,KR5127420083,CLASS000299,S-P,class_return,5Y,-,,35,[35],detail_return_table_cross_validated,1.0,S-P S-P 수수료미징구-온라인슈퍼-개인연금 4.69 - - - 6.67
FUND000023,KR5127420083,CLASS000299,S-P,class_return,SINCE_INCEPTION,6.67,,35,[35],detail_return_table_cross_validated,1.0,S-P S-P 수수료미징구-온라인슈퍼-개인연금 4.69 - - - 6.67
FUND000024,KR5127450117,CLASS000301,A,class_return,1Y,81.86,2010-01-05,4,"[4,37]",cell_grid,1.0,수수료선취- 2010-01-05 오프라인(A) 투자실적추이 2010-01-05 81.86 41.22 27.24 18.77 9.23
FUND000024,KR5127450117,CLASS000301,A,class_return,2Y,41.22,2010-01-05,4,"[4,37]",cell_grid,1.0,수수료선취- 2010-01-05 오프라인(A) 투자실적추이 2010-01-05 81.86 41.22 27.24 18.77 9.23
FUND000024,KR5127450117,CLASS000301,A,class_return,3Y,27.24,2010-01-05,4,"[4,37]",cell_grid,1.0,수수료선취- 2010-01-05 오프라인(A) 투자실적추이 2010-01-05 81.86 41.22 27.24 18.77 9.23
FUND000024,KR5127450117,CLASS000301,A,class_return,5Y,18.77,2010-01-05,4,"[4,37]",cell_grid,1.0,수수료선취- 2010-01-05 오프라인(A) 투자실적추이 2010-01-05 81.86 41.22 27.24 18.77 9.23
FUND000024,KR5127450117,CLASS000301,A,class_return,SINCE_INCEPTION,9.23,2010-01-05,4,"[4,37]",cell_grid,1.0,수수료선취- 2010-01-05 오프라인(A) 투자실적추이 2010-01-05 81.86 41.22 27.24 18.77 9.23
FUND000024,KR5127450117,,,benchmark,1Y,58.58,2002-11-04,4,[4],cell_grid,1.0,비교지수 (연평균수익률) 비교지수 2002-11-04 58.58 30.35 20.11 11.61 8.09
FUND000024,KR5127450117,,,benchmark,2Y,30.35,2002-11-04,4,[4],cell_grid,1.0,비교지수 (연평균수익률) 비교지수 2002-11-04 58.58 30.35 20.11 11.61 8.09
FUND000024,KR5127450117,,,benchmark,3Y,20.11,2002-11-04,4,[4],cell_grid,1.0,비교지수 (연평균수익률) 비교지수 2002-11-04 58.58 30.35 20.11 11.61 8.09
FUND000024,KR5127450117,,,benchmark,5Y,11.61,2002-11-04,4,[4],cell_grid,1.0,비교지수 (연평균수익률) 비교지수 2002-11-04 58.58 30.35 20.11 11.61 8.09
FUND000024,KR5127450117,,,benchmark,SINCE_INCEPTION,8.09,2002-11-04,4,[4],cell_grid,1.0,비교지수 (연평균수익률) 비교지수 2002-11-04 58.58 30.35 20.11 11.61 8.09
FUND000024,KR5127450117,,,volatility,1Y,22.18,2002-11-04,4,[4],cell_grid,1.0,수익률 변동성 수익률 변동성 2002-11-04 22.18 21.36 19.82 19.06 21.56
FUND000024,KR5127450117,,,volatility,2Y,21.36,2002-11-04,4,[4],cell_grid,1.0,수익률 변동성 수익률 변동성 2002-11-04 22.18 21.36 19.82 19.06 21.56
FUND000024,KR5127450117,,,volatility,3Y,19.82,2002-11-04,4,[4],cell_grid,1.0,수익률 변동성 수익률 변동성 2002-11-04 22.18 21.36 19.82 19.06 21.56
FUND000024,KR5127450117,,,volatility,5Y,19.06,2002-11-04,4,[4],cell_grid,1.0,수익률 변동성 수익률 변동성 2002-11-04 22.18 21.36 19.82 19.06 21.56
FUND000024,KR5127450117,,,volatility,SINCE_INCEPTION,21.56,2002-11-04,4,[4],cell_grid,1.0,수익률 변동성 수익률 변동성 2002-11-04 22.18 21.36 19.82 19.06 21.56
FUND000024,KR5127450117,CLASS000311,A-E,class_return,1Y,82.37,,37,[37],detail_return_table_cross_validated,1.0,A-E A-E 수수료선취-온라인 82.37 41.63 27.61 19.12 12.84
FUND000024,KR5127450117,CLASS000311,A-E,class_return,2Y,41.63,,37,[37],detail_return_table_cross_validated,1.0,A-E A-E 수수료선취-온라인 82.37 41.63 27.61 19.12 12.84
FUND000024,KR5127450117,CLASS000311,A-E,class_return,3Y,27.61,,37,[37],detail_return_table_cross_validated,1.0,A-E A-E 수수료선취-온라인 82.37 41.63 27.61 19.12 12.84
FUND000024,KR5127450117,CLASS000311,A-E,class_return,5Y,19.12,,37,[37],detail_return_table_cross_validated,1.0,A-E A-E 수수료선취-온라인 82.37 41.63 27.61 19.12 12.84
FUND000024,KR5127450117,CLASS000311,A-E,class_return,SINCE_INCEPTION,12.84,,37,[37],detail_return_table_cross_validated,1.0,A-E A-E 수수료선취-온라인 82.37 41.63 27.61 19.12 12.84
FUND000024,KR5127450117,CLASS000302,C,class_return,1Y,-,,37,[37],detail_return_table_cross_validated,1.0,C C 수수료미징구-오프라인-보수체감 - - - - 2.28
FUND000024,KR5127450117,CLASS000302,C,class_return,2Y,-,,37,[37],detail_return_table_cross_validated,1.0,C C 수수료미징구-오프라인-보수체감 - - - - 2.28
FUND000024,KR5127450117,CLASS000302,C,class_return,3Y,-,,37,[37],detail_return_table_cross_validated,1.0,C C 수수료미징구-오프라인-보수체감 - - - - 2.28
FUND000024,KR5127450117,CLASS000302,C,class_return,5Y,-,,37,[37],detail_return_table_cross_validated,1.0,C C 수수료미징구-오프라인-보수체감 - - - - 2.28
FUND000024,KR5127450117,CLASS000302,C,class_return,SINCE_INCEPTION,2.28,,37,[37],detail_return_table_cross_validated,1.0,C C 수수료미징구-오프라인-보수체감 - - - - 2.28
FUND000024,KR5127450117,CLASS000303,C2,class_return,1Y,80.70,,37,[37],detail_return_table_cross_validated,1.0,C2 C2 수수료미징구-오프라인-보수체감 80.70 40.25 26.34 17.93 5.38
FUND000024,KR5127450117,CLASS000303,C2,class_return,2Y,40.25,,37,[37],detail_return_table_cross_validated,1.0,C2 C2 수수료미징구-오프라인-보수체감 80.70 40.25 26.34 17.93 5.38
FUND000024,KR5127450117,CLASS000303,C2,class_return,3Y,26.34,,37,[37],detail_return_table_cross_validated,1.0,C2 C2 수수료미징구-오프라인-보수체감 80.70 40.25 26.34 17.93 5.38
FUND000024,KR5127450117,CLASS000303,C2,class_return,5Y,17.93,,37,[37],detail_return_table_cross_validated,1.0,C2 C2 수수료미징구-오프라인-보수체감 80.70 40.25 26.34 17.93 5.38
FUND000024,KR5127450117,CLASS000303,C2,class_return,SINCE_INCEPTION,5.38,,37,[37],detail_return_table_cross_validated,1.0,C2 C2 수수료미징구-오프라인-보수체감 80.70 40.25 26.34 17.93 5.38
FUND000024,KR5127450117,CLASS000304,C3,class_return,1Y,80.97,,37,[37],detail_return_table_cross_validated,1.0,C3 C3 수수료미징구-오프라인-보수체감 80.97 40.47 26.55 18.12 7.37
FUND000024,KR5127450117,CLASS000304,C3,class_return,2Y,40.47,,37,[37],detail_return_table_cross_validated,1.0,C3 C3 수수료미징구-오프라인-보수체감 80.97 40.47 26.55 18.12 7.37
FUND000024,KR5127450117,CLASS000304,C3,class_return,3Y,26.55,,37,[37],detail_return_table_cross_validated,1.0,C3 C3 수수료미징구-오프라인-보수체감 80.97 40.47 26.55 18.12 7.37
FUND000024,KR5127450117,CLASS000304,C3,class_return,5Y,18.12,,37,[37],detail_return_table_cross_validated,1.0,C3 C3 수수료미징구-오프라인-보수체감 80.97 40.47 26.55 18.12 7.37
FUND000024,KR5127450117,CLASS000304,C3,class_return,SINCE_INCEPTION,7.37,,37,[37],detail_return_table_cross_validated,1.0,C3 C3 수수료미징구-오프라인-보수체감 80.97 40.47 26.55 18.12 7.37
FUND000024,KR5127450117,CLASS000305,C4,class_return,1Y,81.23,,37,[37],detail_return_table_cross_validated,1.0,C4 C4 수수료미징구-오프라인-보수체감 81.23 40.68 26.74 18.30 8.46
FUND000024,KR5127450117,CLASS000305,C4,class_return,2Y,40.68,,37,[37],detail_return_table_cross_validated,1.0,C4 C4 수수료미징구-오프라인-보수체감 81.23 40.68 26.74 18.30 8.46
FUND000024,KR5127450117,CLASS000305,C4,class_return,3Y,26.74,,37,[37],detail_return_table_cross_validated,1.0,C4 C4 수수료미징구-오프라인-보수체감 81.23 40.68 26.74 18.30 8.46
FUND000024,KR5127450117,CLASS000305,C4,class_return,5Y,18.30,,37,[37],detail_return_table_cross_validated,1.0,C4 C4 수수료미징구-오프라인-보수체감 81.23 40.68 26.74 18.30 8.46
FUND000024,KR5127450117,CLASS000305,C4,class_return,SINCE_INCEPTION,8.46,,37,[37],detail_return_table_cross_validated,1.0,C4 C4 수수료미징구-오프라인-보수체감 81.23 40.68 26.74 18.30 8.46
FUND000024,KR5127450117,CLASS000310,C-퇴직연금,class_return,1Y,81.84,,37,[37],detail_return_table_cross_validated,1.0,C-퇴직연금 C-퇴직연금 수수료미징구-오프라인-퇴직연금 81.84 41.17 27.19 18.72 12.48
FUND000024,KR5127450117,CLASS000310,C-퇴직연금,class_return,2Y,41.17,,37,[37],detail_return_table_cross_validated,1.0,C-퇴직연금 C-퇴직연금 수수료미징구-오프라인-퇴직연금 81.84 41.17 27.19 18.72 12.48
FUND000024,KR5127450117,CLASS000310,C-퇴직연금,class_return,3Y,27.19,,37,[37],detail_return_table_cross_validated,1.0,C-퇴직연금 C-퇴직연금 수수료미징구-오프라인-퇴직연금 81.84 41.17 27.19 18.72 12.48
FUND000024,KR5127450117,CLASS000310,C-퇴직연금,class_return,5Y,18.72,,37,[37],detail_return_table_cross_validated,1.0,C-퇴직연금 C-퇴직연금 수수료미징구-오프라인-퇴직연금 81.84 41.17 27.19 18.72 12.48
FUND000024,KR5127450117,CLASS000310,C-퇴직연금,class_return,SINCE_INCEPTION,12.48,,37,[37],detail_return_table_cross_validated,1.0,C-퇴직연금 C-퇴직연금 수수료미징구-오프라인-퇴직연금 81.84 41.17 27.19 18.72 12.48
FUND000024,KR5127450117,CLASS000317,C-퇴직e,class_return,1Y,82.38,,37,[37],detail_return_table_cross_validated,1.0,C-퇴직e C-퇴직e 수수료미징구-온라인-퇴직연금 82.38 41.61 27.58 19.09 11.84
FUND000024,KR5127450117,CLASS000317,C-퇴직e,class_return,2Y,41.61,,37,[37],detail_return_table_cross_validated,1.0,C-퇴직e C-퇴직e 수수료미징구-온라인-퇴직연금 82.38 41.61 27.58 19.09 11.84
FUND000024,KR5127450117,CLASS000317,C-퇴직e,class_return,3Y,27.58,,37,[37],detail_return_table_cross_validated,1.0,C-퇴직e C-퇴직e 수수료미징구-온라인-퇴직연금 82.38 41.61 27.58 19.09 11.84
FUND000024,KR5127450117,CLASS000317,C-퇴직e,class_return,5Y,19.09,,37,[37],detail_return_table_cross_validated,1.0,C-퇴직e C-퇴직e 수수료미징구-온라인-퇴직연금 82.38 41.61 27.58 19.09 11.84
FUND000024,KR5127450117,CLASS000317,C-퇴직e,class_return,SINCE_INCEPTION,11.84,,37,[37],detail_return_table_cross_validated,1.0,C-퇴직e C-퇴직e 수수료미징구-온라인-퇴직연금 82.38 41.61 27.58 19.09 11.84
FUND000024,KR5127450117,CLASS000307,C-E,class_return,1Y,81.20,,37,[37],detail_return_table_cross_validated,1.0,C-E C-E 수수료미징구-온라인 81.20 40.68 26.74 18.31 8.76
FUND000024,KR5127450117,CLASS000307,C-E,class_return,2Y,40.68,,37,[37],detail_return_table_cross_validated,1.0,C-E C-E 수수료미징구-온라인 81.20 40.68 26.74 18.31 8.76
FUND000024,KR5127450117,CLASS000307,C-E,class_return,3Y,26.74,,37,[37],detail_return_table_cross_validated,1.0,C-E C-E 수수료미징구-온라인 81.20 40.68 26.74 18.31 8.76
FUND000024,KR5127450117,CLASS000307,C-E,class_return,5Y,18.31,,37,[37],detail_return_table_cross_validated,1.0,C-E C-E 수수료미징구-온라인 81.20 40.68 26.74 18.31 8.76
FUND000024,KR5127450117,CLASS000307,C-E,class_return,SINCE_INCEPTION,8.76,,37,[37],detail_return_table_cross_validated,1.0,C-E C-E 수수료미징구-온라인 81.20 40.68 26.74 18.31 8.76
FUND000024,KR5127450117,CLASS000308,C-F,class_return,1Y,82.87,,37,[37],detail_return_table_cross_validated,1.0,C-F C-F 수수료미징구-오프라인-기관 82.87 42.00 27.94 19.43 9.35
FUND000024,KR5127450117,CLASS000308,C-F,class_return,2Y,42.00,,37,[37],detail_return_table_cross_validated,1.0,C-F C-F 수수료미징구-오프라인-기관 82.87 42.00 27.94 19.43 9.35
FUND000024,KR5127450117,CLASS000308,C-F,class_return,3Y,27.94,,37,[37],detail_return_table_cross_validated,1.0,C-F C-F 수수료미징구-오프라인-기관 82.87 42.00 27.94 19.43 9.35
FUND000024,KR5127450117,CLASS000308,C-F,class_return,5Y,19.43,,37,[37],detail_return_table_cross_validated,1.0,C-F C-F 수수료미징구-오프라인-기관 82.87 42.00 27.94 19.43 9.35
FUND000024,KR5127450117,CLASS000308,C-F,class_return,SINCE_INCEPTION,9.35,,37,[37],detail_return_table_cross_validated,1.0,C-F C-F 수수료미징구-오프라인-기관 82.87 42.00 27.94 19.43 9.35
FUND000024,KR5127450117,CLASS000313,C-Pe,class_return,1Y,82.19,,37,[37],detail_return_table_cross_validated,1.0,C-Pe C-Pe 수수료미징구-온라인-개인연금 82.19 41.46 27.45 18.97 13.46
FUND000024,KR5127450117,CLASS000313,C-Pe,class_return,2Y,41.46,,37,[37],detail_return_table_cross_validated,1.0,C-Pe C-Pe 수수료미징구-온라인-개인연금 82.19 41.46 27.45 18.97 13.46
FUND000024,KR5127450117,CLASS000313,C-Pe,class_return,3Y,27.45,,37,[37],detail_return_table_cross_validated,1.0,C-Pe C-Pe 수수료미징구-온라인-개인연금 82.19 41.46 27.45 18.97 13.46
FUND000024,KR5127450117,CLASS000313,C-Pe,class_return,5Y,18.97,,37,[37],detail_return_table_cross_validated,1.0,C-Pe C-Pe 수수료미징구-온라인-개인연금 82.19 41.46 27.45 18.97 13.46
FUND000024,KR5127450117,CLASS000313,C-Pe,class_return,SINCE_INCEPTION,13.46,,37,[37],detail_return_table_cross_validated,1.0,C-Pe C-Pe 수수료미징구-온라인-개인연금 82.19 41.46 27.45 18.97 13.46
FUND000024,KR5127450117,CLASS000306,C-R,class_return,1Y,81.23,,37,[37],detail_return_table_cross_validated,1.0,C-R C-R 수수료미징구-오프라인 81.23 40.68 26.74 18.30 11.27
FUND000024,KR5127450117,CLASS000306,C-R,class_return,2Y,40.68,,37,[37],detail_return_table_cross_validated,1.0,C-R C-R 수수료미징구-오프라인 81.23 40.68 26.74 18.30 11.27
FUND000024,KR5127450117,CLASS000306,C-R,class_return,3Y,26.74,,37,[37],detail_return_table_cross_validated,1.0,C-R C-R 수수료미징구-오프라인 81.23 40.68 26.74 18.30 11.27
FUND000024,KR5127450117,CLASS000306,C-R,class_return,5Y,18.30,,37,[37],detail_return_table_cross_validated,1.0,C-R C-R 수수료미징구-오프라인 81.23 40.68 26.74 18.30 11.27
FUND000024,KR5127450117,CLASS000306,C-R,class_return,SINCE_INCEPTION,11.27,,37,[37],detail_return_table_cross_validated,1.0,C-R C-R 수수료미징구-오프라인 81.23 40.68 26.74 18.30 11.27
FUND000024,KR5127450117,CLASS000309,S,class_return,1Y,82.50,,37,[37],detail_return_table_cross_validated,1.0,S S 수수료후취-온라인슈퍼 82.50 41.70 27.67 19.18 9.98
FUND000024,KR5127450117,CLASS000309,S,class_return,2Y,41.70,,37,[37],detail_return_table_cross_validated,1.0,S S 수수료후취-온라인슈퍼 82.50 41.70 27.67 19.18 9.98
FUND000024,KR5127450117,CLASS000309,S,class_return,3Y,27.67,,37,[37],detail_return_table_cross_validated,1.0,S S 수수료후취-온라인슈퍼 82.50 41.70 27.67 19.18 9.98
FUND000024,KR5127450117,CLASS000309,S,class_return,5Y,19.18,,37,[37],detail_return_table_cross_validated,1.0,S S 수수료후취-온라인슈퍼 82.50 41.70 27.67 19.18 9.98
FUND000024,KR5127450117,CLASS000309,S,class_return,SINCE_INCEPTION,9.98,,37,[37],detail_return_table_cross_validated,1.0,S S 수수료후취-온라인슈퍼 82.50 41.70 27.67 19.18 9.98
FUND000024,KR5127450117,CLASS000318,S-퇴직,class_return,1Y,82.55,,37,[37],detail_return_table_cross_validated,1.0,S-퇴직 S-퇴직 수수료미징구-온라인슈퍼-퇴직연금 82.55 41.75 27.71 19.21 22.62
FUND000024,KR5127450117,CLASS000318,S-퇴직,class_return,2Y,41.75,,37,[37],detail_return_table_cross_validated,1.0,S-퇴직 S-퇴직 수수료미징구-온라인슈퍼-퇴직연금 82.55 41.75 27.71 19.21 22.62
FUND000024,KR5127450117,CLASS000318,S-퇴직,class_return,3Y,27.71,,37,[37],detail_return_table_cross_validated,1.0,S-퇴직 S-퇴직 수수료미징구-온라인슈퍼-퇴직연금 82.55 41.75 27.71 19.21 22.62
FUND000024,KR5127450117,CLASS000318,S-퇴직,class_return,5Y,19.21,,37,[37],detail_return_table_cross_validated,1.0,S-퇴직 S-퇴직 수수료미징구-온라인슈퍼-퇴직연금 82.55 41.75 27.71 19.21 22.62
FUND000024,KR5127450117,CLASS000318,S-퇴직,class_return,SINCE_INCEPTION,22.62,,37,[37],detail_return_table_cross_validated,1.0,S-퇴직 S-퇴직 수수료미징구-온라인슈퍼-퇴직연금 82.55 41.75 27.71 19.21 22.62
FUND000024,KR5127450117,CLASS000314,S-P,class_return,1Y,82.53,,37,[37],detail_return_table_cross_validated,1.0,S-P S-P 수수료미징구-온라인슈퍼-개인연금 82.53 41.73 27.70 19.20 12.36
FUND000024,KR5127450117,CLASS000314,S-P,class_return,2Y,41.73,,37,[37],detail_return_table_cross_validated,1.0,S-P S-P 수수료미징구-온라인슈퍼-개인연금 82.53 41.73 27.70 19.20 12.36
FUND000024,KR5127450117,CLASS000314,S-P,class_return,3Y,27.70,,37,[37],detail_return_table_cross_validated,1.0,S-P S-P 수수료미징구-온라인슈퍼-개인연금 82.53 41.73 27.70 19.20 12.36
FUND000024,KR5127450117,CLASS000314,S-P,class_return,5Y,19.20,,37,[37],detail_return_table_cross_validated,1.0,S-P S-P 수수료미징구-온라인슈퍼-개인연금 82.53 41.73 27.70 19.20 12.36
FUND000024,KR5127450117,CLASS000314,S-P,class_return,SINCE_INCEPTION,12.36,,37,[37],detail_return_table_cross_validated,1.0,S-P S-P 수수료미징구-온라인슈퍼-개인연금 82.53 41.73 27.70 19.20 12.36
FUND000025,KR5127450215,CLASS000319,A,class_return,1Y,-17.34,2016-05-17,5,[5],cell_grid,1.0,수수료선취- 2016-05-17 오프라인(A) 2016-05-17 -17.34 -1.85 0.12 2.90 2.98
FUND000025,KR5127450215,CLASS000319,A,class_return,2Y,-1.85,2016-05-17,5,[5],cell_grid,1.0,수수료선취- 2016-05-17 오프라인(A) 2016-05-17 -17.34 -1.85 0.12 2.90 2.98
FUND000025,KR5127450215,CLASS000319,A,class_return,3Y,0.12,2016-05-17,5,[5],cell_grid,1.0,수수료선취- 2016-05-17 오프라인(A) 2016-05-17 -17.34 -1.85 0.12 2.90 2.98
FUND000025,KR5127450215,CLASS000319,A,class_return,5Y,2.90,2016-05-17,5,[5],cell_grid,1.0,수수료선취- 2016-05-17 오프라인(A) 2016-05-17 -17.34 -1.85 0.12 2.90 2.98
FUND000025,KR5127450215,CLASS000319,A,class_return,SINCE_INCEPTION,2.98,2016-05-17,5,[5],cell_grid,1.0,수수료선취- 2016-05-17 오프라인(A) 2016-05-17 -17.34 -1.85 0.12 2.90 2.98
FUND000025,KR5127450215,,,benchmark,1Y,-17.28,2016-05-17,5,[5],cell_grid,1.0,비교지수 비교지수 2016-05-17 -17.28 -2.68 -0.86 1.83 1.12
FUND000025,KR5127450215,,,benchmark,2Y,-2.68,2016-05-17,5,[5],cell_grid,1.0,비교지수 비교지수 2016-05-17 -17.28 -2.68 -0.86 1.83 1.12
FUND000025,KR5127450215,,,benchmark,3Y,-0.86,2016-05-17,5,[5],cell_grid,1.0,비교지수 비교지수 2016-05-17 -17.28 -2.68 -0.86 1.83 1.12
FUND000025,KR5127450215,,,benchmark,5Y,1.83,2016-05-17,5,[5],cell_grid,1.0,비교지수 비교지수 2016-05-17 -17.28 -2.68 -0.86 1.83 1.12
FUND000025,KR5127450215,,,benchmark,SINCE_INCEPTION,1.12,2016-05-17,5,[5],cell_grid,1.0,비교지수 비교지수 2016-05-17 -17.28 -2.68 -0.86 1.83 1.12
FUND000025,KR5127450215,,,volatility,1Y,21.98,2016-05-17,5,[5],cell_grid,1.0,수익률 변동성 수익률 변동성 2016-05-17 21.98 21.07 21.82 22.28 23.17
FUND000025,KR5127450215,,,volatility,2Y,21.07,2016-05-17,5,[5],cell_grid,1.0,수익률 변동성 수익률 변동성 2016-05-17 21.98 21.07 21.82 22.28 23.17
FUND000025,KR5127450215,,,volatility,3Y,21.82,2016-05-17,5,[5],cell_grid,1.0,수익률 변동성 수익률 변동성 2016-05-17 21.98 21.07 21.82 22.28 23.17
FUND000025,KR5127450215,,,volatility,5Y,22.28,2016-05-17,5,[5],cell_grid,1.0,수익률 변동성 수익률 변동성 2016-05-17 21.98 21.07 21.82 22.28 23.17
FUND000025,KR5127450215,,,volatility,SINCE_INCEPTION,23.17,2016-05-17,5,[5],cell_grid,1.0,수익률 변동성 수익률 변동성 2016-05-17 21.98 21.07 21.82 22.28 23.17
FUND000025,KR5127450217,CLASS000319,A,class_return,1Y,-17.34,2016-05-17,5,[5],cell_grid,1.0,수수료선취- 2016-05-17 오프라인(A) 2016-05-17 -17.34 -1.85 0.12 2.90 2.98
FUND000025,KR5127450217,CLASS000319,A,class_return,2Y,-1.85,2016-05-17,5,[5],cell_grid,1.0,수수료선취- 2016-05-17 오프라인(A) 2016-05-17 -17.34 -1.85 0.12 2.90 2.98
FUND000025,KR5127450217,CLASS000319,A,class_return,3Y,0.12,2016-05-17,5,[5],cell_grid,1.0,수수료선취- 2016-05-17 오프라인(A) 2016-05-17 -17.34 -1.85 0.12 2.90 2.98
FUND000025,KR5127450217,CLASS000319,A,class_return,5Y,2.90,2016-05-17,5,[5],cell_grid,1.0,수수료선취- 2016-05-17 오프라인(A) 2016-05-17 -17.34 -1.85 0.12 2.90 2.98
FUND000025,KR5127450217,CLASS000319,A,class_return,SINCE_INCEPTION,2.98,2016-05-17,5,[5],cell_grid,1.0,수수료선취- 2016-05-17 오프라인(A) 2016-05-17 -17.34 -1.85 0.12 2.90 2.98
FUND000025,KR5127450217,,,benchmark,1Y,-17.28,2016-05-17,5,[5],cell_grid,1.0,비교지수 비교지수 2016-05-17 -17.28 -2.68 -0.86 1.83 1.12
FUND000025,KR5127450217,,,benchmark,2Y,-2.68,2016-05-17,5,[5],cell_grid,1.0,비교지수 비교지수 2016-05-17 -17.28 -2.68 -0.86 1.83 1.12
FUND000025,KR5127450217,,,benchmark,3Y,-0.86,2016-05-17,5,[5],cell_grid,1.0,비교지수 비교지수 2016-05-17 -17.28 -2.68 -0.86 1.83 1.12
FUND000025,KR5127450217,,,benchmark,5Y,1.83,2016-05-17,5,[5],cell_grid,1.0,비교지수 비교지수 2016-05-17 -17.28 -2.68 -0.86 1.83 1.12
FUND000025,KR5127450217,,,benchmark,SINCE_INCEPTION,1.12,2016-05-17,5,[5],cell_grid,1.0,비교지수 비교지수 2016-05-17 -17.28 -2.68 -0.86 1.83 1.12
FUND000025,KR5127450217,,,volatility,1Y,21.98,2016-05-17,5,[5],cell_grid,1.0,수익률 변동성 수익률 변동성 2016-05-17 21.98 21.07 21.82 22.28 23.17
FUND000025,KR5127450217,,,volatility,2Y,21.07,2016-05-17,5,[5],cell_grid,1.0,수익률 변동성 수익률 변동성 2016-05-17 21.98 21.07 21.82 22.28 23.17
FUND000025,KR5127450217,,,volatility,3Y,21.82,2016-05-17,5,[5],cell_grid,1.0,수익률 변동성 수익률 변동성 2016-05-17 21.98 21.07 21.82 22.28 23.17
FUND000025,KR5127450217,,,volatility,5Y,22.28,2016-05-17,5,[5],cell_grid,1.0,수익률 변동성 수익률 변동성 2016-05-17 21.98 21.07 21.82 22.28 23.17
FUND000025,KR5127450217,,,volatility,SINCE_INCEPTION,23.17,2016-05-17,5,[5],cell_grid,1.0,수익률 변동성 수익률 변동성 2016-05-17 21.98 21.07 21.82 22.28 23.17
FUND000026,KR5127450473,CLASS000333,A,class_return,1Y,78.01,2024-11-05,5,[5],cell_grid,1.0,수수료선취- 2024-11-05 오프라인(A) 2024-11-05 78.01 - - - 78.01
FUND000026,KR5127450473,CLASS000333,A,class_return,2Y,-,2024-11-05,5,[5],cell_grid,1.0,수수료선취- 2024-11-05 오프라인(A) 2024-11-05 78.01 - - - 78.01
FUND000026,KR5127450473,CLASS000333,A,class_return,3Y,-,2024-11-05,5,[5],cell_grid,1.0,수수료선취- 2024-11-05 오프라인(A) 2024-11-05 78.01 - - - 78.01
FUND000026,KR5127450473,CLASS000333,A,class_return,5Y,-,2024-11-05,5,[5],cell_grid,1.0,수수료선취- 2024-11-05 오프라인(A) 2024-11-05 78.01 - - - 78.01
FUND000026,KR5127450473,CLASS000333,A,class_return,SINCE_INCEPTION,78.01,2024-11-05,5,[5],cell_grid,1.0,수수료선취- 2024-11-05 오프라인(A) 2024-11-05 78.01 - - - 78.01
FUND000026,KR5127450473,,,benchmark,1Y,69.58,2024-11-05,5,[5],cell_grid,1.0,비교지수 비교지수 2024-11-05 69.58 - - - 69.58
FUND000026,KR5127450473,,,benchmark,2Y,-,2024-11-05,5,[5],cell_grid,1.0,비교지수 비교지수 2024-11-05 69.58 - - - 69.58
FUND000026,KR5127450473,,,benchmark,3Y,-,2024-11-05,5,[5],cell_grid,1.0,비교지수 비교지수 2024-11-05 69.58 - - - 69.58
FUND000026,KR5127450473,,,benchmark,5Y,-,2024-11-05,5,[5],cell_grid,1.0,비교지수 비교지수 2024-11-05 69.58 - - - 69.58
FUND000026,KR5127450473,,,benchmark,SINCE_INCEPTION,69.58,2024-11-05,5,[5],cell_grid,1.0,비교지수 비교지수 2024-11-05 69.58 - - - 69.58
FUND000026,KR5127450473,,,volatility,1Y,24.28,2024-11-05,5,[5],cell_grid,1.0,수익률 변동성 (연평균수익률) 수익률 변동성 2024-11-05 24.28 - - - 24.28
FUND000026,KR5127450473,,,volatility,2Y,-,2024-11-05,5,[5],cell_grid,1.0,수익률 변동성 (연평균수익률) 수익률 변동성 2024-11-05 24.28 - - - 24.28
FUND000026,KR5127450473,,,volatility,3Y,-,2024-11-05,5,[5],cell_grid,1.0,수익률 변동성 (연평균수익률) 수익률 변동성 2024-11-05 24.28 - - - 24.28
FUND000026,KR5127450473,,,volatility,5Y,-,2024-11-05,5,[5],cell_grid,1.0,수익률 변동성 (연평균수익률) 수익률 변동성 2024-11-05 24.28 - - - 24.28
FUND000026,KR5127450473,,,volatility,SINCE_INCEPTION,24.28,2024-11-05,5,[5],cell_grid,1.0,수익률 변동성 (연평균수익률) 수익률 변동성 2024-11-05 24.28 - - - 24.28
FUND000036,KR5129420025,CLASS000494,A,class_return,2Y,3.99,2006-03-06,7,[7],cell_grid,1.0,수수료선취- 오프라인(A)(%) 수수료선취- 오프라인(A)(%) 3.89 3.99 3.66 2.61 3.54
FUND000036,KR5129420025,CLASS000494,A,class_return,3Y,3.66,2006-03-06,7,[7],cell_grid,1.0,수수료선취- 오프라인(A)(%) 수수료선취- 오프라인(A)(%) 3.89 3.99 3.66 2.61 3.54
FUND000036,KR5129420025,CLASS000494,A,class_return,SINCE_INCEPTION,3.54,2006-03-06,7,[7],cell_grid,1.0,수수료선취- 오프라인(A)(%) 수수료선취- 오프라인(A)(%) 3.89 3.99 3.66 2.61 3.54
FUND000036,KR5129420025,CLASS000494,A,class_return,1Y,3.89,2006-03-06,7,[7],cell_grid,1.0,수수료선취- 오프라인(A)(%) 수수료선취- 오프라인(A)(%) 3.89 3.99 3.66 2.61 3.54
FUND000036,KR5129420025,CLASS000494,A,class_return,5Y,2.61,2006-03-06,7,[7],cell_grid,1.0,수수료선취- 오프라인(A)(%) 수수료선취- 오프라인(A)(%) 3.89 3.99 3.66 2.61 3.54
FUND000036,KR5129420025,,,benchmark,2Y,3.67,2006-03-06,7,[7],cell_grid,1.0,비교지수(%) 비교지수(%) 3.55 3.67 3.11 2.20 3.23
FUND000036,KR5129420025,,,benchmark,3Y,3.11,2006-03-06,7,[7],cell_grid,1.0,비교지수(%) 비교지수(%) 3.55 3.67 3.11 2.20 3.23
FUND000036,KR5129420025,,,benchmark,SINCE_INCEPTION,3.23,2006-03-06,7,[7],cell_grid,1.0,비교지수(%) 비교지수(%) 3.55 3.67 3.11 2.20 3.23
FUND000036,KR5129420025,,,benchmark,1Y,3.55,2006-03-06,7,[7],cell_grid,1.0,비교지수(%) 비교지수(%) 3.55 3.67 3.11 2.20 3.23
FUND000036,KR5129420025,,,benchmark,5Y,2.20,2006-03-06,7,[7],cell_grid,1.0,비교지수(%) 비교지수(%) 3.55 3.67 3.11 2.20 3.23
FUND000036,KR5129420025,,,volatility,2Y,0.18,2006-03-06,7,[7],cell_grid,1.0,수익률변동성(%) 수익률변동성(%) 0.16 0.18 0.34 0.34 0.73
FUND000036,KR5129420025,,,volatility,3Y,0.34,2006-03-06,7,[7],cell_grid,1.0,수익률변동성(%) 수익률변동성(%) 0.16 0.18 0.34 0.34 0.73
FUND000036,KR5129420025,,,volatility,SINCE_INCEPTION,0.73,2006-03-06,7,[7],cell_grid,1.0,수익률변동성(%) 수익률변동성(%) 0.16 0.18 0.34 0.34 0.73
FUND000036,KR5129420025,,,volatility,1Y,0.16,2006-03-06,7,[7],cell_grid,1.0,수익률변동성(%) 수익률변동성(%) 0.16 0.18 0.34 0.34 0.73
FUND000036,KR5129420025,,,volatility,5Y,0.34,2006-03-06,7,[7],cell_grid,1.0,수익률변동성(%) 수익률변동성(%) 0.16 0.18 0.34 0.34 0.73
FUND000037,KR5129420031,CLASS000509,A,class_return,1Y,3.93,2008-10-28,7,"[7,51]",cell_grid,1.0,수수료선취- 오프라인(A) (%) 수수료선취- 오프라인(A) (%) 3.93 5.03 5.36 2.66 3.34
FUND000037,KR5129420031,CLASS000509,A,class_return,2Y,5.03,2008-10-28,7,"[7,51]",cell_grid,1.0,수수료선취- 오프라인(A) (%) 수수료선취- 오프라인(A) (%) 3.93 5.03 5.36 2.66 3.34
FUND000037,KR5129420031,CLASS000509,A,class_return,5Y,2.66,2008-10-28,7,"[7,51]",cell_grid,1.0,수수료선취- 오프라인(A) (%) 수수료선취- 오프라인(A) (%) 3.93 5.03 5.36 2.66 3.34
FUND000037,KR5129420031,CLASS000509,A,class_return,SINCE_INCEPTION,3.34,2008-10-28,7,"[7,51]",cell_grid,1.0,수수료선취- 오프라인(A) (%) 수수료선취- 오프라인(A) (%) 3.93 5.03 5.36 2.66 3.34
FUND000037,KR5129420031,CLASS000509,A,class_return,3Y,5.36,2008-10-28,7,"[7,51]",cell_grid,1.0,수수료선취- 오프라인(A) (%) 수수료선취- 오프라인(A) (%) 3.93 5.03 5.36 2.66 3.34
FUND000037,KR5129420031,,,benchmark,1Y,3.59,2008-10-28,7,[7],cell_grid,1.0,비교지수(%) 비교지수(%) 3.59 4.62 5.11 2.68 3.55
FUND000037,KR5129420031,,,benchmark,2Y,4.62,2008-10-28,7,[7],cell_grid,1.0,비교지수(%) 비교지수(%) 3.59 4.62 5.11 2.68 3.55
FUND000037,KR5129420031,,,benchmark,5Y,2.68,2008-10-28,7,[7],cell_grid,1.0,비교지수(%) 비교지수(%) 3.59 4.62 5.11 2.68 3.55
FUND000037,KR5129420031,,,benchmark,SINCE_INCEPTION,3.55,2008-10-28,7,[7],cell_grid,1.0,비교지수(%) 비교지수(%) 3.59 4.62 5.11 2.68 3.55
FUND000037,KR5129420031,,,benchmark,3Y,5.11,2008-10-28,7,[7],cell_grid,1.0,비교지수(%) 비교지수(%) 3.59 4.62 5.11 2.68 3.55
FUND000037,KR5129420031,,,volatility,1Y,0.65,2008-10-28,7,[7],cell_grid,1.0,수익률변동성(%) 수익률변동성(%) 0.65 0.67 0.91 1.16 1.00
FUND000037,KR5129420031,,,volatility,2Y,0.67,2008-10-28,7,[7],cell_grid,1.0,수익률변동성(%) 수익률변동성(%) 0.65 0.67 0.91 1.16 1.00
FUND000037,KR5129420031,,,volatility,5Y,1.16,2008-10-28,7,[7],cell_grid,1.0,수익률변동성(%) 수익률변동성(%) 0.65 0.67 0.91 1.16 1.00
FUND000037,KR5129420031,,,volatility,SINCE_INCEPTION,1.00,2008-10-28,7,[7],cell_grid,1.0,수익률변동성(%) 수익률변동성(%) 0.65 0.67 0.91 1.16 1.00
FUND000037,KR5129420031,,,volatility,3Y,0.91,2008-10-28,7,[7],cell_grid,1.0,수익률변동성(%) 수익률변동성(%) 0.65 0.67 0.91 1.16 1.00
FUND000037,KR5129420031,CLASS000511,C,class_return,1Y,3.80,,51,[51],detail_return_table_cross_validated,1.0,수수료미징구-오프라인(C) 수수료미징구-오프라인(C) 3.80 4.89 5.22 2.53 2.53 3.33 3.33
FUND000037,KR5129420031,CLASS000511,C,class_return,2Y,4.89,,51,[51],detail_return_table_cross_validated,1.0,수수료미징구-오프라인(C) 수수료미징구-오프라인(C) 3.80 4.89 5.22 2.53 2.53 3.33 3.33
FUND000037,KR5129420031,CLASS000511,C,class_return,3Y,5.22,,51,[51],detail_return_table_cross_validated,1.0,수수료미징구-오프라인(C) 수수료미징구-오프라인(C) 3.80 4.89 5.22 2.53 2.53 3.33 3.33
FUND000037,KR5129420031,CLASS000511,C,class_return,5Y,2.53,,51,[51],detail_return_table_cross_validated,1.0,수수료미징구-오프라인(C) 수수료미징구-오프라인(C) 3.80 4.89 5.22 2.53 2.53 3.33 3.33
FUND000037,KR5129420031,CLASS000511,C,class_return,SINCE_INCEPTION,3.33,,51,[51],detail_return_table_cross_validated,1.0,수수료미징구-오프라인(C) 수수료미징구-오프라인(C) 3.80 4.89 5.22 2.53 2.53 3.33 3.33
FUND000037,KR5129420031,CLASS000512,C-e,class_return,1Y,3.85,,51,[51],detail_return_table_cross_validated,1.0,수수료미징구-온라인(C-e) 수수료미징구-온라인(C-e) 3.85 4.94 5.28 2.58 2.58 3.33 3.33
FUND000037,KR5129420031,CLASS000512,C-e,class_return,2Y,4.94,,51,[51],detail_return_table_cross_validated,1.0,수수료미징구-온라인(C-e) 수수료미징구-온라인(C-e) 3.85 4.94 5.28 2.58 2.58 3.33 3.33
FUND000037,KR5129420031,CLASS000512,C-e,class_return,3Y,5.28,,51,[51],detail_return_table_cross_validated,1.0,수수료미징구-온라인(C-e) 수수료미징구-온라인(C-e) 3.85 4.94 5.28 2.58 2.58 3.33 3.33
FUND000037,KR5129420031,CLASS000512,C-e,class_return,5Y,2.58,,51,[51],detail_return_table_cross_validated,1.0,수수료미징구-온라인(C-e) 수수료미징구-온라인(C-e) 3.85 4.94 5.28 2.58 2.58 3.33 3.33
FUND000037,KR5129420031,CLASS000512,C-e,class_return,SINCE_INCEPTION,3.33,,51,[51],detail_return_table_cross_validated,1.0,수수료미징구-온라인(C-e) 수수료미징구-온라인(C-e) 3.85 4.94 5.28 2.58 2.58 3.33 3.33
FUND000037,KR5129420031,CLASS000521,Cw,class_return,1Y,4.12,,52,[52],detail_return_table_cross_validated,1.0,"수수료미징구-오프라인-기관, 펀드 등(Cw) 수수료미징구-오프라인-기관, 펀드 등(Cw) 4.12 5.18 5.50 2.78 2.52"
FUND000037,KR5129420031,CLASS000521,Cw,class_return,2Y,5.18,,52,[52],detail_return_table_cross_validated,1.0,"수수료미징구-오프라인-기관, 펀드 등(Cw) 수수료미징구-오프라인-기관, 펀드 등(Cw) 4.12 5.18 5.50 2.78 2.52"
FUND000037,KR5129420031,CLASS000521,Cw,class_return,3Y,5.50,,52,[52],detail_return_table_cross_validated,1.0,"수수료미징구-오프라인-기관, 펀드 등(Cw) 수수료미징구-오프라인-기관, 펀드 등(Cw) 4.12 5.18 5.50 2.78 2.52"
FUND000037,KR5129420031,CLASS000521,Cw,class_return,5Y,2.78,,52,[52],detail_return_table_cross_validated,1.0,"수수료미징구-오프라인-기관, 펀드 등(Cw) 수수료미징구-오프라인-기관, 펀드 등(Cw) 4.12 5.18 5.50 2.78 2.52"
FUND000037,KR5129420031,CLASS000521,Cw,class_return,SINCE_INCEPTION,2.52,,52,[52],detail_return_table_cross_validated,1.0,"수수료미징구-오프라인-기관, 펀드 등(Cw) 수수료미징구-오프라인-기관, 펀드 등(Cw) 4.12 5.18 5.50 2.78 2.52"
FUND000037,KR5129420031,CLASS000522,S,class_return,1Y,3.89,,52,[52],detail_return_table_cross_validated,1.0,수수료후취-온라인슈퍼(S) 수수료후취-온라인슈퍼(S) 3.89 4.99 5.32 2.62 2.58
FUND000037,KR5129420031,CLASS000522,S,class_return,2Y,4.99,,52,[52],detail_return_table_cross_validated,1.0,수수료후취-온라인슈퍼(S) 수수료후취-온라인슈퍼(S) 3.89 4.99 5.32 2.62 2.58
FUND000037,KR5129420031,CLASS000522,S,class_return,3Y,5.32,,52,[52],detail_return_table_cross_validated,1.0,수수료후취-온라인슈퍼(S) 수수료후취-온라인슈퍼(S) 3.89 4.99 5.32 2.62 2.58
FUND000037,KR5129420031,CLASS000522,S,class_return,5Y,2.62,,52,[52],detail_return_table_cross_validated,1.0,수수료후취-온라인슈퍼(S) 수수료후취-온라인슈퍼(S) 3.89 4.99 5.32 2.62 2.58
FUND000037,KR5129420031,CLASS000522,S,class_return,SINCE_INCEPTION,2.58,,52,[52],detail_return_table_cross_validated,1.0,수수료후취-온라인슈퍼(S) 수수료후취-온라인슈퍼(S) 3.89 4.99 5.32 2.62 2.58
FUND000037,KR5129420031,CLASS000514,C-i,class_return,1Y,4.00,,52,[52],detail_return_table_cross_validated,1.0,수수료미징구-오프라인-고액 (C-i) 수수료미징구-오프라인-고액 (C-i) 4.00 5.10 5.43 2.73 2.49
FUND000037,KR5129420031,CLASS000514,C-i,class_return,2Y,5.10,,52,[52],detail_return_table_cross_validated,1.0,수수료미징구-오프라인-고액 (C-i) 수수료미징구-오프라인-고액 (C-i) 4.00 5.10 5.43 2.73 2.49
FUND000037,KR5129420031,CLASS000514,C-i,class_return,3Y,5.43,,52,[52],detail_return_table_cross_validated,1.0,수수료미징구-오프라인-고액 (C-i) 수수료미징구-오프라인-고액 (C-i) 4.00 5.10 5.43 2.73 2.49
FUND000037,KR5129420031,CLASS000514,C-i,class_return,5Y,2.73,,52,[52],detail_return_table_cross_validated,1.0,수수료미징구-오프라인-고액 (C-i) 수수료미징구-오프라인-고액 (C-i) 4.00 5.10 5.43 2.73 2.49
FUND000037,KR5129420031,CLASS000514,C-i,class_return,SINCE_INCEPTION,2.49,,52,[52],detail_return_table_cross_validated,1.0,수수료미징구-오프라인-고액 (C-i) 수수료미징구-오프라인-고액 (C-i) 4.00 5.10 5.43 2.73 2.49
FUND000037,KR5129420031,CLASS000510,A-e,class_return,1Y,3.98,,52,[52],detail_return_table_cross_validated,1.0,수수료선취-온라인(A-e) 수수료선취-온라인(A-e) 3.98 5.08 5.41 2.71 2.72
FUND000037,KR5129420031,CLASS000510,A-e,class_return,2Y,5.08,,52,[52],detail_return_table_cross_validated,1.0,수수료선취-온라인(A-e) 수수료선취-온라인(A-e) 3.98 5.08 5.41 2.71 2.72
FUND000037,KR5129420031,CLASS000510,A-e,class_return,3Y,5.41,,52,[52],detail_return_table_cross_validated,1.0,수수료선취-온라인(A-e) 수수료선취-온라인(A-e) 3.98 5.08 5.41 2.71 2.72
FUND000037,KR5129420031,CLASS000510,A-e,class_return,5Y,2.71,,52,[52],detail_return_table_cross_validated,1.0,수수료선취-온라인(A-e) 수수료선취-온라인(A-e) 3.98 5.08 5.41 2.71 2.72
FUND000037,KR5129420031,CLASS000510,A-e,class_return,SINCE_INCEPTION,2.72,,52,[52],detail_return_table_cross_validated,1.0,수수료선취-온라인(A-e) 수수료선취-온라인(A-e) 3.98 5.08 5.41 2.71 2.72
FUND000037,KR5129420031,,Ci-RP(퇴직연금),class_return,1Y,3.96,,52,[52],detail_return_table_cross_validated,1.0,"수수료미징구-오프라인-퇴직연금 , 고액(Ci-RP(퇴직연금) 수수료미징구-오프라인-퇴직연금 , 고액(Ci-RP(퇴직연금) 3.96 5.05 4.79"
FUND000037,KR5129420031,,Ci-RP(퇴직연금),class_return,2Y,5.05,,52,[52],detail_return_table_cross_validated,1.0,"수수료미징구-오프라인-퇴직연금 , 고액(Ci-RP(퇴직연금) 수수료미징구-오프라인-퇴직연금 , 고액(Ci-RP(퇴직연금) 3.96 5.05 4.79"
FUND000037,KR5129420031,,Ci-RP(퇴직연금),class_return,SINCE_INCEPTION,4.79,,52,[52],detail_return_table_cross_validated,1.0,"수수료미징구-오프라인-퇴직연금 , 고액(Ci-RP(퇴직연금) 수수료미징구-오프라인-퇴직연금 , 고액(Ci-RP(퇴직연금) 3.96 5.05 4.79"
FUND000004,KR5131420007,CLASS000055,C,class_return,1Y,1.57,2017-08-07,4,"[4,36]",cell_grid,1.0,수수료미징구- 오프라인(C) 수수료미징구- 오프라인(C) 2017-08-07 1.57 2.91 3.20 2.10 2.25
FUND000004,KR5131420007,CLASS000055,C,class_return,2Y,2.91,2017-08-07,4,"[4,36]",cell_grid,1.0,수수료미징구- 오프라인(C) 수수료미징구- 오프라인(C) 2017-08-07 1.57 2.91 3.20 2.10 2.25
FUND000004,KR5131420007,CLASS000055,C,class_return,3Y,3.20,2017-08-07,4,"[4,36]",cell_grid,1.0,수수료미징구- 오프라인(C) 수수료미징구- 오프라인(C) 2017-08-07 1.57 2.91 3.20 2.10 2.25
FUND000004,KR5131420007,CLASS000055,C,class_return,5Y,2.10,2017-08-07,4,"[4,36]",cell_grid,1.0,수수료미징구- 오프라인(C) 수수료미징구- 오프라인(C) 2017-08-07 1.57 2.91 3.20 2.10 2.25
FUND000004,KR5131420007,CLASS000055,C,class_return,SINCE_INCEPTION,2.25,2017-08-07,4,"[4,36]",cell_grid,1.0,수수료미징구- 오프라인(C) 수수료미징구- 오프라인(C) 2017-08-07 1.57 2.91 3.20 2.10 2.25
FUND000004,KR5131420007,,,benchmark,1Y,4.09,2017-07-19,4,[4],cell_grid,1.0,비교지수 비교지수 2017-07-19 4.09 4.48 4.30 2.61 2.51
FUND000004,KR5131420007,,,benchmark,2Y,4.48,2017-07-19,4,[4],cell_grid,1.0,비교지수 비교지수 2017-07-19 4.09 4.48 4.30 2.61 2.51
FUND000004,KR5131420007,,,benchmark,3Y,4.30,2017-07-19,4,[4],cell_grid,1.0,비교지수 비교지수 2017-07-19 4.09 4.48 4.30 2.61 2.51
FUND000004,KR5131420007,,,benchmark,5Y,2.61,2017-07-19,4,[4],cell_grid,1.0,비교지수 비교지수 2017-07-19 4.09 4.48 4.30 2.61 2.51
FUND000004,KR5131420007,,,benchmark,SINCE_INCEPTION,2.51,2017-07-19,4,[4],cell_grid,1.0,비교지수 비교지수 2017-07-19 4.09 4.48 4.30 2.61 2.51
FUND000004,KR5131420007,,,volatility,1Y,0.52,2017-07-19,4,[4],cell_grid,1.0,수익률변동성 수익률변동성 2017-07-19 0.52 0.64 1.00 0.95 0.79
FUND000004,KR5131420007,,,volatility,2Y,0.64,2017-07-19,4,[4],cell_grid,1.0,수익률변동성 수익률변동성 2017-07-19 0.52 0.64 1.00 0.95 0.79
FUND000004,KR5131420007,,,volatility,3Y,1.00,2017-07-19,4,[4],cell_grid,1.0,수익률변동성 수익률변동성 2017-07-19 0.52 0.64 1.00 0.95 0.79
FUND000004,KR5131420007,,,volatility,5Y,0.95,2017-07-19,4,[4],cell_grid,1.0,수익률변동성 수익률변동성 2017-07-19 0.52 0.64 1.00 0.95 0.79
FUND000004,KR5131420007,,,volatility,SINCE_INCEPTION,0.79,2017-07-19,4,[4],cell_grid,1.0,수익률변동성 수익률변동성 2017-07-19 0.52 0.64 1.00 0.95 0.79
FUND000004,KR5131420007,CLASS000053,A,class_return,1Y,-,2017-08-07,36,[36],detail_return_table_cross_validated,1.0,2017-08-07 - 2.24 2.86 2.04 2.37
FUND000004,KR5131420007,CLASS000053,A,class_return,2Y,2.24,2017-08-07,36,[36],detail_return_table_cross_validated,1.0,2017-08-07 - 2.24 2.86 2.04 2.37
FUND000004,KR5131420007,CLASS000053,A,class_return,3Y,2.86,2017-08-07,36,[36],detail_return_table_cross_validated,1.0,2017-08-07 - 2.24 2.86 2.04 2.37
FUND000004,KR5131420007,CLASS000053,A,class_return,5Y,2.04,2017-08-07,36,[36],detail_return_table_cross_validated,1.0,2017-08-07 - 2.24 2.86 2.04 2.37
FUND000004,KR5131420007,CLASS000053,A,class_return,SINCE_INCEPTION,2.37,2017-08-07,36,[36],detail_return_table_cross_validated,1.0,2017-08-07 - 2.24 2.86 2.04 2.37
FUND000004,KR5131420007,CLASS000054,A-E,class_return,1Y,4.93,2017-12-13,36,[36],detail_return_table_cross_validated,1.0,2017-12-13 4.93 5.47 4.95 3.24 3.12
FUND000004,KR5131420007,CLASS000054,A-E,class_return,2Y,5.47,2017-12-13,36,[36],detail_return_table_cross_validated,1.0,2017-12-13 4.93 5.47 4.95 3.24 3.12
FUND000004,KR5131420007,CLASS000054,A-E,class_return,3Y,4.95,2017-12-13,36,[36],detail_return_table_cross_validated,1.0,2017-12-13 4.93 5.47 4.95 3.24 3.12
FUND000004,KR5131420007,CLASS000054,A-E,class_return,5Y,3.24,2017-12-13,36,[36],detail_return_table_cross_validated,1.0,2017-12-13 4.93 5.47 4.95 3.24 3.12
FUND000004,KR5131420007,CLASS000054,A-E,class_return,SINCE_INCEPTION,3.12,2017-12-13,36,[36],detail_return_table_cross_validated,1.0,2017-12-13 4.93 5.47 4.95 3.24 3.12
FUND000004,KR5131420007,CLASS000056,C-E,class_return,1Y,4.80,2018-11-16,36,[36],detail_return_table_cross_validated,1.0,2018-11-16 4.80 5.35 4.82 3.12 2.81
FUND000004,KR5131420007,CLASS000056,C-E,class_return,2Y,5.35,2018-11-16,36,[36],detail_return_table_cross_validated,1.0,2018-11-16 4.80 5.35 4.82 3.12 2.81
FUND000004,KR5131420007,CLASS000056,C-E,class_return,3Y,4.82,2018-11-16,36,[36],detail_return_table_cross_validated,1.0,2018-11-16 4.80 5.35 4.82 3.12 2.81
FUND000004,KR5131420007,CLASS000056,C-E,class_return,5Y,3.12,2018-11-16,36,[36],detail_return_table_cross_validated,1.0,2018-11-16 4.80 5.35 4.82 3.12 2.81
FUND000004,KR5131420007,CLASS000056,C-E,class_return,SINCE_INCEPTION,2.81,2018-11-16,36,[36],detail_return_table_cross_validated,1.0,2018-11-16 4.80 5.35 4.82 3.12 2.81
FUND000004,KR5131420007,CLASS000057,C-F,class_return,1Y,4.98,2017-07-19,36,[36],detail_return_table_cross_validated,1.0,2017-07-19 4.98 5.53 5.00 3.30 3.11
FUND000004,KR5131420007,CLASS000057,C-F,class_return,2Y,5.53,2017-07-19,36,[36],detail_return_table_cross_validated,1.0,2017-07-19 4.98 5.53 5.00 3.30 3.11
FUND000004,KR5131420007,CLASS000057,C-F,class_return,3Y,5.00,2017-07-19,36,[36],detail_return_table_cross_validated,1.0,2017-07-19 4.98 5.53 5.00 3.30 3.11
FUND000004,KR5131420007,CLASS000057,C-F,class_return,5Y,3.30,2017-07-19,36,[36],detail_return_table_cross_validated,1.0,2017-07-19 4.98 5.53 5.00 3.30 3.11
FUND000004,KR5131420007,CLASS000057,C-F,class_return,SINCE_INCEPTION,3.11,2017-07-19,36,[36],detail_return_table_cross_validated,1.0,2017-07-19 4.98 5.53 5.00 3.30 3.11
FUND000004,KR5131420007,CLASS000058,C-I,class_return,1Y,-,2020-12-02,36,[36],detail_return_table_cross_validated,1.0,2020-12-02 - - -0.01 - 0.17
FUND000004,KR5131420007,CLASS000058,C-I,class_return,2Y,-,2020-12-02,36,[36],detail_return_table_cross_validated,1.0,2020-12-02 - - -0.01 - 0.17
FUND000004,KR5131420007,CLASS000058,C-I,class_return,3Y,-0.01,2020-12-02,36,[36],detail_return_table_cross_validated,1.0,2020-12-02 - - -0.01 - 0.17
FUND000004,KR5131420007,CLASS000058,C-I,class_return,5Y,-,2020-12-02,36,[36],detail_return_table_cross_validated,1.0,2020-12-02 - - -0.01 - 0.17
FUND000004,KR5131420007,CLASS000058,C-I,class_return,SINCE_INCEPTION,0.17,2020-12-02,36,[36],detail_return_table_cross_validated,1.0,2020-12-02 - - -0.01 - 0.17
FUND000004,KR5131420007,CLASS000059,C-P,class_return,1Y,-,2020-05-20,36,[36],detail_return_table_cross_validated,1.0,오프라인- 2020-05-20 - 1.62 2.33 1.63 1.69
FUND000004,KR5131420007,CLASS000059,C-P,class_return,2Y,1.62,2020-05-20,36,[36],detail_return_table_cross_validated,1.0,오프라인- 2020-05-20 - 1.62 2.33 1.63 1.69
FUND000004,KR5131420007,CLASS000059,C-P,class_return,3Y,2.33,2020-05-20,36,[36],detail_return_table_cross_validated,1.0,오프라인- 2020-05-20 - 1.62 2.33 1.63 1.69
FUND000004,KR5131420007,CLASS000059,C-P,class_return,5Y,1.63,2020-05-20,36,[36],detail_return_table_cross_validated,1.0,오프라인- 2020-05-20 - 1.62 2.33 1.63 1.69
FUND000004,KR5131420007,CLASS000059,C-P,class_return,SINCE_INCEPTION,1.69,2020-05-20,36,[36],detail_return_table_cross_validated,1.0,오프라인- 2020-05-20 - 1.62 2.33 1.63 1.69
FUND000004,KR5131420007,CLASS000060,C-PE,class_return,1Y,4.89,2017-11-07,36,[36],detail_return_table_cross_validated,1.0,온라인- 2017-11-07 4.89 5.43 4.91 3.21 3.12
FUND000004,KR5131420007,CLASS000060,C-PE,class_return,2Y,5.43,2017-11-07,36,[36],detail_return_table_cross_validated,1.0,온라인- 2017-11-07 4.89 5.43 4.91 3.21 3.12
FUND000004,KR5131420007,CLASS000060,C-PE,class_return,3Y,4.91,2017-11-07,36,[36],detail_return_table_cross_validated,1.0,온라인- 2017-11-07 4.89 5.43 4.91 3.21 3.12
FUND000004,KR5131420007,CLASS000060,C-PE,class_return,5Y,3.21,2017-11-07,36,[36],detail_return_table_cross_validated,1.0,온라인- 2017-11-07 4.89 5.43 4.91 3.21 3.12
FUND000004,KR5131420007,CLASS000060,C-PE,class_return,SINCE_INCEPTION,3.12,2017-11-07,36,[36],detail_return_table_cross_validated,1.0,온라인- 2017-11-07 4.89 5.43 4.91 3.21 3.12
FUND000004,KR5131420007,CLASS000061,C-P2,class_return,1Y,4.75,2019-02-08,36,[36],detail_return_table_cross_validated,1.0,오프라인- 2019-02-08 4.75 5.29 4.77 3.07 2.96
FUND000004,KR5131420007,CLASS000061,C-P2,class_return,2Y,5.29,2019-02-08,36,[36],detail_return_table_cross_validated,1.0,오프라인- 2019-02-08 4.75 5.29 4.77 3.07 2.96
FUND000004,KR5131420007,CLASS000061,C-P2,class_return,3Y,4.77,2019-02-08,36,[36],detail_return_table_cross_validated,1.0,오프라인- 2019-02-08 4.75 5.29 4.77 3.07 2.96
FUND000004,KR5131420007,CLASS000061,C-P2,class_return,5Y,3.07,2019-02-08,36,[36],detail_return_table_cross_validated,1.0,오프라인- 2019-02-08 4.75 5.29 4.77 3.07 2.96
FUND000004,KR5131420007,CLASS000061,C-P2,class_return,SINCE_INCEPTION,2.96,2019-02-08,36,[36],detail_return_table_cross_validated,1.0,오프라인- 2019-02-08 4.75 5.29 4.77 3.07 2.96
FUND000004,KR5131420007,CLASS000062,C-P2E,class_return,1Y,4.87,2017-08-09,36,[36],detail_return_table_cross_validated,1.0,온라인- 2017-08-09 4.87 5.42 4.89 3.19 3.01
FUND000004,KR5131420007,CLASS000062,C-P2E,class_return,2Y,5.42,2017-08-09,36,[36],detail_return_table_cross_validated,1.0,온라인- 2017-08-09 4.87 5.42 4.89 3.19 3.01
FUND000004,KR5131420007,CLASS000062,C-P2E,class_return,3Y,4.89,2017-08-09,36,[36],detail_return_table_cross_validated,1.0,온라인- 2017-08-09 4.87 5.42 4.89 3.19 3.01
FUND000004,KR5131420007,CLASS000062,C-P2E,class_return,5Y,3.19,2017-08-09,36,[36],detail_return_table_cross_validated,1.0,온라인- 2017-08-09 4.87 5.42 4.89 3.19 3.01
FUND000004,KR5131420007,CLASS000062,C-P2E,class_return,SINCE_INCEPTION,3.01,2017-08-09,36,[36],detail_return_table_cross_validated,1.0,온라인- 2017-08-09 4.87 5.42 4.89 3.19 3.01
FUND000005,KR5131420025,CLASS000064,A,class_return,1Y,1.12,2019-04-03,4,"[4,33]",cell_grid,1.0,수수료선취-오프 라인(A) 수수료선취-오프 라인(A) 2019-04-03 1.12 3.39 4.57 1.16 1.64
FUND000005,KR5131420025,CLASS000064,A,class_return,2Y,3.39,2019-04-03,4,"[4,33]",cell_grid,1.0,수수료선취-오프 라인(A) 수수료선취-오프 라인(A) 2019-04-03 1.12 3.39 4.57 1.16 1.64
FUND000005,KR5131420025,CLASS000064,A,class_return,3Y,4.57,2019-04-03,4,"[4,33]",cell_grid,1.0,수수료선취-오프 라인(A) 수수료선취-오프 라인(A) 2019-04-03 1.12 3.39 4.57 1.16 1.64
FUND000005,KR5131420025,CLASS000064,A,class_return,5Y,1.16,2019-04-03,4,"[4,33]",cell_grid,1.0,수수료선취-오프 라인(A) 수수료선취-오프 라인(A) 2019-04-03 1.12 3.39 4.57 1.16 1.64
FUND000005,KR5131420025,CLASS000064,A,class_return,SINCE_INCEPTION,1.64,2019-04-03,4,"[4,33]",cell_grid,1.0,수수료선취-오프 라인(A) 수수료선취-오프 라인(A) 2019-04-03 1.12 3.39 4.57 1.16 1.64
FUND000005,KR5131420025,CLASS000068,C-F,class_return,1Y,1.09,2016-06-29,4,"[4,33]",cell_grid,1.0,"수수료미징구-오 프라인-펀드, 전문 투자자 등(C-F) 수수료미징구-오 프라인-펀드, 전문 투자자 등(C-F) 2016-06-29 1.09 3.43 4.65 1.25 1.51"
FUND000005,KR5131420025,CLASS000068,C-F,class_return,2Y,3.43,2016-06-29,4,"[4,33]",cell_grid,1.0,"수수료미징구-오 프라인-펀드, 전문 투자자 등(C-F) 수수료미징구-오 프라인-펀드, 전문 투자자 등(C-F) 2016-06-29 1.09 3.43 4.65 1.25 1.51"
FUND000005,KR5131420025,CLASS000068,C-F,class_return,3Y,4.65,2016-06-29,4,"[4,33]",cell_grid,1.0,"수수료미징구-오 프라인-펀드, 전문 투자자 등(C-F) 수수료미징구-오 프라인-펀드, 전문 투자자 등(C-F) 2016-06-29 1.09 3.43 4.65 1.25 1.51"
FUND000005,KR5131420025,CLASS000068,C-F,class_return,5Y,1.25,2016-06-29,4,"[4,33]",cell_grid,1.0,"수수료미징구-오 프라인-펀드, 전문 투자자 등(C-F) 수수료미징구-오 프라인-펀드, 전문 투자자 등(C-F) 2016-06-29 1.09 3.43 4.65 1.25 1.51"
FUND000005,KR5131420025,CLASS000068,C-F,class_return,SINCE_INCEPTION,1.51,2016-06-29,4,"[4,33]",cell_grid,1.0,"수수료미징구-오 프라인-펀드, 전문 투자자 등(C-F) 수수료미징구-오 프라인-펀드, 전문 투자자 등(C-F) 2016-06-29 1.09 3.43 4.65 1.25 1.51"
FUND000005,KR5131420025,,,benchmark,1Y,1.24,2016-06-29,4,[4],cell_grid,1.0,비교지수 비교지수 2016-06-29 1.24 3.28 4.68 0.89 1.18
FUND000005,KR5131420025,,,benchmark,2Y,3.28,2016-06-29,4,[4],cell_grid,1.0,비교지수 비교지수 2016-06-29 1.24 3.28 4.68 0.89 1.18
FUND000005,KR5131420025,,,benchmark,3Y,4.68,2016-06-29,4,[4],cell_grid,1.0,비교지수 비교지수 2016-06-29 1.24 3.28 4.68 0.89 1.18
FUND000005,KR5131420025,,,benchmark,5Y,0.89,2016-06-29,4,[4],cell_grid,1.0,비교지수 비교지수 2016-06-29 1.24 3.28 4.68 0.89 1.18
FUND000005,KR5131420025,,,benchmark,SINCE_INCEPTION,1.18,2016-06-29,4,[4],cell_grid,1.0,비교지수 비교지수 2016-06-29 1.24 3.28 4.68 0.89 1.18
FUND000005,KR5131420025,,,volatility,1Y,3.02,2016-06-29,4,[4],cell_grid,1.0,수익률변동성 수익률변동성 2016-06-29 3.02 3.23 4.24 4.86 4.05
FUND000005,KR5131420025,,,volatility,2Y,3.23,2016-06-29,4,[4],cell_grid,1.0,수익률변동성 수익률변동성 2016-06-29 3.02 3.23 4.24 4.86 4.05
FUND000005,KR5131420025,,,volatility,3Y,4.24,2016-06-29,4,[4],cell_grid,1.0,수익률변동성 수익률변동성 2016-06-29 3.02 3.23 4.24 4.86 4.05
FUND000005,KR5131420025,,,volatility,5Y,4.86,2016-06-29,4,[4],cell_grid,1.0,수익률변동성 수익률변동성 2016-06-29 3.02 3.23 4.24 4.86 4.05
FUND000005,KR5131420025,,,volatility,SINCE_INCEPTION,4.05,2016-06-29,4,[4],cell_grid,1.0,수익률변동성 수익률변동성 2016-06-29 3.02 3.23 4.24 4.86 4.05
FUND000005,KR5131420025,CLASS000065,C,class_return,1Y,-3.01,2016-07-26,33,[33],detail_return_table_cross_validated,1.0,2016-07-26 -3.01 469.56 226.05 99.93 45.30
FUND000005,KR5131420025,CLASS000065,C,class_return,2Y,469.56,2016-07-26,33,[33],detail_return_table_cross_validated,1.0,2016-07-26 -3.01 469.56 226.05 99.93 45.30
FUND000005,KR5131420025,CLASS000065,C,class_return,3Y,226.05,2016-07-26,33,[33],detail_return_table_cross_validated,1.0,2016-07-26 -3.01 469.56 226.05 99.93 45.30
FUND000005,KR5131420025,CLASS000065,C,class_return,5Y,99.93,2016-07-26,33,[33],detail_return_table_cross_validated,1.0,2016-07-26 -3.01 469.56 226.05 99.93 45.30
FUND000005,KR5131420025,CLASS000065,C,class_return,SINCE_INCEPTION,45.30,2016-07-26,33,[33],detail_return_table_cross_validated,1.0,2016-07-26 -3.01 469.56 226.05 99.93 45.30
FUND000005,KR5131420025,CLASS000066,C-E,class_return,1Y,0.91,2020-04-16,33,[33],detail_return_table_cross_validated,1.0,2020-04-16 0.91 3.25 3.87 2.31 2.15
FUND000005,KR5131420025,CLASS000066,C-E,class_return,2Y,3.25,2020-04-16,33,[33],detail_return_table_cross_validated,1.0,2020-04-16 0.91 3.25 3.87 2.31 2.15
FUND000005,KR5131420025,CLASS000066,C-E,class_return,3Y,3.87,2020-04-16,33,[33],detail_return_table_cross_validated,1.0,2020-04-16 0.91 3.25 3.87 2.31 2.15
FUND000005,KR5131420025,CLASS000066,C-E,class_return,5Y,2.31,2020-04-16,33,[33],detail_return_table_cross_validated,1.0,2020-04-16 0.91 3.25 3.87 2.31 2.15
FUND000005,KR5131420025,CLASS000066,C-E,class_return,SINCE_INCEPTION,2.15,2020-04-16,33,[33],detail_return_table_cross_validated,1.0,2020-04-16 0.91 3.25 3.87 2.31 2.15
FUND000005,KR5131420025,CLASS000072,A-E,class_return,1Y,1.04,2022-12-20,33,[33],detail_return_table_cross_validated,1.0,2022-12-20 1.04 3.38 5.13 - 5.37
FUND000005,KR5131420025,CLASS000072,A-E,class_return,2Y,3.38,2022-12-20,33,[33],detail_return_table_cross_validated,1.0,2022-12-20 1.04 3.38 5.13 - 5.37
FUND000005,KR5131420025,CLASS000072,A-E,class_return,3Y,5.13,2022-12-20,33,[33],detail_return_table_cross_validated,1.0,2022-12-20 1.04 3.38 5.13 - 5.37
FUND000005,KR5131420025,CLASS000072,A-E,class_return,5Y,-,2022-12-20,33,[33],detail_return_table_cross_validated,1.0,2022-12-20 1.04 3.38 5.13 - 5.37
FUND000005,KR5131420025,CLASS000072,A-E,class_return,SINCE_INCEPTION,5.37,2022-12-20,33,[33],detail_return_table_cross_validated,1.0,2022-12-20 1.04 3.38 5.13 - 5.37
FUND000005,KR5131420025,CLASS000074,C-PE,class_return,1Y,1.01,2023-01-13,33,[33],detail_return_table_cross_validated,1.0,2023-01-13 1.01 3.35 - - 4.31
FUND000005,KR5131420025,CLASS000074,C-PE,class_return,2Y,3.35,2023-01-13,33,[33],detail_return_table_cross_validated,1.0,2023-01-13 1.01 3.35 - - 4.31
FUND000005,KR5131420025,CLASS000074,C-PE,class_return,3Y,-,2023-01-13,33,[33],detail_return_table_cross_validated,1.0,2023-01-13 1.01 3.35 - - 4.31
FUND000005,KR5131420025,CLASS000074,C-PE,class_return,5Y,-,2023-01-13,33,[33],detail_return_table_cross_validated,1.0,2023-01-13 1.01 3.35 - - 4.31
FUND000005,KR5131420025,CLASS000074,C-PE,class_return,SINCE_INCEPTION,4.31,2023-01-13,33,[33],detail_return_table_cross_validated,1.0,2023-01-13 1.01 3.35 - - 4.31
FUND000005,KR5131420025,CLASS000076,C-P2E,class_return,1Y,0.99,2022-11-14,34,[34],detail_return_table_cross_validated,1.0,인-퇴직연금(C- 2022-11-14 0.99 3.33 4.55 - 5.33
FUND000005,KR5131420025,CLASS000076,C-P2E,class_return,2Y,3.33,2022-11-14,34,[34],detail_return_table_cross_validated,1.0,인-퇴직연금(C- 2022-11-14 0.99 3.33 4.55 - 5.33
FUND000005,KR5131420025,CLASS000076,C-P2E,class_return,3Y,4.55,2022-11-14,34,[34],detail_return_table_cross_validated,1.0,인-퇴직연금(C- 2022-11-14 0.99 3.33 4.55 - 5.33
FUND000005,KR5131420025,CLASS000076,C-P2E,class_return,5Y,-,2022-11-14,34,[34],detail_return_table_cross_validated,1.0,인-퇴직연금(C- 2022-11-14 0.99 3.33 4.55 - 5.33
FUND000005,KR5131420025,CLASS000076,C-P2E,class_return,SINCE_INCEPTION,5.33,2022-11-14,34,[34],detail_return_table_cross_validated,1.0,인-퇴직연금(C- 2022-11-14 0.99 3.33 4.55 - 5.33
FUND000010,KR5139420015,CLASS000133,A,class_return,1Y,4.45,2016-04-08,5,"[5,43]",cell_grid,1.0,수수료선취 2016.04.08 -오프라인(A) 투자실적추이 2016.04.08 4.45 5.07 5.07 4.91 4.91 3.20 3.20 2.80
FUND000010,KR5139420015,CLASS000133,A,class_return,2Y,5.07,2016-04-08,5,"[5,43]",cell_grid,1.0,수수료선취 2016.04.08 -오프라인(A) 투자실적추이 2016.04.08 4.45 5.07 5.07 4.91 4.91 3.20 3.20 2.80
FUND000010,KR5139420015,CLASS000133,A,class_return,3Y,4.91,2016-04-08,5,"[5,43]",cell_grid,1.0,수수료선취 2016.04.08 -오프라인(A) 투자실적추이 2016.04.08 4.45 5.07 5.07 4.91 4.91 3.20 3.20 2.80
FUND000010,KR5139420015,CLASS000133,A,class_return,5Y,3.20,2016-04-08,5,"[5,43]",cell_grid,1.0,수수료선취 2016.04.08 -오프라인(A) 투자실적추이 2016.04.08 4.45 5.07 5.07 4.91 4.91 3.20 3.20 2.80
FUND000010,KR5139420015,CLASS000133,A,class_return,SINCE_INCEPTION,2.80,2016-04-08,5,"[5,43]",cell_grid,1.0,수수료선취 2016.04.08 -오프라인(A) 투자실적추이 2016.04.08 4.45 5.07 5.07 4.91 4.91 3.20 3.20 2.80
FUND000010,KR5139420015,CLASS000135,C,class_return,1Y,4.34,2008-06-26,5,"[5,42]",cell_grid,1.0,"투자실적추이 수수료미징구 (연평균수익 2008.06.26 -오프라인(C) 률, 단위: %) 2008.06.26 4.34 4.97 4.97 4.81 4.81 3.09 3.09 3.27"
FUND000010,KR5139420015,CLASS000135,C,class_return,2Y,4.97,2008-06-26,5,"[5,42]",cell_grid,1.0,"투자실적추이 수수료미징구 (연평균수익 2008.06.26 -오프라인(C) 률, 단위: %) 2008.06.26 4.34 4.97 4.97 4.81 4.81 3.09 3.09 3.27"
FUND000010,KR5139420015,CLASS000135,C,class_return,3Y,4.81,2008-06-26,5,"[5,42]",cell_grid,1.0,"투자실적추이 수수료미징구 (연평균수익 2008.06.26 -오프라인(C) 률, 단위: %) 2008.06.26 4.34 4.97 4.97 4.81 4.81 3.09 3.09 3.27"
FUND000010,KR5139420015,CLASS000135,C,class_return,5Y,3.09,2008-06-26,5,"[5,42]",cell_grid,1.0,"투자실적추이 수수료미징구 (연평균수익 2008.06.26 -오프라인(C) 률, 단위: %) 2008.06.26 4.34 4.97 4.97 4.81 4.81 3.09 3.09 3.27"
FUND000010,KR5139420015,CLASS000135,C,class_return,SINCE_INCEPTION,3.27,2008-06-26,5,"[5,42]",cell_grid,1.0,"투자실적추이 수수료미징구 (연평균수익 2008.06.26 -오프라인(C) 률, 단위: %) 2008.06.26 4.34 4.97 4.97 4.81 4.81 3.09 3.09 3.27"
FUND000010,KR5139420015,CLASS000134,A-e,class_return,1Y,4.51,2017-08-02,5,"[5,42]",cell_grid,1.0,"률, 단위: %) 수수료선취 2017.08.02 -온라인(A-e) 2017.08.02 4.51 5.13 5.13 4.97 4.97 3.26 3.26 2.99"
FUND000010,KR5139420015,CLASS000134,A-e,class_return,2Y,5.13,2017-08-02,5,"[5,42]",cell_grid,1.0,"률, 단위: %) 수수료선취 2017.08.02 -온라인(A-e) 2017.08.02 4.51 5.13 5.13 4.97 4.97 3.26 3.26 2.99"
FUND000010,KR5139420015,CLASS000134,A-e,class_return,3Y,4.97,2017-08-02,5,"[5,42]",cell_grid,1.0,"률, 단위: %) 수수료선취 2017.08.02 -온라인(A-e) 2017.08.02 4.51 5.13 5.13 4.97 4.97 3.26 3.26 2.99"
FUND000010,KR5139420015,CLASS000134,A-e,class_return,5Y,3.26,2017-08-02,5,"[5,42]",cell_grid,1.0,"률, 단위: %) 수수료선취 2017.08.02 -온라인(A-e) 2017.08.02 4.51 5.13 5.13 4.97 4.97 3.26 3.26 2.99"
FUND000010,KR5139420015,CLASS000134,A-e,class_return,SINCE_INCEPTION,2.99,2017-08-02,5,"[5,42]",cell_grid,1.0,"률, 단위: %) 수수료선취 2017.08.02 -온라인(A-e) 2017.08.02 4.51 5.13 5.13 4.97 4.97 3.26 3.26 2.99"
FUND000010,KR5139420015,CLASS000136,C-e,class_return,1Y,4.46,2017-08-02,5,"[5,42]",cell_grid,1.0,수수료미징구 2017.08.02 -온라인(C-e) 2017.08.02 4.46 5.08 5.08 4.92 4.92 3.21 3.21 2.94
FUND000010,KR5139420015,CLASS000136,C-e,class_return,2Y,5.08,2017-08-02,5,"[5,42]",cell_grid,1.0,수수료미징구 2017.08.02 -온라인(C-e) 2017.08.02 4.46 5.08 5.08 4.92 4.92 3.21 3.21 2.94
FUND000010,KR5139420015,CLASS000136,C-e,class_return,3Y,4.92,2017-08-02,5,"[5,42]",cell_grid,1.0,수수료미징구 2017.08.02 -온라인(C-e) 2017.08.02 4.46 5.08 5.08 4.92 4.92 3.21 3.21 2.94
FUND000010,KR5139420015,CLASS000136,C-e,class_return,5Y,3.21,2017-08-02,5,"[5,42]",cell_grid,1.0,수수료미징구 2017.08.02 -온라인(C-e) 2017.08.02 4.46 5.08 5.08 4.92 4.92 3.21 3.21 2.94
FUND000010,KR5139420015,CLASS000136,C-e,class_return,SINCE_INCEPTION,2.94,2017-08-02,5,"[5,42]",cell_grid,1.0,수수료미징구 2017.08.02 -온라인(C-e) 2017.08.02 4.46 5.08 5.08 4.92 4.92 3.21 3.21 2.94
FUND000010,KR5139420015,,,benchmark,1Y,4.29,2016-04-08,5,[5],cell_grid,1.0,비교지수 - 비교지수 - 4.29 4.50 4.32 2.59 3.03
FUND000010,KR5139420015,,,benchmark,2Y,4.50,2016-04-08,5,[5],cell_grid,1.0,비교지수 - 비교지수 - 4.29 4.50 4.32 2.59 3.03
FUND000010,KR5139420015,,,benchmark,3Y,4.32,2016-04-08,5,[5],cell_grid,1.0,비교지수 - 비교지수 - 4.29 4.50 4.32 2.59 3.03
FUND000010,KR5139420015,,,benchmark,5Y,2.59,2016-04-08,5,[5],cell_grid,1.0,비교지수 - 비교지수 - 4.29 4.50 4.32 2.59 3.03
FUND000010,KR5139420015,,,benchmark,SINCE_INCEPTION,3.03,2016-04-08,5,[5],cell_grid,1.0,비교지수 - 비교지수 - 4.29 4.50 4.32 2.59 3.03
FUND000010,KR5139420015,,,volatility,1Y,0.43,2008-06-26,6,[6],cell_grid,1.0,수익률 변동성 2008.06.26 수익률 변동성 2008.06.26 0.43 0.53 0.92 0.90 0.64
FUND000010,KR5139420015,,,volatility,2Y,0.53,2008-06-26,6,[6],cell_grid,1.0,수익률 변동성 2008.06.26 수익률 변동성 2008.06.26 0.43 0.53 0.92 0.90 0.64
FUND000010,KR5139420015,,,volatility,3Y,0.92,2008-06-26,6,[6],cell_grid,1.0,수익률 변동성 2008.06.26 수익률 변동성 2008.06.26 0.43 0.53 0.92 0.90 0.64
FUND000010,KR5139420015,,,volatility,5Y,0.90,2008-06-26,6,[6],cell_grid,1.0,수익률 변동성 2008.06.26 수익률 변동성 2008.06.26 0.43 0.53 0.92 0.90 0.64
FUND000010,KR5139420015,,,volatility,SINCE_INCEPTION,0.64,2008-06-26,6,[6],cell_grid,1.0,수익률 변동성 2008.06.26 수익률 변동성 2008.06.26 0.43 0.53 0.92 0.90 0.64
FUND000010,KR5139420015,CLASS000140,C-f,class_return,1Y,4.55,,42,[42],detail_return_table_cross_validated,1.0,"수수료미징구 -오프라인 -기관,펀드 등(C-f) 4.55 5.18 5.02 3.30 2.99"
FUND000010,KR5139420015,CLASS000140,C-f,class_return,3Y,5.02,,42,[42],detail_return_table_cross_validated,1.0,"수수료미징구 -오프라인 -기관,펀드 등(C-f) 4.55 5.18 5.02 3.30 2.99"
FUND000010,KR5139420015,CLASS000140,C-f,class_return,SINCE_INCEPTION,2.99,,42,[42],detail_return_table_cross_validated,1.0,"수수료미징구 -오프라인 -기관,펀드 등(C-f) 4.55 5.18 5.02 3.30 2.99"
FUND000010,KR5139420015,CLASS000140,C-f,class_return,2Y,5.18,,42,[42],detail_return_table_cross_validated,1.0,"수수료미징구 -오프라인 -기관,펀드 등(C-f) 4.55 5.18 5.02 3.30 2.99"
FUND000010,KR5139420015,CLASS000140,C-f,class_return,5Y,3.30,,42,[42],detail_return_table_cross_validated,1.0,"수수료미징구 -오프라인 -기관,펀드 등(C-f) 4.55 5.18 5.02 3.30 2.99"
FUND000010,KR5139420015,CLASS000137,C-p,class_return,1Y,4.36,,42,[42],detail_return_table_cross_validated,1.0,수수료미징구 -오프라인 -개인연금(C-p) 4.36 4.99 4.83 3.11 2.81
FUND000010,KR5139420015,CLASS000137,C-p,class_return,3Y,4.83,,42,[42],detail_return_table_cross_validated,1.0,수수료미징구 -오프라인 -개인연금(C-p) 4.36 4.99 4.83 3.11 2.81
FUND000010,KR5139420015,CLASS000137,C-p,class_return,SINCE_INCEPTION,2.81,,42,[42],detail_return_table_cross_validated,1.0,수수료미징구 -오프라인 -개인연금(C-p) 4.36 4.99 4.83 3.11 2.81
FUND000010,KR5139420015,CLASS000137,C-p,class_return,2Y,4.99,,42,[42],detail_return_table_cross_validated,1.0,수수료미징구 -오프라인 -개인연금(C-p) 4.36 4.99 4.83 3.11 2.81
FUND000010,KR5139420015,CLASS000137,C-p,class_return,5Y,3.11,,42,[42],detail_return_table_cross_validated,1.0,수수료미징구 -오프라인 -개인연금(C-p) 4.36 4.99 4.83 3.11 2.81
FUND000010,KR5139420015,CLASS000139,C-w,class_return,1Y,4.57,,42,[42],detail_return_table_cross_validated,1.0,"수수료미징구 -오프라인 -랩,금전신탁(C-w) 4.57 5.20 5.04 3.32 2.92"
FUND000010,KR5139420015,CLASS000139,C-w,class_return,3Y,5.04,,42,[42],detail_return_table_cross_validated,1.0,"수수료미징구 -오프라인 -랩,금전신탁(C-w) 4.57 5.20 5.04 3.32 2.92"
FUND000010,KR5139420015,CLASS000139,C-w,class_return,SINCE_INCEPTION,2.92,,42,[42],detail_return_table_cross_validated,1.0,"수수료미징구 -오프라인 -랩,금전신탁(C-w) 4.57 5.20 5.04 3.32 2.92"
FUND000010,KR5139420015,CLASS000139,C-w,class_return,2Y,5.20,,42,[42],detail_return_table_cross_validated,1.0,"수수료미징구 -오프라인 -랩,금전신탁(C-w) 4.57 5.20 5.04 3.32 2.92"
FUND000010,KR5139420015,CLASS000139,C-w,class_return,5Y,3.32,,42,[42],detail_return_table_cross_validated,1.0,"수수료미징구 -오프라인 -랩,금전신탁(C-w) 4.57 5.20 5.04 3.32 2.92"
FUND000010,KR5139420015,CLASS000138,C-pe,class_return,1Y,4.47,,43,[43],detail_return_table_cross_validated,1.0,-온라인 4.47 5.09 4.93 3.22 2.95
FUND000010,KR5139420015,CLASS000138,C-pe,class_return,2Y,5.09,,43,[43],detail_return_table_cross_validated,1.0,-온라인 4.47 5.09 4.93 3.22 2.95
FUND000010,KR5139420015,CLASS000138,C-pe,class_return,3Y,4.93,,43,[43],detail_return_table_cross_validated,1.0,-온라인 4.47 5.09 4.93 3.22 2.95
FUND000010,KR5139420015,CLASS000138,C-pe,class_return,5Y,3.22,,43,[43],detail_return_table_cross_validated,1.0,-온라인 4.47 5.09 4.93 3.22 2.95
FUND000010,KR5139420015,CLASS000138,C-pe,class_return,SINCE_INCEPTION,2.95,,43,[43],detail_return_table_cross_validated,1.0,-온라인 4.47 5.09 4.93 3.22 2.95
FUND000010,KR5139420015,CLASS000143,A-g,class_return,1Y,3.12,,43,[43],detail_return_table_cross_validated,1.0,-오프라인 3.12 3.27 3.76 2.57 2.63
FUND000010,KR5139420015,CLASS000143,A-g,class_return,2Y,3.27,,43,[43],detail_return_table_cross_validated,1.0,-오프라인 3.12 3.27 3.76 2.57 2.63
FUND000010,KR5139420015,CLASS000143,A-g,class_return,3Y,3.76,,43,[43],detail_return_table_cross_validated,1.0,-오프라인 3.12 3.27 3.76 2.57 2.63
FUND000010,KR5139420015,CLASS000143,A-g,class_return,5Y,2.57,,43,[43],detail_return_table_cross_validated,1.0,-오프라인 3.12 3.27 3.76 2.57 2.63
FUND000010,KR5139420015,CLASS000143,A-g,class_return,SINCE_INCEPTION,2.63,,43,[43],detail_return_table_cross_validated,1.0,-오프라인 3.12 3.27 3.76 2.57 2.63
FUND000010,KR5139420015,CLASS000144,C-g,class_return,1Y,4.44,,43,[43],detail_return_table_cross_validated,1.0,-오프라인 4.44 5.07 4.91 3.19 2.95
FUND000010,KR5139420015,CLASS000144,C-g,class_return,2Y,5.07,,43,[43],detail_return_table_cross_validated,1.0,-오프라인 4.44 5.07 4.91 3.19 2.95
FUND000010,KR5139420015,CLASS000144,C-g,class_return,3Y,4.91,,43,[43],detail_return_table_cross_validated,1.0,-오프라인 4.44 5.07 4.91 3.19 2.95
FUND000010,KR5139420015,CLASS000144,C-g,class_return,5Y,3.19,,43,[43],detail_return_table_cross_validated,1.0,-오프라인 4.44 5.07 4.91 3.19 2.95
FUND000010,KR5139420015,CLASS000144,C-g,class_return,SINCE_INCEPTION,2.95,,43,[43],detail_return_table_cross_validated,1.0,-오프라인 4.44 5.07 4.91 3.19 2.95
FUND000010,KR5139420015,CLASS000141,S,class_return,1Y,4.51,,43,[43],detail_return_table_cross_validated,1.0,4.51 5.14 4.98 3.26 2.93
FUND000010,KR5139420015,CLASS000141,S,class_return,2Y,5.14,,43,[43],detail_return_table_cross_validated,1.0,4.51 5.14 4.98 3.26 2.93
FUND000010,KR5139420015,CLASS000141,S,class_return,3Y,4.98,,43,[43],detail_return_table_cross_validated,1.0,4.51 5.14 4.98 3.26 2.93
FUND000010,KR5139420015,CLASS000141,S,class_return,5Y,3.26,,43,[43],detail_return_table_cross_validated,1.0,4.51 5.14 4.98 3.26 2.93
FUND000010,KR5139420015,CLASS000141,S,class_return,SINCE_INCEPTION,2.93,,43,[43],detail_return_table_cross_validated,1.0,4.51 5.14 4.98 3.26 2.93
FUND000010,KR5139420015,CLASS000142,S-p,class_return,1Y,4.52,,43,[43],detail_return_table_cross_validated,1.0,-온라인슈퍼 4.52 5.14 4.98 3.27 2.95
FUND000010,KR5139420015,CLASS000142,S-p,class_return,2Y,5.14,,43,[43],detail_return_table_cross_validated,1.0,-온라인슈퍼 4.52 5.14 4.98 3.27 2.95
FUND000010,KR5139420015,CLASS000142,S-p,class_return,3Y,4.98,,43,[43],detail_return_table_cross_validated,1.0,-온라인슈퍼 4.52 5.14 4.98 3.27 2.95
FUND000010,KR5139420015,CLASS000142,S-p,class_return,5Y,3.27,,43,[43],detail_return_table_cross_validated,1.0,-온라인슈퍼 4.52 5.14 4.98 3.27 2.95
FUND000010,KR5139420015,CLASS000142,S-p,class_return,SINCE_INCEPTION,2.95,,43,[43],detail_return_table_cross_validated,1.0,-온라인슈퍼 4.52 5.14 4.98 3.27 2.95
FUND000010,KR5139420015,CLASS000146,C-p2e,class_return,1Y,-,,43,[43],detail_return_table_cross_validated,1.0,-온라인 - - - - 3.95
FUND000010,KR5139420015,CLASS000146,C-p2e,class_return,2Y,-,,43,[43],detail_return_table_cross_validated,1.0,-온라인 - - - - 3.95
FUND000010,KR5139420015,CLASS000146,C-p2e,class_return,3Y,-,,43,[43],detail_return_table_cross_validated,1.0,-온라인 - - - - 3.95
FUND000010,KR5139420015,CLASS000146,C-p2e,class_return,5Y,-,,43,[43],detail_return_table_cross_validated,1.0,-온라인 - - - - 3.95
FUND000010,KR5139420015,CLASS000146,C-p2e,class_return,SINCE_INCEPTION,3.95,,43,[43],detail_return_table_cross_validated,1.0,-온라인 - - - - 3.95
FUND000011,KR5139420020,CLASS000148,C,class_return,1Y,3.70,2014-09-30,5,"[5,36]",cell_grid,1.0,수수료미징구 2014.09.30 -오프라인 -퇴직연금(C) 2014.09.30 3.70 4.84 4.84 5.21 5.21 3.12 3.12 2.72
FUND000011,KR5139420020,CLASS000148,C,class_return,2Y,4.84,2014-09-30,5,"[5,36]",cell_grid,1.0,수수료미징구 2014.09.30 -오프라인 -퇴직연금(C) 2014.09.30 3.70 4.84 4.84 5.21 5.21 3.12 3.12 2.72
FUND000011,KR5139420020,CLASS000148,C,class_return,3Y,5.21,2014-09-30,5,"[5,36]",cell_grid,1.0,수수료미징구 2014.09.30 -오프라인 -퇴직연금(C) 2014.09.30 3.70 4.84 4.84 5.21 5.21 3.12 3.12 2.72
FUND000011,KR5139420020,CLASS000148,C,class_return,5Y,3.12,2014-09-30,5,"[5,36]",cell_grid,1.0,수수료미징구 2014.09.30 -오프라인 -퇴직연금(C) 2014.09.30 3.70 4.84 4.84 5.21 5.21 3.12 3.12 2.72
FUND000011,KR5139420020,CLASS000148,C,class_return,SINCE_INCEPTION,2.72,2014-09-30,5,"[5,36]",cell_grid,1.0,수수료미징구 2014.09.30 -오프라인 -퇴직연금(C) 2014.09.30 3.70 4.84 4.84 5.21 5.21 3.12 3.12 2.72
FUND000011,KR5139420020,CLASS000149,C-e,class_return,1Y,3.80,2017-08-02,5,"[5,36]",cell_grid,1.0,"수수료미징구 -온라인 투자실적추이 2017.08.02 -퇴직연금 (연평균수익 (C-e) 률, 단위: %) 2017.08.02 3.80 4.95 4.95 5.31 5.31 3.22 3.22 2.94"
FUND000011,KR5139420020,CLASS000149,C-e,class_return,2Y,4.95,2017-08-02,5,"[5,36]",cell_grid,1.0,"수수료미징구 -온라인 투자실적추이 2017.08.02 -퇴직연금 (연평균수익 (C-e) 률, 단위: %) 2017.08.02 3.80 4.95 4.95 5.31 5.31 3.22 3.22 2.94"
FUND000011,KR5139420020,CLASS000149,C-e,class_return,3Y,5.31,2017-08-02,5,"[5,36]",cell_grid,1.0,"수수료미징구 -온라인 투자실적추이 2017.08.02 -퇴직연금 (연평균수익 (C-e) 률, 단위: %) 2017.08.02 3.80 4.95 4.95 5.31 5.31 3.22 3.22 2.94"
FUND000011,KR5139420020,CLASS000149,C-e,class_return,5Y,3.22,2017-08-02,5,"[5,36]",cell_grid,1.0,"수수료미징구 -온라인 투자실적추이 2017.08.02 -퇴직연금 (연평균수익 (C-e) 률, 단위: %) 2017.08.02 3.80 4.95 4.95 5.31 5.31 3.22 3.22 2.94"
FUND000011,KR5139420020,CLASS000149,C-e,class_return,SINCE_INCEPTION,2.94,2017-08-02,5,"[5,36]",cell_grid,1.0,"수수료미징구 -온라인 투자실적추이 2017.08.02 -퇴직연금 (연평균수익 (C-e) 률, 단위: %) 2017.08.02 3.80 4.95 4.95 5.31 5.31 3.22 3.22 2.94"
FUND000011,KR5139420020,,,benchmark,1Y,3.61,2014-09-30,5,[5],cell_grid,1.0,"률, 단위: %) 비교지수 - 비교지수 - 3.61 4.42 4.69 2.66 2.39"
FUND000011,KR5139420020,,,benchmark,2Y,4.42,2014-09-30,5,[5],cell_grid,1.0,"률, 단위: %) 비교지수 - 비교지수 - 3.61 4.42 4.69 2.66 2.39"
FUND000011,KR5139420020,,,benchmark,3Y,4.69,2014-09-30,5,[5],cell_grid,1.0,"률, 단위: %) 비교지수 - 비교지수 - 3.61 4.42 4.69 2.66 2.39"
FUND000011,KR5139420020,,,benchmark,5Y,2.66,2014-09-30,5,[5],cell_grid,1.0,"률, 단위: %) 비교지수 - 비교지수 - 3.61 4.42 4.69 2.66 2.39"
FUND000011,KR5139420020,,,benchmark,SINCE_INCEPTION,2.39,2014-09-30,5,[5],cell_grid,1.0,"률, 단위: %) 비교지수 - 비교지수 - 3.61 4.42 4.69 2.66 2.39"
FUND000011,KR5139420020,,,volatility,1Y,0.43,2014-09-30,5,[5],cell_grid,1.0,수익률 변동성 2014.09.30 수익률 변동성 2014.09.30 0.43 0.53 0.77 0.90 0.72
FUND000011,KR5139420020,,,volatility,2Y,0.53,2014-09-30,5,[5],cell_grid,1.0,수익률 변동성 2014.09.30 수익률 변동성 2014.09.30 0.43 0.53 0.77 0.90 0.72
FUND000011,KR5139420020,,,volatility,3Y,0.77,2014-09-30,5,[5],cell_grid,1.0,수익률 변동성 2014.09.30 수익률 변동성 2014.09.30 0.43 0.53 0.77 0.90 0.72
FUND000011,KR5139420020,,,volatility,5Y,0.90,2014-09-30,5,[5],cell_grid,1.0,수익률 변동성 2014.09.30 수익률 변동성 2014.09.30 0.43 0.53 0.77 0.90 0.72
FUND000011,KR5139420020,,,volatility,SINCE_INCEPTION,0.72,2014-09-30,5,[5],cell_grid,1.0,수익률 변동성 2014.09.30 수익률 변동성 2014.09.30 0.43 0.53 0.77 0.90 0.72
FUND000011,KR5139420020,CLASS000150,S-pr,class_return,1Y,3.81,,36,[36],detail_return_table_cross_validated,1.0,수수료미징구 -온라인슈퍼-퇴직연금(S-pr) 3.81 4.96 5.33 3.24 3.05
FUND000011,KR5139420020,CLASS000150,S-pr,class_return,2Y,4.96,,36,[36],detail_return_table_cross_validated,1.0,수수료미징구 -온라인슈퍼-퇴직연금(S-pr) 3.81 4.96 5.33 3.24 3.05
FUND000011,KR5139420020,CLASS000150,S-pr,class_return,SINCE_INCEPTION,3.05,,36,[36],detail_return_table_cross_validated,1.0,수수료미징구 -온라인슈퍼-퇴직연금(S-pr) 3.81 4.96 5.33 3.24 3.05
FUND000011,KR5139420020,CLASS000150,S-pr,class_return,3Y,5.33,,36,[36],detail_return_table_cross_validated,1.0,수수료미징구 -온라인슈퍼-퇴직연금(S-pr) 3.81 4.96 5.33 3.24 3.05
FUND000011,KR5139420020,CLASS000150,S-pr,class_return,5Y,3.24,,36,[36],detail_return_table_cross_validated,1.0,수수료미징구 -온라인슈퍼-퇴직연금(S-pr) 3.81 4.96 5.33 3.24 3.05
FUND000011,KR5139420020,CLASS000151,C-i,class_return,1Y,-,,36,[36],detail_return_table_cross_validated,1.0,"수수료미징구 -오프라인-퇴직연금,고액(C-i) - - - 0.20 0.32"
FUND000011,KR5139420020,CLASS000151,C-i,class_return,2Y,-,,36,[36],detail_return_table_cross_validated,1.0,"수수료미징구 -오프라인-퇴직연금,고액(C-i) - - - 0.20 0.32"
FUND000011,KR5139420020,CLASS000151,C-i,class_return,SINCE_INCEPTION,0.32,,36,[36],detail_return_table_cross_validated,1.0,"수수료미징구 -오프라인-퇴직연금,고액(C-i) - - - 0.20 0.32"
FUND000011,KR5139420020,CLASS000151,C-i,class_return,3Y,-,,36,[36],detail_return_table_cross_validated,1.0,"수수료미징구 -오프라인-퇴직연금,고액(C-i) - - - 0.20 0.32"
FUND000011,KR5139420020,CLASS000151,C-i,class_return,5Y,0.20,,36,[36],detail_return_table_cross_validated,1.0,"수수료미징구 -오프라인-퇴직연금,고액(C-i) - - - 0.20 0.32"
FUND000027,KR5144420020,CLASS000350,C,class_return,1Y,3.83,2014-09-01,6,"[6,53]",cell_grid,1.0,수수료미징구- 오프라인(C) 수수료미징구- 오프라인(C) 3.83 5.89 4.92 0.03 1.86
FUND000027,KR5144420020,CLASS000350,C,class_return,2Y,5.89,2014-09-01,6,"[6,53]",cell_grid,1.0,수수료미징구- 오프라인(C) 수수료미징구- 오프라인(C) 3.83 5.89 4.92 0.03 1.86
FUND000027,KR5144420020,CLASS000350,C,class_return,3Y,4.92,2014-09-01,6,"[6,53]",cell_grid,1.0,수수료미징구- 오프라인(C) 수수료미징구- 오프라인(C) 3.83 5.89 4.92 0.03 1.86
FUND000027,KR5144420020,CLASS000350,C,class_return,5Y,0.03,2014-09-01,6,"[6,53]",cell_grid,1.0,수수료미징구- 오프라인(C) 수수료미징구- 오프라인(C) 3.83 5.89 4.92 0.03 1.86
FUND000027,KR5144420020,CLASS000350,C,class_return,SINCE_INCEPTION,1.86,2014-09-01,6,"[6,53]",cell_grid,1.0,수수료미징구- 오프라인(C) 수수료미징구- 오프라인(C) 3.83 5.89 4.92 0.03 1.86
FUND000027,KR5144420020,,,benchmark,1Y,4.40,2014-09-01,6,[6],cell_grid,1.0,2014-09-01 비교지수 비교지수 4.40 6.49 5.56 0.64 2.52
FUND000027,KR5144420020,,,benchmark,2Y,6.49,2014-09-01,6,[6],cell_grid,1.0,2014-09-01 비교지수 비교지수 4.40 6.49 5.56 0.64 2.52
FUND000027,KR5144420020,,,benchmark,3Y,5.56,2014-09-01,6,[6],cell_grid,1.0,2014-09-01 비교지수 비교지수 4.40 6.49 5.56 0.64 2.52
FUND000027,KR5144420020,,,benchmark,5Y,0.64,2014-09-01,6,[6],cell_grid,1.0,2014-09-01 비교지수 비교지수 4.40 6.49 5.56 0.64 2.52
FUND000027,KR5144420020,,,benchmark,SINCE_INCEPTION,2.52,2014-09-01,6,[6],cell_grid,1.0,2014-09-01 비교지수 비교지수 4.40 6.49 5.56 0.64 2.52
FUND000027,KR5144420020,,,volatility,1Y,3.91,2014-09-01,6,[6],cell_grid,1.0,수익률변동성 수익률변동성 3.91 4.57 6.35 5.95 4.88
FUND000027,KR5144420020,,,volatility,2Y,4.57,2014-09-01,6,[6],cell_grid,1.0,수익률변동성 수익률변동성 3.91 4.57 6.35 5.95 4.88
FUND000027,KR5144420020,,,volatility,3Y,6.35,2014-09-01,6,[6],cell_grid,1.0,수익률변동성 수익률변동성 3.91 4.57 6.35 5.95 4.88
FUND000027,KR5144420020,,,volatility,5Y,5.95,2014-09-01,6,[6],cell_grid,1.0,수익률변동성 수익률변동성 3.91 4.57 6.35 5.95 4.88
FUND000027,KR5144420020,,,volatility,SINCE_INCEPTION,4.88,2014-09-01,6,[6],cell_grid,1.0,수익률변동성 수익률변동성 3.91 4.57 6.35 5.95 4.88
FUND000027,KR5144420020,CLASS000348,A,class_return,1Y,4.15,,53,[53],detail_return_table_cross_validated,1.0,수수료선취-오프라인 (A) 수수료선취-오프라인 (A) 4.15 6.22 5.25 0.34 2.16
FUND000027,KR5144420020,CLASS000348,A,class_return,2Y,6.22,,53,[53],detail_return_table_cross_validated,1.0,수수료선취-오프라인 (A) 수수료선취-오프라인 (A) 4.15 6.22 5.25 0.34 2.16
FUND000027,KR5144420020,CLASS000348,A,class_return,3Y,5.25,,53,[53],detail_return_table_cross_validated,1.0,수수료선취-오프라인 (A) 수수료선취-오프라인 (A) 4.15 6.22 5.25 0.34 2.16
FUND000027,KR5144420020,CLASS000348,A,class_return,5Y,0.34,,53,[53],detail_return_table_cross_validated,1.0,수수료선취-오프라인 (A) 수수료선취-오프라인 (A) 4.15 6.22 5.25 0.34 2.16
FUND000027,KR5144420020,CLASS000348,A,class_return,SINCE_INCEPTION,2.16,,53,[53],detail_return_table_cross_validated,1.0,수수료선취-오프라인 (A) 수수료선취-오프라인 (A) 4.15 6.22 5.25 0.34 2.16
FUND000027,KR5144420020,CLASS000351,Ae,class_return,1Y,4.24,,53,[53],detail_return_table_cross_validated,1.0,수수료선취-온라인 (Ae) 수수료선취-온라인 (Ae) 4.24 6.31 5.34 0.43 2.09
FUND000027,KR5144420020,CLASS000351,Ae,class_return,2Y,6.31,,53,[53],detail_return_table_cross_validated,1.0,수수료선취-온라인 (Ae) 수수료선취-온라인 (Ae) 4.24 6.31 5.34 0.43 2.09
FUND000027,KR5144420020,CLASS000351,Ae,class_return,3Y,5.34,,53,[53],detail_return_table_cross_validated,1.0,수수료선취-온라인 (Ae) 수수료선취-온라인 (Ae) 4.24 6.31 5.34 0.43 2.09
FUND000027,KR5144420020,CLASS000351,Ae,class_return,5Y,0.43,,53,[53],detail_return_table_cross_validated,1.0,수수료선취-온라인 (Ae) 수수료선취-온라인 (Ae) 4.24 6.31 5.34 0.43 2.09
FUND000027,KR5144420020,CLASS000351,Ae,class_return,SINCE_INCEPTION,2.09,,53,[53],detail_return_table_cross_validated,1.0,수수료선취-온라인 (Ae) 수수료선취-온라인 (Ae) 4.24 6.31 5.34 0.43 2.09
FUND000027,KR5144420020,CLASS000352,Ce,class_return,1Y,4.14,,53,[53],detail_return_table_cross_validated,1.0,수수료미징구-온라인 (Ce) 수수료미징구-온라인 (Ce) 4.14 6.20 5.24 0.33 1.99
FUND000027,KR5144420020,CLASS000352,Ce,class_return,2Y,6.20,,53,[53],detail_return_table_cross_validated,1.0,수수료미징구-온라인 (Ce) 수수료미징구-온라인 (Ce) 4.14 6.20 5.24 0.33 1.99
FUND000027,KR5144420020,CLASS000352,Ce,class_return,3Y,5.24,,53,[53],detail_return_table_cross_validated,1.0,수수료미징구-온라인 (Ce) 수수료미징구-온라인 (Ce) 4.14 6.20 5.24 0.33 1.99
FUND000027,KR5144420020,CLASS000352,Ce,class_return,5Y,0.33,,53,[53],detail_return_table_cross_validated,1.0,수수료미징구-온라인 (Ce) 수수료미징구-온라인 (Ce) 4.14 6.20 5.24 0.33 1.99
FUND000027,KR5144420020,CLASS000352,Ce,class_return,SINCE_INCEPTION,1.99,,53,[53],detail_return_table_cross_validated,1.0,수수료미징구-온라인 (Ce) 수수료미징구-온라인 (Ce) 4.14 6.20 5.24 0.33 1.99
FUND000027,KR5144420020,CLASS000353,Ci,class_return,1Y,4.27,,53,[53],detail_return_table_cross_validated,1.0,수수료미징구-오프라인-기관 (Ci) 수수료미징구-오프라인-기관 (Ci) 4.27 6.33 5.36 0.45 1.07
FUND000027,KR5144420020,CLASS000353,Ci,class_return,2Y,6.33,,53,[53],detail_return_table_cross_validated,1.0,수수료미징구-오프라인-기관 (Ci) 수수료미징구-오프라인-기관 (Ci) 4.27 6.33 5.36 0.45 1.07
FUND000027,KR5144420020,CLASS000353,Ci,class_return,3Y,5.36,,53,[53],detail_return_table_cross_validated,1.0,수수료미징구-오프라인-기관 (Ci) 수수료미징구-오프라인-기관 (Ci) 4.27 6.33 5.36 0.45 1.07
FUND000027,KR5144420020,CLASS000353,Ci,class_return,5Y,0.45,,53,[53],detail_return_table_cross_validated,1.0,수수료미징구-오프라인-기관 (Ci) 수수료미징구-오프라인-기관 (Ci) 4.27 6.33 5.36 0.45 1.07
FUND000027,KR5144420020,CLASS000353,Ci,class_return,SINCE_INCEPTION,1.07,,53,[53],detail_return_table_cross_validated,1.0,수수료미징구-오프라인-기관 (Ci) 수수료미징구-오프라인-기관 (Ci) 4.27 6.33 5.36 0.45 1.07
FUND000027,KR5144420020,CLASS000354,S,class_return,1Y,4.24,,54,[54],detail_return_table_cross_validated,1.0,수수료후취-온라인슈퍼 (S) 수수료후취-온라인슈퍼 (S) 4.24 6.31 5.34 0.43 2.08
FUND000027,KR5144420020,CLASS000354,S,class_return,2Y,6.31,,54,[54],detail_return_table_cross_validated,1.0,수수료후취-온라인슈퍼 (S) 수수료후취-온라인슈퍼 (S) 4.24 6.31 5.34 0.43 2.08
FUND000027,KR5144420020,CLASS000354,S,class_return,3Y,5.34,,54,[54],detail_return_table_cross_validated,1.0,수수료후취-온라인슈퍼 (S) 수수료후취-온라인슈퍼 (S) 4.24 6.31 5.34 0.43 2.08
FUND000027,KR5144420020,CLASS000354,S,class_return,5Y,0.43,,54,[54],detail_return_table_cross_validated,1.0,수수료후취-온라인슈퍼 (S) 수수료후취-온라인슈퍼 (S) 4.24 6.31 5.34 0.43 2.08
FUND000027,KR5144420020,CLASS000354,S,class_return,SINCE_INCEPTION,2.08,,54,[54],detail_return_table_cross_validated,1.0,수수료후취-온라인슈퍼 (S) 수수료후취-온라인슈퍼 (S) 4.24 6.31 5.34 0.43 2.08
FUND000027,KR5144420020,CLASS000361,Cw,class_return,1Y,4.30,,54,[54],detail_return_table_cross_validated,1.0,수수료미징구-오프라인-랩 (Cw) 수수료미징구-오프라인-랩 (Cw) 4.30 6.36 5.39 0.48 1.34
FUND000027,KR5144420020,CLASS000361,Cw,class_return,2Y,6.36,,54,[54],detail_return_table_cross_validated,1.0,수수료미징구-오프라인-랩 (Cw) 수수료미징구-오프라인-랩 (Cw) 4.30 6.36 5.39 0.48 1.34
FUND000027,KR5144420020,CLASS000361,Cw,class_return,3Y,5.39,,54,[54],detail_return_table_cross_validated,1.0,수수료미징구-오프라인-랩 (Cw) 수수료미징구-오프라인-랩 (Cw) 4.30 6.36 5.39 0.48 1.34
FUND000027,KR5144420020,CLASS000361,Cw,class_return,5Y,0.48,,54,[54],detail_return_table_cross_validated,1.0,수수료미징구-오프라인-랩 (Cw) 수수료미징구-오프라인-랩 (Cw) 4.30 6.36 5.39 0.48 1.34
FUND000027,KR5144420020,CLASS000361,Cw,class_return,SINCE_INCEPTION,1.34,,54,[54],detail_return_table_cross_validated,1.0,수수료미징구-오프라인-랩 (Cw) 수수료미징구-오프라인-랩 (Cw) 4.30 6.36 5.39 0.48 1.34
FUND000027,KR5144420020,CLASS000362,AG,class_return,1Y,4.42,,54,[54],detail_return_table_cross_validated,1.0,수수료선취-오프라인-무권유저비용 (AG) 수수료선취-오프라인-무권유저비용 (AG) 4.42 6.49 5.52 0.60 1.31
FUND000027,KR5144420020,CLASS000362,AG,class_return,2Y,6.49,,54,[54],detail_return_table_cross_validated,1.0,수수료선취-오프라인-무권유저비용 (AG) 수수료선취-오프라인-무권유저비용 (AG) 4.42 6.49 5.52 0.60 1.31
FUND000027,KR5144420020,CLASS000362,AG,class_return,3Y,5.52,,54,[54],detail_return_table_cross_validated,1.0,수수료선취-오프라인-무권유저비용 (AG) 수수료선취-오프라인-무권유저비용 (AG) 4.42 6.49 5.52 0.60 1.31
FUND000027,KR5144420020,CLASS000362,AG,class_return,5Y,0.60,,54,[54],detail_return_table_cross_validated,1.0,수수료선취-오프라인-무권유저비용 (AG) 수수료선취-오프라인-무권유저비용 (AG) 4.42 6.49 5.52 0.60 1.31
FUND000027,KR5144420020,CLASS000362,AG,class_return,SINCE_INCEPTION,1.31,,54,[54],detail_return_table_cross_validated,1.0,수수료선취-오프라인-무권유저비용 (AG) 수수료선취-오프라인-무권유저비용 (AG) 4.42 6.49 5.52 0.60 1.31
FUND000027,KR5144420020,CLASS000349,A2,class_return,1Y,4.26,,54,[54],detail_return_table_cross_validated,1.0,수수료선취-오프라인 (A2) 수수료선취-오프라인 (A2) 4.26 - - - 5.73
FUND000027,KR5144420020,CLASS000349,A2,class_return,2Y,-,,54,[54],detail_return_table_cross_validated,1.0,수수료선취-오프라인 (A2) 수수료선취-오프라인 (A2) 4.26 - - - 5.73
FUND000027,KR5144420020,CLASS000349,A2,class_return,3Y,-,,54,[54],detail_return_table_cross_validated,1.0,수수료선취-오프라인 (A2) 수수료선취-오프라인 (A2) 4.26 - - - 5.73
FUND000027,KR5144420020,CLASS000349,A2,class_return,5Y,-,,54,[54],detail_return_table_cross_validated,1.0,수수료선취-오프라인 (A2) 수수료선취-오프라인 (A2) 4.26 - - - 5.73
FUND000027,KR5144420020,CLASS000349,A2,class_return,SINCE_INCEPTION,5.73,,54,[54],detail_return_table_cross_validated,1.0,수수료선취-오프라인 (A2) 수수료선취-오프라인 (A2) 4.26 - - - 5.73
FUND000028,KR5144420081,CLASS000369,C,class_return,1Y,12.36,2019-01-25,6,"[6,55]",cell_grid,1.0,수수료미징구- 오프라인(C)(%) 12.36 12.83 9.28 6.17 6.33
FUND000028,KR5144420081,CLASS000369,C,class_return,2Y,12.83,2019-01-25,6,"[6,55]",cell_grid,1.0,수수료미징구- 오프라인(C)(%) 12.36 12.83 9.28 6.17 6.33
FUND000028,KR5144420081,CLASS000369,C,class_return,3Y,9.28,2019-01-25,6,"[6,55]",cell_grid,1.0,수수료미징구- 오프라인(C)(%) 12.36 12.83 9.28 6.17 6.33
FUND000028,KR5144420081,CLASS000369,C,class_return,5Y,6.17,2019-01-25,6,"[6,55]",cell_grid,1.0,수수료미징구- 오프라인(C)(%) 12.36 12.83 9.28 6.17 6.33
FUND000028,KR5144420081,CLASS000369,C,class_return,SINCE_INCEPTION,6.33,2019-01-25,6,"[6,55]",cell_grid,1.0,수수료미징구- 오프라인(C)(%) 12.36 12.83 9.28 6.17 6.33
FUND000028,KR5144420081,,,benchmark,1Y,-,2019-01-25,6,[6],cell_grid,1.0,비교지수 (%) 2019-01-25 투자실적추이 투자실적추이 비교지수 (%) - - - - -
FUND000028,KR5144420081,,,benchmark,2Y,-,2019-01-25,6,[6],cell_grid,1.0,비교지수 (%) 2019-01-25 투자실적추이 투자실적추이 비교지수 (%) - - - - -
FUND000028,KR5144420081,,,benchmark,3Y,-,2019-01-25,6,[6],cell_grid,1.0,비교지수 (%) 2019-01-25 투자실적추이 투자실적추이 비교지수 (%) - - - - -
FUND000028,KR5144420081,,,benchmark,5Y,-,2019-01-25,6,[6],cell_grid,1.0,비교지수 (%) 2019-01-25 투자실적추이 투자실적추이 비교지수 (%) - - - - -
FUND000028,KR5144420081,,,benchmark,SINCE_INCEPTION,-,2019-01-25,6,[6],cell_grid,1.0,비교지수 (%) 2019-01-25 투자실적추이 투자실적추이 비교지수 (%) - - - - -
FUND000028,KR5144420081,,,volatility,1Y,5.66,2019-01-25,6,[6],cell_grid,1.0,"수익률 (연평균 수익률) 변동성(%) (단위, %) 5.66 7.59 8.61 8.12 7.77"
FUND000028,KR5144420081,,,volatility,2Y,7.59,2019-01-25,6,[6],cell_grid,1.0,"수익률 (연평균 수익률) 변동성(%) (단위, %) 5.66 7.59 8.61 8.12 7.77"
FUND000028,KR5144420081,,,volatility,3Y,8.61,2019-01-25,6,[6],cell_grid,1.0,"수익률 (연평균 수익률) 변동성(%) (단위, %) 5.66 7.59 8.61 8.12 7.77"
FUND000028,KR5144420081,,,volatility,5Y,8.12,2019-01-25,6,[6],cell_grid,1.0,"수익률 (연평균 수익률) 변동성(%) (단위, %) 5.66 7.59 8.61 8.12 7.77"
FUND000028,KR5144420081,,,volatility,SINCE_INCEPTION,7.77,2019-01-25,6,[6],cell_grid,1.0,"수익률 (연평균 수익률) 변동성(%) (단위, %) 5.66 7.59 8.61 8.12 7.77"
FUND000028,KR5144420081,CLASS000365,A,class_return,1Y,12.46,,54,[54],detail_return_table_cross_validated,1.0,수수료선취-오프라인(A) 수수료선취-오프라인(A) 12.46 12.94 9.39 6.27 6.43
FUND000028,KR5144420081,CLASS000365,A,class_return,2Y,12.94,,54,[54],detail_return_table_cross_validated,1.0,수수료선취-오프라인(A) 수수료선취-오프라인(A) 12.46 12.94 9.39 6.27 6.43
FUND000028,KR5144420081,CLASS000365,A,class_return,3Y,9.39,,54,[54],detail_return_table_cross_validated,1.0,수수료선취-오프라인(A) 수수료선취-오프라인(A) 12.46 12.94 9.39 6.27 6.43
FUND000028,KR5144420081,CLASS000365,A,class_return,5Y,6.27,,54,[54],detail_return_table_cross_validated,1.0,수수료선취-오프라인(A) 수수료선취-오프라인(A) 12.46 12.94 9.39 6.27 6.43
FUND000028,KR5144420081,CLASS000365,A,class_return,SINCE_INCEPTION,6.43,,54,[54],detail_return_table_cross_validated,1.0,수수료선취-오프라인(A) 수수료선취-오프라인(A) 12.46 12.94 9.39 6.27 6.43
FUND000028,KR5144420081,CLASS000367,Ae,class_return,1Y,12.57,,55,[55],detail_return_table_cross_validated,1.0,수수료선취-온라인(Ae) 수수료선취-온라인(Ae) 12.57 13.05 9.49 6.38 5.86
FUND000028,KR5144420081,CLASS000367,Ae,class_return,2Y,13.05,,55,[55],detail_return_table_cross_validated,1.0,수수료선취-온라인(Ae) 수수료선취-온라인(Ae) 12.57 13.05 9.49 6.38 5.86
FUND000028,KR5144420081,CLASS000367,Ae,class_return,3Y,9.49,,55,[55],detail_return_table_cross_validated,1.0,수수료선취-온라인(Ae) 수수료선취-온라인(Ae) 12.57 13.05 9.49 6.38 5.86
FUND000028,KR5144420081,CLASS000367,Ae,class_return,5Y,6.38,,55,[55],detail_return_table_cross_validated,1.0,수수료선취-온라인(Ae) 수수료선취-온라인(Ae) 12.57 13.05 9.49 6.38 5.86
FUND000028,KR5144420081,CLASS000367,Ae,class_return,SINCE_INCEPTION,5.86,,55,[55],detail_return_table_cross_validated,1.0,수수료선취-온라인(Ae) 수수료선취-온라인(Ae) 12.57 13.05 9.49 6.38 5.86
FUND000028,KR5144420081,CLASS000370,Ce,class_return,1Y,12.52,,55,[55],detail_return_table_cross_validated,1.0,수수료미징구-온라인(Ce) 수수료미징구-온라인(Ce) 12.52 13.00 9.44 6.33 6.52
FUND000028,KR5144420081,CLASS000370,Ce,class_return,2Y,13.00,,55,[55],detail_return_table_cross_validated,1.0,수수료미징구-온라인(Ce) 수수료미징구-온라인(Ce) 12.52 13.00 9.44 6.33 6.52
FUND000028,KR5144420081,CLASS000370,Ce,class_return,3Y,9.44,,55,[55],detail_return_table_cross_validated,1.0,수수료미징구-온라인(Ce) 수수료미징구-온라인(Ce) 12.52 13.00 9.44 6.33 6.52
FUND000028,KR5144420081,CLASS000370,Ce,class_return,5Y,6.33,,55,[55],detail_return_table_cross_validated,1.0,수수료미징구-온라인(Ce) 수수료미징구-온라인(Ce) 12.52 13.00 9.44 6.33 6.52
FUND000028,KR5144420081,CLASS000370,Ce,class_return,SINCE_INCEPTION,6.52,,55,[55],detail_return_table_cross_validated,1.0,수수료미징구-온라인(Ce) 수수료미징구-온라인(Ce) 12.52 13.00 9.44 6.33 6.52
FUND000028,KR5144420081,CLASS000373,Cw,class_return,1Y,8.17,,55,[55],detail_return_table_cross_validated,1.0,수수료미징구-오프라인-랩(Cw) 수수료미징구-오프라인-랩(Cw) 8.17 4.01 - - 3.46
FUND000028,KR5144420081,CLASS000373,Cw,class_return,2Y,4.01,,55,[55],detail_return_table_cross_validated,1.0,수수료미징구-오프라인-랩(Cw) 수수료미징구-오프라인-랩(Cw) 8.17 4.01 - - 3.46
FUND000028,KR5144420081,CLASS000373,Cw,class_return,3Y,-,,55,[55],detail_return_table_cross_validated,1.0,수수료미징구-오프라인-랩(Cw) 수수료미징구-오프라인-랩(Cw) 8.17 4.01 - - 3.46
FUND000028,KR5144420081,CLASS000373,Cw,class_return,5Y,-,,55,[55],detail_return_table_cross_validated,1.0,수수료미징구-오프라인-랩(Cw) 수수료미징구-오프라인-랩(Cw) 8.17 4.01 - - 3.46
FUND000028,KR5144420081,CLASS000373,Cw,class_return,SINCE_INCEPTION,3.46,,55,[55],detail_return_table_cross_validated,1.0,수수료미징구-오프라인-랩(Cw) 수수료미징구-오프라인-랩(Cw) 8.17 4.01 - - 3.46
FUND000028,KR5144420081,CLASS000378,S,class_return,1Y,12.59,,55,[55],detail_return_table_cross_validated,1.0,수수료후취-온라인슈퍼(S) 수수료후취-온라인슈퍼(S) 12.59 13.07 9.51 6.39 6.53
FUND000028,KR5144420081,CLASS000378,S,class_return,2Y,13.07,,55,[55],detail_return_table_cross_validated,1.0,수수료후취-온라인슈퍼(S) 수수료후취-온라인슈퍼(S) 12.59 13.07 9.51 6.39 6.53
FUND000028,KR5144420081,CLASS000378,S,class_return,3Y,9.51,,55,[55],detail_return_table_cross_validated,1.0,수수료후취-온라인슈퍼(S) 수수료후취-온라인슈퍼(S) 12.59 13.07 9.51 6.39 6.53
FUND000028,KR5144420081,CLASS000378,S,class_return,5Y,6.39,,55,[55],detail_return_table_cross_validated,1.0,수수료후취-온라인슈퍼(S) 수수료후취-온라인슈퍼(S) 12.59 13.07 9.51 6.39 6.53
FUND000028,KR5144420081,CLASS000378,S,class_return,SINCE_INCEPTION,6.53,,55,[55],detail_return_table_cross_validated,1.0,수수료후취-온라인슈퍼(S) 수수료후취-온라인슈퍼(S) 12.59 13.07 9.51 6.39 6.53
FUND000029,KR5144420091,CLASS000385,C,class_return,2Y,4.25,2018-09-14,5,"[5,49]",cell_grid,1.0,오프라인(C) 오프라인(C) 2018-09-14 3.56 4.25 4.34 2.98 2.69
FUND000029,KR5144420091,CLASS000385,C,class_return,5Y,2.98,2018-09-14,5,"[5,49]",cell_grid,1.0,오프라인(C) 오프라인(C) 2018-09-14 3.56 4.25 4.34 2.98 2.69
FUND000029,KR5144420091,CLASS000385,C,class_return,1Y,3.56,2018-09-14,5,"[5,49]",cell_grid,1.0,오프라인(C) 오프라인(C) 2018-09-14 3.56 4.25 4.34 2.98 2.69
FUND000029,KR5144420091,CLASS000385,C,class_return,SINCE_INCEPTION,2.69,2018-09-14,5,"[5,49]",cell_grid,1.0,오프라인(C) 오프라인(C) 2018-09-14 3.56 4.25 4.34 2.98 2.69
FUND000029,KR5144420091,CLASS000385,C,class_return,3Y,4.34,2018-09-14,5,"[5,49]",cell_grid,1.0,오프라인(C) 오프라인(C) 2018-09-14 3.56 4.25 4.34 2.98 2.69
FUND000029,KR5144420091,,,benchmark,2Y,3.66,2018-09-14,5,[5],cell_grid,1.0,비교지수 비교지수 3.23 3.66 3.74 2.61 2.38
FUND000029,KR5144420091,,,benchmark,5Y,2.61,2018-09-14,5,[5],cell_grid,1.0,비교지수 비교지수 3.23 3.66 3.74 2.61 2.38
FUND000029,KR5144420091,,,benchmark,1Y,3.23,2018-09-14,5,[5],cell_grid,1.0,비교지수 비교지수 3.23 3.66 3.74 2.61 2.38
FUND000029,KR5144420091,,,benchmark,SINCE_INCEPTION,2.38,2018-09-14,5,[5],cell_grid,1.0,비교지수 비교지수 3.23 3.66 3.74 2.61 2.38
FUND000029,KR5144420091,,,benchmark,3Y,3.74,2018-09-14,5,[5],cell_grid,1.0,비교지수 비교지수 3.23 3.66 3.74 2.61 2.38
FUND000029,KR5144420091,,,volatility,1Y,0.15,2018-09-14,6,[6],cell_grid,1.0,수익률 변동성 수익률 변동성 0.15 0.22 0.28 0.35 0.32
FUND000029,KR5144420091,,,volatility,2Y,0.22,2018-09-14,6,[6],cell_grid,1.0,수익률 변동성 수익률 변동성 0.15 0.22 0.28 0.35 0.32
FUND000029,KR5144420091,,,volatility,3Y,0.28,2018-09-14,6,[6],cell_grid,1.0,수익률 변동성 수익률 변동성 0.15 0.22 0.28 0.35 0.32
FUND000029,KR5144420091,,,volatility,5Y,0.35,2018-09-14,6,[6],cell_grid,1.0,수익률 변동성 수익률 변동성 0.15 0.22 0.28 0.35 0.32
FUND000029,KR5144420091,,,volatility,SINCE_INCEPTION,0.32,2018-09-14,6,[6],cell_grid,1.0,수익률 변동성 수익률 변동성 0.15 0.22 0.28 0.35 0.32
FUND000029,KR5144420091,CLASS000382,A2,class_return,1Y,3.82,,49,[49],detail_return_table_cross_validated,1.0,수수료선취-오프라인 (A2) 수수료선취-오프라인 (A2) 3.82 4.51 4.60 3.24 2.97
FUND000029,KR5144420091,CLASS000382,A2,class_return,2Y,4.51,,49,[49],detail_return_table_cross_validated,1.0,수수료선취-오프라인 (A2) 수수료선취-오프라인 (A2) 3.82 4.51 4.60 3.24 2.97
FUND000029,KR5144420091,CLASS000382,A2,class_return,3Y,4.60,,49,[49],detail_return_table_cross_validated,1.0,수수료선취-오프라인 (A2) 수수료선취-오프라인 (A2) 3.82 4.51 4.60 3.24 2.97
FUND000029,KR5144420091,CLASS000382,A2,class_return,5Y,3.24,,49,[49],detail_return_table_cross_validated,1.0,수수료선취-오프라인 (A2) 수수료선취-오프라인 (A2) 3.82 4.51 4.60 3.24 2.97
FUND000029,KR5144420091,CLASS000382,A2,class_return,SINCE_INCEPTION,2.97,,49,[49],detail_return_table_cross_validated,1.0,수수료선취-오프라인 (A2) 수수료선취-오프라인 (A2) 3.82 4.51 4.60 3.24 2.97
FUND000029,KR5144420091,CLASS000381,A,class_return,1Y,3.66,,49,[49],detail_return_table_cross_validated,1.0,수수료선취-오프라인 (A) 수수료선취-오프라인 (A) 3.66 4.35 4.44 3.09 2.79
FUND000029,KR5144420091,CLASS000381,A,class_return,2Y,4.35,,49,[49],detail_return_table_cross_validated,1.0,수수료선취-오프라인 (A) 수수료선취-오프라인 (A) 3.66 4.35 4.44 3.09 2.79
FUND000029,KR5144420091,CLASS000381,A,class_return,3Y,4.44,,49,[49],detail_return_table_cross_validated,1.0,수수료선취-오프라인 (A) 수수료선취-오프라인 (A) 3.66 4.35 4.44 3.09 2.79
FUND000029,KR5144420091,CLASS000381,A,class_return,5Y,3.09,,49,[49],detail_return_table_cross_validated,1.0,수수료선취-오프라인 (A) 수수료선취-오프라인 (A) 3.66 4.35 4.44 3.09 2.79
FUND000029,KR5144420091,CLASS000381,A,class_return,SINCE_INCEPTION,2.79,,49,[49],detail_return_table_cross_validated,1.0,수수료선취-오프라인 (A) 수수료선취-오프라인 (A) 3.66 4.35 4.44 3.09 2.79
FUND000029,KR5144420091,CLASS000383,Ae,class_return,1Y,3.76,,49,[49],detail_return_table_cross_validated,1.0,수수료선취-온라인 (Ae) 수수료선취-온라인 (Ae) 3.76 4.45 4.55 3.19 2.90
FUND000029,KR5144420091,CLASS000383,Ae,class_return,2Y,4.45,,49,[49],detail_return_table_cross_validated,1.0,수수료선취-온라인 (Ae) 수수료선취-온라인 (Ae) 3.76 4.45 4.55 3.19 2.90
FUND000029,KR5144420091,CLASS000383,Ae,class_return,3Y,4.55,,49,[49],detail_return_table_cross_validated,1.0,수수료선취-온라인 (Ae) 수수료선취-온라인 (Ae) 3.76 4.45 4.55 3.19 2.90
FUND000029,KR5144420091,CLASS000383,Ae,class_return,5Y,3.19,,49,[49],detail_return_table_cross_validated,1.0,수수료선취-온라인 (Ae) 수수료선취-온라인 (Ae) 3.76 4.45 4.55 3.19 2.90
FUND000029,KR5144420091,CLASS000383,Ae,class_return,SINCE_INCEPTION,2.90,,49,[49],detail_return_table_cross_validated,1.0,수수료선취-온라인 (Ae) 수수료선취-온라인 (Ae) 3.76 4.45 4.55 3.19 2.90
FUND000029,KR5144420091,CLASS000386,Ce,class_return,1Y,3.71,,49,[49],detail_return_table_cross_validated,1.0,수수료미징구-온라인 (Ce) 수수료미징구-온라인 (Ce) 3.71 4.40 4.50 3.14 2.84
FUND000029,KR5144420091,CLASS000386,Ce,class_return,2Y,4.40,,49,[49],detail_return_table_cross_validated,1.0,수수료미징구-온라인 (Ce) 수수료미징구-온라인 (Ce) 3.71 4.40 4.50 3.14 2.84
FUND000029,KR5144420091,CLASS000386,Ce,class_return,3Y,4.50,,49,[49],detail_return_table_cross_validated,1.0,수수료미징구-온라인 (Ce) 수수료미징구-온라인 (Ce) 3.71 4.40 4.50 3.14 2.84
FUND000029,KR5144420091,CLASS000386,Ce,class_return,5Y,3.14,,49,[49],detail_return_table_cross_validated,1.0,수수료미징구-온라인 (Ce) 수수료미징구-온라인 (Ce) 3.71 4.40 4.50 3.14 2.84
FUND000029,KR5144420091,CLASS000386,Ce,class_return,SINCE_INCEPTION,2.84,,49,[49],detail_return_table_cross_validated,1.0,수수료미징구-온라인 (Ce) 수수료미징구-온라인 (Ce) 3.71 4.40 4.50 3.14 2.84
FUND000029,KR5144420091,CLASS000388,Cf,class_return,1Y,3.86,,49,[49],detail_return_table_cross_validated,1.0,수수료미징구-오프라인-기관 (Cf) 수수료미징구-오프라인-기관 (Cf) 3.86 4.55 4.64 3.28 2.99
FUND000029,KR5144420091,CLASS000388,Cf,class_return,2Y,4.55,,49,[49],detail_return_table_cross_validated,1.0,수수료미징구-오프라인-기관 (Cf) 수수료미징구-오프라인-기관 (Cf) 3.86 4.55 4.64 3.28 2.99
FUND000029,KR5144420091,CLASS000388,Cf,class_return,3Y,4.64,,49,[49],detail_return_table_cross_validated,1.0,수수료미징구-오프라인-기관 (Cf) 수수료미징구-오프라인-기관 (Cf) 3.86 4.55 4.64 3.28 2.99
FUND000029,KR5144420091,CLASS000388,Cf,class_return,5Y,3.28,,49,[49],detail_return_table_cross_validated,1.0,수수료미징구-오프라인-기관 (Cf) 수수료미징구-오프라인-기관 (Cf) 3.86 4.55 4.64 3.28 2.99
FUND000029,KR5144420091,CLASS000388,Cf,class_return,SINCE_INCEPTION,2.99,,49,[49],detail_return_table_cross_validated,1.0,수수료미징구-오프라인-기관 (Cf) 수수료미징구-오프라인-기관 (Cf) 3.86 4.55 4.64 3.28 2.99
FUND000029,KR5144420091,CLASS000390,Cw,class_return,1Y,3.87,,49,[49],detail_return_table_cross_validated,1.0,수수료미징구-오프라인-랩 (Cw) 수수료미징구-오프라인-랩 (Cw) 3.87 4.56 4.65 3.29 3.01
FUND000029,KR5144420091,CLASS000390,Cw,class_return,2Y,4.56,,49,[49],detail_return_table_cross_validated,1.0,수수료미징구-오프라인-랩 (Cw) 수수료미징구-오프라인-랩 (Cw) 3.87 4.56 4.65 3.29 3.01
FUND000029,KR5144420091,CLASS000390,Cw,class_return,3Y,4.65,,49,[49],detail_return_table_cross_validated,1.0,수수료미징구-오프라인-랩 (Cw) 수수료미징구-오프라인-랩 (Cw) 3.87 4.56 4.65 3.29 3.01
FUND000029,KR5144420091,CLASS000390,Cw,class_return,5Y,3.29,,49,[49],detail_return_table_cross_validated,1.0,수수료미징구-오프라인-랩 (Cw) 수수료미징구-오프라인-랩 (Cw) 3.87 4.56 4.65 3.29 3.01
FUND000029,KR5144420091,CLASS000390,Cw,class_return,SINCE_INCEPTION,3.01,,49,[49],detail_return_table_cross_validated,1.0,수수료미징구-오프라인-랩 (Cw) 수수료미징구-오프라인-랩 (Cw) 3.87 4.56 4.65 3.29 3.01
FUND000030,KR5144450095,CLASS000403,C,class_return,1Y,27.40,,6,"[6,51]",cell_grid,1.0,수수료미징구- 오프라인(C) 27.40 14.63 16.08 12.16 17.81
FUND000030,KR5144450095,CLASS000403,C,class_return,3Y,16.08,,6,"[6,51]",cell_grid,1.0,수수료미징구- 오프라인(C) 27.40 14.63 16.08 12.16 17.81
FUND000030,KR5144450095,CLASS000403,C,class_return,5Y,12.16,,6,"[6,51]",cell_grid,1.0,수수료미징구- 오프라인(C) 27.40 14.63 16.08 12.16 17.81
FUND000030,KR5144450095,CLASS000403,C,class_return,2Y,14.63,,6,"[6,51]",cell_grid,1.0,수수료미징구- 오프라인(C) 27.40 14.63 16.08 12.16 17.81
FUND000030,KR5144450095,CLASS000403,C,class_return,SINCE_INCEPTION,17.81,,6,"[6,51]",cell_grid,1.0,수수료미징구- 오프라인(C) 27.40 14.63 16.08 12.16 17.81
FUND000030,KR5144450095,,,benchmark,1Y,21.98,,6,[6],cell_grid,1.0,2019-08-14 투자실적추이 참조지수 참조지수 21.98 12.00 8.46 6.02 8.96
FUND000030,KR5144450095,,,benchmark,3Y,8.46,,6,[6],cell_grid,1.0,2019-08-14 투자실적추이 참조지수 참조지수 21.98 12.00 8.46 6.02 8.96
FUND000030,KR5144450095,,,benchmark,5Y,6.02,,6,[6],cell_grid,1.0,2019-08-14 투자실적추이 참조지수 참조지수 21.98 12.00 8.46 6.02 8.96
FUND000030,KR5144450095,,,benchmark,2Y,12.00,,6,[6],cell_grid,1.0,2019-08-14 투자실적추이 참조지수 참조지수 21.98 12.00 8.46 6.02 8.96
FUND000030,KR5144450095,,,benchmark,SINCE_INCEPTION,8.96,,6,[6],cell_grid,1.0,2019-08-14 투자실적추이 참조지수 참조지수 21.98 12.00 8.46 6.02 8.96
FUND000030,KR5144450095,,,volatility,1Y,24.64,,6,[6],cell_grid,1.0,(연평균 수익률) 수익률 변동성(%) 수익률 변동성(%) 24.64 22.42 21.29 20.59 22.34
FUND000030,KR5144450095,,,volatility,3Y,21.29,,6,[6],cell_grid,1.0,(연평균 수익률) 수익률 변동성(%) 수익률 변동성(%) 24.64 22.42 21.29 20.59 22.34
FUND000030,KR5144450095,,,volatility,5Y,20.59,,6,[6],cell_grid,1.0,(연평균 수익률) 수익률 변동성(%) 수익률 변동성(%) 24.64 22.42 21.29 20.59 22.34
FUND000030,KR5144450095,,,volatility,2Y,22.42,,6,[6],cell_grid,1.0,(연평균 수익률) 수익률 변동성(%) 수익률 변동성(%) 24.64 22.42 21.29 20.59 22.34
FUND000030,KR5144450095,,,volatility,SINCE_INCEPTION,22.34,,6,[6],cell_grid,1.0,(연평균 수익률) 수익률 변동성(%) 수익률 변동성(%) 24.64 22.42 21.29 20.59 22.34
FUND000030,KR5144450095,CLASS000398,A,class_return,1Y,27.62,,51,[51],detail_return_table_cross_validated,1.0,수수료선취-오프라인 (A) 수수료선취-오프라인 (A) 27.62 14.82 16.26 12.34 17.99
FUND000030,KR5144450095,CLASS000398,A,class_return,2Y,14.82,,51,[51],detail_return_table_cross_validated,1.0,수수료선취-오프라인 (A) 수수료선취-오프라인 (A) 27.62 14.82 16.26 12.34 17.99
FUND000030,KR5144450095,CLASS000398,A,class_return,3Y,16.26,,51,[51],detail_return_table_cross_validated,1.0,수수료선취-오프라인 (A) 수수료선취-오프라인 (A) 27.62 14.82 16.26 12.34 17.99
FUND000030,KR5144450095,CLASS000398,A,class_return,5Y,12.34,,51,[51],detail_return_table_cross_validated,1.0,수수료선취-오프라인 (A) 수수료선취-오프라인 (A) 27.62 14.82 16.26 12.34 17.99
FUND000030,KR5144450095,CLASS000398,A,class_return,SINCE_INCEPTION,17.99,,51,[51],detail_return_table_cross_validated,1.0,수수료선취-오프라인 (A) 수수료선취-오프라인 (A) 27.62 14.82 16.26 12.34 17.99
FUND000030,KR5144450095,CLASS000400,Ae,class_return,1Y,27.77,,51,[51],detail_return_table_cross_validated,1.0,수수료선취-온라인 (Ae) 수수료선취-온라인 (Ae) 27.77 14.99 16.45 12.53 18.18
FUND000030,KR5144450095,CLASS000400,Ae,class_return,2Y,14.99,,51,[51],detail_return_table_cross_validated,1.0,수수료선취-온라인 (Ae) 수수료선취-온라인 (Ae) 27.77 14.99 16.45 12.53 18.18
FUND000030,KR5144450095,CLASS000400,Ae,class_return,3Y,16.45,,51,[51],detail_return_table_cross_validated,1.0,수수료선취-온라인 (Ae) 수수료선취-온라인 (Ae) 27.77 14.99 16.45 12.53 18.18
FUND000030,KR5144450095,CLASS000400,Ae,class_return,5Y,12.53,,51,[51],detail_return_table_cross_validated,1.0,수수료선취-온라인 (Ae) 수수료선취-온라인 (Ae) 27.77 14.99 16.45 12.53 18.18
FUND000030,KR5144450095,CLASS000400,Ae,class_return,SINCE_INCEPTION,18.18,,51,[51],detail_return_table_cross_validated,1.0,수수료선취-온라인 (Ae) 수수료선취-온라인 (Ae) 27.77 14.99 16.45 12.53 18.18
FUND000030,KR5144450095,CLASS000404,Ce,class_return,1Y,27.66,,51,[51],detail_return_table_cross_validated,1.0,수수료미징구-온라인 (Ce) 수수료미징구-온라인 (Ce) 27.66 14.89 16.35 12.43 18.08
FUND000030,KR5144450095,CLASS000404,Ce,class_return,2Y,14.89,,51,[51],detail_return_table_cross_validated,1.0,수수료미징구-온라인 (Ce) 수수료미징구-온라인 (Ce) 27.66 14.89 16.35 12.43 18.08
FUND000030,KR5144450095,CLASS000404,Ce,class_return,3Y,16.35,,51,[51],detail_return_table_cross_validated,1.0,수수료미징구-온라인 (Ce) 수수료미징구-온라인 (Ce) 27.66 14.89 16.35 12.43 18.08
FUND000030,KR5144450095,CLASS000404,Ce,class_return,5Y,12.43,,51,[51],detail_return_table_cross_validated,1.0,수수료미징구-온라인 (Ce) 수수료미징구-온라인 (Ce) 27.66 14.89 16.35 12.43 18.08
FUND000030,KR5144450095,CLASS000404,Ce,class_return,SINCE_INCEPTION,18.08,,51,[51],detail_return_table_cross_validated,1.0,수수료미징구-온라인 (Ce) 수수료미징구-온라인 (Ce) 27.66 14.89 16.35 12.43 18.08
FUND000030,KR5144450095,CLASS000406,Cf,class_return,1Y,27.82,,51,[51],detail_return_table_cross_validated,1.0,수수료미징구-오프라인-기관 (Cf) 수수료미징구-오프라인-기관 (Cf) 27.82 15.14 16.64 12.71 18.38
FUND000030,KR5144450095,CLASS000406,Cf,class_return,2Y,15.14,,51,[51],detail_return_table_cross_validated,1.0,수수료미징구-오프라인-기관 (Cf) 수수료미징구-오프라인-기관 (Cf) 27.82 15.14 16.64 12.71 18.38
FUND000030,KR5144450095,CLASS000406,Cf,class_return,3Y,16.64,,51,[51],detail_return_table_cross_validated,1.0,수수료미징구-오프라인-기관 (Cf) 수수료미징구-오프라인-기관 (Cf) 27.82 15.14 16.64 12.71 18.38
FUND000030,KR5144450095,CLASS000406,Cf,class_return,5Y,12.71,,51,[51],detail_return_table_cross_validated,1.0,수수료미징구-오프라인-기관 (Cf) 수수료미징구-오프라인-기관 (Cf) 27.82 15.14 16.64 12.71 18.38
FUND000030,KR5144450095,CLASS000406,Cf,class_return,SINCE_INCEPTION,18.38,,51,[51],detail_return_table_cross_validated,1.0,수수료미징구-오프라인-기관 (Cf) 수수료미징구-오프라인-기관 (Cf) 27.82 15.14 16.64 12.71 18.38
FUND000030,KR5144450095,CLASS000407,Cw,class_return,1Y,28.05,,52,[52],detail_return_table_cross_validated,1.0,수수료미징구-오프라인-랩 (Cw) 수수료미징구-오프라인-랩 (Cw) 28.05 15.29 16.74 12.76 18.52
FUND000030,KR5144450095,CLASS000407,Cw,class_return,2Y,15.29,,52,[52],detail_return_table_cross_validated,1.0,수수료미징구-오프라인-랩 (Cw) 수수료미징구-오프라인-랩 (Cw) 28.05 15.29 16.74 12.76 18.52
FUND000030,KR5144450095,CLASS000407,Cw,class_return,3Y,16.74,,52,[52],detail_return_table_cross_validated,1.0,수수료미징구-오프라인-랩 (Cw) 수수료미징구-오프라인-랩 (Cw) 28.05 15.29 16.74 12.76 18.52
FUND000030,KR5144450095,CLASS000407,Cw,class_return,5Y,12.76,,52,[52],detail_return_table_cross_validated,1.0,수수료미징구-오프라인-랩 (Cw) 수수료미징구-오프라인-랩 (Cw) 28.05 15.29 16.74 12.76 18.52
FUND000030,KR5144450095,CLASS000407,Cw,class_return,SINCE_INCEPTION,18.52,,52,[52],detail_return_table_cross_validated,1.0,수수료미징구-오프라인-랩 (Cw) 수수료미징구-오프라인-랩 (Cw) 28.05 15.29 16.74 12.76 18.52
FUND000030,KR5144450095,CLASS000412,S,class_return,1Y,27.76,,52,[52],detail_return_table_cross_validated,1.0,수수료후취-온라인슈퍼 (S) 수수료후취-온라인슈퍼 (S) 27.76 14.96 16.41 12.49 18.49
FUND000030,KR5144450095,CLASS000412,S,class_return,2Y,14.96,,52,[52],detail_return_table_cross_validated,1.0,수수료후취-온라인슈퍼 (S) 수수료후취-온라인슈퍼 (S) 27.76 14.96 16.41 12.49 18.49
FUND000030,KR5144450095,CLASS000412,S,class_return,3Y,16.41,,52,[52],detail_return_table_cross_validated,1.0,수수료후취-온라인슈퍼 (S) 수수료후취-온라인슈퍼 (S) 27.76 14.96 16.41 12.49 18.49
FUND000030,KR5144450095,CLASS000412,S,class_return,5Y,12.49,,52,[52],detail_return_table_cross_validated,1.0,수수료후취-온라인슈퍼 (S) 수수료후취-온라인슈퍼 (S) 27.76 14.96 16.41 12.49 18.49
FUND000030,KR5144450095,CLASS000412,S,class_return,SINCE_INCEPTION,18.49,,52,[52],detail_return_table_cross_validated,1.0,수수료후취-온라인슈퍼 (S) 수수료후취-온라인슈퍼 (S) 27.76 14.96 16.41 12.49 18.49
FUND000030,KR5144450095,CLASS000399,A2,class_return,1Y,27.52,,52,[52],detail_return_table_cross_validated,1.0,수수료선취-오프라인 (A2) 수수료선취-오프라인 (A2) 27.52 - - - 20.60
FUND000030,KR5144450095,CLASS000399,A2,class_return,2Y,-,,52,[52],detail_return_table_cross_validated,1.0,수수료선취-오프라인 (A2) 수수료선취-오프라인 (A2) 27.52 - - - 20.60
FUND000030,KR5144450095,CLASS000399,A2,class_return,3Y,-,,52,[52],detail_return_table_cross_validated,1.0,수수료선취-오프라인 (A2) 수수료선취-오프라인 (A2) 27.52 - - - 20.60
FUND000030,KR5144450095,CLASS000399,A2,class_return,5Y,-,,52,[52],detail_return_table_cross_validated,1.0,수수료선취-오프라인 (A2) 수수료선취-오프라인 (A2) 27.52 - - - 20.60
FUND000030,KR5144450095,CLASS000399,A2,class_return,SINCE_INCEPTION,20.60,,52,[52],detail_return_table_cross_validated,1.0,수수료선취-오프라인 (A2) 수수료선취-오프라인 (A2) 27.52 - - - 20.60
FUND000030,KR5144450095,CLASS000401,A2e,class_return,1Y,27.60,,52,[52],detail_return_table_cross_validated,1.0,수수료선취-온라인 (A2e) 수수료선취-온라인 (A2e) 27.60 - - - 8.12
FUND000030,KR5144450095,CLASS000401,A2e,class_return,2Y,-,,52,[52],detail_return_table_cross_validated,1.0,수수료선취-온라인 (A2e) 수수료선취-온라인 (A2e) 27.60 - - - 8.12
FUND000030,KR5144450095,CLASS000401,A2e,class_return,3Y,-,,52,[52],detail_return_table_cross_validated,1.0,수수료선취-온라인 (A2e) 수수료선취-온라인 (A2e) 27.60 - - - 8.12
FUND000030,KR5144450095,CLASS000401,A2e,class_return,5Y,-,,52,[52],detail_return_table_cross_validated,1.0,수수료선취-온라인 (A2e) 수수료선취-온라인 (A2e) 27.60 - - - 8.12
FUND000030,KR5144450095,CLASS000401,A2e,class_return,SINCE_INCEPTION,8.12,,52,[52],detail_return_table_cross_validated,1.0,수수료선취-온라인 (A2e) 수수료선취-온라인 (A2e) 27.60 - - - 8.12
FUND000031,KR5152420028,CLASS000416,C,class_return,1Y,4.88,,6,"[6,37]",cell_grid,1.0,수수료미징구- 오프라인(C) 수수료미징구- 오프라인(C) 2016- 01-13 4.88 3.54 2.70 1.71 1.31
FUND000031,KR5152420028,CLASS000416,C,class_return,2Y,3.54,,6,"[6,37]",cell_grid,1.0,수수료미징구- 오프라인(C) 수수료미징구- 오프라인(C) 2016- 01-13 4.88 3.54 2.70 1.71 1.31
FUND000031,KR5152420028,CLASS000416,C,class_return,3Y,2.70,,6,"[6,37]",cell_grid,1.0,수수료미징구- 오프라인(C) 수수료미징구- 오프라인(C) 2016- 01-13 4.88 3.54 2.70 1.71 1.31
FUND000031,KR5152420028,CLASS000416,C,class_return,5Y,1.71,,6,"[6,37]",cell_grid,1.0,수수료미징구- 오프라인(C) 수수료미징구- 오프라인(C) 2016- 01-13 4.88 3.54 2.70 1.71 1.31
FUND000031,KR5152420028,CLASS000416,C,class_return,SINCE_INCEPTION,1.31,,6,"[6,37]",cell_grid,1.0,수수료미징구- 오프라인(C) 수수료미징구- 오프라인(C) 2016- 01-13 4.88 3.54 2.70 1.71 1.31
FUND000031,KR5152420028,,,benchmark,1Y,3.76,,6,[6],cell_grid,1.0,비교지수 비교지수 2016- 01-13 3.76 3.74 2.88 2.02 1.82
FUND000031,KR5152420028,,,benchmark,2Y,3.74,,6,[6],cell_grid,1.0,비교지수 비교지수 2016- 01-13 3.76 3.74 2.88 2.02 1.82
FUND000031,KR5152420028,,,benchmark,3Y,2.88,,6,[6],cell_grid,1.0,비교지수 비교지수 2016- 01-13 3.76 3.74 2.88 2.02 1.82
FUND000031,KR5152420028,,,benchmark,5Y,2.02,,6,[6],cell_grid,1.0,비교지수 비교지수 2016- 01-13 3.76 3.74 2.88 2.02 1.82
FUND000031,KR5152420028,,,benchmark,SINCE_INCEPTION,1.82,,6,[6],cell_grid,1.0,비교지수 비교지수 2016- 01-13 3.76 3.74 2.88 2.02 1.82
FUND000031,KR5152420028,,,volatility,1Y,0.32,,6,[6],cell_grid,1.0,수익률 변동성 수익률 변동성 2016- 01-13 0.32 1.45 1.19 1.11 1.54
FUND000031,KR5152420028,,,volatility,2Y,1.45,,6,[6],cell_grid,1.0,수익률 변동성 수익률 변동성 2016- 01-13 0.32 1.45 1.19 1.11 1.54
FUND000031,KR5152420028,,,volatility,3Y,1.19,,6,[6],cell_grid,1.0,수익률 변동성 수익률 변동성 2016- 01-13 0.32 1.45 1.19 1.11 1.54
FUND000031,KR5152420028,,,volatility,5Y,1.11,,6,[6],cell_grid,1.0,수익률 변동성 수익률 변동성 2016- 01-13 0.32 1.45 1.19 1.11 1.54
FUND000031,KR5152420028,,,volatility,SINCE_INCEPTION,1.54,,6,[6],cell_grid,1.0,수익률 변동성 수익률 변동성 2016- 01-13 0.32 1.45 1.19 1.11 1.54
FUND000031,KR5152420028,CLASS000415,A,class_return,1Y,4.98,,37,[37],detail_return_table_cross_validated,1.0,수수료선취- 오프라인(A) 수수료선취- 오프라인(A) 4.98 3.63 2.79 1.80 1.37
FUND000031,KR5152420028,CLASS000415,A,class_return,5Y,1.80,,37,[37],detail_return_table_cross_validated,1.0,수수료선취- 오프라인(A) 수수료선취- 오프라인(A) 4.98 3.63 2.79 1.80 1.37
FUND000031,KR5152420028,CLASS000415,A,class_return,2Y,3.63,,37,[37],detail_return_table_cross_validated,1.0,수수료선취- 오프라인(A) 수수료선취- 오프라인(A) 4.98 3.63 2.79 1.80 1.37
FUND000031,KR5152420028,CLASS000415,A,class_return,3Y,2.79,,37,[37],detail_return_table_cross_validated,1.0,수수료선취- 오프라인(A) 수수료선취- 오프라인(A) 4.98 3.63 2.79 1.80 1.37
FUND000031,KR5152420028,CLASS000415,A,class_return,SINCE_INCEPTION,1.37,,37,[37],detail_return_table_cross_validated,1.0,수수료선취- 오프라인(A) 수수료선취- 오프라인(A) 4.98 3.63 2.79 1.80 1.37
FUND000031,KR5152420028,CLASS000421,Ae,class_return,1Y,5.04,,37,[37],detail_return_table_cross_validated,1.0,수수료선취- 온라인(Ae) 수수료선취- 온라인(Ae) 5.04 3.70 2.85 1.86 1.34
FUND000031,KR5152420028,CLASS000421,Ae,class_return,5Y,1.86,,37,[37],detail_return_table_cross_validated,1.0,수수료선취- 온라인(Ae) 수수료선취- 온라인(Ae) 5.04 3.70 2.85 1.86 1.34
FUND000031,KR5152420028,CLASS000421,Ae,class_return,2Y,3.70,,37,[37],detail_return_table_cross_validated,1.0,수수료선취- 온라인(Ae) 수수료선취- 온라인(Ae) 5.04 3.70 2.85 1.86 1.34
FUND000031,KR5152420028,CLASS000421,Ae,class_return,3Y,2.85,,37,[37],detail_return_table_cross_validated,1.0,수수료선취- 온라인(Ae) 수수료선취- 온라인(Ae) 5.04 3.70 2.85 1.86 1.34
FUND000031,KR5152420028,CLASS000421,Ae,class_return,SINCE_INCEPTION,1.34,,37,[37],detail_return_table_cross_validated,1.0,수수료선취- 온라인(Ae) 수수료선취- 온라인(Ae) 5.04 3.70 2.85 1.86 1.34
FUND000031,KR5152420028,CLASS000417,Ce,class_return,1Y,4.99,,37,[37],detail_return_table_cross_validated,1.0,수수료미징구- 온라인(Ce) 수수료미징구- 온라인(Ce) 4.99 3.65 2.80 1.81 1.38
FUND000031,KR5152420028,CLASS000417,Ce,class_return,5Y,1.81,,37,[37],detail_return_table_cross_validated,1.0,수수료미징구- 온라인(Ce) 수수료미징구- 온라인(Ce) 4.99 3.65 2.80 1.81 1.38
FUND000031,KR5152420028,CLASS000417,Ce,class_return,2Y,3.65,,37,[37],detail_return_table_cross_validated,1.0,수수료미징구- 온라인(Ce) 수수료미징구- 온라인(Ce) 4.99 3.65 2.80 1.81 1.38
FUND000031,KR5152420028,CLASS000417,Ce,class_return,3Y,2.80,,37,[37],detail_return_table_cross_validated,1.0,수수료미징구- 온라인(Ce) 수수료미징구- 온라인(Ce) 4.99 3.65 2.80 1.81 1.38
FUND000031,KR5152420028,CLASS000417,Ce,class_return,SINCE_INCEPTION,1.38,,37,[37],detail_return_table_cross_validated,1.0,수수료미징구- 온라인(Ce) 수수료미징구- 온라인(Ce) 4.99 3.65 2.80 1.81 1.38
FUND000031,KR5152420028,CLASS000420,CF,class_return,1Y,5.08,,37,[37],detail_return_table_cross_validated,1.0,수수료미징구- 오프라인- 기관(CF) 수수료미징구- 오프라인- 기관(CF) 5.08 3.74 2.89 1.90 1.31
FUND000031,KR5152420028,CLASS000420,CF,class_return,5Y,1.90,,37,[37],detail_return_table_cross_validated,1.0,수수료미징구- 오프라인- 기관(CF) 수수료미징구- 오프라인- 기관(CF) 5.08 3.74 2.89 1.90 1.31
FUND000031,KR5152420028,CLASS000420,CF,class_return,2Y,3.74,,37,[37],detail_return_table_cross_validated,1.0,수수료미징구- 오프라인- 기관(CF) 수수료미징구- 오프라인- 기관(CF) 5.08 3.74 2.89 1.90 1.31
FUND000031,KR5152420028,CLASS000420,CF,class_return,3Y,2.89,,37,[37],detail_return_table_cross_validated,1.0,수수료미징구- 오프라인- 기관(CF) 수수료미징구- 오프라인- 기관(CF) 5.08 3.74 2.89 1.90 1.31
FUND000031,KR5152420028,CLASS000420,CF,class_return,SINCE_INCEPTION,1.31,,37,[37],detail_return_table_cross_validated,1.0,수수료미징구- 오프라인- 기관(CF) 수수료미징구- 오프라인- 기관(CF) 5.08 3.74 2.89 1.90 1.31
FUND000031,KR5152420028,CLASS000427,Cg,class_return,1Y,4.96,,37,[37],detail_return_table_cross_validated,1.0,수수료미징구- 오프라인- 무권유저비용 (Cg) 수수료미징구- 오프라인- 무권유저비용 (Cg) 4.96 3.62 2.77 1.78 1.25
FUND000031,KR5152420028,CLASS000427,Cg,class_return,5Y,1.78,,37,[37],detail_return_table_cross_validated,1.0,수수료미징구- 오프라인- 무권유저비용 (Cg) 수수료미징구- 오프라인- 무권유저비용 (Cg) 4.96 3.62 2.77 1.78 1.25
FUND000031,KR5152420028,CLASS000427,Cg,class_return,2Y,3.62,,37,[37],detail_return_table_cross_validated,1.0,수수료미징구- 오프라인- 무권유저비용 (Cg) 수수료미징구- 오프라인- 무권유저비용 (Cg) 4.96 3.62 2.77 1.78 1.25
FUND000031,KR5152420028,CLASS000427,Cg,class_return,3Y,2.77,,37,[37],detail_return_table_cross_validated,1.0,수수료미징구- 오프라인- 무권유저비용 (Cg) 수수료미징구- 오프라인- 무권유저비용 (Cg) 4.96 3.62 2.77 1.78 1.25
FUND000031,KR5152420028,CLASS000427,Cg,class_return,SINCE_INCEPTION,1.25,,37,[37],detail_return_table_cross_validated,1.0,수수료미징구- 오프라인- 무권유저비용 (Cg) 수수료미징구- 오프라인- 무권유저비용 (Cg) 4.96 3.62 2.77 1.78 1.25
FUND000031,KR5152420028,CLASS000418,CI,class_return,1Y,-,,37,[37],detail_return_table_cross_validated,1.0,수수료미징구- 오프라인- 고액(CI) 수수료미징구- 오프라인- 고액(CI) - - - - 0.03
FUND000031,KR5152420028,CLASS000418,CI,class_return,5Y,-,,37,[37],detail_return_table_cross_validated,1.0,수수료미징구- 오프라인- 고액(CI) 수수료미징구- 오프라인- 고액(CI) - - - - 0.03
FUND000031,KR5152420028,CLASS000418,CI,class_return,2Y,-,,37,[37],detail_return_table_cross_validated,1.0,수수료미징구- 오프라인- 고액(CI) 수수료미징구- 오프라인- 고액(CI) - - - - 0.03
FUND000031,KR5152420028,CLASS000418,CI,class_return,3Y,-,,37,[37],detail_return_table_cross_validated,1.0,수수료미징구- 오프라인- 고액(CI) 수수료미징구- 오프라인- 고액(CI) - - - - 0.03
FUND000031,KR5152420028,CLASS000418,CI,class_return,SINCE_INCEPTION,0.03,,37,[37],detail_return_table_cross_validated,1.0,수수료미징구- 오프라인- 고액(CI) 수수료미징구- 오프라인- 고액(CI) - - - - 0.03
FUND000031,KR5152420028,CLASS000419,CI2,class_return,1Y,5.04,,37,[37],detail_return_table_cross_validated,1.0,수수료미징구- 오프라인- 고액(CI2) 수수료미징구- 오프라인- 고액(CI2) 5.04 3.70 2.85 1.86 1.42
FUND000031,KR5152420028,CLASS000419,CI2,class_return,5Y,1.86,,37,[37],detail_return_table_cross_validated,1.0,수수료미징구- 오프라인- 고액(CI2) 수수료미징구- 오프라인- 고액(CI2) 5.04 3.70 2.85 1.86 1.42
FUND000031,KR5152420028,CLASS000419,CI2,class_return,2Y,3.70,,37,[37],detail_return_table_cross_validated,1.0,수수료미징구- 오프라인- 고액(CI2) 수수료미징구- 오프라인- 고액(CI2) 5.04 3.70 2.85 1.86 1.42
FUND000031,KR5152420028,CLASS000419,CI2,class_return,3Y,2.85,,37,[37],detail_return_table_cross_validated,1.0,수수료미징구- 오프라인- 고액(CI2) 수수료미징구- 오프라인- 고액(CI2) 5.04 3.70 2.85 1.86 1.42
FUND000031,KR5152420028,CLASS000419,CI2,class_return,SINCE_INCEPTION,1.42,,37,[37],detail_return_table_cross_validated,1.0,수수료미징구- 오프라인- 고액(CI2) 수수료미징구- 오프라인- 고액(CI2) 5.04 3.70 2.85 1.86 1.42
FUND000031,KR5152420028,CLASS000424,CP,class_return,1Y,4.96,,37,[37],detail_return_table_cross_validated,1.0,수수료미징구- 오프라인- 퇴직연금(CP) 수수료미징구- 오프라인- 퇴직연금(CP) 4.96 3.61 2.77 1.78 1.37
FUND000031,KR5152420028,CLASS000424,CP,class_return,5Y,1.78,,37,[37],detail_return_table_cross_validated,1.0,수수료미징구- 오프라인- 퇴직연금(CP) 수수료미징구- 오프라인- 퇴직연금(CP) 4.96 3.61 2.77 1.78 1.37
FUND000031,KR5152420028,CLASS000424,CP,class_return,2Y,3.61,,37,[37],detail_return_table_cross_validated,1.0,수수료미징구- 오프라인- 퇴직연금(CP) 수수료미징구- 오프라인- 퇴직연금(CP) 4.96 3.61 2.77 1.78 1.37
FUND000031,KR5152420028,CLASS000424,CP,class_return,3Y,2.77,,37,[37],detail_return_table_cross_validated,1.0,수수료미징구- 오프라인- 퇴직연금(CP) 수수료미징구- 오프라인- 퇴직연금(CP) 4.96 3.61 2.77 1.78 1.37
FUND000031,KR5152420028,CLASS000424,CP,class_return,SINCE_INCEPTION,1.37,,37,[37],detail_return_table_cross_validated,1.0,수수료미징구- 오프라인- 퇴직연금(CP) 수수료미징구- 오프라인- 퇴직연금(CP) 4.96 3.61 2.77 1.78 1.37
FUND000031,KR5152420028,,C-P,class_return,1Y,4.95,,37,[37],detail_return_table_cross_validated,1.0,수수료미징구- 오프라인- 개인연금(C-P) 수수료미징구- 오프라인- 개인연금(C-P) 4.95 3.60 2.76 1.77 1.37
FUND000031,KR5152420028,,C-P,class_return,5Y,1.77,,37,[37],detail_return_table_cross_validated,1.0,수수료미징구- 오프라인- 개인연금(C-P) 수수료미징구- 오프라인- 개인연금(C-P) 4.95 3.60 2.76 1.77 1.37
FUND000031,KR5152420028,,C-P,class_return,2Y,3.60,,37,[37],detail_return_table_cross_validated,1.0,수수료미징구- 오프라인- 개인연금(C-P) 수수료미징구- 오프라인- 개인연금(C-P) 4.95 3.60 2.76 1.77 1.37
FUND000031,KR5152420028,,C-P,class_return,3Y,2.76,,37,[37],detail_return_table_cross_validated,1.0,수수료미징구- 오프라인- 개인연금(C-P) 수수료미징구- 오프라인- 개인연금(C-P) 4.95 3.60 2.76 1.77 1.37
FUND000031,KR5152420028,,C-P,class_return,SINCE_INCEPTION,1.37,,37,[37],detail_return_table_cross_validated,1.0,수수료미징구- 오프라인- 개인연금(C-P) 수수료미징구- 오프라인- 개인연금(C-P) 4.95 3.60 2.76 1.77 1.37
FUND000031,KR5152420028,CLASS000428,CPe,class_return,1Y,5.03,,37,[37],detail_return_table_cross_validated,1.0,수수료미징구- 온라인- 퇴직연금(CPe) 수수료미징구- 온라인- 퇴직연금(CPe) 5.03 3.69 2.84 1.85 1.32
FUND000031,KR5152420028,CLASS000428,CPe,class_return,5Y,1.85,,37,[37],detail_return_table_cross_validated,1.0,수수료미징구- 온라인- 퇴직연금(CPe) 수수료미징구- 온라인- 퇴직연금(CPe) 5.03 3.69 2.84 1.85 1.32
FUND000031,KR5152420028,CLASS000428,CPe,class_return,2Y,3.69,,37,[37],detail_return_table_cross_validated,1.0,수수료미징구- 온라인- 퇴직연금(CPe) 수수료미징구- 온라인- 퇴직연금(CPe) 5.03 3.69 2.84 1.85 1.32
FUND000031,KR5152420028,CLASS000428,CPe,class_return,3Y,2.84,,37,[37],detail_return_table_cross_validated,1.0,수수료미징구- 온라인- 퇴직연금(CPe) 수수료미징구- 온라인- 퇴직연금(CPe) 5.03 3.69 2.84 1.85 1.32
FUND000031,KR5152420028,CLASS000428,CPe,class_return,SINCE_INCEPTION,1.32,,37,[37],detail_return_table_cross_validated,1.0,수수료미징구- 온라인- 퇴직연금(CPe) 수수료미징구- 온라인- 퇴직연금(CPe) 5.03 3.69 2.84 1.85 1.32
FUND000031,KR5152420028,,C-Pe,class_return,1Y,5.02,,37,[37],detail_return_table_cross_validated,1.0,수수료미징구- 온라인- 개인연금(C-Pe) 수수료미징구- 온라인- 개인연금(C-Pe) 5.02 3.68 2.83 1.84 1.31
FUND000031,KR5152420028,,C-Pe,class_return,5Y,1.84,,37,[37],detail_return_table_cross_validated,1.0,수수료미징구- 온라인- 개인연금(C-Pe) 수수료미징구- 온라인- 개인연금(C-Pe) 5.02 3.68 2.83 1.84 1.31
FUND000031,KR5152420028,,C-Pe,class_return,2Y,3.68,,37,[37],detail_return_table_cross_validated,1.0,수수료미징구- 온라인- 개인연금(C-Pe) 수수료미징구- 온라인- 개인연금(C-Pe) 5.02 3.68 2.83 1.84 1.31
FUND000031,KR5152420028,,C-Pe,class_return,3Y,2.83,,37,[37],detail_return_table_cross_validated,1.0,수수료미징구- 온라인- 개인연금(C-Pe) 수수료미징구- 온라인- 개인연금(C-Pe) 5.02 3.68 2.83 1.84 1.31
FUND000031,KR5152420028,,C-Pe,class_return,SINCE_INCEPTION,1.31,,37,[37],detail_return_table_cross_validated,1.0,수수료미징구- 온라인- 개인연금(C-Pe) 수수료미징구- 온라인- 개인연금(C-Pe) 5.02 3.68 2.83 1.84 1.31
FUND000031,KR5152420028,CLASS000423,CW,class_return,1Y,5.09,,37,[37],detail_return_table_cross_validated,1.0,수수료미징구- 오프라인-랩(CW) 수수료미징구- 오프라인-랩(CW) 5.09 3.75 2.90 1.91 1.49
FUND000031,KR5152420028,CLASS000423,CW,class_return,5Y,1.91,,37,[37],detail_return_table_cross_validated,1.0,수수료미징구- 오프라인-랩(CW) 수수료미징구- 오프라인-랩(CW) 5.09 3.75 2.90 1.91 1.49
FUND000031,KR5152420028,CLASS000423,CW,class_return,2Y,3.75,,37,[37],detail_return_table_cross_validated,1.0,수수료미징구- 오프라인-랩(CW) 수수료미징구- 오프라인-랩(CW) 5.09 3.75 2.90 1.91 1.49
FUND000031,KR5152420028,CLASS000423,CW,class_return,3Y,2.90,,37,[37],detail_return_table_cross_validated,1.0,수수료미징구- 오프라인-랩(CW) 수수료미징구- 오프라인-랩(CW) 5.09 3.75 2.90 1.91 1.49
FUND000031,KR5152420028,CLASS000423,CW,class_return,SINCE_INCEPTION,1.49,,37,[37],detail_return_table_cross_validated,1.0,수수료미징구- 오프라인-랩(CW) 수수료미징구- 오프라인-랩(CW) 5.09 3.75 2.90 1.91 1.49
FUND000031,KR5152420028,CLASS000422,CI3,class_return,1Y,-,,37,[37],detail_return_table_cross_validated,1.0,수수료미징구- 오프라인- 고액(CI3) 수수료미징구- 오프라인- 고액(CI3) - - - - -0.41
FUND000031,KR5152420028,CLASS000422,CI3,class_return,5Y,-,,37,[37],detail_return_table_cross_validated,1.0,수수료미징구- 오프라인- 고액(CI3) 수수료미징구- 오프라인- 고액(CI3) - - - - -0.41
FUND000031,KR5152420028,CLASS000422,CI3,class_return,2Y,-,,37,[37],detail_return_table_cross_validated,1.0,수수료미징구- 오프라인- 고액(CI3) 수수료미징구- 오프라인- 고액(CI3) - - - - -0.41
FUND000031,KR5152420028,CLASS000422,CI3,class_return,3Y,-,,37,[37],detail_return_table_cross_validated,1.0,수수료미징구- 오프라인- 고액(CI3) 수수료미징구- 오프라인- 고액(CI3) - - - - -0.41
FUND000031,KR5152420028,CLASS000422,CI3,class_return,SINCE_INCEPTION,-0.41,,37,[37],detail_return_table_cross_validated,1.0,수수료미징구- 오프라인- 고액(CI3) 수수료미징구- 오프라인- 고액(CI3) - - - - -0.41
FUND000007,KR515302022M,CLASS000089,A,class_return,1Y,36.53,2013-07-08,5,"[5,50]",cell_grid,1.0,오프라인(A)(%) 오프라인(A)(%) 2013-07-08 36.53 29.03 22.09 14.74 8.71
FUND000007,KR515302022M,CLASS000089,A,class_return,2Y,29.03,2013-07-08,5,"[5,50]",cell_grid,1.0,오프라인(A)(%) 오프라인(A)(%) 2013-07-08 36.53 29.03 22.09 14.74 8.71
FUND000007,KR515302022M,CLASS000089,A,class_return,3Y,22.09,2013-07-08,5,"[5,50]",cell_grid,1.0,오프라인(A)(%) 오프라인(A)(%) 2013-07-08 36.53 29.03 22.09 14.74 8.71
FUND000007,KR515302022M,CLASS000089,A,class_return,5Y,14.74,2013-07-08,5,"[5,50]",cell_grid,1.0,오프라인(A)(%) 오프라인(A)(%) 2013-07-08 36.53 29.03 22.09 14.74 8.71
FUND000007,KR515302022M,CLASS000089,A,class_return,SINCE_INCEPTION,8.71,2013-07-08,5,"[5,50]",cell_grid,1.0,오프라인(A)(%) 오프라인(A)(%) 2013-07-08 36.53 29.03 22.09 14.74 8.71
FUND000007,KR515302022M,,,benchmark,1Y,17.52,2013-07-08,5,[5],cell_grid,1.0,비교지수(%) 비교지수(%) 2013-07-08 17.52 10.71 9.16 5.99 4.53
FUND000007,KR515302022M,,,benchmark,2Y,10.71,2013-07-08,5,[5],cell_grid,1.0,비교지수(%) 비교지수(%) 2013-07-08 17.52 10.71 9.16 5.99 4.53
FUND000007,KR515302022M,,,benchmark,3Y,9.16,2013-07-08,5,[5],cell_grid,1.0,비교지수(%) 비교지수(%) 2013-07-08 17.52 10.71 9.16 5.99 4.53
FUND000007,KR515302022M,,,benchmark,5Y,5.99,2013-07-08,5,[5],cell_grid,1.0,비교지수(%) 비교지수(%) 2013-07-08 17.52 10.71 9.16 5.99 4.53
FUND000007,KR515302022M,,,benchmark,SINCE_INCEPTION,4.53,2013-07-08,5,[5],cell_grid,1.0,비교지수(%) 비교지수(%) 2013-07-08 17.52 10.71 9.16 5.99 4.53
FUND000007,KR515302022M,,,volatility,1Y,18.18,2013-07-08,6,[6],cell_grid,1.0,수익률 변동성(%) 2013-07-08 2013-07-08 18.18 15.78 15.27 15.56 17.02
FUND000007,KR515302022M,,,volatility,2Y,15.78,2013-07-08,6,[6],cell_grid,1.0,수익률 변동성(%) 2013-07-08 2013-07-08 18.18 15.78 15.27 15.56 17.02
FUND000007,KR515302022M,,,volatility,3Y,15.27,2013-07-08,6,[6],cell_grid,1.0,수익률 변동성(%) 2013-07-08 2013-07-08 18.18 15.78 15.27 15.56 17.02
FUND000007,KR515302022M,,,volatility,5Y,15.56,2013-07-08,6,[6],cell_grid,1.0,수익률 변동성(%) 2013-07-08 2013-07-08 18.18 15.78 15.27 15.56 17.02
FUND000007,KR515302022M,,,volatility,SINCE_INCEPTION,17.02,2013-07-08,6,[6],cell_grid,1.0,수익률 변동성(%) 2013-07-08 2013-07-08 18.18 15.78 15.27 15.56 17.02
FUND000007,KR515302022M,CLASS000090,Ae,class_return,1Y,36.83,,50,[50],detail_return_table_cross_validated,1.0,종류Ae(수수료선취-온라인) 종류Ae(수수료선취-온라인) 36.83 29.31 22.36 14.99 8.74
FUND000007,KR515302022M,CLASS000090,Ae,class_return,2Y,29.31,,50,[50],detail_return_table_cross_validated,1.0,종류Ae(수수료선취-온라인) 종류Ae(수수료선취-온라인) 36.83 29.31 22.36 14.99 8.74
FUND000007,KR515302022M,CLASS000090,Ae,class_return,3Y,22.36,,50,[50],detail_return_table_cross_validated,1.0,종류Ae(수수료선취-온라인) 종류Ae(수수료선취-온라인) 36.83 29.31 22.36 14.99 8.74
FUND000007,KR515302022M,CLASS000090,Ae,class_return,5Y,14.99,,50,[50],detail_return_table_cross_validated,1.0,종류Ae(수수료선취-온라인) 종류Ae(수수료선취-온라인) 36.83 29.31 22.36 14.99 8.74
FUND000007,KR515302022M,CLASS000090,Ae,class_return,SINCE_INCEPTION,8.74,,50,[50],detail_return_table_cross_validated,1.0,종류Ae(수수료선취-온라인) 종류Ae(수수료선취-온라인) 36.83 29.31 22.36 14.99 8.74
FUND000007,KR515302022M,CLASS000091,C1,class_return,1Y,35.52,,50,[50],detail_return_table_cross_validated,1.0,종류C1(수수료미징구-오프라인-보수체감) 종류C1(수수료미징구-오프라인-보수체감) 35.52 28.13 21.30 13.95 7.90
FUND000007,KR515302022M,CLASS000091,C1,class_return,2Y,28.13,,50,[50],detail_return_table_cross_validated,1.0,종류C1(수수료미징구-오프라인-보수체감) 종류C1(수수료미징구-오프라인-보수체감) 35.52 28.13 21.30 13.95 7.90
FUND000007,KR515302022M,CLASS000091,C1,class_return,3Y,21.30,,50,[50],detail_return_table_cross_validated,1.0,종류C1(수수료미징구-오프라인-보수체감) 종류C1(수수료미징구-오프라인-보수체감) 35.52 28.13 21.30 13.95 7.90
FUND000007,KR515302022M,CLASS000091,C1,class_return,5Y,13.95,,50,[50],detail_return_table_cross_validated,1.0,종류C1(수수료미징구-오프라인-보수체감) 종류C1(수수료미징구-오프라인-보수체감) 35.52 28.13 21.30 13.95 7.90
FUND000007,KR515302022M,CLASS000091,C1,class_return,SINCE_INCEPTION,7.90,,50,[50],detail_return_table_cross_validated,1.0,종류C1(수수료미징구-오프라인-보수체감) 종류C1(수수료미징구-오프라인-보수체감) 35.52 28.13 21.30 13.95 7.90
FUND000007,KR515302022M,CLASS000092,C2,class_return,1Y,35.71,,50,[50],detail_return_table_cross_validated,1.0,종류C2(수수료미징구-오프라인-보수체감) 종류C2(수수료미징구-오프라인-보수체감) 35.71 28.32 21.38 14.04 7.10
FUND000007,KR515302022M,CLASS000092,C2,class_return,2Y,28.32,,50,[50],detail_return_table_cross_validated,1.0,종류C2(수수료미징구-오프라인-보수체감) 종류C2(수수료미징구-오프라인-보수체감) 35.71 28.32 21.38 14.04 7.10
FUND000007,KR515302022M,CLASS000092,C2,class_return,3Y,21.38,,50,[50],detail_return_table_cross_validated,1.0,종류C2(수수료미징구-오프라인-보수체감) 종류C2(수수료미징구-오프라인-보수체감) 35.71 28.32 21.38 14.04 7.10
FUND000007,KR515302022M,CLASS000092,C2,class_return,5Y,14.04,,50,[50],detail_return_table_cross_validated,1.0,종류C2(수수료미징구-오프라인-보수체감) 종류C2(수수료미징구-오프라인-보수체감) 35.71 28.32 21.38 14.04 7.10
FUND000007,KR515302022M,CLASS000092,C2,class_return,SINCE_INCEPTION,7.10,,50,[50],detail_return_table_cross_validated,1.0,종류C2(수수료미징구-오프라인-보수체감) 종류C2(수수료미징구-오프라인-보수체감) 35.71 28.32 21.38 14.04 7.10
FUND000007,KR515302022M,CLASS000093,C3,class_return,1Y,35.93,,50,[50],detail_return_table_cross_validated,1.0,종류C3(수수료미징구-오프라인-보수체감) 종류C3(수수료미징구-오프라인-보수체감) 35.93 28.47 21.56 14.24 6.27
FUND000007,KR515302022M,CLASS000093,C3,class_return,2Y,28.47,,50,[50],detail_return_table_cross_validated,1.0,종류C3(수수료미징구-오프라인-보수체감) 종류C3(수수료미징구-오프라인-보수체감) 35.93 28.47 21.56 14.24 6.27
FUND000007,KR515302022M,CLASS000093,C3,class_return,3Y,21.56,,50,[50],detail_return_table_cross_validated,1.0,종류C3(수수료미징구-오프라인-보수체감) 종류C3(수수료미징구-오프라인-보수체감) 35.93 28.47 21.56 14.24 6.27
FUND000007,KR515302022M,CLASS000093,C3,class_return,5Y,14.24,,50,[50],detail_return_table_cross_validated,1.0,종류C3(수수료미징구-오프라인-보수체감) 종류C3(수수료미징구-오프라인-보수체감) 35.93 28.47 21.56 14.24 6.27
FUND000007,KR515302022M,CLASS000093,C3,class_return,SINCE_INCEPTION,6.27,,50,[50],detail_return_table_cross_validated,1.0,종류C3(수수료미징구-오프라인-보수체감) 종류C3(수수료미징구-오프라인-보수체감) 35.93 28.47 21.56 14.24 6.27
FUND000007,KR515302022M,CLASS000094,C4,class_return,1Y,36.06,,50,[50],detail_return_table_cross_validated,1.0,종류C4(수수료미징구-오프라인-보수체감) 종류C4(수수료미징구-오프라인-보수체감) 36.06 28.59 21.67 14.34 10.78
FUND000007,KR515302022M,CLASS000094,C4,class_return,2Y,28.59,,50,[50],detail_return_table_cross_validated,1.0,종류C4(수수료미징구-오프라인-보수체감) 종류C4(수수료미징구-오프라인-보수체감) 36.06 28.59 21.67 14.34 10.78
FUND000007,KR515302022M,CLASS000094,C4,class_return,3Y,21.67,,50,[50],detail_return_table_cross_validated,1.0,종류C4(수수료미징구-오프라인-보수체감) 종류C4(수수료미징구-오프라인-보수체감) 36.06 28.59 21.67 14.34 10.78
FUND000007,KR515302022M,CLASS000094,C4,class_return,5Y,14.34,,50,[50],detail_return_table_cross_validated,1.0,종류C4(수수료미징구-오프라인-보수체감) 종류C4(수수료미징구-오프라인-보수체감) 36.06 28.59 21.67 14.34 10.78
FUND000007,KR515302022M,CLASS000094,C4,class_return,SINCE_INCEPTION,10.78,,50,[50],detail_return_table_cross_validated,1.0,종류C4(수수료미징구-오프라인-보수체감) 종류C4(수수료미징구-오프라인-보수체감) 36.06 28.59 21.67 14.34 10.78
FUND000007,KR515302022M,CLASS000095,Ce,class_return,1Y,36.46,,50,[50],detail_return_table_cross_validated,1.0,종류Ce(수수료미징구-온라인) 종류Ce(수수료미징구-온라인) 36.46 28.96 22.03 14.68 8.63
FUND000007,KR515302022M,CLASS000095,Ce,class_return,2Y,28.96,,50,[50],detail_return_table_cross_validated,1.0,종류Ce(수수료미징구-온라인) 종류Ce(수수료미징구-온라인) 36.46 28.96 22.03 14.68 8.63
FUND000007,KR515302022M,CLASS000095,Ce,class_return,3Y,22.03,,50,[50],detail_return_table_cross_validated,1.0,종류Ce(수수료미징구-온라인) 종류Ce(수수료미징구-온라인) 36.46 28.96 22.03 14.68 8.63
FUND000007,KR515302022M,CLASS000095,Ce,class_return,5Y,14.68,,50,[50],detail_return_table_cross_validated,1.0,종류Ce(수수료미징구-온라인) 종류Ce(수수료미징구-온라인) 36.46 28.96 22.03 14.68 8.63
FUND000007,KR515302022M,CLASS000095,Ce,class_return,SINCE_INCEPTION,8.63,,50,[50],detail_return_table_cross_validated,1.0,종류Ce(수수료미징구-온라인) 종류Ce(수수료미징구-온라인) 36.46 28.96 22.03 14.68 8.63
FUND000007,KR515302022M,CLASS000096,CI,class_return,1Y,37.07,,50,[50],detail_return_table_cross_validated,1.0,종류CI(수수료미징구-오프라인-고액) 종류CI(수수료미징구-오프라인-고액) 37.07 21.46 13.85 8.09 3.32
FUND000007,KR515302022M,CLASS000096,CI,class_return,2Y,21.46,,50,[50],detail_return_table_cross_validated,1.0,종류CI(수수료미징구-오프라인-고액) 종류CI(수수료미징구-오프라인-고액) 37.07 21.46 13.85 8.09 3.32
FUND000007,KR515302022M,CLASS000096,CI,class_return,3Y,13.85,,50,[50],detail_return_table_cross_validated,1.0,종류CI(수수료미징구-오프라인-고액) 종류CI(수수료미징구-오프라인-고액) 37.07 21.46 13.85 8.09 3.32
FUND000007,KR515302022M,CLASS000096,CI,class_return,5Y,8.09,,50,[50],detail_return_table_cross_validated,1.0,종류CI(수수료미징구-오프라인-고액) 종류CI(수수료미징구-오프라인-고액) 37.07 21.46 13.85 8.09 3.32
FUND000007,KR515302022M,CLASS000096,CI,class_return,SINCE_INCEPTION,3.32,,50,[50],detail_return_table_cross_validated,1.0,종류CI(수수료미징구-오프라인-고액) 종류CI(수수료미징구-오프라인-고액) 37.07 21.46 13.85 8.09 3.32
FUND000007,KR515302022M,CLASS000099,S,class_return,1Y,36.90,,50,[50],detail_return_table_cross_validated,1.0,종류S(수수료후취-온라인슈퍼) 종류S(수수료후취-온라인슈퍼) 36.90 29.37 22.42 15.05 8.83
FUND000007,KR515302022M,CLASS000099,S,class_return,2Y,29.37,,50,[50],detail_return_table_cross_validated,1.0,종류S(수수료후취-온라인슈퍼) 종류S(수수료후취-온라인슈퍼) 36.90 29.37 22.42 15.05 8.83
FUND000007,KR515302022M,CLASS000099,S,class_return,3Y,22.42,,50,[50],detail_return_table_cross_validated,1.0,종류S(수수료후취-온라인슈퍼) 종류S(수수료후취-온라인슈퍼) 36.90 29.37 22.42 15.05 8.83
FUND000007,KR515302022M,CLASS000099,S,class_return,5Y,15.05,,50,[50],detail_return_table_cross_validated,1.0,종류S(수수료후취-온라인슈퍼) 종류S(수수료후취-온라인슈퍼) 36.90 29.37 22.42 15.05 8.83
FUND000007,KR515302022M,CLASS000099,S,class_return,SINCE_INCEPTION,8.83,,50,[50],detail_return_table_cross_validated,1.0,종류S(수수료후취-온라인슈퍼) 종류S(수수료후취-온라인슈퍼) 36.90 29.37 22.42 15.05 8.83
FUND000007,KR515302022M,CLASS000097,CF,class_return,1Y,37.03,,50,[50],detail_return_table_cross_validated,1.0,종류CF(수수료미징구-오프라인-펀드 등) 종류CF(수수료미징구-오프라인-펀드 등) 37.03 -2.03 1.75 3.02 2.96
FUND000007,KR515302022M,CLASS000097,CF,class_return,2Y,-2.03,,50,[50],detail_return_table_cross_validated,1.0,종류CF(수수료미징구-오프라인-펀드 등) 종류CF(수수료미징구-오프라인-펀드 등) 37.03 -2.03 1.75 3.02 2.96
FUND000007,KR515302022M,CLASS000097,CF,class_return,3Y,1.75,,50,[50],detail_return_table_cross_validated,1.0,종류CF(수수료미징구-오프라인-펀드 등) 종류CF(수수료미징구-오프라인-펀드 등) 37.03 -2.03 1.75 3.02 2.96
FUND000007,KR515302022M,CLASS000097,CF,class_return,5Y,3.02,,50,[50],detail_return_table_cross_validated,1.0,종류CF(수수료미징구-오프라인-펀드 등) 종류CF(수수료미징구-오프라인-펀드 등) 37.03 -2.03 1.75 3.02 2.96
FUND000007,KR515302022M,CLASS000097,CF,class_return,SINCE_INCEPTION,2.96,,50,[50],detail_return_table_cross_validated,1.0,종류CF(수수료미징구-오프라인-펀드 등) 종류CF(수수료미징구-오프라인-펀드 등) 37.03 -2.03 1.75 3.02 2.96
FUND000007,KR515302022M,CLASS000098,CW,class_return,1Y,37.14,,50,[50],detail_return_table_cross_validated,1.0,종류CW(수수료미징구-오프라인-랩) 종류CW(수수료미징구-오프라인-랩) 37.14 29.59 22.63 15.25 9.11
FUND000007,KR515302022M,CLASS000098,CW,class_return,2Y,29.59,,50,[50],detail_return_table_cross_validated,1.0,종류CW(수수료미징구-오프라인-랩) 종류CW(수수료미징구-오프라인-랩) 37.14 29.59 22.63 15.25 9.11
FUND000007,KR515302022M,CLASS000098,CW,class_return,3Y,22.63,,50,[50],detail_return_table_cross_validated,1.0,종류CW(수수료미징구-오프라인-랩) 종류CW(수수료미징구-오프라인-랩) 37.14 29.59 22.63 15.25 9.11
FUND000007,KR515302022M,CLASS000098,CW,class_return,5Y,15.25,,50,[50],detail_return_table_cross_validated,1.0,종류CW(수수료미징구-오프라인-랩) 종류CW(수수료미징구-오프라인-랩) 37.14 29.59 22.63 15.25 9.11
FUND000007,KR515302022M,CLASS000098,CW,class_return,SINCE_INCEPTION,9.11,,50,[50],detail_return_table_cross_validated,1.0,종류CW(수수료미징구-오프라인-랩) 종류CW(수수료미징구-오프라인-랩) 37.14 29.59 22.63 15.25 9.11
FUND000007,KR515302022M,CLASS000100,C-P,class_return,1Y,36.20,,50,[50],detail_return_table_cross_validated,1.0,종류C-P(수수료미징구-오프라인-개인연금) 종류C-P(수수료미징구-오프라인-개인연금) 36.20 28.72 21.79 14.46 7.28
FUND000007,KR515302022M,CLASS000100,C-P,class_return,2Y,28.72,,50,[50],detail_return_table_cross_validated,1.0,종류C-P(수수료미징구-오프라인-개인연금) 종류C-P(수수료미징구-오프라인-개인연금) 36.20 28.72 21.79 14.46 7.28
FUND000007,KR515302022M,CLASS000100,C-P,class_return,3Y,21.79,,50,[50],detail_return_table_cross_validated,1.0,종류C-P(수수료미징구-오프라인-개인연금) 종류C-P(수수료미징구-오프라인-개인연금) 36.20 28.72 21.79 14.46 7.28
FUND000007,KR515302022M,CLASS000100,C-P,class_return,5Y,14.46,,50,[50],detail_return_table_cross_validated,1.0,종류C-P(수수료미징구-오프라인-개인연금) 종류C-P(수수료미징구-오프라인-개인연금) 36.20 28.72 21.79 14.46 7.28
FUND000007,KR515302022M,CLASS000100,C-P,class_return,SINCE_INCEPTION,7.28,,50,[50],detail_return_table_cross_validated,1.0,종류C-P(수수료미징구-오프라인-개인연금) 종류C-P(수수료미징구-오프라인-개인연금) 36.20 28.72 21.79 14.46 7.28
FUND000007,KR515302022M,CLASS000101,C-P2,class_return,1Y,36.34,,50,[50],detail_return_table_cross_validated,1.0,종류C-P2(수수료미징구-오프라인-퇴직연금) 종류C-P2(수수료미징구-오프라인-퇴직연금) 36.34 28.86 21.93 15.80
FUND000007,KR515302022M,CLASS000101,C-P2,class_return,2Y,28.86,,50,[50],detail_return_table_cross_validated,1.0,종류C-P2(수수료미징구-오프라인-퇴직연금) 종류C-P2(수수료미징구-오프라인-퇴직연금) 36.34 28.86 21.93 15.80
FUND000007,KR515302022M,CLASS000101,C-P2,class_return,3Y,21.93,,50,[50],detail_return_table_cross_validated,1.0,종류C-P2(수수료미징구-오프라인-퇴직연금) 종류C-P2(수수료미징구-오프라인-퇴직연금) 36.34 28.86 21.93 15.80
FUND000007,KR515302022M,CLASS000101,C-P2,class_return,SINCE_INCEPTION,15.80,,50,[50],detail_return_table_cross_validated,1.0,종류C-P2(수수료미징구-오프라인-퇴직연금) 종류C-P2(수수료미징구-오프라인-퇴직연금) 36.34 28.86 21.93 15.80
FUND000007,KR515302022M,CLASS000102,S-P,class_return,1Y,36.91,,51,[51],detail_return_table_cross_validated,1.0,종류S-P(수수료미징구-온라인슈퍼-개인연 금) 종류S-P(수수료미징구-온라인슈퍼-개인연 금) 36.91 29.38 22.43 15.06 8.05
FUND000007,KR515302022M,CLASS000102,S-P,class_return,2Y,29.38,,51,[51],detail_return_table_cross_validated,1.0,종류S-P(수수료미징구-온라인슈퍼-개인연 금) 종류S-P(수수료미징구-온라인슈퍼-개인연 금) 36.91 29.38 22.43 15.06 8.05
FUND000007,KR515302022M,CLASS000102,S-P,class_return,3Y,22.43,,51,[51],detail_return_table_cross_validated,1.0,종류S-P(수수료미징구-온라인슈퍼-개인연 금) 종류S-P(수수료미징구-온라인슈퍼-개인연 금) 36.91 29.38 22.43 15.06 8.05
FUND000007,KR515302022M,CLASS000102,S-P,class_return,5Y,15.06,,51,[51],detail_return_table_cross_validated,1.0,종류S-P(수수료미징구-온라인슈퍼-개인연 금) 종류S-P(수수료미징구-온라인슈퍼-개인연 금) 36.91 29.38 22.43 15.06 8.05
FUND000007,KR515302022M,CLASS000102,S-P,class_return,SINCE_INCEPTION,8.05,,51,[51],detail_return_table_cross_validated,1.0,종류S-P(수수료미징구-온라인슈퍼-개인연 금) 종류S-P(수수료미징구-온라인슈퍼-개인연 금) 36.91 29.38 22.43 15.06 8.05
FUND000007,KR515302022M,CLASS000105,C-Pe,class_return,1Y,36.67,,51,[51],detail_return_table_cross_validated,1.0,종류C-Pe(수수료미징구-온라인-개인연금) 종류C-Pe(수수료미징구-온라인-개인연금) 36.67 29.15 22.21 14.85 6.20
FUND000007,KR515302022M,CLASS000105,C-Pe,class_return,2Y,29.15,,51,[51],detail_return_table_cross_validated,1.0,종류C-Pe(수수료미징구-온라인-개인연금) 종류C-Pe(수수료미징구-온라인-개인연금) 36.67 29.15 22.21 14.85 6.20
FUND000007,KR515302022M,CLASS000105,C-Pe,class_return,3Y,22.21,,51,[51],detail_return_table_cross_validated,1.0,종류C-Pe(수수료미징구-온라인-개인연금) 종류C-Pe(수수료미징구-온라인-개인연금) 36.67 29.15 22.21 14.85 6.20
FUND000007,KR515302022M,CLASS000105,C-Pe,class_return,5Y,14.85,,51,[51],detail_return_table_cross_validated,1.0,종류C-Pe(수수료미징구-온라인-개인연금) 종류C-Pe(수수료미징구-온라인-개인연금) 36.67 29.15 22.21 14.85 6.20
FUND000007,KR515302022M,CLASS000105,C-Pe,class_return,SINCE_INCEPTION,6.20,,51,[51],detail_return_table_cross_validated,1.0,종류C-Pe(수수료미징구-온라인-개인연금) 종류C-Pe(수수료미징구-온라인-개인연금) 36.67 29.15 22.21 14.85 6.20
FUND000007,KR515302022M,CLASS000106,AG,class_return,SINCE_INCEPTION,14.36,,51,[51],detail_return_table_cross_validated,1.0,종류AG(수수료선취-오프라인-무권유저비용) 14.36
FUND000007,KR515302022M,CLASS000108,A1,class_return,SINCE_INCEPTION,25.96,,51,[51],detail_return_table_cross_validated,1.0,종류A1(수수료선취-오프라인) 25.96
FUND000057,KR5153420022,CLASS000738,C,class_return,1Y,-1.50,2005-10-28,3,[3],cell_grid,1.0,수수료미징구-오프라인-개인 2005.10.28 연금(C) 수수료미징구-오프라인-개인 연금(C) 2005.10.28 -1.50 1.76 2.73 1.49 0.47
FUND000057,KR5153420022,CLASS000738,C,class_return,2Y,1.76,2005-10-28,3,[3],cell_grid,1.0,수수료미징구-오프라인-개인 2005.10.28 연금(C) 수수료미징구-오프라인-개인 연금(C) 2005.10.28 -1.50 1.76 2.73 1.49 0.47
FUND000057,KR5153420022,CLASS000738,C,class_return,3Y,2.73,2005-10-28,3,[3],cell_grid,1.0,수수료미징구-오프라인-개인 2005.10.28 연금(C) 수수료미징구-오프라인-개인 연금(C) 2005.10.28 -1.50 1.76 2.73 1.49 0.47
FUND000057,KR5153420022,CLASS000738,C,class_return,5Y,1.49,2005-10-28,3,[3],cell_grid,1.0,수수료미징구-오프라인-개인 2005.10.28 연금(C) 수수료미징구-오프라인-개인 연금(C) 2005.10.28 -1.50 1.76 2.73 1.49 0.47
FUND000057,KR5153420022,CLASS000738,C,class_return,SINCE_INCEPTION,0.47,2005-10-28,3,[3],cell_grid,1.0,수수료미징구-오프라인-개인 2005.10.28 연금(C) 수수료미징구-오프라인-개인 연금(C) 2005.10.28 -1.50 1.76 2.73 1.49 0.47
FUND000057,KR5153420022,CLASS000739,C-e,class_return,1Y,-1.32,2017-09-11,3,[3],cell_grid,1.0,수수료미징구-온라인-개인연 2017.09.11 금(C-e) 수수료미징구-온라인-개인연 금(C-e) 2017.09.11 -1.32 1.94 2.92 - 2.19
FUND000057,KR5153420022,CLASS000739,C-e,class_return,2Y,1.94,2017-09-11,3,[3],cell_grid,1.0,수수료미징구-온라인-개인연 2017.09.11 금(C-e) 수수료미징구-온라인-개인연 금(C-e) 2017.09.11 -1.32 1.94 2.92 - 2.19
FUND000057,KR5153420022,CLASS000739,C-e,class_return,3Y,2.92,2017-09-11,3,[3],cell_grid,1.0,수수료미징구-온라인-개인연 2017.09.11 금(C-e) 수수료미징구-온라인-개인연 금(C-e) 2017.09.11 -1.32 1.94 2.92 - 2.19
FUND000057,KR5153420022,CLASS000739,C-e,class_return,5Y,-,2017-09-11,3,[3],cell_grid,1.0,수수료미징구-온라인-개인연 2017.09.11 금(C-e) 수수료미징구-온라인-개인연 금(C-e) 2017.09.11 -1.32 1.94 2.92 - 2.19
FUND000057,KR5153420022,CLASS000739,C-e,class_return,SINCE_INCEPTION,2.19,2017-09-11,3,[3],cell_grid,1.0,수수료미징구-온라인-개인연 2017.09.11 금(C-e) 수수료미징구-온라인-개인연 금(C-e) 2017.09.11 -1.32 1.94 2.92 - 2.19
FUND000057,KR5153420022,,,fund,1Y,-0.96,2005-10-28,3,[3],cell_grid,1.0,투자실적 투자신탁 추이 투자실적 추이 투자신탁 -0.96 2.31 3.29 1.89 3.98
FUND000057,KR5153420022,,,fund,2Y,2.31,2005-10-28,3,[3],cell_grid,1.0,투자실적 투자신탁 추이 투자실적 추이 투자신탁 -0.96 2.31 3.29 1.89 3.98
FUND000057,KR5153420022,,,fund,3Y,3.29,2005-10-28,3,[3],cell_grid,1.0,투자실적 투자신탁 추이 투자실적 추이 투자신탁 -0.96 2.31 3.29 1.89 3.98
FUND000057,KR5153420022,,,fund,5Y,1.89,2005-10-28,3,[3],cell_grid,1.0,투자실적 투자신탁 추이 투자실적 추이 투자신탁 -0.96 2.31 3.29 1.89 3.98
FUND000057,KR5153420022,,,fund,SINCE_INCEPTION,3.98,2005-10-28,3,[3],cell_grid,1.0,투자실적 투자신탁 추이 투자실적 추이 투자신탁 -0.96 2.31 3.29 1.89 3.98
FUND000057,KR5153420022,,,benchmark,1Y,-1.11,2005-10-28,3,[3],cell_grid,1.0,"(연평균 2005.10.28 비교지수 수익률, (연평균 수익률, 비교지수 -1.11 2.12 3.29 2.06 6.03"
FUND000057,KR5153420022,,,benchmark,2Y,2.12,2005-10-28,3,[3],cell_grid,1.0,"(연평균 2005.10.28 비교지수 수익률, (연평균 수익률, 비교지수 -1.11 2.12 3.29 2.06 6.03"
FUND000057,KR5153420022,,,benchmark,3Y,3.29,2005-10-28,3,[3],cell_grid,1.0,"(연평균 2005.10.28 비교지수 수익률, (연평균 수익률, 비교지수 -1.11 2.12 3.29 2.06 6.03"
FUND000057,KR5153420022,,,benchmark,5Y,2.06,2005-10-28,3,[3],cell_grid,1.0,"(연평균 2005.10.28 비교지수 수익률, (연평균 수익률, 비교지수 -1.11 2.12 3.29 2.06 6.03"
FUND000057,KR5153420022,,,benchmark,SINCE_INCEPTION,6.03,2005-10-28,3,[3],cell_grid,1.0,"(연평균 2005.10.28 비교지수 수익률, (연평균 수익률, 비교지수 -1.11 2.12 3.29 2.06 6.03"
FUND000057,KR5153420022,,,volatility,1Y,2.75,2005-10-28,3,[3],cell_grid,1.0,단위: %) 수익률 변동성 단위: %) 수익률 변동성 2.75 2.80 2.44 2.23 2.11
FUND000057,KR5153420022,,,volatility,2Y,2.80,2005-10-28,3,[3],cell_grid,1.0,단위: %) 수익률 변동성 단위: %) 수익률 변동성 2.75 2.80 2.44 2.23 2.11
FUND000057,KR5153420022,,,volatility,3Y,2.44,2005-10-28,3,[3],cell_grid,1.0,단위: %) 수익률 변동성 단위: %) 수익률 변동성 2.75 2.80 2.44 2.23 2.11
FUND000057,KR5153420022,,,volatility,5Y,2.23,2005-10-28,3,[3],cell_grid,1.0,단위: %) 수익률 변동성 단위: %) 수익률 변동성 2.75 2.80 2.44 2.23 2.11
FUND000057,KR5153420022,,,volatility,SINCE_INCEPTION,2.11,2005-10-28,3,[3],cell_grid,1.0,단위: %) 수익률 변동성 단위: %) 수익률 변동성 2.75 2.80 2.44 2.23 2.11
FUND000058,KR5153420063,,,benchmark,1Y,4.20,2003-12-30,4,[4],coordinate_reconstruction,1.0,비교지수 2003.12.30 4.20 4.07 3.21 2.26 3.19
FUND000058,KR5153420063,,,benchmark,2Y,4.07,2003-12-30,4,[4],coordinate_reconstruction,1.0,비교지수 2003.12.30 4.20 4.07 3.21 2.26 3.19
FUND000058,KR5153420063,,,benchmark,3Y,3.21,2003-12-30,4,[4],coordinate_reconstruction,1.0,비교지수 2003.12.30 4.20 4.07 3.21 2.26 3.19
FUND000058,KR5153420063,,,benchmark,5Y,2.26,2003-12-30,4,[4],coordinate_reconstruction,1.0,비교지수 2003.12.30 4.20 4.07 3.21 2.26 3.19
FUND000058,KR5153420063,,,benchmark,SINCE_INCEPTION,3.19,2003-12-30,4,[4],coordinate_reconstruction,1.0,비교지수 2003.12.30 4.20 4.07 3.21 2.26 3.19
FUND000058,KR5153420063,,,volatility,1Y,0.53,2003-12-30,4,[4],coordinate_reconstruction,1.0,수익률 변동성 0.53 0.76 1.16 0.97 0.91
FUND000058,KR5153420063,,,volatility,2Y,0.76,2003-12-30,4,[4],coordinate_reconstruction,1.0,수익률 변동성 0.53 0.76 1.16 0.97 0.91
FUND000058,KR5153420063,,,volatility,3Y,1.16,2003-12-30,4,[4],coordinate_reconstruction,1.0,수익률 변동성 0.53 0.76 1.16 0.97 0.91
FUND000058,KR5153420063,,,volatility,5Y,0.97,2003-12-30,4,[4],coordinate_reconstruction,1.0,수익률 변동성 0.53 0.76 1.16 0.97 0.91
FUND000058,KR5153420063,,,volatility,SINCE_INCEPTION,0.91,2003-12-30,4,[4],coordinate_reconstruction,1.0,수익률 변동성 0.53 0.76 1.16 0.97 0.91
FUND000058,KR5153420063,CLASS000740,A,class_return,1Y,3.69,2003-12-30,40,[40],coordinate_reconstruction,1.0,3.69 3.71 2.91 1.89 2.90
FUND000058,KR5153420063,CLASS000740,A,class_return,2Y,3.71,2003-12-30,40,[40],coordinate_reconstruction,1.0,3.69 3.71 2.91 1.89 2.90
FUND000058,KR5153420063,CLASS000740,A,class_return,3Y,2.91,2003-12-30,40,[40],coordinate_reconstruction,1.0,3.69 3.71 2.91 1.89 2.90
FUND000058,KR5153420063,CLASS000740,A,class_return,5Y,1.89,2003-12-30,40,[40],coordinate_reconstruction,1.0,3.69 3.71 2.91 1.89 2.90
FUND000058,KR5153420063,CLASS000740,A,class_return,SINCE_INCEPTION,2.90,2003-12-30,40,[40],coordinate_reconstruction,1.0,3.69 3.71 2.91 1.89 2.90
FUND000058,KR5153420063,CLASS000741,C-F,class_return,1Y,4.15,2013-07-08,41,[41],coordinate_reconstruction,1.0,4.15 4.17 3.38 2.35 2.33
FUND000058,KR5153420063,CLASS000741,C-F,class_return,2Y,4.17,2013-07-08,41,[41],coordinate_reconstruction,1.0,4.15 4.17 3.38 2.35 2.33
FUND000058,KR5153420063,CLASS000741,C-F,class_return,3Y,3.38,2013-07-08,41,[41],coordinate_reconstruction,1.0,4.15 4.17 3.38 2.35 2.33
FUND000058,KR5153420063,CLASS000741,C-F,class_return,5Y,2.35,2013-07-08,41,[41],coordinate_reconstruction,1.0,4.15 4.17 3.38 2.35 2.33
FUND000058,KR5153420063,CLASS000741,C-F,class_return,SINCE_INCEPTION,2.33,2013-07-08,41,[41],coordinate_reconstruction,1.0,4.15 4.17 3.38 2.35 2.33
FUND000058,KR5153420063,CLASS000742,C-P,class_return,1Y,3.87,2018-06-08,41,[41],coordinate_reconstruction,1.0,3.87 3.89 3.10 2.07 2.07
FUND000058,KR5153420063,CLASS000742,C-P,class_return,2Y,3.89,2018-06-08,41,[41],coordinate_reconstruction,1.0,3.87 3.89 3.10 2.07 2.07
FUND000058,KR5153420063,CLASS000742,C-P,class_return,3Y,3.10,2018-06-08,41,[41],coordinate_reconstruction,1.0,3.87 3.89 3.10 2.07 2.07
FUND000058,KR5153420063,CLASS000742,C-P,class_return,5Y,2.07,2018-06-08,41,[41],coordinate_reconstruction,1.0,3.87 3.89 3.10 2.07 2.07
FUND000058,KR5153420063,CLASS000742,C-P,class_return,SINCE_INCEPTION,2.07,2018-06-08,41,[41],coordinate_reconstruction,1.0,3.87 3.89 3.10 2.07 2.07
FUND000058,KR5153420063,CLASS000743,C-Pe,class_return,1Y,4.02,2018-06-22,41,[41],coordinate_reconstruction,1.0,4.02 4.04 3.24 2.21 2.22
FUND000058,KR5153420063,CLASS000743,C-Pe,class_return,2Y,4.04,2018-06-22,41,[41],coordinate_reconstruction,1.0,4.02 4.04 3.24 2.21 2.22
FUND000058,KR5153420063,CLASS000743,C-Pe,class_return,3Y,3.24,2018-06-22,41,[41],coordinate_reconstruction,1.0,4.02 4.04 3.24 2.21 2.22
FUND000058,KR5153420063,CLASS000743,C-Pe,class_return,5Y,2.21,2018-06-22,41,[41],coordinate_reconstruction,1.0,4.02 4.04 3.24 2.21 2.22
FUND000058,KR5153420063,CLASS000743,C-Pe,class_return,SINCE_INCEPTION,2.22,2018-06-22,41,[41],coordinate_reconstruction,1.0,4.02 4.04 3.24 2.21 2.22
FUND000058,KR5153420063,CLASS000744,C-P2,class_return,1Y,3.88,2017-10-24,41,[41],coordinate_reconstruction,1.0,3.88 3.90 3.11 2.08 2.05
FUND000058,KR5153420063,CLASS000744,C-P2,class_return,2Y,3.90,2017-10-24,41,[41],coordinate_reconstruction,1.0,3.88 3.90 3.11 2.08 2.05
FUND000058,KR5153420063,CLASS000744,C-P2,class_return,3Y,3.11,2017-10-24,41,[41],coordinate_reconstruction,1.0,3.88 3.90 3.11 2.08 2.05
FUND000058,KR5153420063,CLASS000744,C-P2,class_return,5Y,2.08,2017-10-24,41,[41],coordinate_reconstruction,1.0,3.88 3.90 3.11 2.08 2.05
FUND000058,KR5153420063,CLASS000744,C-P2,class_return,SINCE_INCEPTION,2.05,2017-10-24,41,[41],coordinate_reconstruction,1.0,3.88 3.90 3.11 2.08 2.05
FUND000058,KR5153420063,CLASS000745,C-P2e,class_return,1Y,4.03,2018-08-21,41,[41],coordinate_reconstruction,1.0,4.03 4.05 3.25 2.22 2.20
FUND000058,KR5153420063,CLASS000745,C-P2e,class_return,2Y,4.05,2018-08-21,41,[41],coordinate_reconstruction,1.0,4.03 4.05 3.25 2.22 2.20
FUND000058,KR5153420063,CLASS000745,C-P2e,class_return,3Y,3.25,2018-08-21,41,[41],coordinate_reconstruction,1.0,4.03 4.05 3.25 2.22 2.20
FUND000058,KR5153420063,CLASS000745,C-P2e,class_return,5Y,2.22,2018-08-21,41,[41],coordinate_reconstruction,1.0,4.03 4.05 3.25 2.22 2.20
FUND000058,KR5153420063,CLASS000745,C-P2e,class_return,SINCE_INCEPTION,2.20,2018-08-21,41,[41],coordinate_reconstruction,1.0,4.03 4.05 3.25 2.22 2.20
FUND000058,KR5153420063,CLASS000746,I,class_return,1Y,-,2006-09-12,41,[41],coordinate_reconstruction,1.0,- - - - -
FUND000058,KR5153420063,CLASS000746,I,class_return,2Y,-,2006-09-12,41,[41],coordinate_reconstruction,1.0,- - - - -
FUND000058,KR5153420063,CLASS000746,I,class_return,3Y,-,2006-09-12,41,[41],coordinate_reconstruction,1.0,- - - - -
FUND000058,KR5153420063,CLASS000746,I,class_return,5Y,-,2006-09-12,41,[41],coordinate_reconstruction,1.0,- - - - -
FUND000058,KR5153420063,CLASS000746,I,class_return,SINCE_INCEPTION,-,2006-09-12,41,[41],coordinate_reconstruction,1.0,- - - - -
FUND000058,KR5153420063,,,fund,1Y,4.36,,41,[41],coordinate_reconstruction,1.0,투자신탁 4.36 4.38 3.58 2.55 3.49
FUND000058,KR5153420063,,,fund,2Y,4.38,,41,[41],coordinate_reconstruction,1.0,투자신탁 4.36 4.38 3.58 2.55 3.49
FUND000058,KR5153420063,,,fund,3Y,3.58,,41,[41],coordinate_reconstruction,1.0,투자신탁 4.36 4.38 3.58 2.55 3.49
FUND000058,KR5153420063,,,fund,5Y,2.55,,41,[41],coordinate_reconstruction,1.0,투자신탁 4.36 4.38 3.58 2.55 3.49
FUND000058,KR5153420063,,,fund,SINCE_INCEPTION,3.49,,41,[41],coordinate_reconstruction,1.0,투자신탁 4.36 4.38 3.58 2.55 3.49
FUND000059,KR5153420079,CLASS000750,C,class_return,1Y,4.00,2012-10-17,4,[4],cell_grid,1.0,수수료미징구-오프라인(C) 2012.10.17 수수료미징구-오프라인(C) 4.00 5.07 4.19 1.47 2.14
FUND000059,KR5153420079,CLASS000750,C,class_return,2Y,5.07,2012-10-17,4,[4],cell_grid,1.0,수수료미징구-오프라인(C) 2012.10.17 수수료미징구-오프라인(C) 4.00 5.07 4.19 1.47 2.14
FUND000059,KR5153420079,CLASS000750,C,class_return,3Y,4.19,2012-10-17,4,[4],cell_grid,1.0,수수료미징구-오프라인(C) 2012.10.17 수수료미징구-오프라인(C) 4.00 5.07 4.19 1.47 2.14
FUND000059,KR5153420079,CLASS000750,C,class_return,5Y,1.47,2012-10-17,4,[4],cell_grid,1.0,수수료미징구-오프라인(C) 2012.10.17 수수료미징구-오프라인(C) 4.00 5.07 4.19 1.47 2.14
FUND000059,KR5153420079,CLASS000750,C,class_return,SINCE_INCEPTION,2.14,2012-10-17,4,[4],cell_grid,1.0,수수료미징구-오프라인(C) 2012.10.17 수수료미징구-오프라인(C) 4.00 5.07 4.19 1.47 2.14
FUND000059,KR5153420079,CLASS000751,C-e,class_return,1Y,4.07,2012-10-17,4,[4],cell_grid,1.0,2012.10.17 수수료미징구-온라인(C-e) 수수료미징구-온라인(C-e) 4.07 5.15 4.26 1.53 2.22
FUND000059,KR5153420079,CLASS000751,C-e,class_return,2Y,5.15,2012-10-17,4,[4],cell_grid,1.0,2012.10.17 수수료미징구-온라인(C-e) 수수료미징구-온라인(C-e) 4.07 5.15 4.26 1.53 2.22
FUND000059,KR5153420079,CLASS000751,C-e,class_return,3Y,4.26,2012-10-17,4,[4],cell_grid,1.0,2012.10.17 수수료미징구-온라인(C-e) 수수료미징구-온라인(C-e) 4.07 5.15 4.26 1.53 2.22
FUND000059,KR5153420079,CLASS000751,C-e,class_return,5Y,1.53,2012-10-17,4,[4],cell_grid,1.0,2012.10.17 수수료미징구-온라인(C-e) 수수료미징구-온라인(C-e) 4.07 5.15 4.26 1.53 2.22
FUND000059,KR5153420079,CLASS000751,C-e,class_return,SINCE_INCEPTION,2.22,2012-10-17,4,[4],cell_grid,1.0,2012.10.17 수수료미징구-온라인(C-e) 수수료미징구-온라인(C-e) 4.07 5.15 4.26 1.53 2.22
FUND000059,KR5153420079,CLASS000757,C-P,class_return,1Y,4.09,2019-01-02,4,[4],cell_grid,1.0,수수료미징구-오프라인-개인 2019.01.02 연금(C-P) 수수료미징구-오프라인-개인 연금(C-P) 2019.01.02 4.09 5.17 4.28 1.55 1.97
FUND000059,KR5153420079,CLASS000757,C-P,class_return,2Y,5.17,2019-01-02,4,[4],cell_grid,1.0,수수료미징구-오프라인-개인 2019.01.02 연금(C-P) 수수료미징구-오프라인-개인 연금(C-P) 2019.01.02 4.09 5.17 4.28 1.55 1.97
FUND000059,KR5153420079,CLASS000757,C-P,class_return,3Y,4.28,2019-01-02,4,[4],cell_grid,1.0,수수료미징구-오프라인-개인 2019.01.02 연금(C-P) 수수료미징구-오프라인-개인 연금(C-P) 2019.01.02 4.09 5.17 4.28 1.55 1.97
FUND000059,KR5153420079,CLASS000757,C-P,class_return,5Y,1.55,2019-01-02,4,[4],cell_grid,1.0,수수료미징구-오프라인-개인 2019.01.02 연금(C-P) 수수료미징구-오프라인-개인 연금(C-P) 2019.01.02 4.09 5.17 4.28 1.55 1.97
FUND000059,KR5153420079,CLASS000757,C-P,class_return,SINCE_INCEPTION,1.97,2019-01-02,4,[4],cell_grid,1.0,수수료미징구-오프라인-개인 2019.01.02 연금(C-P) 수수료미징구-오프라인-개인 연금(C-P) 2019.01.02 4.09 5.17 4.28 1.55 1.97
FUND000059,KR5153420079,CLASS000759,C-P2,class_return,1Y,4.16,2019-01-29,4,[4],cell_grid,1.0,수수료미징구-오프라인-퇴직 2019.01.29 연금(C-P2) 수수료미징구-오프라인-퇴직 연금(C-P2) 2019.01.29 4.16 5.24 3.53 1.44 1.94
FUND000059,KR5153420079,CLASS000759,C-P2,class_return,2Y,5.24,2019-01-29,4,[4],cell_grid,1.0,수수료미징구-오프라인-퇴직 2019.01.29 연금(C-P2) 수수료미징구-오프라인-퇴직 연금(C-P2) 2019.01.29 4.16 5.24 3.53 1.44 1.94
FUND000059,KR5153420079,CLASS000759,C-P2,class_return,3Y,3.53,2019-01-29,4,[4],cell_grid,1.0,수수료미징구-오프라인-퇴직 2019.01.29 연금(C-P2) 수수료미징구-오프라인-퇴직 연금(C-P2) 2019.01.29 4.16 5.24 3.53 1.44 1.94
FUND000059,KR5153420079,CLASS000759,C-P2,class_return,5Y,1.44,2019-01-29,4,[4],cell_grid,1.0,수수료미징구-오프라인-퇴직 2019.01.29 연금(C-P2) 수수료미징구-오프라인-퇴직 연금(C-P2) 2019.01.29 4.16 5.24 3.53 1.44 1.94
FUND000059,KR5153420079,CLASS000759,C-P2,class_return,SINCE_INCEPTION,1.94,2019-01-29,4,[4],cell_grid,1.0,수수료미징구-오프라인-퇴직 2019.01.29 연금(C-P2) 수수료미징구-오프라인-퇴직 연금(C-P2) 2019.01.29 4.16 5.24 3.53 1.44 1.94
FUND000059,KR5153420079,,,fund,1Y,4.59,2009-05-11,4,[4],cell_grid,1.0,투자실적 투자신탁 추이 투자실적 추이 투자신탁 4.59 5.67 4.78 2.04 3.50
FUND000059,KR5153420079,,,fund,2Y,5.67,2009-05-11,4,[4],cell_grid,1.0,투자실적 투자신탁 추이 투자실적 추이 투자신탁 4.59 5.67 4.78 2.04 3.50
FUND000059,KR5153420079,,,fund,3Y,4.78,2009-05-11,4,[4],cell_grid,1.0,투자실적 투자신탁 추이 투자실적 추이 투자신탁 4.59 5.67 4.78 2.04 3.50
FUND000059,KR5153420079,,,fund,5Y,2.04,2009-05-11,4,[4],cell_grid,1.0,투자실적 투자신탁 추이 투자실적 추이 투자신탁 4.59 5.67 4.78 2.04 3.50
FUND000059,KR5153420079,,,fund,SINCE_INCEPTION,3.50,2009-05-11,4,[4],cell_grid,1.0,투자실적 투자신탁 추이 투자실적 추이 투자신탁 4.59 5.67 4.78 2.04 3.50
FUND000059,KR5153420079,,,benchmark,1Y,4.32,2009-05-11,4,[4],cell_grid,1.0,"(연평균 2009.05.11 비교지수 수익률, (연평균 수익률, 비교지수 4.32 5.33 4.02 1.65 3.28"
FUND000059,KR5153420079,,,benchmark,2Y,5.33,2009-05-11,4,[4],cell_grid,1.0,"(연평균 2009.05.11 비교지수 수익률, (연평균 수익률, 비교지수 4.32 5.33 4.02 1.65 3.28"
FUND000059,KR5153420079,,,benchmark,3Y,4.02,2009-05-11,4,[4],cell_grid,1.0,"(연평균 2009.05.11 비교지수 수익률, (연평균 수익률, 비교지수 4.32 5.33 4.02 1.65 3.28"
FUND000059,KR5153420079,,,benchmark,5Y,1.65,2009-05-11,4,[4],cell_grid,1.0,"(연평균 2009.05.11 비교지수 수익률, (연평균 수익률, 비교지수 4.32 5.33 4.02 1.65 3.28"
FUND000059,KR5153420079,,,benchmark,SINCE_INCEPTION,3.28,2009-05-11,4,[4],cell_grid,1.0,"(연평균 2009.05.11 비교지수 수익률, (연평균 수익률, 비교지수 4.32 5.33 4.02 1.65 3.28"
FUND000059,KR5153420079,,,volatility,1Y,1.57,2009-05-11,4,[4],cell_grid,1.0,단위: %) 수익률 변동성 단위: %) 수익률 변동성 1.57 1.90 2.94 2.75 2.14
FUND000059,KR5153420079,,,volatility,2Y,1.90,2009-05-11,4,[4],cell_grid,1.0,단위: %) 수익률 변동성 단위: %) 수익률 변동성 1.57 1.90 2.94 2.75 2.14
FUND000059,KR5153420079,,,volatility,3Y,2.94,2009-05-11,4,[4],cell_grid,1.0,단위: %) 수익률 변동성 단위: %) 수익률 변동성 1.57 1.90 2.94 2.75 2.14
FUND000059,KR5153420079,,,volatility,5Y,2.75,2009-05-11,4,[4],cell_grid,1.0,단위: %) 수익률 변동성 단위: %) 수익률 변동성 1.57 1.90 2.94 2.75 2.14
FUND000059,KR5153420079,,,volatility,SINCE_INCEPTION,2.14,2009-05-11,4,[4],cell_grid,1.0,단위: %) 수익률 변동성 단위: %) 수익률 변동성 1.57 1.90 2.94 2.75 2.14
FUND000059,KR5153420079,CLASS000753,C-I,class_return,1Y,4.43,2016-06-28,43,[43],cell_grid,1.0,종류C-I 수수료미징구-오프라인-기관 종류C-I 수수료미징구-오프라인-기관 4.43 5.51 4.63 1.88 1.93
FUND000059,KR5153420079,CLASS000753,C-I,class_return,2Y,5.51,2016-06-28,43,[43],cell_grid,1.0,종류C-I 수수료미징구-오프라인-기관 종류C-I 수수료미징구-오프라인-기관 4.43 5.51 4.63 1.88 1.93
FUND000059,KR5153420079,CLASS000753,C-I,class_return,3Y,4.63,2016-06-28,43,[43],cell_grid,1.0,종류C-I 수수료미징구-오프라인-기관 종류C-I 수수료미징구-오프라인-기관 4.43 5.51 4.63 1.88 1.93
FUND000059,KR5153420079,CLASS000753,C-I,class_return,5Y,1.88,2016-06-28,43,[43],cell_grid,1.0,종류C-I 수수료미징구-오프라인-기관 종류C-I 수수료미징구-오프라인-기관 4.43 5.51 4.63 1.88 1.93
FUND000059,KR5153420079,CLASS000753,C-I,class_return,SINCE_INCEPTION,1.93,2016-06-28,43,[43],cell_grid,1.0,종류C-I 수수료미징구-오프라인-기관 종류C-I 수수료미징구-오프라인-기관 4.43 5.51 4.63 1.88 1.93
FUND000059,KR5153420079,CLASS000754,C-PI,class_return,1Y,-,2015-08-06,43,[43],cell_grid,1.0,"종류C-PI 수수료미징구-오프라인-퇴직연금, 펀드 등 종류C-PI 수수료미징구-오프라인-퇴직연금, 펀드 등 - - - - -"
FUND000059,KR5153420079,CLASS000754,C-PI,class_return,2Y,-,2015-08-06,43,[43],cell_grid,1.0,"종류C-PI 수수료미징구-오프라인-퇴직연금, 펀드 등 종류C-PI 수수료미징구-오프라인-퇴직연금, 펀드 등 - - - - -"
FUND000059,KR5153420079,CLASS000754,C-PI,class_return,3Y,-,2015-08-06,43,[43],cell_grid,1.0,"종류C-PI 수수료미징구-오프라인-퇴직연금, 펀드 등 종류C-PI 수수료미징구-오프라인-퇴직연금, 펀드 등 - - - - -"
FUND000059,KR5153420079,CLASS000754,C-PI,class_return,5Y,-,2015-08-06,43,[43],cell_grid,1.0,"종류C-PI 수수료미징구-오프라인-퇴직연금, 펀드 등 종류C-PI 수수료미징구-오프라인-퇴직연금, 펀드 등 - - - - -"
FUND000059,KR5153420079,CLASS000754,C-PI,class_return,SINCE_INCEPTION,-,2015-08-06,43,[43],cell_grid,1.0,"종류C-PI 수수료미징구-오프라인-퇴직연금, 펀드 등 종류C-PI 수수료미징구-오프라인-퇴직연금, 펀드 등 - - - - -"
FUND000059,KR5153420079,CLASS000755,F,class_return,1Y,4.47,2009-05-11,43,[43],cell_grid,1.0,"종류F 수수료미징구-오프라인-랩, 펀드 등 종류F 수수료미징구-오프라인-랩, 펀드 등 4.47 5.55 4.66 1.91 3.35"
FUND000059,KR5153420079,CLASS000755,F,class_return,2Y,5.55,2009-05-11,43,[43],cell_grid,1.0,"종류F 수수료미징구-오프라인-랩, 펀드 등 종류F 수수료미징구-오프라인-랩, 펀드 등 4.47 5.55 4.66 1.91 3.35"
FUND000059,KR5153420079,CLASS000755,F,class_return,3Y,4.66,2009-05-11,43,[43],cell_grid,1.0,"종류F 수수료미징구-오프라인-랩, 펀드 등 종류F 수수료미징구-오프라인-랩, 펀드 등 4.47 5.55 4.66 1.91 3.35"
FUND000059,KR5153420079,CLASS000755,F,class_return,5Y,1.91,2009-05-11,43,[43],cell_grid,1.0,"종류F 수수료미징구-오프라인-랩, 펀드 등 종류F 수수료미징구-오프라인-랩, 펀드 등 4.47 5.55 4.66 1.91 3.35"
FUND000059,KR5153420079,CLASS000755,F,class_return,SINCE_INCEPTION,3.35,2009-05-11,43,[43],cell_grid,1.0,"종류F 수수료미징구-오프라인-랩, 펀드 등 종류F 수수료미징구-오프라인-랩, 펀드 등 4.47 5.55 4.66 1.91 3.35"
FUND000059,KR5153420079,CLASS000756,S,class_return,1Y,4.31,2014-11-27,43,[43],cell_grid,1.0,종류S 수수료후취-온라인슈퍼 종류S 수수료후취-온라인슈퍼 4.31 5.39 4.50 1.76 2.21
FUND000059,KR5153420079,CLASS000756,S,class_return,2Y,5.39,2014-11-27,43,[43],cell_grid,1.0,종류S 수수료후취-온라인슈퍼 종류S 수수료후취-온라인슈퍼 4.31 5.39 4.50 1.76 2.21
FUND000059,KR5153420079,CLASS000756,S,class_return,3Y,4.50,2014-11-27,43,[43],cell_grid,1.0,종류S 수수료후취-온라인슈퍼 종류S 수수료후취-온라인슈퍼 4.31 5.39 4.50 1.76 2.21
FUND000059,KR5153420079,CLASS000756,S,class_return,5Y,1.76,2014-11-27,43,[43],cell_grid,1.0,종류S 수수료후취-온라인슈퍼 종류S 수수료후취-온라인슈퍼 4.31 5.39 4.50 1.76 2.21
FUND000059,KR5153420079,CLASS000756,S,class_return,SINCE_INCEPTION,2.21,2014-11-27,43,[43],cell_grid,1.0,종류S 수수료후취-온라인슈퍼 종류S 수수료후취-온라인슈퍼 4.31 5.39 4.50 1.76 2.21
FUND000059,KR5153420079,CLASS000758,C-Pe,class_return,1Y,4.28,2018-11-02,44,[44],cell_grid,1.0,종류C-Pe 수수료미징구-온라인-개인연금 종류C-Pe 수수료미징구-온라인-개인연금 4.28 5.36 4.47 1.73 2.25
FUND000059,KR5153420079,CLASS000758,C-Pe,class_return,2Y,5.36,2018-11-02,44,[44],cell_grid,1.0,종류C-Pe 수수료미징구-온라인-개인연금 종류C-Pe 수수료미징구-온라인-개인연금 4.28 5.36 4.47 1.73 2.25
FUND000059,KR5153420079,CLASS000758,C-Pe,class_return,3Y,4.47,2018-11-02,44,[44],cell_grid,1.0,종류C-Pe 수수료미징구-온라인-개인연금 종류C-Pe 수수료미징구-온라인-개인연금 4.28 5.36 4.47 1.73 2.25
FUND000059,KR5153420079,CLASS000758,C-Pe,class_return,5Y,1.73,2018-11-02,44,[44],cell_grid,1.0,종류C-Pe 수수료미징구-온라인-개인연금 종류C-Pe 수수료미징구-온라인-개인연금 4.28 5.36 4.47 1.73 2.25
FUND000059,KR5153420079,CLASS000758,C-Pe,class_return,SINCE_INCEPTION,2.25,2018-11-02,44,[44],cell_grid,1.0,종류C-Pe 수수료미징구-온라인-개인연금 종류C-Pe 수수료미징구-온라인-개인연금 4.28 5.36 4.47 1.73 2.25
FUND000059,KR5153420079,CLASS000760,C-P2e,class_return,1Y,4.32,2018-12-12,44,[44],cell_grid,1.0,종류C-P2e 수수료미징구-온라인-퇴직연금 종류C-P2e 수수료미징구-온라인-퇴직연금 4.32 5.40 4.51 1.77 2.18
FUND000059,KR5153420079,CLASS000760,C-P2e,class_return,2Y,5.40,2018-12-12,44,[44],cell_grid,1.0,종류C-P2e 수수료미징구-온라인-퇴직연금 종류C-P2e 수수료미징구-온라인-퇴직연금 4.32 5.40 4.51 1.77 2.18
FUND000059,KR5153420079,CLASS000760,C-P2e,class_return,3Y,4.51,2018-12-12,44,[44],cell_grid,1.0,종류C-P2e 수수료미징구-온라인-퇴직연금 종류C-P2e 수수료미징구-온라인-퇴직연금 4.32 5.40 4.51 1.77 2.18
FUND000059,KR5153420079,CLASS000760,C-P2e,class_return,5Y,1.77,2018-12-12,44,[44],cell_grid,1.0,종류C-P2e 수수료미징구-온라인-퇴직연금 종류C-P2e 수수료미징구-온라인-퇴직연금 4.32 5.40 4.51 1.77 2.18
FUND000059,KR5153420079,CLASS000760,C-P2e,class_return,SINCE_INCEPTION,2.18,2018-12-12,44,[44],cell_grid,1.0,종류C-P2e 수수료미징구-온라인-퇴직연금 종류C-P2e 수수료미징구-온라인-퇴직연금 4.32 5.40 4.51 1.77 2.18
FUND000060,KR5153420105,,,benchmark,1Y,-1.20,2008-11-18,4,[4],coordinate_reconstruction,1.0,비교지수 2008.11.18 -1.20 4.21 4.59 0.75 3.37
FUND000060,KR5153420105,,,benchmark,2Y,4.21,2008-11-18,4,[4],coordinate_reconstruction,1.0,비교지수 2008.11.18 -1.20 4.21 4.59 0.75 3.37
FUND000060,KR5153420105,,,benchmark,3Y,4.59,2008-11-18,4,[4],coordinate_reconstruction,1.0,비교지수 2008.11.18 -1.20 4.21 4.59 0.75 3.37
FUND000060,KR5153420105,,,benchmark,5Y,0.75,2008-11-18,4,[4],coordinate_reconstruction,1.0,비교지수 2008.11.18 -1.20 4.21 4.59 0.75 3.37
FUND000060,KR5153420105,,,benchmark,SINCE_INCEPTION,3.37,2008-11-18,4,[4],coordinate_reconstruction,1.0,비교지수 2008.11.18 -1.20 4.21 4.59 0.75 3.37
FUND000060,KR5153420105,,,volatility,1Y,3.63,2008-11-18,4,[4],coordinate_reconstruction,1.0,수익률 변동성 3.63 3.59 4.27 4.76 3.28
FUND000060,KR5153420105,,,volatility,2Y,3.59,2008-11-18,4,[4],coordinate_reconstruction,1.0,수익률 변동성 3.63 3.59 4.27 4.76 3.28
FUND000060,KR5153420105,,,volatility,3Y,4.27,2008-11-18,4,[4],coordinate_reconstruction,1.0,수익률 변동성 3.63 3.59 4.27 4.76 3.28
FUND000060,KR5153420105,,,volatility,5Y,4.76,2008-11-18,4,[4],coordinate_reconstruction,1.0,수익률 변동성 3.63 3.59 4.27 4.76 3.28
FUND000060,KR5153420105,,,volatility,SINCE_INCEPTION,3.28,2008-11-18,4,[4],coordinate_reconstruction,1.0,수익률 변동성 3.63 3.59 4.27 4.76 3.28
FUND000060,KR5153420105,CLASS000761,A,class_return,1Y,-1.39,2018-12-18,46,[46],coordinate_reconstruction,1.0,-1.39 3.97 4.50 0.56 1.12
FUND000060,KR5153420105,CLASS000761,A,class_return,2Y,3.97,2018-12-18,46,[46],coordinate_reconstruction,1.0,-1.39 3.97 4.50 0.56 1.12
FUND000060,KR5153420105,CLASS000761,A,class_return,3Y,4.50,2018-12-18,46,[46],coordinate_reconstruction,1.0,-1.39 3.97 4.50 0.56 1.12
FUND000060,KR5153420105,CLASS000761,A,class_return,5Y,0.56,2018-12-18,46,[46],coordinate_reconstruction,1.0,-1.39 3.97 4.50 0.56 1.12
FUND000060,KR5153420105,CLASS000761,A,class_return,SINCE_INCEPTION,1.12,2018-12-18,46,[46],coordinate_reconstruction,1.0,-1.39 3.97 4.50 0.56 1.12
FUND000060,KR5153420105,CLASS000763,AG,class_return,1Y,-,2019-12-09,46,[46],coordinate_reconstruction,1.0,- - - - -
FUND000060,KR5153420105,CLASS000763,AG,class_return,2Y,-,2019-12-09,46,[46],coordinate_reconstruction,1.0,- - - - -
FUND000060,KR5153420105,CLASS000763,AG,class_return,3Y,-,2019-12-09,46,[46],coordinate_reconstruction,1.0,- - - - -
FUND000060,KR5153420105,CLASS000763,AG,class_return,5Y,-,2019-12-09,46,[46],coordinate_reconstruction,1.0,- - - - -
FUND000060,KR5153420105,CLASS000763,AG,class_return,SINCE_INCEPTION,-,2019-12-09,46,[46],coordinate_reconstruction,1.0,- - - - -
FUND000060,KR5153420105,CLASS000764,C,class_return,1Y,-1.48,2009-02-27,46,[46],coordinate_reconstruction,1.0,-1.48 3.88 4.41 0.47 2.55
FUND000060,KR5153420105,CLASS000764,C,class_return,2Y,3.88,2009-02-27,46,[46],coordinate_reconstruction,1.0,-1.48 3.88 4.41 0.47 2.55
FUND000060,KR5153420105,CLASS000764,C,class_return,3Y,4.41,2009-02-27,46,[46],coordinate_reconstruction,1.0,-1.48 3.88 4.41 0.47 2.55
FUND000060,KR5153420105,CLASS000764,C,class_return,5Y,0.47,2009-02-27,46,[46],coordinate_reconstruction,1.0,-1.48 3.88 4.41 0.47 2.55
FUND000060,KR5153420105,CLASS000764,C,class_return,SINCE_INCEPTION,2.55,2009-02-27,46,[46],coordinate_reconstruction,1.0,-1.48 3.88 4.41 0.47 2.55
FUND000060,KR5153420105,CLASS000765,C-e,class_return,1Y,-1.44,2012-10-19,46,[46],coordinate_reconstruction,1.0,-1.44 3.92 4.45 0.51 2.03
FUND000060,KR5153420105,CLASS000765,C-e,class_return,2Y,3.92,2012-10-19,46,[46],coordinate_reconstruction,1.0,-1.44 3.92 4.45 0.51 2.03
FUND000060,KR5153420105,CLASS000765,C-e,class_return,3Y,4.45,2012-10-19,46,[46],coordinate_reconstruction,1.0,-1.44 3.92 4.45 0.51 2.03
FUND000060,KR5153420105,CLASS000765,C-e,class_return,5Y,0.51,2012-10-19,46,[46],coordinate_reconstruction,1.0,-1.44 3.92 4.45 0.51 2.03
FUND000060,KR5153420105,CLASS000765,C-e,class_return,SINCE_INCEPTION,2.03,2012-10-19,46,[46],coordinate_reconstruction,1.0,-1.44 3.92 4.45 0.51 2.03
FUND000060,KR5153420105,CLASS000766,C-a,class_return,1Y,-,2009-01-05,46,[46],coordinate_reconstruction,1.0,- - - - -
FUND000060,KR5153420105,CLASS000766,C-a,class_return,2Y,-,2009-01-05,46,[46],coordinate_reconstruction,1.0,- - - - -
FUND000060,KR5153420105,CLASS000766,C-a,class_return,3Y,-,2009-01-05,46,[46],coordinate_reconstruction,1.0,- - - - -
FUND000060,KR5153420105,CLASS000766,C-a,class_return,5Y,-,2009-01-05,46,[46],coordinate_reconstruction,1.0,- - - - -
FUND000060,KR5153420105,CLASS000766,C-a,class_return,SINCE_INCEPTION,-,2009-01-05,46,[46],coordinate_reconstruction,1.0,- - - - -
FUND000060,KR5153420105,CLASS000767,C-P,class_return,1Y,-1.47,2016-06-27,46,[46],coordinate_reconstruction,1.0,-1.47 3.89 4.42 0.48 1.08
FUND000060,KR5153420105,CLASS000767,C-P,class_return,2Y,3.89,2016-06-27,46,[46],coordinate_reconstruction,1.0,-1.47 3.89 4.42 0.48 1.08
FUND000060,KR5153420105,CLASS000767,C-P,class_return,3Y,4.42,2016-06-27,46,[46],coordinate_reconstruction,1.0,-1.47 3.89 4.42 0.48 1.08
FUND000060,KR5153420105,CLASS000767,C-P,class_return,5Y,0.48,2016-06-27,46,[46],coordinate_reconstruction,1.0,-1.47 3.89 4.42 0.48 1.08
FUND000060,KR5153420105,CLASS000767,C-P,class_return,SINCE_INCEPTION,1.08,2016-06-27,46,[46],coordinate_reconstruction,1.0,-1.47 3.89 4.42 0.48 1.08
FUND000060,KR5153420105,CLASS000768,C-Pe,class_return,1Y,-1.33,2018-08-10,46,[46],coordinate_reconstruction,1.0,-1.33 4.03 4.57 0.62 1.56
FUND000060,KR5153420105,CLASS000768,C-Pe,class_return,2Y,4.03,2018-08-10,46,[46],coordinate_reconstruction,1.0,-1.33 4.03 4.57 0.62 1.56
FUND000060,KR5153420105,CLASS000768,C-Pe,class_return,3Y,4.57,2018-08-10,46,[46],coordinate_reconstruction,1.0,-1.33 4.03 4.57 0.62 1.56
FUND000060,KR5153420105,CLASS000768,C-Pe,class_return,5Y,0.62,2018-08-10,46,[46],coordinate_reconstruction,1.0,-1.33 4.03 4.57 0.62 1.56
FUND000060,KR5153420105,CLASS000768,C-Pe,class_return,SINCE_INCEPTION,1.56,2018-08-10,46,[46],coordinate_reconstruction,1.0,-1.33 4.03 4.57 0.62 1.56
FUND000060,KR5153420105,CLASS000769,C-P2,class_return,1Y,-1.46,2016-09-12,46,[46],coordinate_reconstruction,1.0,-1.46 3.90 4.43 0.49 1.07
FUND000060,KR5153420105,CLASS000769,C-P2,class_return,2Y,3.90,2016-09-12,46,[46],coordinate_reconstruction,1.0,-1.46 3.90 4.43 0.49 1.07
FUND000060,KR5153420105,CLASS000769,C-P2,class_return,3Y,4.43,2016-09-12,46,[46],coordinate_reconstruction,1.0,-1.46 3.90 4.43 0.49 1.07
FUND000060,KR5153420105,CLASS000769,C-P2,class_return,5Y,0.49,2016-09-12,46,[46],coordinate_reconstruction,1.0,-1.46 3.90 4.43 0.49 1.07
FUND000060,KR5153420105,CLASS000769,C-P2,class_return,SINCE_INCEPTION,1.07,2016-09-12,46,[46],coordinate_reconstruction,1.0,-1.46 3.90 4.43 0.49 1.07
FUND000060,KR5153420105,CLASS000770,C-P2e,class_return,1Y,-1.32,2018-11-09,46,[46],coordinate_reconstruction,1.0,-1.32 4.04 4.58 0.63 1.36
FUND000060,KR5153420105,CLASS000770,C-P2e,class_return,2Y,4.04,2018-11-09,46,[46],coordinate_reconstruction,1.0,-1.32 4.04 4.58 0.63 1.36
FUND000060,KR5153420105,CLASS000770,C-P2e,class_return,3Y,4.58,2018-11-09,46,[46],coordinate_reconstruction,1.0,-1.32 4.04 4.58 0.63 1.36
FUND000060,KR5153420105,CLASS000770,C-P2e,class_return,5Y,0.63,2018-11-09,46,[46],coordinate_reconstruction,1.0,-1.32 4.04 4.58 0.63 1.36
FUND000060,KR5153420105,CLASS000770,C-P2e,class_return,SINCE_INCEPTION,1.36,2018-11-09,46,[46],coordinate_reconstruction,1.0,-1.32 4.04 4.58 0.63 1.36
FUND000060,KR5153420105,CLASS000771,C-PI,class_return,1Y,-1.21,2015-08-21,46,[46],coordinate_reconstruction,1.0,-1.21 4.16 4.69 0.74 1.61
FUND000060,KR5153420105,CLASS000771,C-PI,class_return,2Y,4.16,2015-08-21,46,[46],coordinate_reconstruction,1.0,-1.21 4.16 4.69 0.74 1.61
FUND000060,KR5153420105,CLASS000771,C-PI,class_return,3Y,4.69,2015-08-21,46,[46],coordinate_reconstruction,1.0,-1.21 4.16 4.69 0.74 1.61
FUND000060,KR5153420105,CLASS000771,C-PI,class_return,5Y,0.74,2015-08-21,46,[46],coordinate_reconstruction,1.0,-1.21 4.16 4.69 0.74 1.61
FUND000060,KR5153420105,CLASS000771,C-PI,class_return,SINCE_INCEPTION,1.61,2015-08-21,46,[46],coordinate_reconstruction,1.0,-1.21 4.16 4.69 0.74 1.61
FUND000060,KR5153420105,,직판F,class_return,1Y,-1.20,2008-11-18,46,[46],coordinate_reconstruction,1.0,-1.20 4.17 4.70 0.75 3.44
FUND000060,KR5153420105,,직판F,class_return,2Y,4.17,2008-11-18,46,[46],coordinate_reconstruction,1.0,-1.20 4.17 4.70 0.75 3.44
FUND000060,KR5153420105,,직판F,class_return,3Y,4.70,2008-11-18,46,[46],coordinate_reconstruction,1.0,-1.20 4.17 4.70 0.75 3.44
FUND000060,KR5153420105,,직판F,class_return,5Y,0.75,2008-11-18,46,[46],coordinate_reconstruction,1.0,-1.20 4.17 4.70 0.75 3.44
FUND000060,KR5153420105,,직판F,class_return,SINCE_INCEPTION,3.44,2008-11-18,46,[46],coordinate_reconstruction,1.0,-1.20 4.17 4.70 0.75 3.44
FUND000060,KR5153420105,CLASS000772,I,class_return,1Y,-,2016-07-11,47,[47],coordinate_reconstruction,1.0,- - - - -
FUND000060,KR5153420105,CLASS000772,I,class_return,2Y,-,2016-07-11,47,[47],coordinate_reconstruction,1.0,- - - - -
FUND000060,KR5153420105,CLASS000772,I,class_return,3Y,-,2016-07-11,47,[47],coordinate_reconstruction,1.0,- - - - -
FUND000060,KR5153420105,CLASS000772,I,class_return,5Y,-,2016-07-11,47,[47],coordinate_reconstruction,1.0,- - - - -
FUND000060,KR5153420105,CLASS000772,I,class_return,SINCE_INCEPTION,-,2016-07-11,47,[47],coordinate_reconstruction,1.0,- - - - -
FUND000060,KR5153420105,CLASS000773,S,class_return,1Y,-1.35,2014-05-07,47,[47],coordinate_reconstruction,1.0,-1.35 4.01 4.55 0.60 2.11
FUND000060,KR5153420105,CLASS000773,S,class_return,2Y,4.01,2014-05-07,47,[47],coordinate_reconstruction,1.0,-1.35 4.01 4.55 0.60 2.11
FUND000060,KR5153420105,CLASS000773,S,class_return,3Y,4.55,2014-05-07,47,[47],coordinate_reconstruction,1.0,-1.35 4.01 4.55 0.60 2.11
FUND000060,KR5153420105,CLASS000773,S,class_return,5Y,0.60,2014-05-07,47,[47],coordinate_reconstruction,1.0,-1.35 4.01 4.55 0.60 2.11
FUND000060,KR5153420105,CLASS000773,S,class_return,SINCE_INCEPTION,2.11,2014-05-07,47,[47],coordinate_reconstruction,1.0,-1.35 4.01 4.55 0.60 2.11
FUND000060,KR5153420105,,,fund,1Y,-1.04,,47,[47],coordinate_reconstruction,1.0,투자신탁 -1.04 4.33 4.87 0.91 3.60
FUND000060,KR5153420105,,,fund,2Y,4.33,,47,[47],coordinate_reconstruction,1.0,투자신탁 -1.04 4.33 4.87 0.91 3.60
FUND000060,KR5153420105,,,fund,3Y,4.87,,47,[47],coordinate_reconstruction,1.0,투자신탁 -1.04 4.33 4.87 0.91 3.60
FUND000060,KR5153420105,,,fund,5Y,0.91,,47,[47],coordinate_reconstruction,1.0,투자신탁 -1.04 4.33 4.87 0.91 3.60
FUND000060,KR5153420105,,,fund,SINCE_INCEPTION,3.60,,47,[47],coordinate_reconstruction,1.0,투자신탁 -1.04 4.33 4.87 0.91 3.60
FUND000061,KR5153420318,CLASS000775,A-e,class_return,1Y,1.06,2024-08-01,5,[5],cell_grid,1.0,수수료선취-온라인(A-e) 수수료선취-온라인(A-e) 1.06 - - - 3.22
FUND000061,KR5153420318,CLASS000775,A-e,class_return,2Y,-,2024-08-01,5,[5],cell_grid,1.0,수수료선취-온라인(A-e) 수수료선취-온라인(A-e) 1.06 - - - 3.22
FUND000061,KR5153420318,CLASS000775,A-e,class_return,3Y,-,2024-08-01,5,[5],cell_grid,1.0,수수료선취-온라인(A-e) 수수료선취-온라인(A-e) 1.06 - - - 3.22
FUND000061,KR5153420318,CLASS000775,A-e,class_return,5Y,-,2024-08-01,5,[5],cell_grid,1.0,수수료선취-온라인(A-e) 수수료선취-온라인(A-e) 1.06 - - - 3.22
FUND000061,KR5153420318,CLASS000775,A-e,class_return,SINCE_INCEPTION,3.22,2024-08-01,5,[5],cell_grid,1.0,수수료선취-온라인(A-e) 수수료선취-온라인(A-e) 1.06 - - - 3.22
FUND000061,KR5153420318,CLASS000778,C-e,class_return,1Y,0.86,2024-08-01,5,[5],cell_grid,1.0,수수료미징구-온라인(C-e) 수수료미징구-온라인(C-e) 0.86 - - - 3.01
FUND000061,KR5153420318,CLASS000778,C-e,class_return,2Y,-,2024-08-01,5,[5],cell_grid,1.0,수수료미징구-온라인(C-e) 수수료미징구-온라인(C-e) 0.86 - - - 3.01
FUND000061,KR5153420318,CLASS000778,C-e,class_return,3Y,-,2024-08-01,5,[5],cell_grid,1.0,수수료미징구-온라인(C-e) 수수료미징구-온라인(C-e) 0.86 - - - 3.01
FUND000061,KR5153420318,CLASS000778,C-e,class_return,5Y,-,2024-08-01,5,[5],cell_grid,1.0,수수료미징구-온라인(C-e) 수수료미징구-온라인(C-e) 0.86 - - - 3.01
FUND000061,KR5153420318,CLASS000778,C-e,class_return,SINCE_INCEPTION,3.01,2024-08-01,5,[5],cell_grid,1.0,수수료미징구-온라인(C-e) 수수료미징구-온라인(C-e) 0.86 - - - 3.01
FUND000061,KR5153420318,,,fund,1Y,1.72,2024-08-01,5,[5],cell_grid,1.0,투자실적 투자신탁 2024.08.01 추이 투자실적 추이 투자신탁 1.72 - - - 3.89
FUND000061,KR5153420318,,,fund,2Y,-,2024-08-01,5,[5],cell_grid,1.0,투자실적 투자신탁 2024.08.01 추이 투자실적 추이 투자신탁 1.72 - - - 3.89
FUND000061,KR5153420318,,,fund,3Y,-,2024-08-01,5,[5],cell_grid,1.0,투자실적 투자신탁 2024.08.01 추이 투자실적 추이 투자신탁 1.72 - - - 3.89
FUND000061,KR5153420318,,,fund,5Y,-,2024-08-01,5,[5],cell_grid,1.0,투자실적 투자신탁 2024.08.01 추이 투자실적 추이 투자신탁 1.72 - - - 3.89
FUND000061,KR5153420318,,,fund,SINCE_INCEPTION,3.89,2024-08-01,5,[5],cell_grid,1.0,투자실적 투자신탁 2024.08.01 추이 투자실적 추이 투자신탁 1.72 - - - 3.89
FUND000061,KR5153420318,,,benchmark,1Y,4.24,2024-08-01,5,[5],cell_grid,1.0,"(연평균 비교지수 수익률, (연평균 수익률, 비교지수 4.24 4.64 - - 4.64"
FUND000061,KR5153420318,,,benchmark,2Y,4.64,2024-08-01,5,[5],cell_grid,1.0,"(연평균 비교지수 수익률, (연평균 수익률, 비교지수 4.24 4.64 - - 4.64"
FUND000061,KR5153420318,,,benchmark,3Y,-,2024-08-01,5,[5],cell_grid,1.0,"(연평균 비교지수 수익률, (연평균 수익률, 비교지수 4.24 4.64 - - 4.64"
FUND000061,KR5153420318,,,benchmark,5Y,-,2024-08-01,5,[5],cell_grid,1.0,"(연평균 비교지수 수익률, (연평균 수익률, 비교지수 4.24 4.64 - - 4.64"
FUND000061,KR5153420318,,,benchmark,SINCE_INCEPTION,4.64,2024-08-01,5,[5],cell_grid,1.0,"(연평균 비교지수 수익률, (연평균 수익률, 비교지수 4.24 4.64 - - 4.64"
FUND000061,KR5153420318,,,volatility,1Y,6.15,2024-08-01,5,[5],cell_grid,1.0,단위: %) 수익률 변동성 단위: %) 수익률 변동성 6.15 5.89 - - 5.89
FUND000061,KR5153420318,,,volatility,2Y,5.89,2024-08-01,5,[5],cell_grid,1.0,단위: %) 수익률 변동성 단위: %) 수익률 변동성 6.15 5.89 - - 5.89
FUND000061,KR5153420318,,,volatility,3Y,-,2024-08-01,5,[5],cell_grid,1.0,단위: %) 수익률 변동성 단위: %) 수익률 변동성 6.15 5.89 - - 5.89
FUND000061,KR5153420318,,,volatility,5Y,-,2024-08-01,5,[5],cell_grid,1.0,단위: %) 수익률 변동성 단위: %) 수익률 변동성 6.15 5.89 - - 5.89
FUND000061,KR5153420318,,,volatility,SINCE_INCEPTION,5.89,2024-08-01,5,[5],cell_grid,1.0,단위: %) 수익률 변동성 단위: %) 수익률 변동성 6.15 5.89 - - 5.89
FUND000061,KR5153420318,CLASS000781,F,class_return,1Y,1.36,2024-08-01,49,[49],cell_grid,1.0,"종류F 수수료미징구-직판-랩, 펀드 등 종류F 수수료미징구-직판-랩, 펀드 등 1.36 - - - 3.52"
FUND000061,KR5153420318,CLASS000781,F,class_return,2Y,-,2024-08-01,49,[49],cell_grid,1.0,"종류F 수수료미징구-직판-랩, 펀드 등 종류F 수수료미징구-직판-랩, 펀드 등 1.36 - - - 3.52"
FUND000061,KR5153420318,CLASS000781,F,class_return,3Y,-,2024-08-01,49,[49],cell_grid,1.0,"종류F 수수료미징구-직판-랩, 펀드 등 종류F 수수료미징구-직판-랩, 펀드 등 1.36 - - - 3.52"
FUND000061,KR5153420318,CLASS000781,F,class_return,5Y,-,2024-08-01,49,[49],cell_grid,1.0,"종류F 수수료미징구-직판-랩, 펀드 등 종류F 수수료미징구-직판-랩, 펀드 등 1.36 - - - 3.52"
FUND000061,KR5153420318,CLASS000781,F,class_return,SINCE_INCEPTION,3.52,2024-08-01,49,[49],cell_grid,1.0,"종류F 수수료미징구-직판-랩, 펀드 등 종류F 수수료미징구-직판-랩, 펀드 등 1.36 - - - 3.52"
FUND000061,KR5153420318,CLASS000784,C-Pe,class_return,1Y,1.17,2024-08-07,49,[49],cell_grid,1.0,종류C-Pe 수수료미징구-온라인-개인연금 종류C-Pe 수수료미징구-온라인-개인연금 1.17 - - - 3.03
FUND000061,KR5153420318,CLASS000784,C-Pe,class_return,2Y,-,2024-08-07,49,[49],cell_grid,1.0,종류C-Pe 수수료미징구-온라인-개인연금 종류C-Pe 수수료미징구-온라인-개인연금 1.17 - - - 3.03
FUND000061,KR5153420318,CLASS000784,C-Pe,class_return,3Y,-,2024-08-07,49,[49],cell_grid,1.0,종류C-Pe 수수료미징구-온라인-개인연금 종류C-Pe 수수료미징구-온라인-개인연금 1.17 - - - 3.03
FUND000061,KR5153420318,CLASS000784,C-Pe,class_return,5Y,-,2024-08-07,49,[49],cell_grid,1.0,종류C-Pe 수수료미징구-온라인-개인연금 종류C-Pe 수수료미징구-온라인-개인연금 1.17 - - - 3.03
FUND000061,KR5153420318,CLASS000784,C-Pe,class_return,SINCE_INCEPTION,3.03,2024-08-07,49,[49],cell_grid,1.0,종류C-Pe 수수료미징구-온라인-개인연금 종류C-Pe 수수료미징구-온라인-개인연금 1.17 - - - 3.03
FUND000061,KR5153420318,CLASS000786,C-P2e,class_return,1Y,1.18,2024-08-01,49,[49],cell_grid,1.0,종류C-P2e 수수료미징구-온라인-퇴직연금 종류C-P2e 수수료미징구-온라인-퇴직연금 1.18 - - - 3.34
FUND000061,KR5153420318,CLASS000786,C-P2e,class_return,2Y,-,2024-08-01,49,[49],cell_grid,1.0,종류C-P2e 수수료미징구-온라인-퇴직연금 종류C-P2e 수수료미징구-온라인-퇴직연금 1.18 - - - 3.34
FUND000061,KR5153420318,CLASS000786,C-P2e,class_return,3Y,-,2024-08-01,49,[49],cell_grid,1.0,종류C-P2e 수수료미징구-온라인-퇴직연금 종류C-P2e 수수료미징구-온라인-퇴직연금 1.18 - - - 3.34
FUND000061,KR5153420318,CLASS000786,C-P2e,class_return,5Y,-,2024-08-01,49,[49],cell_grid,1.0,종류C-P2e 수수료미징구-온라인-퇴직연금 종류C-P2e 수수료미징구-온라인-퇴직연금 1.18 - - - 3.34
FUND000061,KR5153420318,CLASS000786,C-P2e,class_return,SINCE_INCEPTION,3.34,2024-08-01,49,[49],cell_grid,1.0,종류C-P2e 수수료미징구-온라인-퇴직연금 종류C-P2e 수수료미징구-온라인-퇴직연금 1.18 - - - 3.34
FUND000063,KR5153450009,CLASS000800,C,class_return,1Y,-1.58,2006-01-04,3,[3],cell_grid,1.0,수수료미징구-오프라인-퇴직 2006.01.04 연금(C) 수수료미징구-오프라인-퇴직 연금(C) 2006.01.04 -1.58 1.50 -2.52 5.57 3.66
FUND000063,KR5153450009,CLASS000800,C,class_return,2Y,1.50,2006-01-04,3,[3],cell_grid,1.0,수수료미징구-오프라인-퇴직 2006.01.04 연금(C) 수수료미징구-오프라인-퇴직 연금(C) 2006.01.04 -1.58 1.50 -2.52 5.57 3.66
FUND000063,KR5153450009,CLASS000800,C,class_return,3Y,-2.52,2006-01-04,3,[3],cell_grid,1.0,수수료미징구-오프라인-퇴직 2006.01.04 연금(C) 수수료미징구-오프라인-퇴직 연금(C) 2006.01.04 -1.58 1.50 -2.52 5.57 3.66
FUND000063,KR5153450009,CLASS000800,C,class_return,5Y,5.57,2006-01-04,3,[3],cell_grid,1.0,수수료미징구-오프라인-퇴직 2006.01.04 연금(C) 수수료미징구-오프라인-퇴직 연금(C) 2006.01.04 -1.58 1.50 -2.52 5.57 3.66
FUND000063,KR5153450009,CLASS000800,C,class_return,SINCE_INCEPTION,3.66,2006-01-04,3,[3],cell_grid,1.0,수수료미징구-오프라인-퇴직 2006.01.04 연금(C) 수수료미징구-오프라인-퇴직 연금(C) 2006.01.04 -1.58 1.50 -2.52 5.57 3.66
FUND000063,KR5153450009,CLASS000802,C-P2e,class_return,1Y,-1.33,2017-10-24,3,[3],cell_grid,1.0,수수료미징구-온라인-퇴직연 2017.10.24 금(C-P2e) 수수료미징구-온라인-퇴직연 금(C-P2e) 2017.10.24 -1.33 1.75 -2.27 5.84 0.73
FUND000063,KR5153450009,CLASS000802,C-P2e,class_return,2Y,1.75,2017-10-24,3,[3],cell_grid,1.0,수수료미징구-온라인-퇴직연 2017.10.24 금(C-P2e) 수수료미징구-온라인-퇴직연 금(C-P2e) 2017.10.24 -1.33 1.75 -2.27 5.84 0.73
FUND000063,KR5153450009,CLASS000802,C-P2e,class_return,3Y,-2.27,2017-10-24,3,[3],cell_grid,1.0,수수료미징구-온라인-퇴직연 2017.10.24 금(C-P2e) 수수료미징구-온라인-퇴직연 금(C-P2e) 2017.10.24 -1.33 1.75 -2.27 5.84 0.73
FUND000063,KR5153450009,CLASS000802,C-P2e,class_return,5Y,5.84,2017-10-24,3,[3],cell_grid,1.0,수수료미징구-온라인-퇴직연 2017.10.24 금(C-P2e) 수수료미징구-온라인-퇴직연 금(C-P2e) 2017.10.24 -1.33 1.75 -2.27 5.84 0.73
FUND000063,KR5153450009,CLASS000802,C-P2e,class_return,SINCE_INCEPTION,0.73,2017-10-24,3,[3],cell_grid,1.0,수수료미징구-온라인-퇴직연 2017.10.24 금(C-P2e) 수수료미징구-온라인-퇴직연 금(C-P2e) 2017.10.24 -1.33 1.75 -2.27 5.84 0.73
FUND000063,KR5153450009,,,fund,1Y,-0.63,2006-01-04,3,[3],cell_grid,1.0,투자실적 투자신탁 2006.01.04 추이 투자실적 추이 투자신탁 2006.01.04 -0.63 2.47 -1.59 6.58 4.33
FUND000063,KR5153450009,,,fund,2Y,2.47,2006-01-04,3,[3],cell_grid,1.0,투자실적 투자신탁 2006.01.04 추이 투자실적 추이 투자신탁 2006.01.04 -0.63 2.47 -1.59 6.58 4.33
FUND000063,KR5153450009,,,fund,3Y,-1.59,2006-01-04,3,[3],cell_grid,1.0,투자실적 투자신탁 2006.01.04 추이 투자실적 추이 투자신탁 2006.01.04 -0.63 2.47 -1.59 6.58 4.33
FUND000063,KR5153450009,,,fund,5Y,6.58,2006-01-04,3,[3],cell_grid,1.0,투자실적 투자신탁 2006.01.04 추이 투자실적 추이 투자신탁 2006.01.04 -0.63 2.47 -1.59 6.58 4.33
FUND000063,KR5153450009,,,fund,SINCE_INCEPTION,4.33,2006-01-04,3,[3],cell_grid,1.0,투자실적 투자신탁 2006.01.04 추이 투자실적 추이 투자신탁 2006.01.04 -0.63 2.47 -1.59 6.58 4.33
FUND000063,KR5153450009,,,benchmark,1Y,-4.15,2006-01-04,4,[4],cell_grid,1.0,(연평균 비교지수 (연평균 비교지수 -4.15 2.45 -2.10 4.97
FUND000063,KR5153450009,,,benchmark,2Y,2.45,2006-01-04,4,[4],cell_grid,1.0,(연평균 비교지수 (연평균 비교지수 -4.15 2.45 -2.10 4.97
FUND000063,KR5153450009,,,benchmark,3Y,-2.10,2006-01-04,4,[4],cell_grid,1.0,(연평균 비교지수 (연평균 비교지수 -4.15 2.45 -2.10 4.97
FUND000063,KR5153450009,,,benchmark,5Y,4.97,2006-01-04,4,[4],cell_grid,1.0,(연평균 비교지수 (연평균 비교지수 -4.15 2.45 -2.10 4.97
FUND000063,KR5153450009,,,volatility,1Y,16.28,2006-01-04,4,[4],cell_grid,1.0,단위: %) 수익률 변동성 단위: %) 수익률 변동성 16.28 15.03 15.43 18.59
FUND000063,KR5153450009,,,volatility,2Y,15.03,2006-01-04,4,[4],cell_grid,1.0,단위: %) 수익률 변동성 단위: %) 수익률 변동성 16.28 15.03 15.43 18.59
FUND000063,KR5153450009,,,volatility,3Y,15.43,2006-01-04,4,[4],cell_grid,1.0,단위: %) 수익률 변동성 단위: %) 수익률 변동성 16.28 15.03 15.43 18.59
FUND000063,KR5153450009,,,volatility,5Y,18.59,2006-01-04,4,[4],cell_grid,1.0,단위: %) 수익률 변동성 단위: %) 수익률 변동성 16.28 15.03 15.43 18.59
FUND000063,KR5153450009,CLASS000801,C-F,class_return,1Y,-,2012-08-29,34,[34],cell_grid,1.0,"종류C-F 수수료미징구-직판-퇴직연금, 펀드 등 종류C-F 수수료미징구-직판-퇴직연금, 펀드 등 - - - - -"
FUND000063,KR5153450009,CLASS000801,C-F,class_return,2Y,-,2012-08-29,34,[34],cell_grid,1.0,"종류C-F 수수료미징구-직판-퇴직연금, 펀드 등 종류C-F 수수료미징구-직판-퇴직연금, 펀드 등 - - - - -"
FUND000063,KR5153450009,CLASS000801,C-F,class_return,3Y,-,2012-08-29,34,[34],cell_grid,1.0,"종류C-F 수수료미징구-직판-퇴직연금, 펀드 등 종류C-F 수수료미징구-직판-퇴직연금, 펀드 등 - - - - -"
FUND000063,KR5153450009,CLASS000801,C-F,class_return,5Y,-,2012-08-29,34,[34],cell_grid,1.0,"종류C-F 수수료미징구-직판-퇴직연금, 펀드 등 종류C-F 수수료미징구-직판-퇴직연금, 펀드 등 - - - - -"
FUND000063,KR5153450009,CLASS000801,C-F,class_return,SINCE_INCEPTION,-,2012-08-29,34,[34],cell_grid,1.0,"종류C-F 수수료미징구-직판-퇴직연금, 펀드 등 종류C-F 수수료미징구-직판-퇴직연금, 펀드 등 - - - - -"
FUND000063,KR5153450009,,,benchmark,1Y,-4.15,2006-01-04,34,[34],cell_grid,1.0,비교지수 비교지수 -4.15 2.45 -2.10 4.97 3.16
FUND000063,KR5153450009,,,benchmark,2Y,2.45,2006-01-04,34,[34],cell_grid,1.0,비교지수 비교지수 -4.15 2.45 -2.10 4.97 3.16
FUND000063,KR5153450009,,,benchmark,3Y,-2.10,2006-01-04,34,[34],cell_grid,1.0,비교지수 비교지수 -4.15 2.45 -2.10 4.97 3.16
FUND000063,KR5153450009,,,benchmark,5Y,4.97,2006-01-04,34,[34],cell_grid,1.0,비교지수 비교지수 -4.15 2.45 -2.10 4.97 3.16
FUND000063,KR5153450009,,,benchmark,SINCE_INCEPTION,3.16,2006-01-04,34,[34],cell_grid,1.0,비교지수 비교지수 -4.15 2.45 -2.10 4.97 3.16
FUND000063,KR5153450009,,,volatility,1Y,16.28,2006-01-04,34,[34],cell_grid,1.0,수익률 변동성 수익률 변동성 16.28 15.03 15.43 18.59 18.55
FUND000063,KR5153450009,,,volatility,2Y,15.03,2006-01-04,34,[34],cell_grid,1.0,수익률 변동성 수익률 변동성 16.28 15.03 15.43 18.59 18.55
FUND000063,KR5153450009,,,volatility,3Y,15.43,2006-01-04,34,[34],cell_grid,1.0,수익률 변동성 수익률 변동성 16.28 15.03 15.43 18.59 18.55
FUND000063,KR5153450009,,,volatility,5Y,18.59,2006-01-04,34,[34],cell_grid,1.0,수익률 변동성 수익률 변동성 16.28 15.03 15.43 18.59 18.55
FUND000063,KR5153450009,,,volatility,SINCE_INCEPTION,18.55,2006-01-04,34,[34],cell_grid,1.0,수익률 변동성 수익률 변동성 16.28 15.03 15.43 18.59 18.55
FUND000064,KR5153450112,,,benchmark,1Y,-5.03,2005-10-26,4,[4],coordinate_reconstruction,1.0,비교지수 2005.10.26 -5.03 1.09 -1.74 5.59 4.03
FUND000064,KR5153450112,,,benchmark,2Y,1.09,2005-10-26,4,[4],coordinate_reconstruction,1.0,비교지수 2005.10.26 -5.03 1.09 -1.74 5.59 4.03
FUND000064,KR5153450112,,,benchmark,3Y,-1.74,2005-10-26,4,[4],coordinate_reconstruction,1.0,비교지수 2005.10.26 -5.03 1.09 -1.74 5.59 4.03
FUND000064,KR5153450112,,,benchmark,5Y,5.59,2005-10-26,4,[4],coordinate_reconstruction,1.0,비교지수 2005.10.26 -5.03 1.09 -1.74 5.59 4.03
FUND000064,KR5153450112,,,benchmark,SINCE_INCEPTION,4.03,2005-10-26,4,[4],coordinate_reconstruction,1.0,비교지수 2005.10.26 -5.03 1.09 -1.74 5.59 4.03
FUND000064,KR5153450112,,,volatility,1Y,16.12,2005-10-26,4,[4],coordinate_reconstruction,1.0,수익률 변동성 16.12 15.02 15.24 15.97 17.58
FUND000064,KR5153450112,,,volatility,2Y,15.02,2005-10-26,4,[4],coordinate_reconstruction,1.0,수익률 변동성 16.12 15.02 15.24 15.97 17.58
FUND000064,KR5153450112,,,volatility,3Y,15.24,2005-10-26,4,[4],coordinate_reconstruction,1.0,수익률 변동성 16.12 15.02 15.24 15.97 17.58
FUND000064,KR5153450112,,,volatility,5Y,15.97,2005-10-26,4,[4],coordinate_reconstruction,1.0,수익률 변동성 16.12 15.02 15.24 15.97 17.58
FUND000064,KR5153450112,,,volatility,SINCE_INCEPTION,17.58,2005-10-26,4,[4],coordinate_reconstruction,1.0,수익률 변동성 16.12 15.02 15.24 15.97 17.58
FUND000064,KR5153450112,CLASS000803,C,class_return,1Y,-2.57,2005-10-26,69,[69],coordinate_reconstruction,1.0,-2.57 5.29 1.33 7.70 4.06
FUND000064,KR5153450112,CLASS000803,C,class_return,2Y,5.29,2005-10-26,69,[69],coordinate_reconstruction,1.0,-2.57 5.29 1.33 7.70 4.06
FUND000064,KR5153450112,CLASS000803,C,class_return,3Y,1.33,2005-10-26,69,[69],coordinate_reconstruction,1.0,-2.57 5.29 1.33 7.70 4.06
FUND000064,KR5153450112,CLASS000803,C,class_return,5Y,7.70,2005-10-26,69,[69],coordinate_reconstruction,1.0,-2.57 5.29 1.33 7.70 4.06
FUND000064,KR5153450112,CLASS000803,C,class_return,SINCE_INCEPTION,4.06,2005-10-26,69,[69],coordinate_reconstruction,1.0,-2.57 5.29 1.33 7.70 4.06
FUND000064,KR5153450112,CLASS000804,C-e,class_return,1Y,-2.10,2005-10-26,69,[69],coordinate_reconstruction,1.0,-2.10 5.79 1.82 8.22 3.17
FUND000064,KR5153450112,CLASS000804,C-e,class_return,2Y,5.79,2005-10-26,69,[69],coordinate_reconstruction,1.0,-2.10 5.79 1.82 8.22 3.17
FUND000064,KR5153450112,CLASS000804,C-e,class_return,3Y,1.82,2005-10-26,69,[69],coordinate_reconstruction,1.0,-2.10 5.79 1.82 8.22 3.17
FUND000064,KR5153450112,CLASS000804,C-e,class_return,5Y,8.22,2005-10-26,69,[69],coordinate_reconstruction,1.0,-2.10 5.79 1.82 8.22 3.17
FUND000064,KR5153450112,CLASS000804,C-e,class_return,SINCE_INCEPTION,3.17,2005-10-26,69,[69],coordinate_reconstruction,1.0,-2.10 5.79 1.82 8.22 3.17
FUND000064,KR5153450112,,,fund,1Y,-1.04,,69,[69],coordinate_reconstruction,1.0,투자신탁 -1.04 6.91 2.92 9.37 4.70
FUND000064,KR5153450112,,,fund,2Y,6.91,,69,[69],coordinate_reconstruction,1.0,투자신탁 -1.04 6.91 2.92 9.37 4.70
FUND000064,KR5153450112,,,fund,3Y,2.92,,69,[69],coordinate_reconstruction,1.0,투자신탁 -1.04 6.91 2.92 9.37 4.70
FUND000064,KR5153450112,,,fund,5Y,9.37,,69,[69],coordinate_reconstruction,1.0,투자신탁 -1.04 6.91 2.92 9.37 4.70
FUND000064,KR5153450112,,,fund,SINCE_INCEPTION,4.70,,69,[69],coordinate_reconstruction,1.0,투자신탁 -1.04 6.91 2.92 9.37 4.70
FUND000065,KR5153450209,CLASS000805,C,class_return,1Y,5.76,2015-04-29,3,[3],cell_grid,1.0,수수료미징구-오프라인-퇴직 2015.04.29 연금(C) 수수료미징구-오프라인-퇴직 연금(C) 2015.04.29 5.76 8.54 8.10 11.68 6.10
FUND000065,KR5153450209,CLASS000805,C,class_return,2Y,8.54,2015-04-29,3,[3],cell_grid,1.0,수수료미징구-오프라인-퇴직 2015.04.29 연금(C) 수수료미징구-오프라인-퇴직 연금(C) 2015.04.29 5.76 8.54 8.10 11.68 6.10
FUND000065,KR5153450209,CLASS000805,C,class_return,3Y,8.10,2015-04-29,3,[3],cell_grid,1.0,수수료미징구-오프라인-퇴직 2015.04.29 연금(C) 수수료미징구-오프라인-퇴직 연금(C) 2015.04.29 5.76 8.54 8.10 11.68 6.10
FUND000065,KR5153450209,CLASS000805,C,class_return,5Y,11.68,2015-04-29,3,[3],cell_grid,1.0,수수료미징구-오프라인-퇴직 2015.04.29 연금(C) 수수료미징구-오프라인-퇴직 연금(C) 2015.04.29 5.76 8.54 8.10 11.68 6.10
FUND000065,KR5153450209,CLASS000805,C,class_return,SINCE_INCEPTION,6.10,2015-04-29,3,[3],cell_grid,1.0,수수료미징구-오프라인-퇴직 2015.04.29 연금(C) 수수료미징구-오프라인-퇴직 연금(C) 2015.04.29 5.76 8.54 8.10 11.68 6.10
FUND000065,KR5153450209,CLASS000806,C-P2e,class_return,1Y,6.18,2017-08-17,3,[3],cell_grid,1.0,수수료미징구-온라인-퇴직연 2017.08.17 금(C-P2e) 수수료미징구-온라인-퇴직연 금(C-P2e) 2017.08.17 6.18 8.98 8.53 12.13 9.67
FUND000065,KR5153450209,CLASS000806,C-P2e,class_return,2Y,8.98,2017-08-17,3,[3],cell_grid,1.0,수수료미징구-온라인-퇴직연 2017.08.17 금(C-P2e) 수수료미징구-온라인-퇴직연 금(C-P2e) 2017.08.17 6.18 8.98 8.53 12.13 9.67
FUND000065,KR5153450209,CLASS000806,C-P2e,class_return,3Y,8.53,2017-08-17,3,[3],cell_grid,1.0,수수료미징구-온라인-퇴직연 2017.08.17 금(C-P2e) 수수료미징구-온라인-퇴직연 금(C-P2e) 2017.08.17 6.18 8.98 8.53 12.13 9.67
FUND000065,KR5153450209,CLASS000806,C-P2e,class_return,5Y,12.13,2017-08-17,3,[3],cell_grid,1.0,수수료미징구-온라인-퇴직연 2017.08.17 금(C-P2e) 수수료미징구-온라인-퇴직연 금(C-P2e) 2017.08.17 6.18 8.98 8.53 12.13 9.67
FUND000065,KR5153450209,CLASS000806,C-P2e,class_return,SINCE_INCEPTION,9.67,2017-08-17,3,[3],cell_grid,1.0,수수료미징구-온라인-퇴직연 2017.08.17 금(C-P2e) 수수료미징구-온라인-퇴직연 금(C-P2e) 2017.08.17 6.18 8.98 8.53 12.13 9.67
FUND000065,KR5153450209,,,fund,1Y,7.02,2015-04-29,3,[3],cell_grid,1.0,투자실적 투자신탁 2015.04.29 투자실적 투자신탁 2015.04.29 7.02 9.84 9.39 13.02 7.37
FUND000065,KR5153450209,,,fund,2Y,9.84,2015-04-29,3,[3],cell_grid,1.0,투자실적 투자신탁 2015.04.29 투자실적 투자신탁 2015.04.29 7.02 9.84 9.39 13.02 7.37
FUND000065,KR5153450209,,,fund,3Y,9.39,2015-04-29,3,[3],cell_grid,1.0,투자실적 투자신탁 2015.04.29 투자실적 투자신탁 2015.04.29 7.02 9.84 9.39 13.02 7.37
FUND000065,KR5153450209,,,fund,5Y,13.02,2015-04-29,3,[3],cell_grid,1.0,투자실적 투자신탁 2015.04.29 투자실적 투자신탁 2015.04.29 7.02 9.84 9.39 13.02 7.37
FUND000065,KR5153450209,,,fund,SINCE_INCEPTION,7.37,2015-04-29,3,[3],cell_grid,1.0,투자실적 투자신탁 2015.04.29 투자실적 투자신탁 2015.04.29 7.02 9.84 9.39 13.02 7.37
FUND000065,KR5153450209,,,benchmark,1Y,9.79,2015-04-29,4,[4],cell_grid,1.0,(연평균 비교지수 (연평균 비교지수 9.79 9.43 9.60 7.81
FUND000065,KR5153450209,,,benchmark,2Y,9.43,2015-04-29,4,[4],cell_grid,1.0,(연평균 비교지수 (연평균 비교지수 9.79 9.43 9.60 7.81
FUND000065,KR5153450209,,,benchmark,3Y,9.60,2015-04-29,4,[4],cell_grid,1.0,(연평균 비교지수 (연평균 비교지수 9.79 9.43 9.60 7.81
FUND000065,KR5153450209,,,benchmark,5Y,7.81,2015-04-29,4,[4],cell_grid,1.0,(연평균 비교지수 (연평균 비교지수 9.79 9.43 9.60 7.81
FUND000065,KR5153450209,,,volatility,1Y,18.07,2015-04-29,4,[4],cell_grid,1.0,단위: %) 수익률 변동성 단위: %) 수익률 변동성 18.07 16.03 16.06 17.94
FUND000065,KR5153450209,,,volatility,2Y,16.03,2015-04-29,4,[4],cell_grid,1.0,단위: %) 수익률 변동성 단위: %) 수익률 변동성 18.07 16.03 16.06 17.94
FUND000065,KR5153450209,,,volatility,3Y,16.06,2015-04-29,4,[4],cell_grid,1.0,단위: %) 수익률 변동성 단위: %) 수익률 변동성 18.07 16.03 16.06 17.94
FUND000065,KR5153450209,,,volatility,5Y,17.94,2015-04-29,4,[4],cell_grid,1.0,단위: %) 수익률 변동성 단위: %) 수익률 변동성 18.07 16.03 16.06 17.94
FUND000065,KR5153450209,CLASS000808,C-P2I,class_return,1Y,-,2017-08-08,34,[34],cell_grid,1.0,"종류C-P2I 수수료미징구-오프라인-퇴직연금, 고액 종류C-P2I 수수료미징구-오프라인-퇴직연금, 고액 - - - - -"
FUND000065,KR5153450209,CLASS000808,C-P2I,class_return,2Y,-,2017-08-08,34,[34],cell_grid,1.0,"종류C-P2I 수수료미징구-오프라인-퇴직연금, 고액 종류C-P2I 수수료미징구-오프라인-퇴직연금, 고액 - - - - -"
FUND000065,KR5153450209,CLASS000808,C-P2I,class_return,3Y,-,2017-08-08,34,[34],cell_grid,1.0,"종류C-P2I 수수료미징구-오프라인-퇴직연금, 고액 종류C-P2I 수수료미징구-오프라인-퇴직연금, 고액 - - - - -"
FUND000065,KR5153450209,CLASS000808,C-P2I,class_return,5Y,-,2017-08-08,34,[34],cell_grid,1.0,"종류C-P2I 수수료미징구-오프라인-퇴직연금, 고액 종류C-P2I 수수료미징구-오프라인-퇴직연금, 고액 - - - - -"
FUND000065,KR5153450209,CLASS000808,C-P2I,class_return,SINCE_INCEPTION,-,2017-08-08,34,[34],cell_grid,1.0,"종류C-P2I 수수료미징구-오프라인-퇴직연금, 고액 종류C-P2I 수수료미징구-오프라인-퇴직연금, 고액 - - - - -"
FUND000065,KR5153450209,,,benchmark,1Y,9.79,2015-04-29,34,[34],cell_grid,1.0,비교지수 비교지수 9.79 9.43 9.60 7.81 3.58
FUND000065,KR5153450209,,,benchmark,2Y,9.43,2015-04-29,34,[34],cell_grid,1.0,비교지수 비교지수 9.79 9.43 9.60 7.81 3.58
FUND000065,KR5153450209,,,benchmark,3Y,9.60,2015-04-29,34,[34],cell_grid,1.0,비교지수 비교지수 9.79 9.43 9.60 7.81 3.58
FUND000065,KR5153450209,,,benchmark,5Y,7.81,2015-04-29,34,[34],cell_grid,1.0,비교지수 비교지수 9.79 9.43 9.60 7.81 3.58
FUND000065,KR5153450209,,,benchmark,SINCE_INCEPTION,3.58,2015-04-29,34,[34],cell_grid,1.0,비교지수 비교지수 9.79 9.43 9.60 7.81 3.58
FUND000065,KR5153450209,,,volatility,1Y,18.07,2015-04-29,34,[34],cell_grid,1.0,수익률 변동성 수익률 변동성 18.07 16.03 16.06 17.94 19.79
FUND000065,KR5153450209,,,volatility,2Y,16.03,2015-04-29,34,[34],cell_grid,1.0,수익률 변동성 수익률 변동성 18.07 16.03 16.06 17.94 19.79
FUND000065,KR5153450209,,,volatility,3Y,16.06,2015-04-29,34,[34],cell_grid,1.0,수익률 변동성 수익률 변동성 18.07 16.03 16.06 17.94 19.79
FUND000065,KR5153450209,,,volatility,5Y,17.94,2015-04-29,34,[34],cell_grid,1.0,수익률 변동성 수익률 변동성 18.07 16.03 16.06 17.94 19.79
FUND000065,KR5153450209,,,volatility,SINCE_INCEPTION,19.79,2015-04-29,34,[34],cell_grid,1.0,수익률 변동성 수익률 변동성 18.07 16.03 16.06 17.94 19.79
FUND000066,KR5153450250,CLASS000809,C,class_return,1Y,17.69,2015-07-01,3,[3],cell_grid,1.0,2015.07.01 연금(C) 연금(C) 2015.07.01 17.69 15.92 12.23 9.93 5.85
FUND000066,KR5153450250,CLASS000809,C,class_return,2Y,15.92,2015-07-01,3,[3],cell_grid,1.0,2015.07.01 연금(C) 연금(C) 2015.07.01 17.69 15.92 12.23 9.93 5.85
FUND000066,KR5153450250,CLASS000809,C,class_return,3Y,12.23,2015-07-01,3,[3],cell_grid,1.0,2015.07.01 연금(C) 연금(C) 2015.07.01 17.69 15.92 12.23 9.93 5.85
FUND000066,KR5153450250,CLASS000809,C,class_return,5Y,9.93,2015-07-01,3,[3],cell_grid,1.0,2015.07.01 연금(C) 연금(C) 2015.07.01 17.69 15.92 12.23 9.93 5.85
FUND000066,KR5153450250,CLASS000809,C,class_return,SINCE_INCEPTION,5.85,2015-07-01,3,[3],cell_grid,1.0,2015.07.01 연금(C) 연금(C) 2015.07.01 17.69 15.92 12.23 9.93 5.85
FUND000066,KR5153450250,CLASS000810,C-P2e,class_return,1Y,18.16,2017-09-11,3,[3],cell_grid,1.0,2017.09.11 금(C-P2e) 금(C-P2e) 2017.09.11 18.16 16.38 12.68 10.37 9.50
FUND000066,KR5153450250,CLASS000810,C-P2e,class_return,2Y,16.38,2017-09-11,3,[3],cell_grid,1.0,2017.09.11 금(C-P2e) 금(C-P2e) 2017.09.11 18.16 16.38 12.68 10.37 9.50
FUND000066,KR5153450250,CLASS000810,C-P2e,class_return,3Y,12.68,2017-09-11,3,[3],cell_grid,1.0,2017.09.11 금(C-P2e) 금(C-P2e) 2017.09.11 18.16 16.38 12.68 10.37 9.50
FUND000066,KR5153450250,CLASS000810,C-P2e,class_return,5Y,10.37,2017-09-11,3,[3],cell_grid,1.0,2017.09.11 금(C-P2e) 금(C-P2e) 2017.09.11 18.16 16.38 12.68 10.37 9.50
FUND000066,KR5153450250,CLASS000810,C-P2e,class_return,SINCE_INCEPTION,9.50,2017-09-11,3,[3],cell_grid,1.0,2017.09.11 금(C-P2e) 금(C-P2e) 2017.09.11 18.16 16.38 12.68 10.37 9.50
FUND000066,KR5153450250,,,fund,1Y,19.09,2015-07-01,4,[4],cell_grid,1.0,투자실적 투자신탁 추이 투자실적 추이 투자신탁 19.09 17.29 13.57 11.25 7.12
FUND000066,KR5153450250,,,fund,2Y,17.29,2015-07-01,4,[4],cell_grid,1.0,투자실적 투자신탁 추이 투자실적 추이 투자신탁 19.09 17.29 13.57 11.25 7.12
FUND000066,KR5153450250,,,fund,3Y,13.57,2015-07-01,4,[4],cell_grid,1.0,투자실적 투자신탁 추이 투자실적 추이 투자신탁 19.09 17.29 13.57 11.25 7.12
FUND000066,KR5153450250,,,fund,5Y,11.25,2015-07-01,4,[4],cell_grid,1.0,투자실적 투자신탁 추이 투자실적 추이 투자신탁 19.09 17.29 13.57 11.25 7.12
FUND000066,KR5153450250,,,fund,SINCE_INCEPTION,7.12,2015-07-01,4,[4],cell_grid,1.0,투자실적 투자신탁 추이 투자실적 추이 투자신탁 19.09 17.29 13.57 11.25 7.12
FUND000066,KR5153450250,,,benchmark,1Y,19.13,2015-07-01,4,[4],cell_grid,1.0,"(연평균 2015.07.01 비교지수 수익률, (연평균 수익률, 비교지수 19.13 11.62 8.82 6.49 4.31"
FUND000066,KR5153450250,,,benchmark,2Y,11.62,2015-07-01,4,[4],cell_grid,1.0,"(연평균 2015.07.01 비교지수 수익률, (연평균 수익률, 비교지수 19.13 11.62 8.82 6.49 4.31"
FUND000066,KR5153450250,,,benchmark,3Y,8.82,2015-07-01,4,[4],cell_grid,1.0,"(연평균 2015.07.01 비교지수 수익률, (연평균 수익률, 비교지수 19.13 11.62 8.82 6.49 4.31"
FUND000066,KR5153450250,,,benchmark,5Y,6.49,2015-07-01,4,[4],cell_grid,1.0,"(연평균 2015.07.01 비교지수 수익률, (연평균 수익률, 비교지수 19.13 11.62 8.82 6.49 4.31"
FUND000066,KR5153450250,,,benchmark,SINCE_INCEPTION,4.31,2015-07-01,4,[4],cell_grid,1.0,"(연평균 2015.07.01 비교지수 수익률, (연평균 수익률, 비교지수 19.13 11.62 8.82 6.49 4.31"
FUND000066,KR5153450250,,,volatility,1Y,15.95,2015-07-01,4,[4],cell_grid,1.0,단위: %) 수익률 변동성 단위: %) 수익률 변동성 15.95 14.16 13.72 13.87 15.22
FUND000066,KR5153450250,,,volatility,2Y,14.16,2015-07-01,4,[4],cell_grid,1.0,단위: %) 수익률 변동성 단위: %) 수익률 변동성 15.95 14.16 13.72 13.87 15.22
FUND000066,KR5153450250,,,volatility,3Y,13.72,2015-07-01,4,[4],cell_grid,1.0,단위: %) 수익률 변동성 단위: %) 수익률 변동성 15.95 14.16 13.72 13.87 15.22
FUND000066,KR5153450250,,,volatility,5Y,13.87,2015-07-01,4,[4],cell_grid,1.0,단위: %) 수익률 변동성 단위: %) 수익률 변동성 15.95 14.16 13.72 13.87 15.22
FUND000066,KR5153450250,,,volatility,SINCE_INCEPTION,15.22,2015-07-01,4,[4],cell_grid,1.0,단위: %) 수익률 변동성 단위: %) 수익률 변동성 15.95 14.16 13.72 13.87 15.22
FUND000066,KR5153450250,CLASS000811,C-F,class_return,1Y,-,2016-01-20,34,[34],cell_grid,1.0,"종류C-F 수수료미징구-직판-퇴직연금, 펀드 등 종류C-F 수수료미징구-직판-퇴직연금, 펀드 등 - - - - -"
FUND000066,KR5153450250,CLASS000811,C-F,class_return,2Y,-,2016-01-20,34,[34],cell_grid,1.0,"종류C-F 수수료미징구-직판-퇴직연금, 펀드 등 종류C-F 수수료미징구-직판-퇴직연금, 펀드 등 - - - - -"
FUND000066,KR5153450250,CLASS000811,C-F,class_return,3Y,-,2016-01-20,34,[34],cell_grid,1.0,"종류C-F 수수료미징구-직판-퇴직연금, 펀드 등 종류C-F 수수료미징구-직판-퇴직연금, 펀드 등 - - - - -"
FUND000066,KR5153450250,CLASS000811,C-F,class_return,5Y,-,2016-01-20,34,[34],cell_grid,1.0,"종류C-F 수수료미징구-직판-퇴직연금, 펀드 등 종류C-F 수수료미징구-직판-퇴직연금, 펀드 등 - - - - -"
FUND000066,KR5153450250,CLASS000811,C-F,class_return,SINCE_INCEPTION,-,2016-01-20,34,[34],cell_grid,1.0,"종류C-F 수수료미징구-직판-퇴직연금, 펀드 등 종류C-F 수수료미징구-직판-퇴직연금, 펀드 등 - - - - -"
FUND000067,KR5153450268,CLASS000812,A,class_return,1Y,18.56,2014-04-16,4,[4],cell_grid,1.0,수수료선취-오프라인(A) 수수료선취-오프라인(A) 18.56 7.78 7.45 7.39 5.07
FUND000067,KR5153450268,CLASS000812,A,class_return,2Y,7.78,2014-04-16,4,[4],cell_grid,1.0,수수료선취-오프라인(A) 수수료선취-오프라인(A) 18.56 7.78 7.45 7.39 5.07
FUND000067,KR5153450268,CLASS000812,A,class_return,3Y,7.45,2014-04-16,4,[4],cell_grid,1.0,수수료선취-오프라인(A) 수수료선취-오프라인(A) 18.56 7.78 7.45 7.39 5.07
FUND000067,KR5153450268,CLASS000812,A,class_return,5Y,7.39,2014-04-16,4,[4],cell_grid,1.0,수수료선취-오프라인(A) 수수료선취-오프라인(A) 18.56 7.78 7.45 7.39 5.07
FUND000067,KR5153450268,CLASS000812,A,class_return,SINCE_INCEPTION,5.07,2014-04-16,4,[4],cell_grid,1.0,수수료선취-오프라인(A) 수수료선취-오프라인(A) 18.56 7.78 7.45 7.39 5.07
FUND000067,KR5153450268,CLASS000815,C1,class_return,1Y,-,2014-04-16,4,[4],cell_grid,1.0,수수료미징구-오프라인-보수 체감(C1) 2014.04.16 수수료미징구-오프라인-보수 체감(C1) - - - - -
FUND000067,KR5153450268,CLASS000815,C1,class_return,2Y,-,2014-04-16,4,[4],cell_grid,1.0,수수료미징구-오프라인-보수 체감(C1) 2014.04.16 수수료미징구-오프라인-보수 체감(C1) - - - - -
FUND000067,KR5153450268,CLASS000815,C1,class_return,3Y,-,2014-04-16,4,[4],cell_grid,1.0,수수료미징구-오프라인-보수 체감(C1) 2014.04.16 수수료미징구-오프라인-보수 체감(C1) - - - - -
FUND000067,KR5153450268,CLASS000815,C1,class_return,5Y,-,2014-04-16,4,[4],cell_grid,1.0,수수료미징구-오프라인-보수 체감(C1) 2014.04.16 수수료미징구-오프라인-보수 체감(C1) - - - - -
FUND000067,KR5153450268,CLASS000815,C1,class_return,SINCE_INCEPTION,-,2014-04-16,4,[4],cell_grid,1.0,수수료미징구-오프라인-보수 체감(C1) 2014.04.16 수수료미징구-오프라인-보수 체감(C1) - - - - -
FUND000067,KR5153450268,CLASS000813,A-e,class_return,1Y,18.88,2014-04-16,4,[4],cell_grid,1.0,수수료선취-온라인(A-e) 수수료선취-온라인(A-e) 18.88 8.08 7.75 7.69 5.36
FUND000067,KR5153450268,CLASS000813,A-e,class_return,2Y,8.08,2014-04-16,4,[4],cell_grid,1.0,수수료선취-온라인(A-e) 수수료선취-온라인(A-e) 18.88 8.08 7.75 7.69 5.36
FUND000067,KR5153450268,CLASS000813,A-e,class_return,3Y,7.75,2014-04-16,4,[4],cell_grid,1.0,수수료선취-온라인(A-e) 수수료선취-온라인(A-e) 18.88 8.08 7.75 7.69 5.36
FUND000067,KR5153450268,CLASS000813,A-e,class_return,5Y,7.69,2014-04-16,4,[4],cell_grid,1.0,수수료선취-온라인(A-e) 수수료선취-온라인(A-e) 18.88 8.08 7.75 7.69 5.36
FUND000067,KR5153450268,CLASS000813,A-e,class_return,SINCE_INCEPTION,5.36,2014-04-16,4,[4],cell_grid,1.0,수수료선취-온라인(A-e) 수수료선취-온라인(A-e) 18.88 8.08 7.75 7.69 5.36
FUND000067,KR5153450268,CLASS000819,C-e,class_return,1Y,18.61,2014-04-16,4,[4],cell_grid,1.0,수수료미징구-온라인(C-e) 수수료미징구-온라인(C-e) 18.61 7.83 7.50 7.44 5.12
FUND000067,KR5153450268,CLASS000819,C-e,class_return,2Y,7.83,2014-04-16,4,[4],cell_grid,1.0,수수료미징구-온라인(C-e) 수수료미징구-온라인(C-e) 18.61 7.83 7.50 7.44 5.12
FUND000067,KR5153450268,CLASS000819,C-e,class_return,3Y,7.50,2014-04-16,4,[4],cell_grid,1.0,수수료미징구-온라인(C-e) 수수료미징구-온라인(C-e) 18.61 7.83 7.50 7.44 5.12
FUND000067,KR5153450268,CLASS000819,C-e,class_return,5Y,7.44,2014-04-16,4,[4],cell_grid,1.0,수수료미징구-온라인(C-e) 수수료미징구-온라인(C-e) 18.61 7.83 7.50 7.44 5.12
FUND000067,KR5153450268,CLASS000819,C-e,class_return,SINCE_INCEPTION,5.12,2014-04-16,4,[4],cell_grid,1.0,수수료미징구-온라인(C-e) 수수료미징구-온라인(C-e) 18.61 7.83 7.50 7.44 5.12
FUND000067,KR5153450268,CLASS000825,C-P,class_return,1Y,18.11,2016-03-02,4,[4],cell_grid,1.0,수수료미징구-오프라인-개인 2016.03.02 연금(C-P) 수수료미징구-오프라인-개인 연금(C-P) 2016.03.02 18.11 7.37 7.04 6.98 4.30
FUND000067,KR5153450268,CLASS000825,C-P,class_return,2Y,7.37,2016-03-02,4,[4],cell_grid,1.0,수수료미징구-오프라인-개인 2016.03.02 연금(C-P) 수수료미징구-오프라인-개인 연금(C-P) 2016.03.02 18.11 7.37 7.04 6.98 4.30
FUND000067,KR5153450268,CLASS000825,C-P,class_return,3Y,7.04,2016-03-02,4,[4],cell_grid,1.0,수수료미징구-오프라인-개인 2016.03.02 연금(C-P) 수수료미징구-오프라인-개인 연금(C-P) 2016.03.02 18.11 7.37 7.04 6.98 4.30
FUND000067,KR5153450268,CLASS000825,C-P,class_return,5Y,6.98,2016-03-02,4,[4],cell_grid,1.0,수수료미징구-오프라인-개인 2016.03.02 연금(C-P) 수수료미징구-오프라인-개인 연금(C-P) 2016.03.02 18.11 7.37 7.04 6.98 4.30
FUND000067,KR5153450268,CLASS000825,C-P,class_return,SINCE_INCEPTION,4.30,2016-03-02,4,[4],cell_grid,1.0,수수료미징구-오프라인-개인 2016.03.02 연금(C-P) 수수료미징구-오프라인-개인 연금(C-P) 2016.03.02 18.11 7.37 7.04 6.98 4.30
FUND000067,KR5153450268,,,fund,1Y,19.90,2014-04-16,4,[4],cell_grid,1.0,투자실적 투자신탁 추이 투자실적 추이 투자신탁 19.90 9.01 8.68 8.62 6.27
FUND000067,KR5153450268,,,fund,2Y,9.01,2014-04-16,4,[4],cell_grid,1.0,투자실적 투자신탁 추이 투자실적 추이 투자신탁 19.90 9.01 8.68 8.62 6.27
FUND000067,KR5153450268,,,fund,3Y,8.68,2014-04-16,4,[4],cell_grid,1.0,투자실적 투자신탁 추이 투자실적 추이 투자신탁 19.90 9.01 8.68 8.62 6.27
FUND000067,KR5153450268,,,fund,5Y,8.62,2014-04-16,4,[4],cell_grid,1.0,투자실적 투자신탁 추이 투자실적 추이 투자신탁 19.90 9.01 8.68 8.62 6.27
FUND000067,KR5153450268,,,fund,SINCE_INCEPTION,6.27,2014-04-16,4,[4],cell_grid,1.0,투자실적 투자신탁 추이 투자실적 추이 투자신탁 19.90 9.01 8.68 8.62 6.27
FUND000067,KR5153450268,,,benchmark,1Y,17.75,2014-04-16,4,[4],cell_grid,1.0,"(연평균 2014.04.16 비교지수 수익률, (연평균 수익률, 비교지수 17.75 9.87 7.85 4.53 3.66"
FUND000067,KR5153450268,,,benchmark,2Y,9.87,2014-04-16,4,[4],cell_grid,1.0,"(연평균 2014.04.16 비교지수 수익률, (연평균 수익률, 비교지수 17.75 9.87 7.85 4.53 3.66"
FUND000067,KR5153450268,,,benchmark,3Y,7.85,2014-04-16,4,[4],cell_grid,1.0,"(연평균 2014.04.16 비교지수 수익률, (연평균 수익률, 비교지수 17.75 9.87 7.85 4.53 3.66"
FUND000067,KR5153450268,,,benchmark,5Y,4.53,2014-04-16,4,[4],cell_grid,1.0,"(연평균 2014.04.16 비교지수 수익률, (연평균 수익률, 비교지수 17.75 9.87 7.85 4.53 3.66"
FUND000067,KR5153450268,,,benchmark,SINCE_INCEPTION,3.66,2014-04-16,4,[4],cell_grid,1.0,"(연평균 2014.04.16 비교지수 수익률, (연평균 수익률, 비교지수 17.75 9.87 7.85 4.53 3.66"
FUND000067,KR5153450268,,,volatility,1Y,7.55,2014-04-16,4,[4],cell_grid,1.0,단위: %) 수익률 변동성 단위: %) 수익률 변동성 7.55 7.32 6.81 6.25 5.72
FUND000067,KR5153450268,,,volatility,2Y,7.32,2014-04-16,4,[4],cell_grid,1.0,단위: %) 수익률 변동성 단위: %) 수익률 변동성 7.55 7.32 6.81 6.25 5.72
FUND000067,KR5153450268,,,volatility,3Y,6.81,2014-04-16,4,[4],cell_grid,1.0,단위: %) 수익률 변동성 단위: %) 수익률 변동성 7.55 7.32 6.81 6.25 5.72
FUND000067,KR5153450268,,,volatility,5Y,6.25,2014-04-16,4,[4],cell_grid,1.0,단위: %) 수익률 변동성 단위: %) 수익률 변동성 7.55 7.32 6.81 6.25 5.72
FUND000067,KR5153450268,,,volatility,SINCE_INCEPTION,5.72,2014-04-16,4,[4],cell_grid,1.0,단위: %) 수익률 변동성 단위: %) 수익률 변동성 7.55 7.32 6.81 6.25 5.72
FUND000067,KR5153450268,CLASS000816,C2,class_return,1Y,17.94,2015-04-17,48,[48],cell_grid,1.0,종류C2 수수료미징구-오프라인-보수체감 종류C2 수수료미징구-오프라인-보수체감 17.94 7.26 6.92 4.82 3.33
FUND000067,KR5153450268,CLASS000816,C2,class_return,2Y,7.26,2015-04-17,48,[48],cell_grid,1.0,종류C2 수수료미징구-오프라인-보수체감 종류C2 수수료미징구-오프라인-보수체감 17.94 7.26 6.92 4.82 3.33
FUND000067,KR5153450268,CLASS000816,C2,class_return,3Y,6.92,2015-04-17,48,[48],cell_grid,1.0,종류C2 수수료미징구-오프라인-보수체감 종류C2 수수료미징구-오프라인-보수체감 17.94 7.26 6.92 4.82 3.33
FUND000067,KR5153450268,CLASS000816,C2,class_return,5Y,4.82,2015-04-17,48,[48],cell_grid,1.0,종류C2 수수료미징구-오프라인-보수체감 종류C2 수수료미징구-오프라인-보수체감 17.94 7.26 6.92 4.82 3.33
FUND000067,KR5153450268,CLASS000816,C2,class_return,SINCE_INCEPTION,3.33,2015-04-17,48,[48],cell_grid,1.0,종류C2 수수료미징구-오프라인-보수체감 종류C2 수수료미징구-오프라인-보수체감 17.94 7.26 6.92 4.82 3.33
FUND000067,KR5153450268,CLASS000817,C3,class_return,1Y,18.21,2016-04-18,48,[48],cell_grid,1.0,종류C3 수수료미징구-오프라인-보수체감 종류C3 수수료미징구-오프라인-보수체감 18.21 7.43 7.10 6.82 4.16
FUND000067,KR5153450268,CLASS000817,C3,class_return,2Y,7.43,2016-04-18,48,[48],cell_grid,1.0,종류C3 수수료미징구-오프라인-보수체감 종류C3 수수료미징구-오프라인-보수체감 18.21 7.43 7.10 6.82 4.16
FUND000067,KR5153450268,CLASS000817,C3,class_return,3Y,7.10,2016-04-18,48,[48],cell_grid,1.0,종류C3 수수료미징구-오프라인-보수체감 종류C3 수수료미징구-오프라인-보수체감 18.21 7.43 7.10 6.82 4.16
FUND000067,KR5153450268,CLASS000817,C3,class_return,5Y,6.82,2016-04-18,48,[48],cell_grid,1.0,종류C3 수수료미징구-오프라인-보수체감 종류C3 수수료미징구-오프라인-보수체감 18.21 7.43 7.10 6.82 4.16
FUND000067,KR5153450268,CLASS000817,C3,class_return,SINCE_INCEPTION,4.16,2016-04-18,48,[48],cell_grid,1.0,종류C3 수수료미징구-오프라인-보수체감 종류C3 수수료미징구-오프라인-보수체감 18.21 7.43 7.10 6.82 4.16
FUND000067,KR5153450268,CLASS000818,C4,class_return,1Y,18.37,2017-04-17,48,[48],cell_grid,1.0,종류C4 수수료미징구-오프라인-보수체감 종류C4 수수료미징구-오프라인-보수체감 18.37 7.61 7.28 7.22 5.06
FUND000067,KR5153450268,CLASS000818,C4,class_return,2Y,7.61,2017-04-17,48,[48],cell_grid,1.0,종류C4 수수료미징구-오프라인-보수체감 종류C4 수수료미징구-오프라인-보수체감 18.37 7.61 7.28 7.22 5.06
FUND000067,KR5153450268,CLASS000818,C4,class_return,3Y,7.28,2017-04-17,48,[48],cell_grid,1.0,종류C4 수수료미징구-오프라인-보수체감 종류C4 수수료미징구-오프라인-보수체감 18.37 7.61 7.28 7.22 5.06
FUND000067,KR5153450268,CLASS000818,C4,class_return,5Y,7.22,2017-04-17,48,[48],cell_grid,1.0,종류C4 수수료미징구-오프라인-보수체감 종류C4 수수료미징구-오프라인-보수체감 18.37 7.61 7.28 7.22 5.06
FUND000067,KR5153450268,CLASS000818,C4,class_return,SINCE_INCEPTION,5.06,2017-04-17,48,[48],cell_grid,1.0,종류C4 수수료미징구-오프라인-보수체감 종류C4 수수료미징구-오프라인-보수체감 18.37 7.61 7.28 7.22 5.06
FUND000067,KR5153450268,CLASS000821,F,class_return,1Y,19.17,2014-04-28,48,[48],cell_grid,1.0,"종류F 수수료미징구-오프라인-랩, 펀드 등 종류F 수수료미징구-오프라인-랩, 펀드 등 19.17 8.35 8.03 7.97 5.16"
FUND000067,KR5153450268,CLASS000821,F,class_return,2Y,8.35,2014-04-28,48,[48],cell_grid,1.0,"종류F 수수료미징구-오프라인-랩, 펀드 등 종류F 수수료미징구-오프라인-랩, 펀드 등 19.17 8.35 8.03 7.97 5.16"
FUND000067,KR5153450268,CLASS000821,F,class_return,3Y,8.03,2014-04-28,48,[48],cell_grid,1.0,"종류F 수수료미징구-오프라인-랩, 펀드 등 종류F 수수료미징구-오프라인-랩, 펀드 등 19.17 8.35 8.03 7.97 5.16"
FUND000067,KR5153450268,CLASS000821,F,class_return,5Y,7.97,2014-04-28,48,[48],cell_grid,1.0,"종류F 수수료미징구-오프라인-랩, 펀드 등 종류F 수수료미징구-오프라인-랩, 펀드 등 19.17 8.35 8.03 7.97 5.16"
FUND000067,KR5153450268,CLASS000821,F,class_return,SINCE_INCEPTION,5.16,2014-04-28,48,[48],cell_grid,1.0,"종류F 수수료미징구-오프라인-랩, 펀드 등 종류F 수수료미징구-오프라인-랩, 펀드 등 19.17 8.35 8.03 7.97 5.16"
FUND000067,KR5153450268,CLASS000822,S,class_return,1Y,18.94,2018-08-28,48,[48],cell_grid,1.0,종류S 수수료후취-온라인슈퍼 종류S 수수료후취-온라인슈퍼 18.94 8.14 7.80 7.78 5.59
FUND000067,KR5153450268,CLASS000822,S,class_return,2Y,8.14,2018-08-28,48,[48],cell_grid,1.0,종류S 수수료후취-온라인슈퍼 종류S 수수료후취-온라인슈퍼 18.94 8.14 7.80 7.78 5.59
FUND000067,KR5153450268,CLASS000822,S,class_return,3Y,7.80,2018-08-28,48,[48],cell_grid,1.0,종류S 수수료후취-온라인슈퍼 종류S 수수료후취-온라인슈퍼 18.94 8.14 7.80 7.78 5.59
FUND000067,KR5153450268,CLASS000822,S,class_return,5Y,7.78,2018-08-28,48,[48],cell_grid,1.0,종류S 수수료후취-온라인슈퍼 종류S 수수료후취-온라인슈퍼 18.94 8.14 7.80 7.78 5.59
FUND000067,KR5153450268,CLASS000822,S,class_return,SINCE_INCEPTION,5.59,2018-08-28,48,[48],cell_grid,1.0,종류S 수수료후취-온라인슈퍼 종류S 수수료후취-온라인슈퍼 18.94 8.14 7.80 7.78 5.59
FUND000067,KR5153450268,CLASS000824,C-I,class_return,1Y,-,2014-05-09,48,[48],cell_grid,1.0,종류C-I 수수료미징구-오프라인-기관 종류C-I 수수료미징구-오프라인-기관 - - - - -
FUND000067,KR5153450268,CLASS000824,C-I,class_return,2Y,-,2014-05-09,48,[48],cell_grid,1.0,종류C-I 수수료미징구-오프라인-기관 종류C-I 수수료미징구-오프라인-기관 - - - - -
FUND000067,KR5153450268,CLASS000824,C-I,class_return,3Y,-,2014-05-09,48,[48],cell_grid,1.0,종류C-I 수수료미징구-오프라인-기관 종류C-I 수수료미징구-오프라인-기관 - - - - -
FUND000067,KR5153450268,CLASS000824,C-I,class_return,5Y,-,2014-05-09,48,[48],cell_grid,1.0,종류C-I 수수료미징구-오프라인-기관 종류C-I 수수료미징구-오프라인-기관 - - - - -
FUND000067,KR5153450268,CLASS000824,C-I,class_return,SINCE_INCEPTION,-,2014-05-09,48,[48],cell_grid,1.0,종류C-I 수수료미징구-오프라인-기관 종류C-I 수수료미징구-오프라인-기관 - - - - -
FUND000067,KR5153450268,CLASS000826,C-Pe,class_return,1Y,18.65,2016-01-15,49,[49],cell_grid,1.0,종류C-Pe 수수료미징구-온라인-개인연금 종류C-Pe 수수료미징구-온라인-개인연금 18.65 7.87 7.53 7.47 4.86
FUND000067,KR5153450268,CLASS000826,C-Pe,class_return,2Y,7.87,2016-01-15,49,[49],cell_grid,1.0,종류C-Pe 수수료미징구-온라인-개인연금 종류C-Pe 수수료미징구-온라인-개인연금 18.65 7.87 7.53 7.47 4.86
FUND000067,KR5153450268,CLASS000826,C-Pe,class_return,3Y,7.53,2016-01-15,49,[49],cell_grid,1.0,종류C-Pe 수수료미징구-온라인-개인연금 종류C-Pe 수수료미징구-온라인-개인연금 18.65 7.87 7.53 7.47 4.86
FUND000067,KR5153450268,CLASS000826,C-Pe,class_return,5Y,7.47,2016-01-15,49,[49],cell_grid,1.0,종류C-Pe 수수료미징구-온라인-개인연금 종류C-Pe 수수료미징구-온라인-개인연금 18.65 7.87 7.53 7.47 4.86
FUND000067,KR5153450268,CLASS000826,C-Pe,class_return,SINCE_INCEPTION,4.86,2016-01-15,49,[49],cell_grid,1.0,종류C-Pe 수수료미징구-온라인-개인연금 종류C-Pe 수수료미징구-온라인-개인연금 18.65 7.87 7.53 7.47 4.86
FUND000067,KR5153450268,CLASS000828,C-P2e,class_return,1Y,18.77,2020-12-31,49,[49],cell_grid,1.0,종류C-P2e 수수료미징구-온라인-퇴직연금 종류C-P2e 수수료미징구-온라인-퇴직연금 18.77 7.97 7.64 - 6.96
FUND000067,KR5153450268,CLASS000828,C-P2e,class_return,2Y,7.97,2020-12-31,49,[49],cell_grid,1.0,종류C-P2e 수수료미징구-온라인-퇴직연금 종류C-P2e 수수료미징구-온라인-퇴직연금 18.77 7.97 7.64 - 6.96
FUND000067,KR5153450268,CLASS000828,C-P2e,class_return,3Y,7.64,2020-12-31,49,[49],cell_grid,1.0,종류C-P2e 수수료미징구-온라인-퇴직연금 종류C-P2e 수수료미징구-온라인-퇴직연금 18.77 7.97 7.64 - 6.96
FUND000067,KR5153450268,CLASS000828,C-P2e,class_return,5Y,-,2020-12-31,49,[49],cell_grid,1.0,종류C-P2e 수수료미징구-온라인-퇴직연금 종류C-P2e 수수료미징구-온라인-퇴직연금 18.77 7.97 7.64 - 6.96
FUND000067,KR5153450268,CLASS000828,C-P2e,class_return,SINCE_INCEPTION,6.96,2020-12-31,49,[49],cell_grid,1.0,종류C-P2e 수수료미징구-온라인-퇴직연금 종류C-P2e 수수료미징구-온라인-퇴직연금 18.77 7.97 7.64 - 6.96
FUND000068,KR5153450431,CLASS000829,C,class_return,1Y,9.92,2012-05-08,4,[4],cell_grid,1.0,수수료미징구-오프라인-개인 2012.05.08 연금(C) 수수료미징구-오프라인-개인 연금(C) 2012.05.08 9.92 12.87 12.09 9.65 4.52
FUND000068,KR5153450431,CLASS000829,C,class_return,2Y,12.87,2012-05-08,4,[4],cell_grid,1.0,수수료미징구-오프라인-개인 2012.05.08 연금(C) 수수료미징구-오프라인-개인 연금(C) 2012.05.08 9.92 12.87 12.09 9.65 4.52
FUND000068,KR5153450431,CLASS000829,C,class_return,3Y,12.09,2012-05-08,4,[4],cell_grid,1.0,수수료미징구-오프라인-개인 2012.05.08 연금(C) 수수료미징구-오프라인-개인 연금(C) 2012.05.08 9.92 12.87 12.09 9.65 4.52
FUND000068,KR5153450431,CLASS000829,C,class_return,5Y,9.65,2012-05-08,4,[4],cell_grid,1.0,수수료미징구-오프라인-개인 2012.05.08 연금(C) 수수료미징구-오프라인-개인 연금(C) 2012.05.08 9.92 12.87 12.09 9.65 4.52
FUND000068,KR5153450431,CLASS000829,C,class_return,SINCE_INCEPTION,4.52,2012-05-08,4,[4],cell_grid,1.0,수수료미징구-오프라인-개인 2012.05.08 연금(C) 수수료미징구-오프라인-개인 연금(C) 2012.05.08 9.92 12.87 12.09 9.65 4.52
FUND000068,KR5153450431,CLASS000830,C-e,class_return,1Y,10.27,2017-09-25,4,[4],cell_grid,1.0,수수료미징구-온라인-개인연 2017.09.25 금(C-e) 수수료미징구-온라인-개인연 금(C-e) 2017.09.25 10.27 13.23 12.45 10.04 4.65
FUND000068,KR5153450431,CLASS000830,C-e,class_return,2Y,13.23,2017-09-25,4,[4],cell_grid,1.0,수수료미징구-온라인-개인연 2017.09.25 금(C-e) 수수료미징구-온라인-개인연 금(C-e) 2017.09.25 10.27 13.23 12.45 10.04 4.65
FUND000068,KR5153450431,CLASS000830,C-e,class_return,3Y,12.45,2017-09-25,4,[4],cell_grid,1.0,수수료미징구-온라인-개인연 2017.09.25 금(C-e) 수수료미징구-온라인-개인연 금(C-e) 2017.09.25 10.27 13.23 12.45 10.04 4.65
FUND000068,KR5153450431,CLASS000830,C-e,class_return,5Y,10.04,2017-09-25,4,[4],cell_grid,1.0,수수료미징구-온라인-개인연 2017.09.25 금(C-e) 수수료미징구-온라인-개인연 금(C-e) 2017.09.25 10.27 13.23 12.45 10.04 4.65
FUND000068,KR5153450431,CLASS000830,C-e,class_return,SINCE_INCEPTION,4.65,2017-09-25,4,[4],cell_grid,1.0,수수료미징구-온라인-개인연 2017.09.25 금(C-e) 수수료미징구-온라인-개인연 금(C-e) 2017.09.25 10.27 13.23 12.45 10.04 4.65
FUND000068,KR5153450431,,,fund,1Y,10.82,2012-05-08,4,[4],cell_grid,1.0,투자실적 투자신탁 추이 투자실적 추이 투자신탁 10.82 13.79 12.99 10.69 5.19
FUND000068,KR5153450431,,,fund,2Y,13.79,2012-05-08,4,[4],cell_grid,1.0,투자실적 투자신탁 추이 투자실적 추이 투자신탁 10.82 13.79 12.99 10.69 5.19
FUND000068,KR5153450431,,,fund,3Y,12.99,2012-05-08,4,[4],cell_grid,1.0,투자실적 투자신탁 추이 투자실적 추이 투자신탁 10.82 13.79 12.99 10.69 5.19
FUND000068,KR5153450431,,,fund,5Y,10.69,2012-05-08,4,[4],cell_grid,1.0,투자실적 투자신탁 추이 투자실적 추이 투자신탁 10.82 13.79 12.99 10.69 5.19
FUND000068,KR5153450431,,,fund,SINCE_INCEPTION,5.19,2012-05-08,4,[4],cell_grid,1.0,투자실적 투자신탁 추이 투자실적 추이 투자신탁 10.82 13.79 12.99 10.69 5.19
FUND000068,KR5153450431,,,benchmark,1Y,7.96,2012-05-08,4,[4],cell_grid,1.0,"(연평균 2012.05.08 비교지수 수익률, (연평균 수익률, 비교지수 7.96 10.75 10.50 8.16 3.62"
FUND000068,KR5153450431,,,benchmark,2Y,10.75,2012-05-08,4,[4],cell_grid,1.0,"(연평균 2012.05.08 비교지수 수익률, (연평균 수익률, 비교지수 7.96 10.75 10.50 8.16 3.62"
FUND000068,KR5153450431,,,benchmark,3Y,10.50,2012-05-08,4,[4],cell_grid,1.0,"(연평균 2012.05.08 비교지수 수익률, (연평균 수익률, 비교지수 7.96 10.75 10.50 8.16 3.62"
FUND000068,KR5153450431,,,benchmark,5Y,8.16,2012-05-08,4,[4],cell_grid,1.0,"(연평균 2012.05.08 비교지수 수익률, (연평균 수익률, 비교지수 7.96 10.75 10.50 8.16 3.62"
FUND000068,KR5153450431,,,benchmark,SINCE_INCEPTION,3.62,2012-05-08,4,[4],cell_grid,1.0,"(연평균 2012.05.08 비교지수 수익률, (연평균 수익률, 비교지수 7.96 10.75 10.50 8.16 3.62"
FUND000068,KR5153450431,,,volatility,1Y,19.83,2012-05-08,4,[4],cell_grid,1.0,단위: %) 수익률 변동성 단위: %) 수익률 변동성 19.83 17.77 16.98 17.29 16.39
FUND000068,KR5153450431,,,volatility,2Y,17.77,2012-05-08,4,[4],cell_grid,1.0,단위: %) 수익률 변동성 단위: %) 수익률 변동성 19.83 17.77 16.98 17.29 16.39
FUND000068,KR5153450431,,,volatility,3Y,16.98,2012-05-08,4,[4],cell_grid,1.0,단위: %) 수익률 변동성 단위: %) 수익률 변동성 19.83 17.77 16.98 17.29 16.39
FUND000068,KR5153450431,,,volatility,5Y,17.29,2012-05-08,4,[4],cell_grid,1.0,단위: %) 수익률 변동성 단위: %) 수익률 변동성 19.83 17.77 16.98 17.29 16.39
FUND000068,KR5153450431,,,volatility,SINCE_INCEPTION,16.39,2012-05-08,4,[4],cell_grid,1.0,단위: %) 수익률 변동성 단위: %) 수익률 변동성 19.83 17.77 16.98 17.29 16.39
FUND000069,KR5153450658,CLASS000831,A,class_return,1Y,2.91,2017-11-17,5,[5],cell_grid,1.0,수수료선취-오프라인(A) 2017.11.17 수수료선취-오프라인(A) 2017.11.17 2.91 3.45 4.12 2.55 1.05
FUND000069,KR5153450658,CLASS000831,A,class_return,2Y,3.45,2017-11-17,5,[5],cell_grid,1.0,수수료선취-오프라인(A) 2017.11.17 수수료선취-오프라인(A) 2017.11.17 2.91 3.45 4.12 2.55 1.05
FUND000069,KR5153450658,CLASS000831,A,class_return,3Y,4.12,2017-11-17,5,[5],cell_grid,1.0,수수료선취-오프라인(A) 2017.11.17 수수료선취-오프라인(A) 2017.11.17 2.91 3.45 4.12 2.55 1.05
FUND000069,KR5153450658,CLASS000831,A,class_return,5Y,2.55,2017-11-17,5,[5],cell_grid,1.0,수수료선취-오프라인(A) 2017.11.17 수수료선취-오프라인(A) 2017.11.17 2.91 3.45 4.12 2.55 1.05
FUND000069,KR5153450658,CLASS000831,A,class_return,SINCE_INCEPTION,1.05,2017-11-17,5,[5],cell_grid,1.0,수수료선취-오프라인(A) 2017.11.17 수수료선취-오프라인(A) 2017.11.17 2.91 3.45 4.12 2.55 1.05
FUND000069,KR5153450658,CLASS000834,C1,class_return,1Y,-,2017-10-23,5,[5],cell_grid,1.0,수수료미징구-오프라인-보수 2017.10.23 체감(C1) 수수료미징구-오프라인-보수 체감(C1) 2017.10.23 - - - - -
FUND000069,KR5153450658,CLASS000834,C1,class_return,2Y,-,2017-10-23,5,[5],cell_grid,1.0,수수료미징구-오프라인-보수 2017.10.23 체감(C1) 수수료미징구-오프라인-보수 체감(C1) 2017.10.23 - - - - -
FUND000069,KR5153450658,CLASS000834,C1,class_return,3Y,-,2017-10-23,5,[5],cell_grid,1.0,수수료미징구-오프라인-보수 2017.10.23 체감(C1) 수수료미징구-오프라인-보수 체감(C1) 2017.10.23 - - - - -
FUND000069,KR5153450658,CLASS000834,C1,class_return,5Y,-,2017-10-23,5,[5],cell_grid,1.0,수수료미징구-오프라인-보수 2017.10.23 체감(C1) 수수료미징구-오프라인-보수 체감(C1) 2017.10.23 - - - - -
FUND000069,KR5153450658,CLASS000834,C1,class_return,SINCE_INCEPTION,-,2017-10-23,5,[5],cell_grid,1.0,수수료미징구-오프라인-보수 2017.10.23 체감(C1) 수수료미징구-오프라인-보수 체감(C1) 2017.10.23 - - - - -
FUND000069,KR5153450658,CLASS000832,A-e,class_return,1Y,3.00,2017-10-27,5,[5],cell_grid,1.0,수수료선취-온라인(A-e) 2017.10.27 수수료선취-온라인(A-e) 2017.10.27 3.00 3.55 4.21 2.64 1.26
FUND000069,KR5153450658,CLASS000832,A-e,class_return,2Y,3.55,2017-10-27,5,[5],cell_grid,1.0,수수료선취-온라인(A-e) 2017.10.27 수수료선취-온라인(A-e) 2017.10.27 3.00 3.55 4.21 2.64 1.26
FUND000069,KR5153450658,CLASS000832,A-e,class_return,3Y,4.21,2017-10-27,5,[5],cell_grid,1.0,수수료선취-온라인(A-e) 2017.10.27 수수료선취-온라인(A-e) 2017.10.27 3.00 3.55 4.21 2.64 1.26
FUND000069,KR5153450658,CLASS000832,A-e,class_return,5Y,2.64,2017-10-27,5,[5],cell_grid,1.0,수수료선취-온라인(A-e) 2017.10.27 수수료선취-온라인(A-e) 2017.10.27 3.00 3.55 4.21 2.64 1.26
FUND000069,KR5153450658,CLASS000832,A-e,class_return,SINCE_INCEPTION,1.26,2017-10-27,5,[5],cell_grid,1.0,수수료선취-온라인(A-e) 2017.10.27 수수료선취-온라인(A-e) 2017.10.27 3.00 3.55 4.21 2.64 1.26
FUND000069,KR5153450658,CLASS000838,C-e,class_return,1Y,2.93,2020-05-20,5,[5],cell_grid,1.0,수수료미징구-온라인(C-e) 2020.05.20 수수료미징구-온라인(C-e) 2020.05.20 2.93 3.60 4.31 2.78 2.62
FUND000069,KR5153450658,CLASS000838,C-e,class_return,2Y,3.60,2020-05-20,5,[5],cell_grid,1.0,수수료미징구-온라인(C-e) 2020.05.20 수수료미징구-온라인(C-e) 2020.05.20 2.93 3.60 4.31 2.78 2.62
FUND000069,KR5153450658,CLASS000838,C-e,class_return,3Y,4.31,2020-05-20,5,[5],cell_grid,1.0,수수료미징구-온라인(C-e) 2020.05.20 수수료미징구-온라인(C-e) 2020.05.20 2.93 3.60 4.31 2.78 2.62
FUND000069,KR5153450658,CLASS000838,C-e,class_return,5Y,2.78,2020-05-20,5,[5],cell_grid,1.0,수수료미징구-온라인(C-e) 2020.05.20 수수료미징구-온라인(C-e) 2020.05.20 2.93 3.60 4.31 2.78 2.62
FUND000069,KR5153450658,CLASS000838,C-e,class_return,SINCE_INCEPTION,2.62,2020-05-20,5,[5],cell_grid,1.0,수수료미징구-온라인(C-e) 2020.05.20 수수료미징구-온라인(C-e) 2020.05.20 2.93 3.60 4.31 2.78 2.62
FUND000069,KR5153450658,CLASS000843,C-P,class_return,1Y,2.83,2017-10-27,5,[5],cell_grid,1.0,수수료미징구-오프라인-개인 2017.10.27 연금(C-P) 수수료미징구-오프라인-개인 연금(C-P) 2017.10.27 2.83 3.37 4.03 2.46 0.99
FUND000069,KR5153450658,CLASS000843,C-P,class_return,2Y,3.37,2017-10-27,5,[5],cell_grid,1.0,수수료미징구-오프라인-개인 2017.10.27 연금(C-P) 수수료미징구-오프라인-개인 연금(C-P) 2017.10.27 2.83 3.37 4.03 2.46 0.99
FUND000069,KR5153450658,CLASS000843,C-P,class_return,3Y,4.03,2017-10-27,5,[5],cell_grid,1.0,수수료미징구-오프라인-개인 2017.10.27 연금(C-P) 수수료미징구-오프라인-개인 연금(C-P) 2017.10.27 2.83 3.37 4.03 2.46 0.99
FUND000069,KR5153450658,CLASS000843,C-P,class_return,5Y,2.46,2017-10-27,5,[5],cell_grid,1.0,수수료미징구-오프라인-개인 2017.10.27 연금(C-P) 수수료미징구-오프라인-개인 연금(C-P) 2017.10.27 2.83 3.37 4.03 2.46 0.99
FUND000069,KR5153450658,CLASS000843,C-P,class_return,SINCE_INCEPTION,0.99,2017-10-27,5,[5],cell_grid,1.0,수수료미징구-오프라인-개인 2017.10.27 연금(C-P) 수수료미징구-오프라인-개인 연금(C-P) 2017.10.27 2.83 3.37 4.03 2.46 0.99
FUND000069,KR5153450658,CLASS000845,C-P2,class_return,1Y,2.84,2017-11-06,5,[5],cell_grid,1.0,수수료미징구-오프라인-퇴직 2017.11.06 연금(C-P2) 수수료미징구-오프라인-퇴직 연금(C-P2) 2017.11.06 2.84 3.38 4.04 2.48 0.92
FUND000069,KR5153450658,CLASS000845,C-P2,class_return,2Y,3.38,2017-11-06,5,[5],cell_grid,1.0,수수료미징구-오프라인-퇴직 2017.11.06 연금(C-P2) 수수료미징구-오프라인-퇴직 연금(C-P2) 2017.11.06 2.84 3.38 4.04 2.48 0.92
FUND000069,KR5153450658,CLASS000845,C-P2,class_return,3Y,4.04,2017-11-06,5,[5],cell_grid,1.0,수수료미징구-오프라인-퇴직 2017.11.06 연금(C-P2) 수수료미징구-오프라인-퇴직 연금(C-P2) 2017.11.06 2.84 3.38 4.04 2.48 0.92
FUND000069,KR5153450658,CLASS000845,C-P2,class_return,5Y,2.48,2017-11-06,5,[5],cell_grid,1.0,수수료미징구-오프라인-퇴직 2017.11.06 연금(C-P2) 수수료미징구-오프라인-퇴직 연금(C-P2) 2017.11.06 2.84 3.38 4.04 2.48 0.92
FUND000069,KR5153450658,CLASS000845,C-P2,class_return,SINCE_INCEPTION,0.92,2017-11-06,5,[5],cell_grid,1.0,수수료미징구-오프라인-퇴직 2017.11.06 연금(C-P2) 수수료미징구-오프라인-퇴직 연금(C-P2) 2017.11.06 2.84 3.38 4.04 2.48 0.92
FUND000069,KR5153450658,,,fund,1Y,3.23,2017-10-23,5,[5],cell_grid,1.0,투자실적 투자신탁 추이 투자실적 추이 투자신탁 3.23 3.77 4.44 2.86 1.62
FUND000069,KR5153450658,,,fund,2Y,3.77,2017-10-23,5,[5],cell_grid,1.0,투자실적 투자신탁 추이 투자실적 추이 투자신탁 3.23 3.77 4.44 2.86 1.62
FUND000069,KR5153450658,,,fund,3Y,4.44,2017-10-23,5,[5],cell_grid,1.0,투자실적 투자신탁 추이 투자실적 추이 투자신탁 3.23 3.77 4.44 2.86 1.62
FUND000069,KR5153450658,,,fund,5Y,2.86,2017-10-23,5,[5],cell_grid,1.0,투자실적 투자신탁 추이 투자실적 추이 투자신탁 3.23 3.77 4.44 2.86 1.62
FUND000069,KR5153450658,,,fund,SINCE_INCEPTION,1.62,2017-10-23,5,[5],cell_grid,1.0,투자실적 투자신탁 추이 투자실적 추이 투자신탁 3.23 3.77 4.44 2.86 1.62
FUND000069,KR5153450658,,,benchmark,1Y,2.87,2017-10-23,5,[5],cell_grid,1.0,"(연평균 2017.10.23 비교지수 수익률, (연평균 수익률, 비교지수 2.87 3.36 3.55 2.40 2.17"
FUND000069,KR5153450658,,,benchmark,2Y,3.36,2017-10-23,5,[5],cell_grid,1.0,"(연평균 2017.10.23 비교지수 수익률, (연평균 수익률, 비교지수 2.87 3.36 3.55 2.40 2.17"
FUND000069,KR5153450658,,,benchmark,3Y,3.55,2017-10-23,5,[5],cell_grid,1.0,"(연평균 2017.10.23 비교지수 수익률, (연평균 수익률, 비교지수 2.87 3.36 3.55 2.40 2.17"
FUND000069,KR5153450658,,,benchmark,5Y,2.40,2017-10-23,5,[5],cell_grid,1.0,"(연평균 2017.10.23 비교지수 수익률, (연평균 수익률, 비교지수 2.87 3.36 3.55 2.40 2.17"
FUND000069,KR5153450658,,,benchmark,SINCE_INCEPTION,2.17,2017-10-23,5,[5],cell_grid,1.0,"(연평균 2017.10.23 비교지수 수익률, (연평균 수익률, 비교지수 2.87 3.36 3.55 2.40 2.17"
FUND000069,KR5153450658,,,volatility,1Y,0.19,2017-10-23,5,[5],cell_grid,1.0,단위: %) 수익률 변동성 단위: %) 수익률 변동성 0.19 0.24 0.47 0.68 5.29
FUND000069,KR5153450658,,,volatility,2Y,0.24,2017-10-23,5,[5],cell_grid,1.0,단위: %) 수익률 변동성 단위: %) 수익률 변동성 0.19 0.24 0.47 0.68 5.29
FUND000069,KR5153450658,,,volatility,3Y,0.47,2017-10-23,5,[5],cell_grid,1.0,단위: %) 수익률 변동성 단위: %) 수익률 변동성 0.19 0.24 0.47 0.68 5.29
FUND000069,KR5153450658,,,volatility,5Y,0.68,2017-10-23,5,[5],cell_grid,1.0,단위: %) 수익률 변동성 단위: %) 수익률 변동성 0.19 0.24 0.47 0.68 5.29
FUND000069,KR5153450658,,,volatility,SINCE_INCEPTION,5.29,2017-10-23,5,[5],cell_grid,1.0,단위: %) 수익률 변동성 단위: %) 수익률 변동성 0.19 0.24 0.47 0.68 5.29
FUND000069,KR5153450658,CLASS000835,C2,class_return,1Y,-,2018-11-05,49,[49],cell_grid,1.0,종류C2 수수료미징구-오프라인-보수체감 종류C2 수수료미징구-오프라인-보수체감 - - - - -
FUND000069,KR5153450658,CLASS000835,C2,class_return,2Y,-,2018-11-05,49,[49],cell_grid,1.0,종류C2 수수료미징구-오프라인-보수체감 종류C2 수수료미징구-오프라인-보수체감 - - - - -
FUND000069,KR5153450658,CLASS000835,C2,class_return,3Y,-,2018-11-05,49,[49],cell_grid,1.0,종류C2 수수료미징구-오프라인-보수체감 종류C2 수수료미징구-오프라인-보수체감 - - - - -
FUND000069,KR5153450658,CLASS000835,C2,class_return,5Y,-,2018-11-05,49,[49],cell_grid,1.0,종류C2 수수료미징구-오프라인-보수체감 종류C2 수수료미징구-오프라인-보수체감 - - - - -
FUND000069,KR5153450658,CLASS000835,C2,class_return,SINCE_INCEPTION,-,2018-11-05,49,[49],cell_grid,1.0,종류C2 수수료미징구-오프라인-보수체감 종류C2 수수료미징구-오프라인-보수체감 - - - - -
FUND000069,KR5153450658,CLASS000836,C3,class_return,1Y,-,2019-11-22,49,[49],cell_grid,1.0,종류C3 수수료미징구-오프라인-보수체감 종류C3 수수료미징구-오프라인-보수체감 - - - - -
FUND000069,KR5153450658,CLASS000836,C3,class_return,2Y,-,2019-11-22,49,[49],cell_grid,1.0,종류C3 수수료미징구-오프라인-보수체감 종류C3 수수료미징구-오프라인-보수체감 - - - - -
FUND000069,KR5153450658,CLASS000836,C3,class_return,3Y,-,2019-11-22,49,[49],cell_grid,1.0,종류C3 수수료미징구-오프라인-보수체감 종류C3 수수료미징구-오프라인-보수체감 - - - - -
FUND000069,KR5153450658,CLASS000836,C3,class_return,5Y,-,2019-11-22,49,[49],cell_grid,1.0,종류C3 수수료미징구-오프라인-보수체감 종류C3 수수료미징구-오프라인-보수체감 - - - - -
FUND000069,KR5153450658,CLASS000836,C3,class_return,SINCE_INCEPTION,-,2019-11-22,49,[49],cell_grid,1.0,종류C3 수수료미징구-오프라인-보수체감 종류C3 수수료미징구-오프라인-보수체감 - - - - -
FUND000069,KR5153450658,CLASS000837,C4,class_return,1Y,3.22,2020-11-23,49,[49],cell_grid,1.0,종류C4 수수료미징구-오프라인-보수체감 종류C4 수수료미징구-오프라인-보수체감 3.22 3.77 4.43 - 2.81
FUND000069,KR5153450658,CLASS000837,C4,class_return,2Y,3.77,2020-11-23,49,[49],cell_grid,1.0,종류C4 수수료미징구-오프라인-보수체감 종류C4 수수료미징구-오프라인-보수체감 3.22 3.77 4.43 - 2.81
FUND000069,KR5153450658,CLASS000837,C4,class_return,3Y,4.43,2020-11-23,49,[49],cell_grid,1.0,종류C4 수수료미징구-오프라인-보수체감 종류C4 수수료미징구-오프라인-보수체감 3.22 3.77 4.43 - 2.81
FUND000069,KR5153450658,CLASS000837,C4,class_return,5Y,-,2020-11-23,49,[49],cell_grid,1.0,종류C4 수수료미징구-오프라인-보수체감 종류C4 수수료미징구-오프라인-보수체감 3.22 3.77 4.43 - 2.81
FUND000069,KR5153450658,CLASS000837,C4,class_return,SINCE_INCEPTION,2.81,2020-11-23,49,[49],cell_grid,1.0,종류C4 수수료미징구-오프라인-보수체감 종류C4 수수료미징구-오프라인-보수체감 3.22 3.77 4.43 - 2.81
FUND000069,KR5153450658,CLASS000841,F,class_return,1Y,-,2017-10-23,49,[49],cell_grid,1.0,"종류F 수수료미징구-오프라인-랩, 펀드 등 종류F 수수료미징구-오프라인-랩, 펀드 등 - - - - -"
FUND000069,KR5153450658,CLASS000841,F,class_return,2Y,-,2017-10-23,49,[49],cell_grid,1.0,"종류F 수수료미징구-오프라인-랩, 펀드 등 종류F 수수료미징구-오프라인-랩, 펀드 등 - - - - -"
FUND000069,KR5153450658,CLASS000841,F,class_return,3Y,-,2017-10-23,49,[49],cell_grid,1.0,"종류F 수수료미징구-오프라인-랩, 펀드 등 종류F 수수료미징구-오프라인-랩, 펀드 등 - - - - -"
FUND000069,KR5153450658,CLASS000841,F,class_return,5Y,-,2017-10-23,49,[49],cell_grid,1.0,"종류F 수수료미징구-오프라인-랩, 펀드 등 종류F 수수료미징구-오프라인-랩, 펀드 등 - - - - -"
FUND000069,KR5153450658,CLASS000841,F,class_return,SINCE_INCEPTION,-,2017-10-23,49,[49],cell_grid,1.0,"종류F 수수료미징구-오프라인-랩, 펀드 등 종류F 수수료미징구-오프라인-랩, 펀드 등 - - - - -"
FUND000069,KR5153450658,CLASS000842,S,class_return,1Y,3.02,2017-11-22,49,[49],cell_grid,1.0,종류S 수수료후취-온라인슈퍼 종류S 수수료후취-온라인슈퍼 3.02 3.57 4.23 2.66 1.24
FUND000069,KR5153450658,CLASS000842,S,class_return,2Y,3.57,2017-11-22,49,[49],cell_grid,1.0,종류S 수수료후취-온라인슈퍼 종류S 수수료후취-온라인슈퍼 3.02 3.57 4.23 2.66 1.24
FUND000069,KR5153450658,CLASS000842,S,class_return,3Y,4.23,2017-11-22,49,[49],cell_grid,1.0,종류S 수수료후취-온라인슈퍼 종류S 수수료후취-온라인슈퍼 3.02 3.57 4.23 2.66 1.24
FUND000069,KR5153450658,CLASS000842,S,class_return,5Y,2.66,2017-11-22,49,[49],cell_grid,1.0,종류S 수수료후취-온라인슈퍼 종류S 수수료후취-온라인슈퍼 3.02 3.57 4.23 2.66 1.24
FUND000069,KR5153450658,CLASS000842,S,class_return,SINCE_INCEPTION,1.24,2017-11-22,49,[49],cell_grid,1.0,종류S 수수료후취-온라인슈퍼 종류S 수수료후취-온라인슈퍼 3.02 3.57 4.23 2.66 1.24
FUND000069,KR5153450658,CLASS000844,C-Pe,class_return,1Y,2.96,2017-10-26,49,[49],cell_grid,1.0,종류C-Pe 수수료미징구-온라인-개인연금 종류C-Pe 수수료미징구-온라인-개인연금 2.96 3.50 4.17 2.60 1.16
FUND000069,KR5153450658,CLASS000844,C-Pe,class_return,2Y,3.50,2017-10-26,49,[49],cell_grid,1.0,종류C-Pe 수수료미징구-온라인-개인연금 종류C-Pe 수수료미징구-온라인-개인연금 2.96 3.50 4.17 2.60 1.16
FUND000069,KR5153450658,CLASS000844,C-Pe,class_return,3Y,4.17,2017-10-26,49,[49],cell_grid,1.0,종류C-Pe 수수료미징구-온라인-개인연금 종류C-Pe 수수료미징구-온라인-개인연금 2.96 3.50 4.17 2.60 1.16
FUND000069,KR5153450658,CLASS000844,C-Pe,class_return,5Y,2.60,2017-10-26,49,[49],cell_grid,1.0,종류C-Pe 수수료미징구-온라인-개인연금 종류C-Pe 수수료미징구-온라인-개인연금 2.96 3.50 4.17 2.60 1.16
FUND000069,KR5153450658,CLASS000844,C-Pe,class_return,SINCE_INCEPTION,1.16,2017-10-26,49,[49],cell_grid,1.0,종류C-Pe 수수료미징구-온라인-개인연금 종류C-Pe 수수료미징구-온라인-개인연금 2.96 3.50 4.17 2.60 1.16
FUND000069,KR5153450658,CLASS000846,C-P2e,class_return,1Y,2.97,2017-10-26,50,[50],cell_grid,1.0,종류C-P2e 수수료미징구-온라인-퇴직연금 종류C-P2e 수수료미징구-온라인-퇴직연금 2.97 3.51 4.18 2.61 1.19
FUND000069,KR5153450658,CLASS000846,C-P2e,class_return,2Y,3.51,2017-10-26,50,[50],cell_grid,1.0,종류C-P2e 수수료미징구-온라인-퇴직연금 종류C-P2e 수수료미징구-온라인-퇴직연금 2.97 3.51 4.18 2.61 1.19
FUND000069,KR5153450658,CLASS000846,C-P2e,class_return,3Y,4.18,2017-10-26,50,[50],cell_grid,1.0,종류C-P2e 수수료미징구-온라인-퇴직연금 종류C-P2e 수수료미징구-온라인-퇴직연금 2.97 3.51 4.18 2.61 1.19
FUND000069,KR5153450658,CLASS000846,C-P2e,class_return,5Y,2.61,2017-10-26,50,[50],cell_grid,1.0,종류C-P2e 수수료미징구-온라인-퇴직연금 종류C-P2e 수수료미징구-온라인-퇴직연금 2.97 3.51 4.18 2.61 1.19
FUND000069,KR5153450658,CLASS000846,C-P2e,class_return,SINCE_INCEPTION,1.19,2017-10-26,50,[50],cell_grid,1.0,종류C-P2e 수수료미징구-온라인-퇴직연금 종류C-P2e 수수료미징구-온라인-퇴직연금 2.97 3.51 4.18 2.61 1.19
FUND000070,KR5153450772,CLASS000847,A,class_return,1Y,-22.21,2009-06-05,4,[4],cell_grid,1.0,수수료선취-오프라인(A) 2009.06.05 수수료선취-오프라인(A) -22.21 -15.63 -7.35 6.93 0.33
FUND000070,KR5153450772,CLASS000847,A,class_return,2Y,-15.63,2009-06-05,4,[4],cell_grid,1.0,수수료선취-오프라인(A) 2009.06.05 수수료선취-오프라인(A) -22.21 -15.63 -7.35 6.93 0.33
FUND000070,KR5153450772,CLASS000847,A,class_return,3Y,-7.35,2009-06-05,4,[4],cell_grid,1.0,수수료선취-오프라인(A) 2009.06.05 수수료선취-오프라인(A) -22.21 -15.63 -7.35 6.93 0.33
FUND000070,KR5153450772,CLASS000847,A,class_return,5Y,6.93,2009-06-05,4,[4],cell_grid,1.0,수수료선취-오프라인(A) 2009.06.05 수수료선취-오프라인(A) -22.21 -15.63 -7.35 6.93 0.33
FUND000070,KR5153450772,CLASS000847,A,class_return,SINCE_INCEPTION,0.33,2009-06-05,4,[4],cell_grid,1.0,수수료선취-오프라인(A) 2009.06.05 수수료선취-오프라인(A) -22.21 -15.63 -7.35 6.93 0.33
FUND000070,KR5153450772,CLASS000850,C,class_return,1Y,-22.61,2009-06-05,4,[4],cell_grid,1.0,2009.06.05 수수료미징구-오프라인(C) 수수료미징구-오프라인(C) -22.61 -16.06 -7.82 6.39 -0.17
FUND000070,KR5153450772,CLASS000850,C,class_return,2Y,-16.06,2009-06-05,4,[4],cell_grid,1.0,2009.06.05 수수료미징구-오프라인(C) 수수료미징구-오프라인(C) -22.61 -16.06 -7.82 6.39 -0.17
FUND000070,KR5153450772,CLASS000850,C,class_return,3Y,-7.82,2009-06-05,4,[4],cell_grid,1.0,2009.06.05 수수료미징구-오프라인(C) 수수료미징구-오프라인(C) -22.61 -16.06 -7.82 6.39 -0.17
FUND000070,KR5153450772,CLASS000850,C,class_return,5Y,6.39,2009-06-05,4,[4],cell_grid,1.0,2009.06.05 수수료미징구-오프라인(C) 수수료미징구-오프라인(C) -22.61 -16.06 -7.82 6.39 -0.17
FUND000070,KR5153450772,CLASS000850,C,class_return,SINCE_INCEPTION,-0.17,2009-06-05,4,[4],cell_grid,1.0,2009.06.05 수수료미징구-오프라인(C) 수수료미징구-오프라인(C) -22.61 -16.06 -7.82 6.39 -0.17
FUND000070,KR5153450772,CLASS000848,A-e,class_return,1Y,-22.07,2020-11-11,4,[4],cell_grid,1.0,수수료선취-온라인(A-e) 2020.11.11 수수료선취-온라인(A-e) 2020.11.11 -22.07 -15.47 -7.18 - -1.51
FUND000070,KR5153450772,CLASS000848,A-e,class_return,2Y,-15.47,2020-11-11,4,[4],cell_grid,1.0,수수료선취-온라인(A-e) 2020.11.11 수수료선취-온라인(A-e) 2020.11.11 -22.07 -15.47 -7.18 - -1.51
FUND000070,KR5153450772,CLASS000848,A-e,class_return,3Y,-7.18,2020-11-11,4,[4],cell_grid,1.0,수수료선취-온라인(A-e) 2020.11.11 수수료선취-온라인(A-e) 2020.11.11 -22.07 -15.47 -7.18 - -1.51
FUND000070,KR5153450772,CLASS000848,A-e,class_return,5Y,-,2020-11-11,4,[4],cell_grid,1.0,수수료선취-온라인(A-e) 2020.11.11 수수료선취-온라인(A-e) 2020.11.11 -22.07 -15.47 -7.18 - -1.51
FUND000070,KR5153450772,CLASS000848,A-e,class_return,SINCE_INCEPTION,-1.51,2020-11-11,4,[4],cell_grid,1.0,수수료선취-온라인(A-e) 2020.11.11 수수료선취-온라인(A-e) 2020.11.11 -22.07 -15.47 -7.18 - -1.51
FUND000070,KR5153450772,CLASS000851,C-e,class_return,1Y,-22.27,2009-06-05,4,[4],cell_grid,1.0,수수료미징구-온라인(C-e) 2009.06.05 수수료미징구-온라인(C-e) 2009.06.05 -22.27 -15.69 -7.42 6.81 0.09
FUND000070,KR5153450772,CLASS000851,C-e,class_return,2Y,-15.69,2009-06-05,4,[4],cell_grid,1.0,수수료미징구-온라인(C-e) 2009.06.05 수수료미징구-온라인(C-e) 2009.06.05 -22.27 -15.69 -7.42 6.81 0.09
FUND000070,KR5153450772,CLASS000851,C-e,class_return,3Y,-7.42,2009-06-05,4,[4],cell_grid,1.0,수수료미징구-온라인(C-e) 2009.06.05 수수료미징구-온라인(C-e) 2009.06.05 -22.27 -15.69 -7.42 6.81 0.09
FUND000070,KR5153450772,CLASS000851,C-e,class_return,5Y,6.81,2009-06-05,4,[4],cell_grid,1.0,수수료미징구-온라인(C-e) 2009.06.05 수수료미징구-온라인(C-e) 2009.06.05 -22.27 -15.69 -7.42 6.81 0.09
FUND000070,KR5153450772,CLASS000851,C-e,class_return,SINCE_INCEPTION,0.09,2009-06-05,4,[4],cell_grid,1.0,수수료미징구-온라인(C-e) 2009.06.05 수수료미징구-온라인(C-e) 2009.06.05 -22.27 -15.69 -7.42 6.81 0.09
FUND000070,KR5153450772,CLASS000854,C-P,class_return,1Y,-22.48,2020-12-17,4,[4],cell_grid,1.0,수수료미징구-오프라인-개인 2020.12.17 연금(C-P) 수수료미징구-오프라인-개인 연금(C-P) 2020.12.17 -22.48 -15.91 -7.66 - -4.62
FUND000070,KR5153450772,CLASS000854,C-P,class_return,2Y,-15.91,2020-12-17,4,[4],cell_grid,1.0,수수료미징구-오프라인-개인 2020.12.17 연금(C-P) 수수료미징구-오프라인-개인 연금(C-P) 2020.12.17 -22.48 -15.91 -7.66 - -4.62
FUND000070,KR5153450772,CLASS000854,C-P,class_return,3Y,-7.66,2020-12-17,4,[4],cell_grid,1.0,수수료미징구-오프라인-개인 2020.12.17 연금(C-P) 수수료미징구-오프라인-개인 연금(C-P) 2020.12.17 -22.48 -15.91 -7.66 - -4.62
FUND000070,KR5153450772,CLASS000854,C-P,class_return,5Y,-,2020-12-17,4,[4],cell_grid,1.0,수수료미징구-오프라인-개인 2020.12.17 연금(C-P) 수수료미징구-오프라인-개인 연금(C-P) 2020.12.17 -22.48 -15.91 -7.66 - -4.62
FUND000070,KR5153450772,CLASS000854,C-P,class_return,SINCE_INCEPTION,-4.62,2020-12-17,4,[4],cell_grid,1.0,수수료미징구-오프라인-개인 2020.12.17 연금(C-P) 수수료미징구-오프라인-개인 연금(C-P) 2020.12.17 -22.48 -15.91 -7.66 - -4.62
FUND000070,KR5153450772,CLASS000856,C-P2,class_return,1Y,-22.36,2020-12-28,4,[4],cell_grid,1.0,수수료미징구-오프라인-퇴직 2020.12.28 연금(C-P2) 수수료미징구-오프라인-퇴직 연금(C-P2) 2020.12.28 -22.36 -15.79 -7.53 - -4.71
FUND000070,KR5153450772,CLASS000856,C-P2,class_return,2Y,-15.79,2020-12-28,4,[4],cell_grid,1.0,수수료미징구-오프라인-퇴직 2020.12.28 연금(C-P2) 수수료미징구-오프라인-퇴직 연금(C-P2) 2020.12.28 -22.36 -15.79 -7.53 - -4.71
FUND000070,KR5153450772,CLASS000856,C-P2,class_return,3Y,-7.53,2020-12-28,4,[4],cell_grid,1.0,수수료미징구-오프라인-퇴직 2020.12.28 연금(C-P2) 수수료미징구-오프라인-퇴직 연금(C-P2) 2020.12.28 -22.36 -15.79 -7.53 - -4.71
FUND000070,KR5153450772,CLASS000856,C-P2,class_return,5Y,-,2020-12-28,4,[4],cell_grid,1.0,수수료미징구-오프라인-퇴직 2020.12.28 연금(C-P2) 수수료미징구-오프라인-퇴직 연금(C-P2) 2020.12.28 -22.36 -15.79 -7.53 - -4.71
FUND000070,KR5153450772,CLASS000856,C-P2,class_return,SINCE_INCEPTION,-4.71,2020-12-28,4,[4],cell_grid,1.0,수수료미징구-오프라인-퇴직 2020.12.28 연금(C-P2) 수수료미징구-오프라인-퇴직 연금(C-P2) 2020.12.28 -22.36 -15.79 -7.53 - -4.71
FUND000070,KR5153450772,,,fund,1Y,-21.65,2009-06-05,4,[4],cell_grid,1.0,투자실적 투자신탁 추이 투자실적 추이 투자신탁 -21.65 -15.01 -6.69 7.68 1.04
FUND000070,KR5153450772,,,fund,2Y,-15.01,2009-06-05,4,[4],cell_grid,1.0,투자실적 투자신탁 추이 투자실적 추이 투자신탁 -21.65 -15.01 -6.69 7.68 1.04
FUND000070,KR5153450772,,,fund,3Y,-6.69,2009-06-05,4,[4],cell_grid,1.0,투자실적 투자신탁 추이 투자실적 추이 투자신탁 -21.65 -15.01 -6.69 7.68 1.04
FUND000070,KR5153450772,,,fund,5Y,7.68,2009-06-05,4,[4],cell_grid,1.0,투자실적 투자신탁 추이 투자실적 추이 투자신탁 -21.65 -15.01 -6.69 7.68 1.04
FUND000070,KR5153450772,,,fund,SINCE_INCEPTION,1.04,2009-06-05,4,[4],cell_grid,1.0,투자실적 투자신탁 추이 투자실적 추이 투자신탁 -21.65 -15.01 -6.69 7.68 1.04
FUND000070,KR5153450772,,,benchmark,1Y,-22.63,2009-06-05,4,[4],cell_grid,1.0,"(연평균 2009.06.05 비교지수 수익률, (연평균 수익률, 비교지수 -22.63 -16.24 -8.05 6.40 -0.10"
FUND000070,KR5153450772,,,benchmark,2Y,-16.24,2009-06-05,4,[4],cell_grid,1.0,"(연평균 2009.06.05 비교지수 수익률, (연평균 수익률, 비교지수 -22.63 -16.24 -8.05 6.40 -0.10"
FUND000070,KR5153450772,,,benchmark,3Y,-8.05,2009-06-05,4,[4],cell_grid,1.0,"(연평균 2009.06.05 비교지수 수익률, (연평균 수익률, 비교지수 -22.63 -16.24 -8.05 6.40 -0.10"
FUND000070,KR5153450772,,,benchmark,5Y,6.40,2009-06-05,4,[4],cell_grid,1.0,"(연평균 2009.06.05 비교지수 수익률, (연평균 수익률, 비교지수 -22.63 -16.24 -8.05 6.40 -0.10"
FUND000070,KR5153450772,,,benchmark,SINCE_INCEPTION,-0.10,2009-06-05,4,[4],cell_grid,1.0,"(연평균 2009.06.05 비교지수 수익률, (연평균 수익률, 비교지수 -22.63 -16.24 -8.05 6.40 -0.10"
FUND000070,KR5153450772,,,volatility,1Y,22.86,2009-06-05,4,[4],cell_grid,1.0,단위: %) 수익률 변동성 단위: %) 수익률 변동성 22.86 21.45 21.71 23.87 21.92
FUND000070,KR5153450772,,,volatility,2Y,21.45,2009-06-05,4,[4],cell_grid,1.0,단위: %) 수익률 변동성 단위: %) 수익률 변동성 22.86 21.45 21.71 23.87 21.92
FUND000070,KR5153450772,,,volatility,3Y,21.71,2009-06-05,4,[4],cell_grid,1.0,단위: %) 수익률 변동성 단위: %) 수익률 변동성 22.86 21.45 21.71 23.87 21.92
FUND000070,KR5153450772,,,volatility,5Y,23.87,2009-06-05,4,[4],cell_grid,1.0,단위: %) 수익률 변동성 단위: %) 수익률 변동성 22.86 21.45 21.71 23.87 21.92
FUND000070,KR5153450772,,,volatility,SINCE_INCEPTION,21.92,2009-06-05,4,[4],cell_grid,1.0,단위: %) 수익률 변동성 단위: %) 수익률 변동성 22.86 21.45 21.71 23.87 21.92
FUND000070,KR5153450772,CLASS000852,C-I,class_return,1Y,-,2021-01-14,48,[48],cell_grid,1.0,종류C-I 수수료미징구-오프라인-기관 종류C-I 수수료미징구-오프라인-기관 - - - - -
FUND000070,KR5153450772,CLASS000852,C-I,class_return,2Y,-,2021-01-14,48,[48],cell_grid,1.0,종류C-I 수수료미징구-오프라인-기관 종류C-I 수수료미징구-오프라인-기관 - - - - -
FUND000070,KR5153450772,CLASS000852,C-I,class_return,3Y,-,2021-01-14,48,[48],cell_grid,1.0,종류C-I 수수료미징구-오프라인-기관 종류C-I 수수료미징구-오프라인-기관 - - - - -
FUND000070,KR5153450772,CLASS000852,C-I,class_return,5Y,-,2021-01-14,48,[48],cell_grid,1.0,종류C-I 수수료미징구-오프라인-기관 종류C-I 수수료미징구-오프라인-기관 - - - - -
FUND000070,KR5153450772,CLASS000852,C-I,class_return,SINCE_INCEPTION,-,2021-01-14,48,[48],cell_grid,1.0,종류C-I 수수료미징구-오프라인-기관 종류C-I 수수료미징구-오프라인-기관 - - - - -
FUND000070,KR5153450772,CLASS000855,C-Pe,class_return,1Y,-22.20,2020-12-14,49,[49],cell_grid,1.0,종류C-Pe 수수료미징구-온라인-개인연금 종류C-Pe 수수료미징구-온라인-개인연금 -22.20 -15.62 -7.34 - -3.99
FUND000070,KR5153450772,CLASS000855,C-Pe,class_return,2Y,-15.62,2020-12-14,49,[49],cell_grid,1.0,종류C-Pe 수수료미징구-온라인-개인연금 종류C-Pe 수수료미징구-온라인-개인연금 -22.20 -15.62 -7.34 - -3.99
FUND000070,KR5153450772,CLASS000855,C-Pe,class_return,3Y,-7.34,2020-12-14,49,[49],cell_grid,1.0,종류C-Pe 수수료미징구-온라인-개인연금 종류C-Pe 수수료미징구-온라인-개인연금 -22.20 -15.62 -7.34 - -3.99
FUND000070,KR5153450772,CLASS000855,C-Pe,class_return,5Y,-,2020-12-14,49,[49],cell_grid,1.0,종류C-Pe 수수료미징구-온라인-개인연금 종류C-Pe 수수료미징구-온라인-개인연금 -22.20 -15.62 -7.34 - -3.99
FUND000070,KR5153450772,CLASS000855,C-Pe,class_return,SINCE_INCEPTION,-3.99,2020-12-14,49,[49],cell_grid,1.0,종류C-Pe 수수료미징구-온라인-개인연금 종류C-Pe 수수료미징구-온라인-개인연금 -22.20 -15.62 -7.34 - -3.99
FUND000070,KR5153450772,CLASS000857,C-P2e,class_return,1Y,-22.15,2020-12-14,49,[49],cell_grid,1.0,종류C-P2e 수수료미징구-온라인-퇴직연금 종류C-P2e 수수료미징구-온라인-퇴직연금 -22.15 -15.56 -7.28 - -3.92
FUND000070,KR5153450772,CLASS000857,C-P2e,class_return,2Y,-15.56,2020-12-14,49,[49],cell_grid,1.0,종류C-P2e 수수료미징구-온라인-퇴직연금 종류C-P2e 수수료미징구-온라인-퇴직연금 -22.15 -15.56 -7.28 - -3.92
FUND000070,KR5153450772,CLASS000857,C-P2e,class_return,3Y,-7.28,2020-12-14,49,[49],cell_grid,1.0,종류C-P2e 수수료미징구-온라인-퇴직연금 종류C-P2e 수수료미징구-온라인-퇴직연금 -22.15 -15.56 -7.28 - -3.92
FUND000070,KR5153450772,CLASS000857,C-P2e,class_return,5Y,-,2020-12-14,49,[49],cell_grid,1.0,종류C-P2e 수수료미징구-온라인-퇴직연금 종류C-P2e 수수료미징구-온라인-퇴직연금 -22.15 -15.56 -7.28 - -3.92
FUND000070,KR5153450772,CLASS000857,C-P2e,class_return,SINCE_INCEPTION,-3.92,2020-12-14,49,[49],cell_grid,1.0,종류C-P2e 수수료미징구-온라인-퇴직연금 종류C-P2e 수수료미징구-온라인-퇴직연금 -22.15 -15.56 -7.28 - -3.92
FUND000070,KR5153450772,CLASS000858,S,class_return,1Y,-22.06,2021-03-24,49,[49],cell_grid,1.0,종류S 수수료후취-온라인슈퍼 종류S 수수료후취-온라인슈퍼 -22.06 -15.46 -7.17 - -7.25
FUND000070,KR5153450772,CLASS000858,S,class_return,2Y,-15.46,2021-03-24,49,[49],cell_grid,1.0,종류S 수수료후취-온라인슈퍼 종류S 수수료후취-온라인슈퍼 -22.06 -15.46 -7.17 - -7.25
FUND000070,KR5153450772,CLASS000858,S,class_return,3Y,-7.17,2021-03-24,49,[49],cell_grid,1.0,종류S 수수료후취-온라인슈퍼 종류S 수수료후취-온라인슈퍼 -22.06 -15.46 -7.17 - -7.25
FUND000070,KR5153450772,CLASS000858,S,class_return,5Y,-,2021-03-24,49,[49],cell_grid,1.0,종류S 수수료후취-온라인슈퍼 종류S 수수료후취-온라인슈퍼 -22.06 -15.46 -7.17 - -7.25
FUND000070,KR5153450772,CLASS000858,S,class_return,SINCE_INCEPTION,-7.25,2021-03-24,49,[49],cell_grid,1.0,종류S 수수료후취-온라인슈퍼 종류S 수수료후취-온라인슈퍼 -22.06 -15.46 -7.17 - -7.25
FUND000071,KR5153450785,CLASS000859,A,class_return,1Y,105.32,2019-10-23,5,[5],cell_grid,1.0,수수료선취-오프라인(A) 수수료선취-오프라인(A) 105.32 22.46 27.44 9.63 16.80
FUND000071,KR5153450785,CLASS000859,A,class_return,2Y,22.46,2019-10-23,5,[5],cell_grid,1.0,수수료선취-오프라인(A) 수수료선취-오프라인(A) 105.32 22.46 27.44 9.63 16.80
FUND000071,KR5153450785,CLASS000859,A,class_return,3Y,27.44,2019-10-23,5,[5],cell_grid,1.0,수수료선취-오프라인(A) 수수료선취-오프라인(A) 105.32 22.46 27.44 9.63 16.80
FUND000071,KR5153450785,CLASS000859,A,class_return,5Y,9.63,2019-10-23,5,[5],cell_grid,1.0,수수료선취-오프라인(A) 수수료선취-오프라인(A) 105.32 22.46 27.44 9.63 16.80
FUND000071,KR5153450785,CLASS000859,A,class_return,SINCE_INCEPTION,16.80,2019-10-23,5,[5],cell_grid,1.0,수수료선취-오프라인(A) 수수료선취-오프라인(A) 105.32 22.46 27.44 9.63 16.80
FUND000071,KR5153450785,CLASS000862,C,class_return,1Y,104.73,2019-10-23,5,[5],cell_grid,1.0,수수료미징구-오프라인(C) 수수료미징구-오프라인(C) 104.73 22.09 27.05 9.28 16.43
FUND000071,KR5153450785,CLASS000862,C,class_return,2Y,22.09,2019-10-23,5,[5],cell_grid,1.0,수수료미징구-오프라인(C) 수수료미징구-오프라인(C) 104.73 22.09 27.05 9.28 16.43
FUND000071,KR5153450785,CLASS000862,C,class_return,3Y,27.05,2019-10-23,5,[5],cell_grid,1.0,수수료미징구-오프라인(C) 수수료미징구-오프라인(C) 104.73 22.09 27.05 9.28 16.43
FUND000071,KR5153450785,CLASS000862,C,class_return,5Y,9.28,2019-10-23,5,[5],cell_grid,1.0,수수료미징구-오프라인(C) 수수료미징구-오프라인(C) 104.73 22.09 27.05 9.28 16.43
FUND000071,KR5153450785,CLASS000862,C,class_return,SINCE_INCEPTION,16.43,2019-10-23,5,[5],cell_grid,1.0,수수료미징구-오프라인(C) 수수료미징구-오프라인(C) 104.73 22.09 27.05 9.28 16.43
FUND000071,KR5153450785,CLASS000860,A-e,class_return,1Y,105.95,2019-10-23,5,[5],cell_grid,1.0,수수료선취-온라인(A-e) 수수료선취-온라인(A-e) 105.95 22.86 27.85 9.99 17.18
FUND000071,KR5153450785,CLASS000860,A-e,class_return,2Y,22.86,2019-10-23,5,[5],cell_grid,1.0,수수료선취-온라인(A-e) 수수료선취-온라인(A-e) 105.95 22.86 27.85 9.99 17.18
FUND000071,KR5153450785,CLASS000860,A-e,class_return,3Y,27.85,2019-10-23,5,[5],cell_grid,1.0,수수료선취-온라인(A-e) 수수료선취-온라인(A-e) 105.95 22.86 27.85 9.99 17.18
FUND000071,KR5153450785,CLASS000860,A-e,class_return,5Y,9.99,2019-10-23,5,[5],cell_grid,1.0,수수료선취-온라인(A-e) 수수료선취-온라인(A-e) 105.95 22.86 27.85 9.99 17.18
FUND000071,KR5153450785,CLASS000860,A-e,class_return,SINCE_INCEPTION,17.18,2019-10-23,5,[5],cell_grid,1.0,수수료선취-온라인(A-e) 수수료선취-온라인(A-e) 105.95 22.86 27.85 9.99 17.18
FUND000071,KR5153450785,CLASS000863,C-e,class_return,1Y,105.65,2019-10-23,5,[5],cell_grid,1.0,2019.10.23 수수료미징구-온라인(C-e) 수수료미징구-온라인(C-e) 105.65 22.67 27.66 9.82 17.00
FUND000071,KR5153450785,CLASS000863,C-e,class_return,2Y,22.67,2019-10-23,5,[5],cell_grid,1.0,2019.10.23 수수료미징구-온라인(C-e) 수수료미징구-온라인(C-e) 105.65 22.67 27.66 9.82 17.00
FUND000071,KR5153450785,CLASS000863,C-e,class_return,3Y,27.66,2019-10-23,5,[5],cell_grid,1.0,2019.10.23 수수료미징구-온라인(C-e) 수수료미징구-온라인(C-e) 105.65 22.67 27.66 9.82 17.00
FUND000071,KR5153450785,CLASS000863,C-e,class_return,5Y,9.82,2019-10-23,5,[5],cell_grid,1.0,2019.10.23 수수료미징구-온라인(C-e) 수수료미징구-온라인(C-e) 105.65 22.67 27.66 9.82 17.00
FUND000071,KR5153450785,CLASS000863,C-e,class_return,SINCE_INCEPTION,17.00,2019-10-23,5,[5],cell_grid,1.0,2019.10.23 수수료미징구-온라인(C-e) 수수료미징구-온라인(C-e) 105.65 22.67 27.66 9.82 17.00
FUND000071,KR5153450785,CLASS000868,C-P,class_return,1Y,105.09,2019-10-23,5,[5],cell_grid,1.0,수수료미징구-오프라인-개인 연금(C-P) 수수료미징구-오프라인-개인 연금(C-P) 105.09 22.32 27.29 9.50 16.66
FUND000071,KR5153450785,CLASS000868,C-P,class_return,2Y,22.32,2019-10-23,5,[5],cell_grid,1.0,수수료미징구-오프라인-개인 연금(C-P) 수수료미징구-오프라인-개인 연금(C-P) 105.09 22.32 27.29 9.50 16.66
FUND000071,KR5153450785,CLASS000868,C-P,class_return,3Y,27.29,2019-10-23,5,[5],cell_grid,1.0,수수료미징구-오프라인-개인 연금(C-P) 수수료미징구-오프라인-개인 연금(C-P) 105.09 22.32 27.29 9.50 16.66
FUND000071,KR5153450785,CLASS000868,C-P,class_return,5Y,9.50,2019-10-23,5,[5],cell_grid,1.0,수수료미징구-오프라인-개인 연금(C-P) 수수료미징구-오프라인-개인 연금(C-P) 105.09 22.32 27.29 9.50 16.66
FUND000071,KR5153450785,CLASS000868,C-P,class_return,SINCE_INCEPTION,16.66,2019-10-23,5,[5],cell_grid,1.0,수수료미징구-오프라인-개인 연금(C-P) 수수료미징구-오프라인-개인 연금(C-P) 105.09 22.32 27.29 9.50 16.66
FUND000071,KR5153450785,CLASS000870,C-P2,class_return,1Y,105.39,2019-10-23,5,[5],cell_grid,1.0,수수료미징구-오프라인-퇴직 연금(C-P2) 수수료미징구-오프라인-퇴직 연금(C-P2) 105.39 22.51 27.49 9.67 16.84
FUND000071,KR5153450785,CLASS000870,C-P2,class_return,2Y,22.51,2019-10-23,5,[5],cell_grid,1.0,수수료미징구-오프라인-퇴직 연금(C-P2) 수수료미징구-오프라인-퇴직 연금(C-P2) 105.39 22.51 27.49 9.67 16.84
FUND000071,KR5153450785,CLASS000870,C-P2,class_return,3Y,27.49,2019-10-23,5,[5],cell_grid,1.0,수수료미징구-오프라인-퇴직 연금(C-P2) 수수료미징구-오프라인-퇴직 연금(C-P2) 105.39 22.51 27.49 9.67 16.84
FUND000071,KR5153450785,CLASS000870,C-P2,class_return,5Y,9.67,2019-10-23,5,[5],cell_grid,1.0,수수료미징구-오프라인-퇴직 연금(C-P2) 수수료미징구-오프라인-퇴직 연금(C-P2) 105.39 22.51 27.49 9.67 16.84
FUND000071,KR5153450785,CLASS000870,C-P2,class_return,SINCE_INCEPTION,16.84,2019-10-23,5,[5],cell_grid,1.0,수수료미징구-오프라인-퇴직 연금(C-P2) 수수료미징구-오프라인-퇴직 연금(C-P2) 105.39 22.51 27.49 9.67 16.84
FUND000071,KR5153450785,,,fund,1Y,108.01,2019-10-21,5,[5],cell_grid,1.0,투자실적 투자신탁 추이 투자실적 추이 투자신탁 108.01 24.17 29.21 11.18 18.41
FUND000071,KR5153450785,,,fund,2Y,24.17,2019-10-21,5,[5],cell_grid,1.0,투자실적 투자신탁 추이 투자실적 추이 투자신탁 108.01 24.17 29.21 11.18 18.41
FUND000071,KR5153450785,,,fund,3Y,29.21,2019-10-21,5,[5],cell_grid,1.0,투자실적 투자신탁 추이 투자실적 추이 투자신탁 108.01 24.17 29.21 11.18 18.41
FUND000071,KR5153450785,,,fund,5Y,11.18,2019-10-21,5,[5],cell_grid,1.0,투자실적 투자신탁 추이 투자실적 추이 투자신탁 108.01 24.17 29.21 11.18 18.41
FUND000071,KR5153450785,,,fund,SINCE_INCEPTION,18.41,2019-10-21,5,[5],cell_grid,1.0,투자실적 투자신탁 추이 투자실적 추이 투자신탁 108.01 24.17 29.21 11.18 18.41
FUND000071,KR5153450785,,,benchmark,1Y,75.63,2019-10-21,5,[5],cell_grid,1.0,"(연평균 2019.10.21 참조지수 수익률, (연평균 수익률, 참조지수 75.63 25.94 23.49 7.96 12.23"
FUND000071,KR5153450785,,,benchmark,2Y,25.94,2019-10-21,5,[5],cell_grid,1.0,"(연평균 2019.10.21 참조지수 수익률, (연평균 수익률, 참조지수 75.63 25.94 23.49 7.96 12.23"
FUND000071,KR5153450785,,,benchmark,3Y,23.49,2019-10-21,5,[5],cell_grid,1.0,"(연평균 2019.10.21 참조지수 수익률, (연평균 수익률, 참조지수 75.63 25.94 23.49 7.96 12.23"
FUND000071,KR5153450785,,,benchmark,5Y,7.96,2019-10-21,5,[5],cell_grid,1.0,"(연평균 2019.10.21 참조지수 수익률, (연평균 수익률, 참조지수 75.63 25.94 23.49 7.96 12.23"
FUND000071,KR5153450785,,,benchmark,SINCE_INCEPTION,12.23,2019-10-21,5,[5],cell_grid,1.0,"(연평균 2019.10.21 참조지수 수익률, (연평균 수익률, 참조지수 75.63 25.94 23.49 7.96 12.23"
FUND000071,KR5153450785,,,volatility,1Y,30.69,2019-10-21,5,[5],cell_grid,1.0,단위: %) 수익률 변동성 단위: %) 수익률 변동성 30.69 30.11 27.20 25.42 26.58
FUND000071,KR5153450785,,,volatility,2Y,30.11,2019-10-21,5,[5],cell_grid,1.0,단위: %) 수익률 변동성 단위: %) 수익률 변동성 30.69 30.11 27.20 25.42 26.58
FUND000071,KR5153450785,,,volatility,3Y,27.20,2019-10-21,5,[5],cell_grid,1.0,단위: %) 수익률 변동성 단위: %) 수익률 변동성 30.69 30.11 27.20 25.42 26.58
FUND000071,KR5153450785,,,volatility,5Y,25.42,2019-10-21,5,[5],cell_grid,1.0,단위: %) 수익률 변동성 단위: %) 수익률 변동성 30.69 30.11 27.20 25.42 26.58
FUND000071,KR5153450785,,,volatility,SINCE_INCEPTION,26.58,2019-10-21,5,[5],cell_grid,1.0,단위: %) 수익률 변동성 단위: %) 수익률 변동성 30.69 30.11 27.20 25.42 26.58
FUND000071,KR5153450785,CLASS000861,AG,class_return,1Y,105.70,2020-11-18,47,[47],cell_grid,1.0,종류AG 수수료선취-오프라인-무권유저비용 종류AG 수수료선취-오프라인-무권유저비용 105.70 22.71 27.70 9.85 13.90
FUND000071,KR5153450785,CLASS000861,AG,class_return,2Y,22.71,2020-11-18,47,[47],cell_grid,1.0,종류AG 수수료선취-오프라인-무권유저비용 종류AG 수수료선취-오프라인-무권유저비용 105.70 22.71 27.70 9.85 13.90
FUND000071,KR5153450785,CLASS000861,AG,class_return,3Y,27.70,2020-11-18,47,[47],cell_grid,1.0,종류AG 수수료선취-오프라인-무권유저비용 종류AG 수수료선취-오프라인-무권유저비용 105.70 22.71 27.70 9.85 13.90
FUND000071,KR5153450785,CLASS000861,AG,class_return,5Y,9.85,2020-11-18,47,[47],cell_grid,1.0,종류AG 수수료선취-오프라인-무권유저비용 종류AG 수수료선취-오프라인-무권유저비용 105.70 22.71 27.70 9.85 13.90
FUND000071,KR5153450785,CLASS000861,AG,class_return,SINCE_INCEPTION,13.90,2020-11-18,47,[47],cell_grid,1.0,종류AG 수수료선취-오프라인-무권유저비용 종류AG 수수료선취-오프라인-무권유저비용 105.70 22.71 27.70 9.85 13.90
FUND000071,KR5153450785,CLASS000864,CG,class_return,1Y,105.28,2019-11-28,47,[47],cell_grid,1.0,종류CG 수수료미징구-오프라인-무권유저비용 종류CG 수수료미징구-오프라인-무권유저비용 105.28 22.44 27.41 9.61 17.14
FUND000071,KR5153450785,CLASS000864,CG,class_return,2Y,22.44,2019-11-28,47,[47],cell_grid,1.0,종류CG 수수료미징구-오프라인-무권유저비용 종류CG 수수료미징구-오프라인-무권유저비용 105.28 22.44 27.41 9.61 17.14
FUND000071,KR5153450785,CLASS000864,CG,class_return,3Y,27.41,2019-11-28,47,[47],cell_grid,1.0,종류CG 수수료미징구-오프라인-무권유저비용 종류CG 수수료미징구-오프라인-무권유저비용 105.28 22.44 27.41 9.61 17.14
FUND000071,KR5153450785,CLASS000864,CG,class_return,5Y,9.61,2019-11-28,47,[47],cell_grid,1.0,종류CG 수수료미징구-오프라인-무권유저비용 종류CG 수수료미징구-오프라인-무권유저비용 105.28 22.44 27.41 9.61 17.14
FUND000071,KR5153450785,CLASS000864,CG,class_return,SINCE_INCEPTION,17.14,2019-11-28,47,[47],cell_grid,1.0,종류CG 수수료미징구-오프라인-무권유저비용 종류CG 수수료미징구-오프라인-무권유저비용 105.28 22.44 27.41 9.61 17.14
FUND000071,KR5153450785,CLASS000865,C-I,class_return,1Y,-,2019-10-29,47,[47],cell_grid,1.0,종류C-I 수수료미징구-오프라인-기관 종류C-I 수수료미징구-오프라인-기관 - - - - -
FUND000071,KR5153450785,CLASS000865,C-I,class_return,2Y,-,2019-10-29,47,[47],cell_grid,1.0,종류C-I 수수료미징구-오프라인-기관 종류C-I 수수료미징구-오프라인-기관 - - - - -
FUND000071,KR5153450785,CLASS000865,C-I,class_return,3Y,-,2019-10-29,47,[47],cell_grid,1.0,종류C-I 수수료미징구-오프라인-기관 종류C-I 수수료미징구-오프라인-기관 - - - - -
FUND000071,KR5153450785,CLASS000865,C-I,class_return,5Y,-,2019-10-29,47,[47],cell_grid,1.0,종류C-I 수수료미징구-오프라인-기관 종류C-I 수수료미징구-오프라인-기관 - - - - -
FUND000071,KR5153450785,CLASS000865,C-I,class_return,SINCE_INCEPTION,-,2019-10-29,47,[47],cell_grid,1.0,종류C-I 수수료미징구-오프라인-기관 종류C-I 수수료미징구-오프라인-기관 - - - - -
FUND000071,KR5153450785,CLASS000866,F,class_return,1Y,106.63,2019-10-21,47,[47],cell_grid,1.0,"종류F 수수료미징구-오프라인-랩, 펀드 등 종류F 수수료미징구-오프라인-랩, 펀드 등 106.63 23.28 28.28 10.36 17.54"
FUND000071,KR5153450785,CLASS000866,F,class_return,2Y,23.28,2019-10-21,47,[47],cell_grid,1.0,"종류F 수수료미징구-오프라인-랩, 펀드 등 종류F 수수료미징구-오프라인-랩, 펀드 등 106.63 23.28 28.28 10.36 17.54"
FUND000071,KR5153450785,CLASS000866,F,class_return,3Y,28.28,2019-10-21,47,[47],cell_grid,1.0,"종류F 수수료미징구-오프라인-랩, 펀드 등 종류F 수수료미징구-오프라인-랩, 펀드 등 106.63 23.28 28.28 10.36 17.54"
FUND000071,KR5153450785,CLASS000866,F,class_return,5Y,10.36,2019-10-21,47,[47],cell_grid,1.0,"종류F 수수료미징구-오프라인-랩, 펀드 등 종류F 수수료미징구-오프라인-랩, 펀드 등 106.63 23.28 28.28 10.36 17.54"
FUND000071,KR5153450785,CLASS000866,F,class_return,SINCE_INCEPTION,17.54,2019-10-21,47,[47],cell_grid,1.0,"종류F 수수료미징구-오프라인-랩, 펀드 등 종류F 수수료미징구-오프라인-랩, 펀드 등 106.63 23.28 28.28 10.36 17.54"
FUND000071,KR5153450785,CLASS000867,S,class_return,1Y,105.97,2020-02-14,47,[47],cell_grid,1.0,종류S 수수료후취-온라인슈퍼 종류S 수수료후취-온라인슈퍼 105.97 22.87 27.85 9.99 15.44
FUND000071,KR5153450785,CLASS000867,S,class_return,2Y,22.87,2020-02-14,47,[47],cell_grid,1.0,종류S 수수료후취-온라인슈퍼 종류S 수수료후취-온라인슈퍼 105.97 22.87 27.85 9.99 15.44
FUND000071,KR5153450785,CLASS000867,S,class_return,3Y,27.85,2020-02-14,47,[47],cell_grid,1.0,종류S 수수료후취-온라인슈퍼 종류S 수수료후취-온라인슈퍼 105.97 22.87 27.85 9.99 15.44
FUND000071,KR5153450785,CLASS000867,S,class_return,5Y,9.99,2020-02-14,47,[47],cell_grid,1.0,종류S 수수료후취-온라인슈퍼 종류S 수수료후취-온라인슈퍼 105.97 22.87 27.85 9.99 15.44
FUND000071,KR5153450785,CLASS000867,S,class_return,SINCE_INCEPTION,15.44,2020-02-14,47,[47],cell_grid,1.0,종류S 수수료후취-온라인슈퍼 종류S 수수료후취-온라인슈퍼 105.97 22.87 27.85 9.99 15.44
FUND000071,KR5153450785,CLASS000869,C-Pe,class_return,1Y,105.83,2019-10-23,47,[47],cell_grid,1.0,종류C-Pe 수수료미징구-온라인-개인연금 종류C-Pe 수수료미징구-온라인-개인연금 105.83 22.79 27.78 9.93 17.11
FUND000071,KR5153450785,CLASS000869,C-Pe,class_return,2Y,22.79,2019-10-23,47,[47],cell_grid,1.0,종류C-Pe 수수료미징구-온라인-개인연금 종류C-Pe 수수료미징구-온라인-개인연금 105.83 22.79 27.78 9.93 17.11
FUND000071,KR5153450785,CLASS000869,C-Pe,class_return,3Y,27.78,2019-10-23,47,[47],cell_grid,1.0,종류C-Pe 수수료미징구-온라인-개인연금 종류C-Pe 수수료미징구-온라인-개인연금 105.83 22.79 27.78 9.93 17.11
FUND000071,KR5153450785,CLASS000869,C-Pe,class_return,5Y,9.93,2019-10-23,47,[47],cell_grid,1.0,종류C-Pe 수수료미징구-온라인-개인연금 종류C-Pe 수수료미징구-온라인-개인연금 105.83 22.79 27.78 9.93 17.11
FUND000071,KR5153450785,CLASS000869,C-Pe,class_return,SINCE_INCEPTION,17.11,2019-10-23,47,[47],cell_grid,1.0,종류C-Pe 수수료미징구-온라인-개인연금 종류C-Pe 수수료미징구-온라인-개인연금 105.83 22.79 27.78 9.93 17.11
FUND000071,KR5153450785,CLASS000871,C-P2e,class_return,1Y,105.98,2019-10-23,48,[48],cell_grid,1.0,종류C-P2e 수수료미징구-온라인-퇴직연금 종류C-P2e 수수료미징구-온라인-퇴직연금 105.98 22.89 27.88 10.01 17.20
FUND000071,KR5153450785,CLASS000871,C-P2e,class_return,2Y,22.89,2019-10-23,48,[48],cell_grid,1.0,종류C-P2e 수수료미징구-온라인-퇴직연금 종류C-P2e 수수료미징구-온라인-퇴직연금 105.98 22.89 27.88 10.01 17.20
FUND000071,KR5153450785,CLASS000871,C-P2e,class_return,3Y,27.88,2019-10-23,48,[48],cell_grid,1.0,종류C-P2e 수수료미징구-온라인-퇴직연금 종류C-P2e 수수료미징구-온라인-퇴직연금 105.98 22.89 27.88 10.01 17.20
FUND000071,KR5153450785,CLASS000871,C-P2e,class_return,5Y,10.01,2019-10-23,48,[48],cell_grid,1.0,종류C-P2e 수수료미징구-온라인-퇴직연금 종류C-P2e 수수료미징구-온라인-퇴직연금 105.98 22.89 27.88 10.01 17.20
FUND000071,KR5153450785,CLASS000871,C-P2e,class_return,SINCE_INCEPTION,17.20,2019-10-23,48,[48],cell_grid,1.0,종류C-P2e 수수료미징구-온라인-퇴직연금 종류C-P2e 수수료미징구-온라인-퇴직연금 105.98 22.89 27.88 10.01 17.20
FUND000072,KR5153450791,CLASS000872,C,class_return,1Y,2.28,2015-06-17,4,[4],cell_grid,1.0,수수료미징구-오프라인-퇴직 2015.06.17 연금(C) 수수료미징구-오프라인-퇴직 연금(C) 2015.06.17 2.28 3.89 -1.02 4.46 4.37
FUND000072,KR5153450791,CLASS000872,C,class_return,2Y,3.89,2015-06-17,4,[4],cell_grid,1.0,수수료미징구-오프라인-퇴직 2015.06.17 연금(C) 수수료미징구-오프라인-퇴직 연금(C) 2015.06.17 2.28 3.89 -1.02 4.46 4.37
FUND000072,KR5153450791,CLASS000872,C,class_return,3Y,-1.02,2015-06-17,4,[4],cell_grid,1.0,수수료미징구-오프라인-퇴직 2015.06.17 연금(C) 수수료미징구-오프라인-퇴직 연금(C) 2015.06.17 2.28 3.89 -1.02 4.46 4.37
FUND000072,KR5153450791,CLASS000872,C,class_return,5Y,4.46,2015-06-17,4,[4],cell_grid,1.0,수수료미징구-오프라인-퇴직 2015.06.17 연금(C) 수수료미징구-오프라인-퇴직 연금(C) 2015.06.17 2.28 3.89 -1.02 4.46 4.37
FUND000072,KR5153450791,CLASS000872,C,class_return,SINCE_INCEPTION,4.37,2015-06-17,4,[4],cell_grid,1.0,수수료미징구-오프라인-퇴직 2015.06.17 연금(C) 수수료미징구-오프라인-퇴직 연금(C) 2015.06.17 2.28 3.89 -1.02 4.46 4.37
FUND000072,KR5153450791,CLASS000873,C-P2e,class_return,1Y,2.54,2018-01-09,4,[4],cell_grid,1.0,수수료미징구-온라인-퇴직연 2018.01.09 금(C-P2e) 수수료미징구-온라인-퇴직연 금(C-P2e) 2018.01.09 2.54 4.15 -0.77 4.72 1.62
FUND000072,KR5153450791,CLASS000873,C-P2e,class_return,2Y,4.15,2018-01-09,4,[4],cell_grid,1.0,수수료미징구-온라인-퇴직연 2018.01.09 금(C-P2e) 수수료미징구-온라인-퇴직연 금(C-P2e) 2018.01.09 2.54 4.15 -0.77 4.72 1.62
FUND000072,KR5153450791,CLASS000873,C-P2e,class_return,3Y,-0.77,2018-01-09,4,[4],cell_grid,1.0,수수료미징구-온라인-퇴직연 2018.01.09 금(C-P2e) 수수료미징구-온라인-퇴직연 금(C-P2e) 2018.01.09 2.54 4.15 -0.77 4.72 1.62
FUND000072,KR5153450791,CLASS000873,C-P2e,class_return,5Y,4.72,2018-01-09,4,[4],cell_grid,1.0,수수료미징구-온라인-퇴직연 2018.01.09 금(C-P2e) 수수료미징구-온라인-퇴직연 금(C-P2e) 2018.01.09 2.54 4.15 -0.77 4.72 1.62
FUND000072,KR5153450791,CLASS000873,C-P2e,class_return,SINCE_INCEPTION,1.62,2018-01-09,4,[4],cell_grid,1.0,수수료미징구-온라인-퇴직연 2018.01.09 금(C-P2e) 수수료미징구-온라인-퇴직연 금(C-P2e) 2018.01.09 2.54 4.15 -0.77 4.72 1.62
FUND000072,KR5153450791,,,fund,1Y,3.06,2014-01-15,4,[4],cell_grid,1.0,투자실적 투자신탁 추이 투자실적 추이 투자신탁 3.06 4.67 -0.28 5.24 4.04
FUND000072,KR5153450791,,,fund,2Y,4.67,2014-01-15,4,[4],cell_grid,1.0,투자실적 투자신탁 추이 투자실적 추이 투자신탁 3.06 4.67 -0.28 5.24 4.04
FUND000072,KR5153450791,,,fund,3Y,-0.28,2014-01-15,4,[4],cell_grid,1.0,투자실적 투자신탁 추이 투자실적 추이 투자신탁 3.06 4.67 -0.28 5.24 4.04
FUND000072,KR5153450791,,,fund,5Y,5.24,2014-01-15,4,[4],cell_grid,1.0,투자실적 투자신탁 추이 투자실적 추이 투자신탁 3.06 4.67 -0.28 5.24 4.04
FUND000072,KR5153450791,,,fund,SINCE_INCEPTION,4.04,2014-01-15,4,[4],cell_grid,1.0,투자실적 투자신탁 추이 투자실적 추이 투자신탁 3.06 4.67 -0.28 5.24 4.04
FUND000072,KR5153450791,,,benchmark,1Y,1.94,2014-01-15,4,[4],cell_grid,1.0,"(연평균 2014.01.15 비교지수 수익률, (연평균 수익률, 비교지수 1.94 3.47 -1.85 2.79 2.13"
FUND000072,KR5153450791,,,benchmark,2Y,3.47,2014-01-15,4,[4],cell_grid,1.0,"(연평균 2014.01.15 비교지수 수익률, (연평균 수익률, 비교지수 1.94 3.47 -1.85 2.79 2.13"
FUND000072,KR5153450791,,,benchmark,3Y,-1.85,2014-01-15,4,[4],cell_grid,1.0,"(연평균 2014.01.15 비교지수 수익률, (연평균 수익률, 비교지수 1.94 3.47 -1.85 2.79 2.13"
FUND000072,KR5153450791,,,benchmark,5Y,2.79,2014-01-15,4,[4],cell_grid,1.0,"(연평균 2014.01.15 비교지수 수익률, (연평균 수익률, 비교지수 1.94 3.47 -1.85 2.79 2.13"
FUND000072,KR5153450791,,,benchmark,SINCE_INCEPTION,2.13,2014-01-15,4,[4],cell_grid,1.0,"(연평균 2014.01.15 비교지수 수익률, (연평균 수익률, 비교지수 1.94 3.47 -1.85 2.79 2.13"
FUND000072,KR5153450791,,,volatility,1Y,17.10,2014-01-15,4,[4],cell_grid,1.0,단위: %) 수익률 변동성 단위: %) 수익률 변동성 17.10 16.09 16.43 20.13 16.52
FUND000072,KR5153450791,,,volatility,2Y,16.09,2014-01-15,4,[4],cell_grid,1.0,단위: %) 수익률 변동성 단위: %) 수익률 변동성 17.10 16.09 16.43 20.13 16.52
FUND000072,KR5153450791,,,volatility,3Y,16.43,2014-01-15,4,[4],cell_grid,1.0,단위: %) 수익률 변동성 단위: %) 수익률 변동성 17.10 16.09 16.43 20.13 16.52
FUND000072,KR5153450791,,,volatility,5Y,20.13,2014-01-15,4,[4],cell_grid,1.0,단위: %) 수익률 변동성 단위: %) 수익률 변동성 17.10 16.09 16.43 20.13 16.52
FUND000072,KR5153450791,,,volatility,SINCE_INCEPTION,16.52,2014-01-15,4,[4],cell_grid,1.0,단위: %) 수익률 변동성 단위: %) 수익률 변동성 17.10 16.09 16.43 20.13 16.52
FUND000072,KR5153450791,CLASS000874,C-F,class_return,1Y,-,2014-01-15,34,[34],cell_grid,1.0,"종류C-F 수수료미징구-직판-퇴직연금, 펀드 등 종류C-F 수수료미징구-직판-퇴직연금, 펀드 등 - - - - -"
FUND000072,KR5153450791,CLASS000874,C-F,class_return,2Y,-,2014-01-15,34,[34],cell_grid,1.0,"종류C-F 수수료미징구-직판-퇴직연금, 펀드 등 종류C-F 수수료미징구-직판-퇴직연금, 펀드 등 - - - - -"
FUND000072,KR5153450791,CLASS000874,C-F,class_return,3Y,-,2014-01-15,34,[34],cell_grid,1.0,"종류C-F 수수료미징구-직판-퇴직연금, 펀드 등 종류C-F 수수료미징구-직판-퇴직연금, 펀드 등 - - - - -"
FUND000072,KR5153450791,CLASS000874,C-F,class_return,5Y,-,2014-01-15,34,[34],cell_grid,1.0,"종류C-F 수수료미징구-직판-퇴직연금, 펀드 등 종류C-F 수수료미징구-직판-퇴직연금, 펀드 등 - - - - -"
FUND000072,KR5153450791,CLASS000874,C-F,class_return,SINCE_INCEPTION,-,2014-01-15,34,[34],cell_grid,1.0,"종류C-F 수수료미징구-직판-퇴직연금, 펀드 등 종류C-F 수수료미징구-직판-퇴직연금, 펀드 등 - - - - -"
FUND000073,KR5153451009,CLASS000876,C-Pe,class_return,1Y,13.88,2015-11-26,4,[4],cell_grid,1.0,수수료미징구-온라인-개인연 2015.11.26 금(C-Pe) 수수료미징구-온라인-개인연 금(C-Pe) 2015.11.26 13.88 16.85 11.47 2.42 8.51
FUND000073,KR5153451009,CLASS000876,C-Pe,class_return,2Y,16.85,2015-11-26,4,[4],cell_grid,1.0,수수료미징구-온라인-개인연 2015.11.26 금(C-Pe) 수수료미징구-온라인-개인연 금(C-Pe) 2015.11.26 13.88 16.85 11.47 2.42 8.51
FUND000073,KR5153451009,CLASS000876,C-Pe,class_return,3Y,11.47,2015-11-26,4,[4],cell_grid,1.0,수수료미징구-온라인-개인연 2015.11.26 금(C-Pe) 수수료미징구-온라인-개인연 금(C-Pe) 2015.11.26 13.88 16.85 11.47 2.42 8.51
FUND000073,KR5153451009,CLASS000876,C-Pe,class_return,5Y,2.42,2015-11-26,4,[4],cell_grid,1.0,수수료미징구-온라인-개인연 2015.11.26 금(C-Pe) 수수료미징구-온라인-개인연 금(C-Pe) 2015.11.26 13.88 16.85 11.47 2.42 8.51
FUND000073,KR5153451009,CLASS000876,C-Pe,class_return,SINCE_INCEPTION,8.51,2015-11-26,4,[4],cell_grid,1.0,수수료미징구-온라인-개인연 2015.11.26 금(C-Pe) 수수료미징구-온라인-개인연 금(C-Pe) 2015.11.26 13.88 16.85 11.47 2.42 8.51
FUND000073,KR5153451009,CLASS000878,C-P2e,class_return,1Y,13.95,2019-03-07,4,[4],cell_grid,1.0,수수료미징구-온라인-퇴직연 2019.03.07 금(C-P2e) 수수료미징구-온라인-퇴직연 금(C-P2e) 2019.03.07 13.95 16.92 11.54 2.48 8.71
FUND000073,KR5153451009,CLASS000878,C-P2e,class_return,2Y,16.92,2019-03-07,4,[4],cell_grid,1.0,수수료미징구-온라인-퇴직연 2019.03.07 금(C-P2e) 수수료미징구-온라인-퇴직연 금(C-P2e) 2019.03.07 13.95 16.92 11.54 2.48 8.71
FUND000073,KR5153451009,CLASS000878,C-P2e,class_return,3Y,11.54,2019-03-07,4,[4],cell_grid,1.0,수수료미징구-온라인-퇴직연 2019.03.07 금(C-P2e) 수수료미징구-온라인-퇴직연 금(C-P2e) 2019.03.07 13.95 16.92 11.54 2.48 8.71
FUND000073,KR5153451009,CLASS000878,C-P2e,class_return,5Y,2.48,2019-03-07,4,[4],cell_grid,1.0,수수료미징구-온라인-퇴직연 2019.03.07 금(C-P2e) 수수료미징구-온라인-퇴직연 금(C-P2e) 2019.03.07 13.95 16.92 11.54 2.48 8.71
FUND000073,KR5153451009,CLASS000878,C-P2e,class_return,SINCE_INCEPTION,8.71,2019-03-07,4,[4],cell_grid,1.0,수수료미징구-온라인-퇴직연 2019.03.07 금(C-P2e) 수수료미징구-온라인-퇴직연 금(C-P2e) 2019.03.07 13.95 16.92 11.54 2.48 8.71
FUND000073,KR5153451009,CLASS000875,C-P,class_return,1Y,13.35,2015-09-22,4,[4],cell_grid,1.0,수수료미징구-오프라인-개인 2015.09.22 연금(C-P) 수수료미징구-오프라인-개인 연금(C-P) 2015.09.22 13.35 16.30 10.94 1.93 7.98
FUND000073,KR5153451009,CLASS000875,C-P,class_return,2Y,16.30,2015-09-22,4,[4],cell_grid,1.0,수수료미징구-오프라인-개인 2015.09.22 연금(C-P) 수수료미징구-오프라인-개인 연금(C-P) 2015.09.22 13.35 16.30 10.94 1.93 7.98
FUND000073,KR5153451009,CLASS000875,C-P,class_return,3Y,10.94,2015-09-22,4,[4],cell_grid,1.0,수수료미징구-오프라인-개인 2015.09.22 연금(C-P) 수수료미징구-오프라인-개인 연금(C-P) 2015.09.22 13.35 16.30 10.94 1.93 7.98
FUND000073,KR5153451009,CLASS000875,C-P,class_return,5Y,1.93,2015-09-22,4,[4],cell_grid,1.0,수수료미징구-오프라인-개인 2015.09.22 연금(C-P) 수수료미징구-오프라인-개인 연금(C-P) 2015.09.22 13.35 16.30 10.94 1.93 7.98
FUND000073,KR5153451009,CLASS000875,C-P,class_return,SINCE_INCEPTION,7.98,2015-09-22,4,[4],cell_grid,1.0,수수료미징구-오프라인-개인 2015.09.22 연금(C-P) 수수료미징구-오프라인-개인 연금(C-P) 2015.09.22 13.35 16.30 10.94 1.93 7.98
FUND000073,KR5153451009,CLASS000877,C-P2,class_return,1Y,13.47,2019-05-23,4,[4],cell_grid,1.0,수수료미징구-오프라인-퇴직 2019.05.23 연금(C-P2) 수수료미징구-오프라인-퇴직 연금(C-P2) 2019.05.23 13.47 16.43 11.07 2.04 7.91
FUND000073,KR5153451009,CLASS000877,C-P2,class_return,2Y,16.43,2019-05-23,4,[4],cell_grid,1.0,수수료미징구-오프라인-퇴직 2019.05.23 연금(C-P2) 수수료미징구-오프라인-퇴직 연금(C-P2) 2019.05.23 13.47 16.43 11.07 2.04 7.91
FUND000073,KR5153451009,CLASS000877,C-P2,class_return,3Y,11.07,2019-05-23,4,[4],cell_grid,1.0,수수료미징구-오프라인-퇴직 2019.05.23 연금(C-P2) 수수료미징구-오프라인-퇴직 연금(C-P2) 2019.05.23 13.47 16.43 11.07 2.04 7.91
FUND000073,KR5153451009,CLASS000877,C-P2,class_return,5Y,2.04,2019-05-23,4,[4],cell_grid,1.0,수수료미징구-오프라인-퇴직 2019.05.23 연금(C-P2) 수수료미징구-오프라인-퇴직 연금(C-P2) 2019.05.23 13.47 16.43 11.07 2.04 7.91
FUND000073,KR5153451009,CLASS000877,C-P2,class_return,SINCE_INCEPTION,7.91,2019-05-23,4,[4],cell_grid,1.0,수수료미징구-오프라인-퇴직 2019.05.23 연금(C-P2) 수수료미징구-오프라인-퇴직 연금(C-P2) 2019.05.23 13.47 16.43 11.07 2.04 7.91
FUND000073,KR5153451009,,,fund,1Y,15.22,2015-09-22,4,[4],cell_grid,1.0,투자실적 투자신탁 추이 투자실적 추이 투자신탁 15.22 18.22 12.80 3.65 9.79
FUND000073,KR5153451009,,,fund,2Y,18.22,2015-09-22,4,[4],cell_grid,1.0,투자실적 투자신탁 추이 투자실적 추이 투자신탁 15.22 18.22 12.80 3.65 9.79
FUND000073,KR5153451009,,,fund,3Y,12.80,2015-09-22,4,[4],cell_grid,1.0,투자실적 투자신탁 추이 투자실적 추이 투자신탁 15.22 18.22 12.80 3.65 9.79
FUND000073,KR5153451009,,,fund,5Y,3.65,2015-09-22,4,[4],cell_grid,1.0,투자실적 투자신탁 추이 투자실적 추이 투자신탁 15.22 18.22 12.80 3.65 9.79
FUND000073,KR5153451009,,,fund,SINCE_INCEPTION,9.79,2015-09-22,4,[4],cell_grid,1.0,투자실적 투자신탁 추이 투자실적 추이 투자신탁 15.22 18.22 12.80 3.65 9.79
FUND000073,KR5153451009,,,benchmark,1Y,32.39,2015-09-22,4,[4],cell_grid,1.0,"(연평균 2015.09.22 비교지수 수익률, (연평균 수익률, 비교지수 32.39 29.75 19.53 11.10 11.02"
FUND000073,KR5153451009,,,benchmark,2Y,29.75,2015-09-22,4,[4],cell_grid,1.0,"(연평균 2015.09.22 비교지수 수익률, (연평균 수익률, 비교지수 32.39 29.75 19.53 11.10 11.02"
FUND000073,KR5153451009,,,benchmark,3Y,19.53,2015-09-22,4,[4],cell_grid,1.0,"(연평균 2015.09.22 비교지수 수익률, (연평균 수익률, 비교지수 32.39 29.75 19.53 11.10 11.02"
FUND000073,KR5153451009,,,benchmark,5Y,11.10,2015-09-22,4,[4],cell_grid,1.0,"(연평균 2015.09.22 비교지수 수익률, (연평균 수익률, 비교지수 32.39 29.75 19.53 11.10 11.02"
FUND000073,KR5153451009,,,benchmark,SINCE_INCEPTION,11.02,2015-09-22,4,[4],cell_grid,1.0,"(연평균 2015.09.22 비교지수 수익률, (연평균 수익률, 비교지수 32.39 29.75 19.53 11.10 11.02"
FUND000073,KR5153451009,,,volatility,1Y,15.09,2015-09-22,4,[4],cell_grid,1.0,단위: %) 수익률 변동성 단위: %) 수익률 변동성 15.09 13.78 13.56 15.42 14.82
FUND000073,KR5153451009,,,volatility,2Y,13.78,2015-09-22,4,[4],cell_grid,1.0,단위: %) 수익률 변동성 단위: %) 수익률 변동성 15.09 13.78 13.56 15.42 14.82
FUND000073,KR5153451009,,,volatility,3Y,13.56,2015-09-22,4,[4],cell_grid,1.0,단위: %) 수익률 변동성 단위: %) 수익률 변동성 15.09 13.78 13.56 15.42 14.82
FUND000073,KR5153451009,,,volatility,5Y,15.42,2015-09-22,4,[4],cell_grid,1.0,단위: %) 수익률 변동성 단위: %) 수익률 변동성 15.09 13.78 13.56 15.42 14.82
FUND000073,KR5153451009,,,volatility,SINCE_INCEPTION,14.82,2015-09-22,4,[4],cell_grid,1.0,단위: %) 수익률 변동성 단위: %) 수익률 변동성 15.09 13.78 13.56 15.42 14.82
FUND000074,KR5153520012,CLASS000880,C,class_return,1Y,-1.89,2006-01-31,3,[3],cell_grid,1.0,수수료미징구-오프라인-퇴직 2006.01.31 연금(C) 수수료미징구-오프라인-퇴직 연금(C) 2006.01.31 -1.89 4.22 5.35 0.38 3.49
FUND000074,KR5153520012,CLASS000880,C,class_return,2Y,4.22,2006-01-31,3,[3],cell_grid,1.0,수수료미징구-오프라인-퇴직 2006.01.31 연금(C) 수수료미징구-오프라인-퇴직 연금(C) 2006.01.31 -1.89 4.22 5.35 0.38 3.49
FUND000074,KR5153520012,CLASS000880,C,class_return,3Y,5.35,2006-01-31,3,[3],cell_grid,1.0,수수료미징구-오프라인-퇴직 2006.01.31 연금(C) 수수료미징구-오프라인-퇴직 연금(C) 2006.01.31 -1.89 4.22 5.35 0.38 3.49
FUND000074,KR5153520012,CLASS000880,C,class_return,5Y,0.38,2006-01-31,3,[3],cell_grid,1.0,수수료미징구-오프라인-퇴직 2006.01.31 연금(C) 수수료미징구-오프라인-퇴직 연금(C) 2006.01.31 -1.89 4.22 5.35 0.38 3.49
FUND000074,KR5153520012,CLASS000880,C,class_return,SINCE_INCEPTION,3.49,2006-01-31,3,[3],cell_grid,1.0,수수료미징구-오프라인-퇴직 2006.01.31 연금(C) 수수료미징구-오프라인-퇴직 연금(C) 2006.01.31 -1.89 4.22 5.35 0.38 3.49
FUND000074,KR5153520012,CLASS000881,C-P2e,class_return,1Y,-1.79,2017-08-17,3,[3],cell_grid,1.0,수수료미징구-온라인-퇴직연 2017.08.17 금(C-P2e) 수수료미징구-온라인-퇴직연 금(C-P2e) 2017.08.17 -1.79 4.32 5.45 0.48 1.56
FUND000074,KR5153520012,CLASS000881,C-P2e,class_return,2Y,4.32,2017-08-17,3,[3],cell_grid,1.0,수수료미징구-온라인-퇴직연 2017.08.17 금(C-P2e) 수수료미징구-온라인-퇴직연 금(C-P2e) 2017.08.17 -1.79 4.32 5.45 0.48 1.56
FUND000074,KR5153520012,CLASS000881,C-P2e,class_return,3Y,5.45,2017-08-17,3,[3],cell_grid,1.0,수수료미징구-온라인-퇴직연 2017.08.17 금(C-P2e) 수수료미징구-온라인-퇴직연 금(C-P2e) 2017.08.17 -1.79 4.32 5.45 0.48 1.56
FUND000074,KR5153520012,CLASS000881,C-P2e,class_return,5Y,0.48,2017-08-17,3,[3],cell_grid,1.0,수수료미징구-온라인-퇴직연 2017.08.17 금(C-P2e) 수수료미징구-온라인-퇴직연 금(C-P2e) 2017.08.17 -1.79 4.32 5.45 0.48 1.56
FUND000074,KR5153520012,CLASS000881,C-P2e,class_return,SINCE_INCEPTION,1.56,2017-08-17,3,[3],cell_grid,1.0,수수료미징구-온라인-퇴직연 2017.08.17 금(C-P2e) 수수료미징구-온라인-퇴직연 금(C-P2e) 2017.08.17 -1.79 4.32 5.45 0.48 1.56
FUND000074,KR5153520012,,,fund,1Y,-1.51,2006-01-31,3,[3],cell_grid,1.0,투자실적 투자신탁 2006.01.31 투자실적 투자신탁 2006.01.31 -1.51 4.61 5.75 0.76 3.76
FUND000074,KR5153520012,,,fund,2Y,4.61,2006-01-31,3,[3],cell_grid,1.0,투자실적 투자신탁 2006.01.31 투자실적 투자신탁 2006.01.31 -1.51 4.61 5.75 0.76 3.76
FUND000074,KR5153520012,,,fund,3Y,5.75,2006-01-31,3,[3],cell_grid,1.0,투자실적 투자신탁 2006.01.31 투자실적 투자신탁 2006.01.31 -1.51 4.61 5.75 0.76 3.76
FUND000074,KR5153520012,,,fund,5Y,0.76,2006-01-31,3,[3],cell_grid,1.0,투자실적 투자신탁 2006.01.31 투자실적 투자신탁 2006.01.31 -1.51 4.61 5.75 0.76 3.76
FUND000074,KR5153520012,,,fund,SINCE_INCEPTION,3.76,2006-01-31,3,[3],cell_grid,1.0,투자실적 투자신탁 2006.01.31 투자실적 투자신탁 2006.01.31 -1.51 4.61 5.75 0.76 3.76
FUND000074,KR5153520012,,,benchmark,1Y,-1.54,2006-01-31,4,[4],cell_grid,1.0,(연평균 비교지수 (연평균 비교지수 -1.54 4.41 4.87 0.58
FUND000074,KR5153520012,,,benchmark,2Y,4.41,2006-01-31,4,[4],cell_grid,1.0,(연평균 비교지수 (연평균 비교지수 -1.54 4.41 4.87 0.58
FUND000074,KR5153520012,,,benchmark,3Y,4.87,2006-01-31,4,[4],cell_grid,1.0,(연평균 비교지수 (연평균 비교지수 -1.54 4.41 4.87 0.58
FUND000074,KR5153520012,,,benchmark,5Y,0.58,2006-01-31,4,[4],cell_grid,1.0,(연평균 비교지수 (연평균 비교지수 -1.54 4.41 4.87 0.58
FUND000074,KR5153520012,,,volatility,1Y,3.77,2006-01-31,4,[4],cell_grid,1.0,단위: %) 수익률 변동성 단위: %) 수익률 변동성 3.77 3.86 4.65 5.46
FUND000074,KR5153520012,,,volatility,2Y,3.86,2006-01-31,4,[4],cell_grid,1.0,단위: %) 수익률 변동성 단위: %) 수익률 변동성 3.77 3.86 4.65 5.46
FUND000074,KR5153520012,,,volatility,3Y,4.65,2006-01-31,4,[4],cell_grid,1.0,단위: %) 수익률 변동성 단위: %) 수익률 변동성 3.77 3.86 4.65 5.46
FUND000074,KR5153520012,,,volatility,5Y,5.46,2006-01-31,4,[4],cell_grid,1.0,단위: %) 수익률 변동성 단위: %) 수익률 변동성 3.77 3.86 4.65 5.46
FUND000074,KR5153520012,CLASS000882,C-F,class_return,1Y,-1.69,2012-04-18,38,[38],cell_grid,1.0,"종류C-F 수수료미징구-직판-퇴직연금, 펀드 등 종류C-F 수수료미징구-직판-퇴직연금, 펀드 등 -1.69 4.42 5.56 0.58 2.61"
FUND000074,KR5153520012,CLASS000882,C-F,class_return,2Y,4.42,2012-04-18,38,[38],cell_grid,1.0,"종류C-F 수수료미징구-직판-퇴직연금, 펀드 등 종류C-F 수수료미징구-직판-퇴직연금, 펀드 등 -1.69 4.42 5.56 0.58 2.61"
FUND000074,KR5153520012,CLASS000882,C-F,class_return,3Y,5.56,2012-04-18,38,[38],cell_grid,1.0,"종류C-F 수수료미징구-직판-퇴직연금, 펀드 등 종류C-F 수수료미징구-직판-퇴직연금, 펀드 등 -1.69 4.42 5.56 0.58 2.61"
FUND000074,KR5153520012,CLASS000882,C-F,class_return,5Y,0.58,2012-04-18,38,[38],cell_grid,1.0,"종류C-F 수수료미징구-직판-퇴직연금, 펀드 등 종류C-F 수수료미징구-직판-퇴직연금, 펀드 등 -1.69 4.42 5.56 0.58 2.61"
FUND000074,KR5153520012,CLASS000882,C-F,class_return,SINCE_INCEPTION,2.61,2012-04-18,38,[38],cell_grid,1.0,"종류C-F 수수료미징구-직판-퇴직연금, 펀드 등 종류C-F 수수료미징구-직판-퇴직연금, 펀드 등 -1.69 4.42 5.56 0.58 2.61"
FUND000074,KR5153520012,,,benchmark,1Y,-1.54,2006-01-31,38,[38],cell_grid,1.0,비교지수 비교지수 -1.54 4.41 4.87 0.58 3.43
FUND000074,KR5153520012,,,benchmark,2Y,4.41,2006-01-31,38,[38],cell_grid,1.0,비교지수 비교지수 -1.54 4.41 4.87 0.58 3.43
FUND000074,KR5153520012,,,benchmark,3Y,4.87,2006-01-31,38,[38],cell_grid,1.0,비교지수 비교지수 -1.54 4.41 4.87 0.58 3.43
FUND000074,KR5153520012,,,benchmark,5Y,0.58,2006-01-31,38,[38],cell_grid,1.0,비교지수 비교지수 -1.54 4.41 4.87 0.58 3.43
FUND000074,KR5153520012,,,benchmark,SINCE_INCEPTION,3.43,2006-01-31,38,[38],cell_grid,1.0,비교지수 비교지수 -1.54 4.41 4.87 0.58 3.43
FUND000074,KR5153520012,,,volatility,1Y,3.77,2006-01-31,38,[38],cell_grid,1.0,수익률 변동성 수익률 변동성 3.77 3.86 4.65 5.46 3.63
FUND000074,KR5153520012,,,volatility,2Y,3.86,2006-01-31,38,[38],cell_grid,1.0,수익률 변동성 수익률 변동성 3.77 3.86 4.65 5.46 3.63
FUND000074,KR5153520012,,,volatility,3Y,4.65,2006-01-31,38,[38],cell_grid,1.0,수익률 변동성 수익률 변동성 3.77 3.86 4.65 5.46 3.63
FUND000074,KR5153520012,,,volatility,5Y,5.46,2006-01-31,38,[38],cell_grid,1.0,수익률 변동성 수익률 변동성 3.77 3.86 4.65 5.46 3.63
FUND000074,KR5153520012,,,volatility,SINCE_INCEPTION,3.63,2006-01-31,38,[38],cell_grid,1.0,수익률 변동성 수익률 변동성 3.77 3.86 4.65 5.46 3.63
FUND000008,KR5156450026,CLASS000110,A,class_return,1Y,56.46,2016-08-29,4,"[4,42]",cell_grid,1.0,수수료선취- (연평균 2016-08-29 오프라인형(A) 수익률) 2016-08-29 56.46 22.64 21.58 11.52 10.37
FUND000008,KR5156450026,CLASS000110,A,class_return,2Y,22.64,2016-08-29,4,"[4,42]",cell_grid,1.0,수수료선취- (연평균 2016-08-29 오프라인형(A) 수익률) 2016-08-29 56.46 22.64 21.58 11.52 10.37
FUND000008,KR5156450026,CLASS000110,A,class_return,3Y,21.58,2016-08-29,4,"[4,42]",cell_grid,1.0,수수료선취- (연평균 2016-08-29 오프라인형(A) 수익률) 2016-08-29 56.46 22.64 21.58 11.52 10.37
FUND000008,KR5156450026,CLASS000110,A,class_return,5Y,11.52,2016-08-29,4,"[4,42]",cell_grid,1.0,수수료선취- (연평균 2016-08-29 오프라인형(A) 수익률) 2016-08-29 56.46 22.64 21.58 11.52 10.37
FUND000008,KR5156450026,CLASS000110,A,class_return,SINCE_INCEPTION,10.37,2016-08-29,4,"[4,42]",cell_grid,1.0,수수료선취- (연평균 2016-08-29 오프라인형(A) 수익률) 2016-08-29 56.46 22.64 21.58 11.52 10.37
FUND000008,KR5156450026,,,benchmark,1Y,75.63,2016-08-29,4,[4],cell_grid,1.0,비교지수 비교지수 2016-08-29 75.63 25.94 23.49 7.96 8.08
FUND000008,KR5156450026,,,benchmark,2Y,25.94,2016-08-29,4,[4],cell_grid,1.0,비교지수 비교지수 2016-08-29 75.63 25.94 23.49 7.96 8.08
FUND000008,KR5156450026,,,benchmark,3Y,23.49,2016-08-29,4,[4],cell_grid,1.0,비교지수 비교지수 2016-08-29 75.63 25.94 23.49 7.96 8.08
FUND000008,KR5156450026,,,benchmark,5Y,7.96,2016-08-29,4,[4],cell_grid,1.0,비교지수 비교지수 2016-08-29 75.63 25.94 23.49 7.96 8.08
FUND000008,KR5156450026,,,benchmark,SINCE_INCEPTION,8.08,2016-08-29,4,[4],cell_grid,1.0,비교지수 비교지수 2016-08-29 75.63 25.94 23.49 7.96 8.08
FUND000008,KR5156450026,,,volatility,1Y,16.02,2016-08-29,4,[4],cell_grid,1.0,수익률 변동성 수익률 변동성 2016-08-29 16.02 15.61 14.40 14.54 15.89
FUND000008,KR5156450026,,,volatility,2Y,15.61,2016-08-29,4,[4],cell_grid,1.0,수익률 변동성 수익률 변동성 2016-08-29 16.02 15.61 14.40 14.54 15.89
FUND000008,KR5156450026,,,volatility,3Y,14.40,2016-08-29,4,[4],cell_grid,1.0,수익률 변동성 수익률 변동성 2016-08-29 16.02 15.61 14.40 14.54 15.89
FUND000008,KR5156450026,,,volatility,5Y,14.54,2016-08-29,4,[4],cell_grid,1.0,수익률 변동성 수익률 변동성 2016-08-29 16.02 15.61 14.40 14.54 15.89
FUND000008,KR5156450026,,,volatility,SINCE_INCEPTION,15.89,2016-08-29,4,[4],cell_grid,1.0,수익률 변동성 수익률 변동성 2016-08-29 16.02 15.61 14.40 14.54 15.89
FUND000008,KR5156450026,CLASS000111,Ae,class_return,1Y,56.98,2016-08-31,42,[42],detail_return_table_cross_validated,1.0,수수료선취-온라인형(Ae) 2016-08-31 2016-08-31 56.98 23.06 22.00 11.90 10.76
FUND000008,KR5156450026,CLASS000111,Ae,class_return,SINCE_INCEPTION,10.76,2016-08-31,42,[42],detail_return_table_cross_validated,1.0,수수료선취-온라인형(Ae) 2016-08-31 2016-08-31 56.98 23.06 22.00 11.90 10.76
FUND000008,KR5156450026,CLASS000111,Ae,class_return,2Y,23.06,2016-08-31,42,[42],detail_return_table_cross_validated,1.0,수수료선취-온라인형(Ae) 2016-08-31 2016-08-31 56.98 23.06 22.00 11.90 10.76
FUND000008,KR5156450026,CLASS000111,Ae,class_return,3Y,22.00,2016-08-31,42,[42],detail_return_table_cross_validated,1.0,수수료선취-온라인형(Ae) 2016-08-31 2016-08-31 56.98 23.06 22.00 11.90 10.76
FUND000008,KR5156450026,CLASS000111,Ae,class_return,5Y,11.90,2016-08-31,42,[42],detail_return_table_cross_validated,1.0,수수료선취-온라인형(Ae) 2016-08-31 2016-08-31 56.98 23.06 22.00 11.90 10.76
FUND000008,KR5156450026,CLASS000113,C1,class_return,1Y,55.56,2016-08-29,42,[42],detail_return_table_cross_validated,1.0,수수료미징구-오프라인- 2016-08-29 보수체감형(C1) 2016-08-29 55.56 21.92 20.87 10.86 9.72
FUND000008,KR5156450026,CLASS000113,C1,class_return,SINCE_INCEPTION,9.72,2016-08-29,42,[42],detail_return_table_cross_validated,1.0,수수료미징구-오프라인- 2016-08-29 보수체감형(C1) 2016-08-29 55.56 21.92 20.87 10.86 9.72
FUND000008,KR5156450026,CLASS000113,C1,class_return,2Y,21.92,2016-08-29,42,[42],detail_return_table_cross_validated,1.0,수수료미징구-오프라인- 2016-08-29 보수체감형(C1) 2016-08-29 55.56 21.92 20.87 10.86 9.72
FUND000008,KR5156450026,CLASS000113,C1,class_return,3Y,20.87,2016-08-29,42,[42],detail_return_table_cross_validated,1.0,수수료미징구-오프라인- 2016-08-29 보수체감형(C1) 2016-08-29 55.56 21.92 20.87 10.86 9.72
FUND000008,KR5156450026,CLASS000113,C1,class_return,5Y,10.86,2016-08-29,42,[42],detail_return_table_cross_validated,1.0,수수료미징구-오프라인- 2016-08-29 보수체감형(C1) 2016-08-29 55.56 21.92 20.87 10.86 9.72
FUND000008,KR5156450026,CLASS000114,C2,class_return,1Y,55.86,2017-08-29,43,[43],detail_return_table_cross_validated,1.0,2017-08-29 55.86 22.16 21.11 11.08 8.85
FUND000008,KR5156450026,CLASS000114,C2,class_return,2Y,22.16,2017-08-29,43,[43],detail_return_table_cross_validated,1.0,2017-08-29 55.86 22.16 21.11 11.08 8.85
FUND000008,KR5156450026,CLASS000114,C2,class_return,3Y,21.11,2017-08-29,43,[43],detail_return_table_cross_validated,1.0,2017-08-29 55.86 22.16 21.11 11.08 8.85
FUND000008,KR5156450026,CLASS000114,C2,class_return,5Y,11.08,2017-08-29,43,[43],detail_return_table_cross_validated,1.0,2017-08-29 55.86 22.16 21.11 11.08 8.85
FUND000008,KR5156450026,CLASS000114,C2,class_return,SINCE_INCEPTION,8.85,2017-08-29,43,[43],detail_return_table_cross_validated,1.0,2017-08-29 55.86 22.16 21.11 11.08 8.85
FUND000008,KR5156450026,CLASS000115,C3,class_return,1Y,56.17,2018-08-29,43,[43],detail_return_table_cross_validated,1.0,2018-08-29 56.17 22.41 21.35 11.30 11.17
FUND000008,KR5156450026,CLASS000115,C3,class_return,2Y,22.41,2018-08-29,43,[43],detail_return_table_cross_validated,1.0,2018-08-29 56.17 22.41 21.35 11.30 11.17
FUND000008,KR5156450026,CLASS000115,C3,class_return,3Y,21.35,2018-08-29,43,[43],detail_return_table_cross_validated,1.0,2018-08-29 56.17 22.41 21.35 11.30 11.17
FUND000008,KR5156450026,CLASS000115,C3,class_return,5Y,11.30,2018-08-29,43,[43],detail_return_table_cross_validated,1.0,2018-08-29 56.17 22.41 21.35 11.30 11.17
FUND000008,KR5156450026,CLASS000115,C3,class_return,SINCE_INCEPTION,11.17,2018-08-29,43,[43],detail_return_table_cross_validated,1.0,2018-08-29 56.17 22.41 21.35 11.30 11.17
FUND000008,KR5156450026,CLASS000116,C4,class_return,1Y,56.46,2019-08-29,43,[43],detail_return_table_cross_validated,1.0,2019-08-29 56.46 22.64 21.58 11.52 14.92
FUND000008,KR5156450026,CLASS000116,C4,class_return,2Y,22.64,2019-08-29,43,[43],detail_return_table_cross_validated,1.0,2019-08-29 56.46 22.64 21.58 11.52 14.92
FUND000008,KR5156450026,CLASS000116,C4,class_return,3Y,21.58,2019-08-29,43,[43],detail_return_table_cross_validated,1.0,2019-08-29 56.46 22.64 21.58 11.52 14.92
FUND000008,KR5156450026,CLASS000116,C4,class_return,5Y,11.52,2019-08-29,43,[43],detail_return_table_cross_validated,1.0,2019-08-29 56.46 22.64 21.58 11.52 14.92
FUND000008,KR5156450026,CLASS000116,C4,class_return,SINCE_INCEPTION,14.92,2019-08-29,43,[43],detail_return_table_cross_validated,1.0,2019-08-29 56.46 22.64 21.58 11.52 14.92
FUND000008,KR5156450026,CLASS000117,Ce,class_return,1Y,56.76,2016-08-31,43,[43],detail_return_table_cross_validated,1.0,수수료미징구-온라인형(Ce) 2016-08-31 56.76 22.88 21.82 11.74 10.60
FUND000008,KR5156450026,CLASS000117,Ce,class_return,2Y,22.88,2016-08-31,43,[43],detail_return_table_cross_validated,1.0,수수료미징구-온라인형(Ce) 2016-08-31 56.76 22.88 21.82 11.74 10.60
FUND000008,KR5156450026,CLASS000117,Ce,class_return,3Y,21.82,2016-08-31,43,[43],detail_return_table_cross_validated,1.0,수수료미징구-온라인형(Ce) 2016-08-31 56.76 22.88 21.82 11.74 10.60
FUND000008,KR5156450026,CLASS000117,Ce,class_return,5Y,11.74,2016-08-31,43,[43],detail_return_table_cross_validated,1.0,수수료미징구-온라인형(Ce) 2016-08-31 56.76 22.88 21.82 11.74 10.60
FUND000008,KR5156450026,CLASS000117,Ce,class_return,SINCE_INCEPTION,10.60,2016-08-31,43,[43],detail_return_table_cross_validated,1.0,수수료미징구-온라인형(Ce) 2016-08-31 56.76 22.88 21.82 11.74 10.60
FUND000008,KR5156450026,CLASS000119,C-W,class_return,1Y,57.51,2016-09-19,43,[43],detail_return_table_cross_validated,1.0,2016-09-19 57.51 23.48 22.42 12.29 11.36
FUND000008,KR5156450026,CLASS000119,C-W,class_return,2Y,23.48,2016-09-19,43,[43],detail_return_table_cross_validated,1.0,2016-09-19 57.51 23.48 22.42 12.29 11.36
FUND000008,KR5156450026,CLASS000119,C-W,class_return,3Y,22.42,2016-09-19,43,[43],detail_return_table_cross_validated,1.0,2016-09-19 57.51 23.48 22.42 12.29 11.36
FUND000008,KR5156450026,CLASS000119,C-W,class_return,5Y,12.29,2016-09-19,43,[43],detail_return_table_cross_validated,1.0,2016-09-19 57.51 23.48 22.42 12.29 11.36
FUND000008,KR5156450026,CLASS000119,C-W,class_return,SINCE_INCEPTION,11.36,2016-09-19,43,[43],detail_return_table_cross_validated,1.0,2016-09-19 57.51 23.48 22.42 12.29 11.36
FUND000008,KR5156450026,CLASS000120,C-P,class_return,1Y,56.16,2016-11-28,43,[43],detail_return_table_cross_validated,1.0,2016-11-28 56.16 22.40 21.35 11.30 10.45
FUND000008,KR5156450026,CLASS000120,C-P,class_return,2Y,22.40,2016-11-28,43,[43],detail_return_table_cross_validated,1.0,2016-11-28 56.16 22.40 21.35 11.30 10.45
FUND000008,KR5156450026,CLASS000120,C-P,class_return,3Y,21.35,2016-11-28,43,[43],detail_return_table_cross_validated,1.0,2016-11-28 56.16 22.40 21.35 11.30 10.45
FUND000008,KR5156450026,CLASS000120,C-P,class_return,5Y,11.30,2016-11-28,43,[43],detail_return_table_cross_validated,1.0,2016-11-28 56.16 22.40 21.35 11.30 10.45
FUND000008,KR5156450026,CLASS000120,C-P,class_return,SINCE_INCEPTION,10.45,2016-11-28,43,[43],detail_return_table_cross_validated,1.0,2016-11-28 56.16 22.40 21.35 11.30 10.45
FUND000008,KR5156450026,CLASS000121,C-P2,class_return,1Y,56.84,2016-09-07,43,[43],detail_return_table_cross_validated,1.0,2016-09-07 56.84 22.94 21.88 11.79 10.82
FUND000008,KR5156450026,CLASS000121,C-P2,class_return,2Y,22.94,2016-09-07,43,[43],detail_return_table_cross_validated,1.0,2016-09-07 56.84 22.94 21.88 11.79 10.82
FUND000008,KR5156450026,CLASS000121,C-P2,class_return,3Y,21.88,2016-09-07,43,[43],detail_return_table_cross_validated,1.0,2016-09-07 56.84 22.94 21.88 11.79 10.82
FUND000008,KR5156450026,CLASS000121,C-P2,class_return,5Y,11.79,2016-09-07,43,[43],detail_return_table_cross_validated,1.0,2016-09-07 56.84 22.94 21.88 11.79 10.82
FUND000008,KR5156450026,CLASS000121,C-P2,class_return,SINCE_INCEPTION,10.82,2016-09-07,43,[43],detail_return_table_cross_validated,1.0,2016-09-07 56.84 22.94 21.88 11.79 10.82
FUND000008,KR5156450026,CLASS000122,C-Pe,class_return,1Y,56.61,2016-12-30,43,[43],detail_return_table_cross_validated,1.0,2016-12-30 56.61 22.76 21.70 11.63 10.36
FUND000008,KR5156450026,CLASS000122,C-Pe,class_return,2Y,22.76,2016-12-30,43,[43],detail_return_table_cross_validated,1.0,2016-12-30 56.61 22.76 21.70 11.63 10.36
FUND000008,KR5156450026,CLASS000122,C-Pe,class_return,3Y,21.70,2016-12-30,43,[43],detail_return_table_cross_validated,1.0,2016-12-30 56.61 22.76 21.70 11.63 10.36
FUND000008,KR5156450026,CLASS000122,C-Pe,class_return,5Y,11.63,2016-12-30,43,[43],detail_return_table_cross_validated,1.0,2016-12-30 56.61 22.76 21.70 11.63 10.36
FUND000008,KR5156450026,CLASS000122,C-Pe,class_return,SINCE_INCEPTION,10.36,2016-12-30,43,[43],detail_return_table_cross_validated,1.0,2016-12-30 56.61 22.76 21.70 11.63 10.36
FUND000008,KR5156450026,CLASS000123,C-P2e,class_return,1Y,57.06,2017-08-02,43,[43],detail_return_table_cross_validated,1.0,2017-08-02 57.06 23.12 22.06 11.96 9.34
FUND000008,KR5156450026,CLASS000123,C-P2e,class_return,2Y,23.12,2017-08-02,43,[43],detail_return_table_cross_validated,1.0,2017-08-02 57.06 23.12 22.06 11.96 9.34
FUND000008,KR5156450026,CLASS000123,C-P2e,class_return,3Y,22.06,2017-08-02,43,[43],detail_return_table_cross_validated,1.0,2017-08-02 57.06 23.12 22.06 11.96 9.34
FUND000008,KR5156450026,CLASS000123,C-P2e,class_return,5Y,11.96,2017-08-02,43,[43],detail_return_table_cross_validated,1.0,2017-08-02 57.06 23.12 22.06 11.96 9.34
FUND000008,KR5156450026,CLASS000123,C-P2e,class_return,SINCE_INCEPTION,9.34,2017-08-02,43,[43],detail_return_table_cross_validated,1.0,2017-08-02 57.06 23.12 22.06 11.96 9.34
FUND000001,KR5157420003,CLASS000001,A,class_return,3Y,5.09,2019-07-30,4,"[4,46]",cell_grid,1.0,수수료선취- 오프라인형(A)(%) 수수료선취- 오프라인형(A)(%) 2019-07-30 4.81 5.38 5.09 3.21 3.07
FUND000001,KR5157420003,CLASS000001,A,class_return,5Y,3.21,2019-07-30,4,"[4,46]",cell_grid,1.0,수수료선취- 오프라인형(A)(%) 수수료선취- 오프라인형(A)(%) 2019-07-30 4.81 5.38 5.09 3.21 3.07
FUND000001,KR5157420003,CLASS000001,A,class_return,SINCE_INCEPTION,3.07,2019-07-30,4,"[4,46]",cell_grid,1.0,수수료선취- 오프라인형(A)(%) 수수료선취- 오프라인형(A)(%) 2019-07-30 4.81 5.38 5.09 3.21 3.07
FUND000001,KR5157420003,CLASS000001,A,class_return,1Y,4.81,2019-07-30,4,"[4,46]",cell_grid,1.0,수수료선취- 오프라인형(A)(%) 수수료선취- 오프라인형(A)(%) 2019-07-30 4.81 5.38 5.09 3.21 3.07
FUND000001,KR5157420003,CLASS000001,A,class_return,2Y,5.38,2019-07-30,4,"[4,46]",cell_grid,1.0,수수료선취- 오프라인형(A)(%) 수수료선취- 오프라인형(A)(%) 2019-07-30 4.81 5.38 5.09 3.21 3.07
FUND000001,KR5157420003,,,benchmark,3Y,4.27,2019-07-30,4,[4],cell_grid,1.0,비교지수(%) 비교지수(%) 2019-07-30 4.14 4.71 4.27 2.51 2.46
FUND000001,KR5157420003,,,benchmark,5Y,2.51,2019-07-30,4,[4],cell_grid,1.0,비교지수(%) 비교지수(%) 2019-07-30 4.14 4.71 4.27 2.51 2.46
FUND000001,KR5157420003,,,benchmark,SINCE_INCEPTION,2.46,2019-07-30,4,[4],cell_grid,1.0,비교지수(%) 비교지수(%) 2019-07-30 4.14 4.71 4.27 2.51 2.46
FUND000001,KR5157420003,,,benchmark,1Y,4.14,2019-07-30,4,[4],cell_grid,1.0,비교지수(%) 비교지수(%) 2019-07-30 4.14 4.71 4.27 2.51 2.46
FUND000001,KR5157420003,,,benchmark,2Y,4.71,2019-07-30,4,[4],cell_grid,1.0,비교지수(%) 비교지수(%) 2019-07-30 4.14 4.71 4.27 2.51 2.46
FUND000001,KR5157420003,,,volatility,3Y,1.37,2019-07-30,4,[4],cell_grid,1.0,수익률 변동성(%) 수익률 변동성(%) 2019-07-30 0.74 0.77 1.37 1.36 1.28
FUND000001,KR5157420003,,,volatility,5Y,1.36,2019-07-30,4,[4],cell_grid,1.0,수익률 변동성(%) 수익률 변동성(%) 2019-07-30 0.74 0.77 1.37 1.36 1.28
FUND000001,KR5157420003,,,volatility,SINCE_INCEPTION,1.28,2019-07-30,4,[4],cell_grid,1.0,수익률 변동성(%) 수익률 변동성(%) 2019-07-30 0.74 0.77 1.37 1.36 1.28
FUND000001,KR5157420003,,,volatility,1Y,0.74,2019-07-30,4,[4],cell_grid,1.0,수익률 변동성(%) 수익률 변동성(%) 2019-07-30 0.74 0.77 1.37 1.36 1.28
FUND000001,KR5157420003,,,volatility,2Y,0.77,2019-07-30,4,[4],cell_grid,1.0,수익률 변동성(%) 수익률 변동성(%) 2019-07-30 0.74 0.77 1.37 1.36 1.28
FUND000001,KR5157420003,CLASS000002,Ae,class_return,1Y,4.91,2019-08-01,46,[46],detail_return_table_cross_validated,1.0,2019-08-01 4.91 5.48 5.19 3.31 3.17
FUND000001,KR5157420003,CLASS000002,Ae,class_return,2Y,5.48,2019-08-01,46,[46],detail_return_table_cross_validated,1.0,2019-08-01 4.91 5.48 5.19 3.31 3.17
FUND000001,KR5157420003,CLASS000002,Ae,class_return,3Y,5.19,2019-08-01,46,[46],detail_return_table_cross_validated,1.0,2019-08-01 4.91 5.48 5.19 3.31 3.17
FUND000001,KR5157420003,CLASS000002,Ae,class_return,5Y,3.31,2019-08-01,46,[46],detail_return_table_cross_validated,1.0,2019-08-01 4.91 5.48 5.19 3.31 3.17
FUND000001,KR5157420003,CLASS000002,Ae,class_return,SINCE_INCEPTION,3.17,2019-08-01,46,[46],detail_return_table_cross_validated,1.0,2019-08-01 4.91 5.48 5.19 3.31 3.17
FUND000001,KR5157420003,CLASS000003,C,class_return,1Y,4.70,2019-07-30,46,[46],detail_return_table_cross_validated,1.0,2019-07-30 4.70 5.27 4.98 3.10 2.96
FUND000001,KR5157420003,CLASS000003,C,class_return,2Y,5.27,2019-07-30,46,[46],detail_return_table_cross_validated,1.0,2019-07-30 4.70 5.27 4.98 3.10 2.96
FUND000001,KR5157420003,CLASS000003,C,class_return,3Y,4.98,2019-07-30,46,[46],detail_return_table_cross_validated,1.0,2019-07-30 4.70 5.27 4.98 3.10 2.96
FUND000001,KR5157420003,CLASS000003,C,class_return,5Y,3.10,2019-07-30,46,[46],detail_return_table_cross_validated,1.0,2019-07-30 4.70 5.27 4.98 3.10 2.96
FUND000001,KR5157420003,CLASS000003,C,class_return,SINCE_INCEPTION,2.96,2019-07-30,46,[46],detail_return_table_cross_validated,1.0,2019-07-30 4.70 5.27 4.98 3.10 2.96
FUND000001,KR5157420003,CLASS000004,Ce,class_return,1Y,4.86,2019-07-30,46,[46],detail_return_table_cross_validated,1.0,2019-07-30 4.86 5.43 5.14 3.26 3.12
FUND000001,KR5157420003,CLASS000004,Ce,class_return,2Y,5.43,2019-07-30,46,[46],detail_return_table_cross_validated,1.0,2019-07-30 4.86 5.43 5.14 3.26 3.12
FUND000001,KR5157420003,CLASS000004,Ce,class_return,3Y,5.14,2019-07-30,46,[46],detail_return_table_cross_validated,1.0,2019-07-30 4.86 5.43 5.14 3.26 3.12
FUND000001,KR5157420003,CLASS000004,Ce,class_return,5Y,3.26,2019-07-30,46,[46],detail_return_table_cross_validated,1.0,2019-07-30 4.86 5.43 5.14 3.26 3.12
FUND000001,KR5157420003,CLASS000004,Ce,class_return,SINCE_INCEPTION,3.12,2019-07-30,46,[46],detail_return_table_cross_validated,1.0,2019-07-30 4.86 5.43 5.14 3.26 3.12
FUND000001,KR5157420003,CLASS000009,C-F,class_return,1Y,4.99,2020-05-14,47,[47],detail_return_table_cross_validated,1.0,2020-05-14 4.99 5.57 4.62 2.88 2.93
FUND000001,KR5157420003,CLASS000009,C-F,class_return,2Y,5.57,2020-05-14,47,[47],detail_return_table_cross_validated,1.0,2020-05-14 4.99 5.57 4.62 2.88 2.93
FUND000001,KR5157420003,CLASS000009,C-F,class_return,3Y,4.62,2020-05-14,47,[47],detail_return_table_cross_validated,1.0,2020-05-14 4.99 5.57 4.62 2.88 2.93
FUND000001,KR5157420003,CLASS000009,C-F,class_return,5Y,2.88,2020-05-14,47,[47],detail_return_table_cross_validated,1.0,2020-05-14 4.99 5.57 4.62 2.88 2.93
FUND000001,KR5157420003,CLASS000009,C-F,class_return,SINCE_INCEPTION,2.93,2020-05-14,47,[47],detail_return_table_cross_validated,1.0,2020-05-14 4.99 5.57 4.62 2.88 2.93
FUND000001,KR5157420003,CLASS000010,S,class_return,1Y,4.91,2019-11-19,47,[47],detail_return_table_cross_validated,1.0,2019-11-19 4.91 5.49 5.20 3.31 3.37
FUND000001,KR5157420003,CLASS000010,S,class_return,2Y,5.49,2019-11-19,47,[47],detail_return_table_cross_validated,1.0,2019-11-19 4.91 5.49 5.20 3.31 3.37
FUND000001,KR5157420003,CLASS000010,S,class_return,3Y,5.20,2019-11-19,47,[47],detail_return_table_cross_validated,1.0,2019-11-19 4.91 5.49 5.20 3.31 3.37
FUND000001,KR5157420003,CLASS000010,S,class_return,5Y,3.31,2019-11-19,47,[47],detail_return_table_cross_validated,1.0,2019-11-19 4.91 5.49 5.20 3.31 3.37
FUND000001,KR5157420003,CLASS000010,S,class_return,SINCE_INCEPTION,3.37,2019-11-19,47,[47],detail_return_table_cross_validated,1.0,2019-11-19 4.91 5.49 5.20 3.31 3.37
FUND000001,KR5157420003,CLASS000011,S-P,class_return,1Y,4.94,2019-10-29,47,[47],detail_return_table_cross_validated,1.0,2019-10-29 4.94 5.51 5.22 3.32 3.25
FUND000001,KR5157420003,CLASS000011,S-P,class_return,2Y,5.51,2019-10-29,47,[47],detail_return_table_cross_validated,1.0,2019-10-29 4.94 5.51 5.22 3.32 3.25
FUND000001,KR5157420003,CLASS000011,S-P,class_return,3Y,5.22,2019-10-29,47,[47],detail_return_table_cross_validated,1.0,2019-10-29 4.94 5.51 5.22 3.32 3.25
FUND000001,KR5157420003,CLASS000011,S-P,class_return,5Y,3.32,2019-10-29,47,[47],detail_return_table_cross_validated,1.0,2019-10-29 4.94 5.51 5.22 3.32 3.25
FUND000001,KR5157420003,CLASS000011,S-P,class_return,SINCE_INCEPTION,3.25,2019-10-29,47,[47],detail_return_table_cross_validated,1.0,2019-10-29 4.94 5.51 5.22 3.32 3.25
FUND000001,KR5157420003,CLASS000013,A2,class_return,1Y,4.97,2020-08-26,48,[48],detail_return_table_cross_validated,1.0,2020-08-26 4.97 5.54 5.25 - 3.36
FUND000001,KR5157420003,CLASS000013,A2,class_return,2Y,5.54,2020-08-26,48,[48],detail_return_table_cross_validated,1.0,2020-08-26 4.97 5.54 5.25 - 3.36
FUND000001,KR5157420003,CLASS000013,A2,class_return,3Y,5.25,2020-08-26,48,[48],detail_return_table_cross_validated,1.0,2020-08-26 4.97 5.54 5.25 - 3.36
FUND000001,KR5157420003,CLASS000013,A2,class_return,5Y,-,2020-08-26,48,[48],detail_return_table_cross_validated,1.0,2020-08-26 4.97 5.54 5.25 - 3.36
FUND000001,KR5157420003,CLASS000013,A2,class_return,SINCE_INCEPTION,3.36,2020-08-26,48,[48],detail_return_table_cross_validated,1.0,2020-08-26 4.97 5.54 5.25 - 3.36
FUND000001,KR5157420003,CLASS000014,C-I,class_return,1Y,-,2021-05-26,48,[48],detail_return_table_cross_validated,1.0,2021-05-26 - - 1.23 - 0.68
FUND000001,KR5157420003,CLASS000014,C-I,class_return,2Y,-,2021-05-26,48,[48],detail_return_table_cross_validated,1.0,2021-05-26 - - 1.23 - 0.68
FUND000001,KR5157420003,CLASS000014,C-I,class_return,3Y,1.23,2021-05-26,48,[48],detail_return_table_cross_validated,1.0,2021-05-26 - - 1.23 - 0.68
FUND000001,KR5157420003,CLASS000014,C-I,class_return,5Y,-,2021-05-26,48,[48],detail_return_table_cross_validated,1.0,2021-05-26 - - 1.23 - 0.68
FUND000001,KR5157420003,CLASS000014,C-I,class_return,SINCE_INCEPTION,0.68,2021-05-26,48,[48],detail_return_table_cross_validated,1.0,2021-05-26 - - 1.23 - 0.68
FUND000002,KR5157450017,CLASS000016,A1,class_return,1Y,-2.91,2009-04-20,4,"[4,47]",cell_grid,1.0,수수료선취- 오프라인형(A1) 수수료선취- 오프라인형(A1) 2009-04-20 -2.91 -1.04 -2.17 9.84 9.17
FUND000002,KR5157450017,CLASS000016,A1,class_return,5Y,9.84,2009-04-20,4,"[4,47]",cell_grid,1.0,수수료선취- 오프라인형(A1) 수수료선취- 오프라인형(A1) 2009-04-20 -2.91 -1.04 -2.17 9.84 9.17
FUND000002,KR5157450017,CLASS000016,A1,class_return,SINCE_INCEPTION,9.17,2009-04-20,4,"[4,47]",cell_grid,1.0,수수료선취- 오프라인형(A1) 수수료선취- 오프라인형(A1) 2009-04-20 -2.91 -1.04 -2.17 9.84 9.17
FUND000002,KR5157450017,CLASS000016,A1,class_return,2Y,-1.04,2009-04-20,4,"[4,47]",cell_grid,1.0,수수료선취- 오프라인형(A1) 수수료선취- 오프라인형(A1) 2009-04-20 -2.91 -1.04 -2.17 9.84 9.17
FUND000002,KR5157450017,CLASS000016,A1,class_return,3Y,-2.17,2009-04-20,4,"[4,47]",cell_grid,1.0,수수료선취- 오프라인형(A1) 수수료선취- 오프라인형(A1) 2009-04-20 -2.91 -1.04 -2.17 9.84 9.17
FUND000002,KR5157450017,,,benchmark,1Y,-4.18,2009-04-20,4,[4],cell_grid,1.0,비교지수(%) 비교지수(%) 2009-04-20 -4.18 -1.79 -2.97 5.34 3.98
FUND000002,KR5157450017,,,benchmark,5Y,5.34,2009-04-20,4,[4],cell_grid,1.0,비교지수(%) 비교지수(%) 2009-04-20 -4.18 -1.79 -2.97 5.34 3.98
FUND000002,KR5157450017,,,benchmark,SINCE_INCEPTION,3.98,2009-04-20,4,[4],cell_grid,1.0,비교지수(%) 비교지수(%) 2009-04-20 -4.18 -1.79 -2.97 5.34 3.98
FUND000002,KR5157450017,,,benchmark,2Y,-1.79,2009-04-20,4,[4],cell_grid,1.0,비교지수(%) 비교지수(%) 2009-04-20 -4.18 -1.79 -2.97 5.34 3.98
FUND000002,KR5157450017,,,benchmark,3Y,-2.97,2009-04-20,4,[4],cell_grid,1.0,비교지수(%) 비교지수(%) 2009-04-20 -4.18 -1.79 -2.97 5.34 3.98
FUND000002,KR5157450017,,,volatility,1Y,17.37,2009-04-20,4,[4],cell_grid,1.0,수익률 변동성(%) 수익률 변동성(%) 2009-04-20 17.37 15.68 16.64 17.04 16.78
FUND000002,KR5157450017,,,volatility,5Y,17.04,2009-04-20,4,[4],cell_grid,1.0,수익률 변동성(%) 수익률 변동성(%) 2009-04-20 17.37 15.68 16.64 17.04 16.78
FUND000002,KR5157450017,,,volatility,SINCE_INCEPTION,16.78,2009-04-20,4,[4],cell_grid,1.0,수익률 변동성(%) 수익률 변동성(%) 2009-04-20 17.37 15.68 16.64 17.04 16.78
FUND000002,KR5157450017,,,volatility,2Y,15.68,2009-04-20,4,[4],cell_grid,1.0,수익률 변동성(%) 수익률 변동성(%) 2009-04-20 17.37 15.68 16.64 17.04 16.78
FUND000002,KR5157450017,,,volatility,3Y,16.64,2009-04-20,4,[4],cell_grid,1.0,수익률 변동성(%) 수익률 변동성(%) 2009-04-20 17.37 15.68 16.64 17.04 16.78
FUND000002,KR5157450017,CLASS000018,C1,class_return,1Y,-3.49,2015-07-24,47,[47],detail_return_table_cross_validated,1.0,마이다스 책임투자 증권 투자 2015-07-24 신탁(주식)C1 2015-07-24 -3.49 -3.49 -1.63 -1.63 -2.75 -2.75 9.19 7.53
FUND000002,KR5157450017,CLASS000018,C1,class_return,2Y,-1.63,2015-07-24,47,[47],detail_return_table_cross_validated,1.0,마이다스 책임투자 증권 투자 2015-07-24 신탁(주식)C1 2015-07-24 -3.49 -3.49 -1.63 -1.63 -2.75 -2.75 9.19 7.53
FUND000002,KR5157450017,CLASS000018,C1,class_return,3Y,-2.75,2015-07-24,47,[47],detail_return_table_cross_validated,1.0,마이다스 책임투자 증권 투자 2015-07-24 신탁(주식)C1 2015-07-24 -3.49 -3.49 -1.63 -1.63 -2.75 -2.75 9.19 7.53
FUND000002,KR5157450017,CLASS000018,C1,class_return,5Y,9.19,2015-07-24,47,[47],detail_return_table_cross_validated,1.0,마이다스 책임투자 증권 투자 2015-07-24 신탁(주식)C1 2015-07-24 -3.49 -3.49 -1.63 -1.63 -2.75 -2.75 9.19 7.53
FUND000002,KR5157450017,CLASS000018,C1,class_return,SINCE_INCEPTION,7.53,2015-07-24,47,[47],detail_return_table_cross_validated,1.0,마이다스 책임투자 증권 투자 2015-07-24 신탁(주식)C1 2015-07-24 -3.49 -3.49 -1.63 -1.63 -2.75 -2.75 9.19 7.53
FUND000002,KR5157450017,CLASS000019,C2,class_return,1Y,-3.35,2010-04-21,47,[47],detail_return_table_cross_validated,1.0,마이다스 책임투자 증권 투자 2010-04-21 신탁(주식)C2 2010-04-21 -3.35 -3.35 -1.49 -1.49 -2.61 -2.61 9.35 4.13
FUND000002,KR5157450017,CLASS000019,C2,class_return,2Y,-1.49,2010-04-21,47,[47],detail_return_table_cross_validated,1.0,마이다스 책임투자 증권 투자 2010-04-21 신탁(주식)C2 2010-04-21 -3.35 -3.35 -1.49 -1.49 -2.61 -2.61 9.35 4.13
FUND000002,KR5157450017,CLASS000019,C2,class_return,3Y,-2.61,2010-04-21,47,[47],detail_return_table_cross_validated,1.0,마이다스 책임투자 증권 투자 2010-04-21 신탁(주식)C2 2010-04-21 -3.35 -3.35 -1.49 -1.49 -2.61 -2.61 9.35 4.13
FUND000002,KR5157450017,CLASS000019,C2,class_return,5Y,9.35,2010-04-21,47,[47],detail_return_table_cross_validated,1.0,마이다스 책임투자 증권 투자 2010-04-21 신탁(주식)C2 2010-04-21 -3.35 -3.35 -1.49 -1.49 -2.61 -2.61 9.35 4.13
FUND000002,KR5157450017,CLASS000019,C2,class_return,SINCE_INCEPTION,4.13,2010-04-21,47,[47],detail_return_table_cross_validated,1.0,마이다스 책임투자 증권 투자 2010-04-21 신탁(주식)C2 2010-04-21 -3.35 -3.35 -1.49 -1.49 -2.61 -2.61 9.35 4.13
FUND000002,KR5157450017,CLASS000023,C-F,class_return,1Y,-2.07,2017-10-18,47,[47],detail_return_table_cross_validated,1.0,마이다스 책임투자 증권 투자 2017-10-18 신탁(주식)C-F 2017-10-18 -2.07 -2.07 -0.18 -0.18 -1.31 -1.31 10.79 7.09
FUND000002,KR5157450017,CLASS000023,C-F,class_return,2Y,-0.18,2017-10-18,47,[47],detail_return_table_cross_validated,1.0,마이다스 책임투자 증권 투자 2017-10-18 신탁(주식)C-F 2017-10-18 -2.07 -2.07 -0.18 -0.18 -1.31 -1.31 10.79 7.09
FUND000002,KR5157450017,CLASS000023,C-F,class_return,3Y,-1.31,2017-10-18,47,[47],detail_return_table_cross_validated,1.0,마이다스 책임투자 증권 투자 2017-10-18 신탁(주식)C-F 2017-10-18 -2.07 -2.07 -0.18 -0.18 -1.31 -1.31 10.79 7.09
FUND000002,KR5157450017,CLASS000023,C-F,class_return,5Y,10.79,2017-10-18,47,[47],detail_return_table_cross_validated,1.0,마이다스 책임투자 증권 투자 2017-10-18 신탁(주식)C-F 2017-10-18 -2.07 -2.07 -0.18 -0.18 -1.31 -1.31 10.79 7.09
FUND000002,KR5157450017,CLASS000023,C-F,class_return,SINCE_INCEPTION,7.09,2017-10-18,47,[47],detail_return_table_cross_validated,1.0,마이다스 책임투자 증권 투자 2017-10-18 신탁(주식)C-F 2017-10-18 -2.07 -2.07 -0.18 -0.18 -1.31 -1.31 10.79 7.09
FUND000002,KR5157450017,CLASS000020,C3,class_return,1Y,-3.20,2018-02-28,47,[47],detail_return_table_cross_validated,1.0,마이다스 책임투자 증권 투자 2018-02-28 신탁(주식)C3 2018-02-28 -3.20 -3.20 -1.34 -1.34 -2.46 -2.46 9.52 4.97
FUND000002,KR5157450017,CLASS000020,C3,class_return,2Y,-1.34,2018-02-28,47,[47],detail_return_table_cross_validated,1.0,마이다스 책임투자 증권 투자 2018-02-28 신탁(주식)C3 2018-02-28 -3.20 -3.20 -1.34 -1.34 -2.46 -2.46 9.52 4.97
FUND000002,KR5157450017,CLASS000020,C3,class_return,3Y,-2.46,2018-02-28,47,[47],detail_return_table_cross_validated,1.0,마이다스 책임투자 증권 투자 2018-02-28 신탁(주식)C3 2018-02-28 -3.20 -3.20 -1.34 -1.34 -2.46 -2.46 9.52 4.97
FUND000002,KR5157450017,CLASS000020,C3,class_return,5Y,9.52,2018-02-28,47,[47],detail_return_table_cross_validated,1.0,마이다스 책임투자 증권 투자 2018-02-28 신탁(주식)C3 2018-02-28 -3.20 -3.20 -1.34 -1.34 -2.46 -2.46 9.52 4.97
FUND000002,KR5157450017,CLASS000020,C3,class_return,SINCE_INCEPTION,4.97,2018-02-28,47,[47],detail_return_table_cross_validated,1.0,마이다스 책임투자 증권 투자 2018-02-28 신탁(주식)C3 2018-02-28 -3.20 -3.20 -1.34 -1.34 -2.46 -2.46 9.52 4.97
FUND000002,KR5157450017,CLASS000022,Ce,class_return,1Y,-2.91,2009-04-20,47,[47],detail_return_table_cross_validated,1.0,마이다스 책임투자 증권 투자 2009-04-20 신탁(주식)Ce 2009-04-20 -2.91 -2.91 -1.04 -1.04 -2.17 -2.17 9.84 9.13
FUND000002,KR5157450017,CLASS000022,Ce,class_return,2Y,-1.04,2009-04-20,47,[47],detail_return_table_cross_validated,1.0,마이다스 책임투자 증권 투자 2009-04-20 신탁(주식)Ce 2009-04-20 -2.91 -2.91 -1.04 -1.04 -2.17 -2.17 9.84 9.13
FUND000002,KR5157450017,CLASS000022,Ce,class_return,3Y,-2.17,2009-04-20,47,[47],detail_return_table_cross_validated,1.0,마이다스 책임투자 증권 투자 2009-04-20 신탁(주식)Ce 2009-04-20 -2.91 -2.91 -1.04 -1.04 -2.17 -2.17 9.84 9.13
FUND000002,KR5157450017,CLASS000022,Ce,class_return,5Y,9.84,2009-04-20,47,[47],detail_return_table_cross_validated,1.0,마이다스 책임투자 증권 투자 2009-04-20 신탁(주식)Ce 2009-04-20 -2.91 -2.91 -1.04 -1.04 -2.17 -2.17 9.84 9.13
FUND000002,KR5157450017,CLASS000022,Ce,class_return,SINCE_INCEPTION,9.13,2009-04-20,47,[47],detail_return_table_cross_validated,1.0,마이다스 책임투자 증권 투자 2009-04-20 신탁(주식)Ce 2009-04-20 -2.91 -2.91 -1.04 -1.04 -2.17 -2.17 9.84 9.13
FUND000002,KR5157450017,CLASS000021,C4,class_return,1Y,-3.01,2012-04-23,47,[47],detail_return_table_cross_validated,1.0,마이다스 책임투자 증권 투자 2012-04-23 신탁(주식)C4 2012-04-23 -3.01 -3.01 -1.14 -1.14 -2.27 -2.27 9.73 6.84
FUND000002,KR5157450017,CLASS000021,C4,class_return,2Y,-1.14,2012-04-23,47,[47],detail_return_table_cross_validated,1.0,마이다스 책임투자 증권 투자 2012-04-23 신탁(주식)C4 2012-04-23 -3.01 -3.01 -1.14 -1.14 -2.27 -2.27 9.73 6.84
FUND000002,KR5157450017,CLASS000021,C4,class_return,3Y,-2.27,2012-04-23,47,[47],detail_return_table_cross_validated,1.0,마이다스 책임투자 증권 투자 2012-04-23 신탁(주식)C4 2012-04-23 -3.01 -3.01 -1.14 -1.14 -2.27 -2.27 9.73 6.84
FUND000002,KR5157450017,CLASS000021,C4,class_return,5Y,9.73,2012-04-23,47,[47],detail_return_table_cross_validated,1.0,마이다스 책임투자 증권 투자 2012-04-23 신탁(주식)C4 2012-04-23 -3.01 -3.01 -1.14 -1.14 -2.27 -2.27 9.73 6.84
FUND000002,KR5157450017,CLASS000021,C4,class_return,SINCE_INCEPTION,6.84,2012-04-23,47,[47],detail_return_table_cross_validated,1.0,마이다스 책임투자 증권 투자 2012-04-23 신탁(주식)C4 2012-04-23 -3.01 -3.01 -1.14 -1.14 -2.27 -2.27 9.73 6.84
FUND000002,KR5157450017,CLASS000029,S,class_return,1Y,-2.38,2014-04-23,48,[48],detail_return_table_cross_validated,1.0,2014-04-23 -2.38 -0.50 -1.62 10.44 8.01
FUND000002,KR5157450017,CLASS000029,S,class_return,2Y,-0.50,2014-04-23,48,[48],detail_return_table_cross_validated,1.0,2014-04-23 -2.38 -0.50 -1.62 10.44 8.01
FUND000002,KR5157450017,CLASS000029,S,class_return,3Y,-1.62,2014-04-23,48,[48],detail_return_table_cross_validated,1.0,2014-04-23 -2.38 -0.50 -1.62 10.44 8.01
FUND000002,KR5157450017,CLASS000029,S,class_return,5Y,10.44,2014-04-23,48,[48],detail_return_table_cross_validated,1.0,2014-04-23 -2.38 -0.50 -1.62 10.44 8.01
FUND000002,KR5157450017,CLASS000029,S,class_return,SINCE_INCEPTION,8.01,2014-04-23,48,[48],detail_return_table_cross_validated,1.0,2014-04-23 -2.38 -0.50 -1.62 10.44 8.01
FUND000002,KR5157450017,CLASS000017,Ae,class_return,1Y,-2.48,2014-06-11,48,[48],detail_return_table_cross_validated,1.0,2014-06-11 -2.48 -0.60 -1.72 10.33 7.88
FUND000002,KR5157450017,CLASS000017,Ae,class_return,2Y,-0.60,2014-06-11,48,[48],detail_return_table_cross_validated,1.0,2014-06-11 -2.48 -0.60 -1.72 10.33 7.88
FUND000002,KR5157450017,CLASS000017,Ae,class_return,3Y,-1.72,2014-06-11,48,[48],detail_return_table_cross_validated,1.0,2014-06-11 -2.48 -0.60 -1.72 10.33 7.88
FUND000002,KR5157450017,CLASS000017,Ae,class_return,5Y,10.33,2014-06-11,48,[48],detail_return_table_cross_validated,1.0,2014-06-11 -2.48 -0.60 -1.72 10.33 7.88
FUND000002,KR5157450017,CLASS000017,Ae,class_return,SINCE_INCEPTION,7.88,2014-06-11,48,[48],detail_return_table_cross_validated,1.0,2014-06-11 -2.48 -0.60 -1.72 10.33 7.88
FUND000002,KR5157450017,CLASS000025,C-P1,class_return,1Y,-2.85,2016-01-19,48,[48],detail_return_table_cross_validated,1.0,2016-01-19 -2.85 -0.98 -2.11 9.91 8.58
FUND000002,KR5157450017,CLASS000025,C-P1,class_return,2Y,-0.98,2016-01-19,48,[48],detail_return_table_cross_validated,1.0,2016-01-19 -2.85 -0.98 -2.11 9.91 8.58
FUND000002,KR5157450017,CLASS000025,C-P1,class_return,3Y,-2.11,2016-01-19,48,[48],detail_return_table_cross_validated,1.0,2016-01-19 -2.85 -0.98 -2.11 9.91 8.58
FUND000002,KR5157450017,CLASS000025,C-P1,class_return,5Y,9.91,2016-01-19,48,[48],detail_return_table_cross_validated,1.0,2016-01-19 -2.85 -0.98 -2.11 9.91 8.58
FUND000002,KR5157450017,CLASS000025,C-P1,class_return,SINCE_INCEPTION,8.58,2016-01-19,48,[48],detail_return_table_cross_validated,1.0,2016-01-19 -2.85 -0.98 -2.11 9.91 8.58
FUND000002,KR5157450017,CLASS000027,C-P2,class_return,1Y,-2.62,2016-06-27,48,[48],detail_return_table_cross_validated,1.0,2016-06-27 -2.62 -0.74 -1.87 10.17 9.16
FUND000002,KR5157450017,CLASS000027,C-P2,class_return,2Y,-0.74,2016-06-27,48,[48],detail_return_table_cross_validated,1.0,2016-06-27 -2.62 -0.74 -1.87 10.17 9.16
FUND000002,KR5157450017,CLASS000027,C-P2,class_return,3Y,-1.87,2016-06-27,48,[48],detail_return_table_cross_validated,1.0,2016-06-27 -2.62 -0.74 -1.87 10.17 9.16
FUND000002,KR5157450017,CLASS000027,C-P2,class_return,5Y,10.17,2016-06-27,48,[48],detail_return_table_cross_validated,1.0,2016-06-27 -2.62 -0.74 -1.87 10.17 9.16
FUND000002,KR5157450017,CLASS000027,C-P2,class_return,SINCE_INCEPTION,9.16,2016-06-27,48,[48],detail_return_table_cross_validated,1.0,2016-06-27 -2.62 -0.74 -1.87 10.17 9.16
FUND000002,KR5157450017,CLASS000030,S-P,class_return,1Y,-2.28,2016-06-30,48,[48],detail_return_table_cross_validated,1.0,2016-06-30 -2.28 -0.40 -1.52 10.55 9.44
FUND000002,KR5157450017,CLASS000030,S-P,class_return,2Y,-0.40,2016-06-30,48,[48],detail_return_table_cross_validated,1.0,2016-06-30 -2.28 -0.40 -1.52 10.55 9.44
FUND000002,KR5157450017,CLASS000030,S-P,class_return,3Y,-1.52,2016-06-30,48,[48],detail_return_table_cross_validated,1.0,2016-06-30 -2.28 -0.40 -1.52 10.55 9.44
FUND000002,KR5157450017,CLASS000030,S-P,class_return,5Y,10.55,2016-06-30,48,[48],detail_return_table_cross_validated,1.0,2016-06-30 -2.28 -0.40 -1.52 10.55 9.44
FUND000002,KR5157450017,CLASS000030,S-P,class_return,SINCE_INCEPTION,9.44,2016-06-30,48,[48],detail_return_table_cross_validated,1.0,2016-06-30 -2.28 -0.40 -1.52 10.55 9.44
FUND000002,KR5157450017,CLASS000024,C-W,class_return,1Y,-2.04,2017-11-15,48,[48],detail_return_table_cross_validated,1.0,2017-11-15 -2.04 -0.15 -1.28 10.82 6.44
FUND000002,KR5157450017,CLASS000024,C-W,class_return,2Y,-0.15,2017-11-15,48,[48],detail_return_table_cross_validated,1.0,2017-11-15 -2.04 -0.15 -1.28 10.82 6.44
FUND000002,KR5157450017,CLASS000024,C-W,class_return,3Y,-1.28,2017-11-15,48,[48],detail_return_table_cross_validated,1.0,2017-11-15 -2.04 -0.15 -1.28 10.82 6.44
FUND000002,KR5157450017,CLASS000024,C-W,class_return,5Y,10.82,2017-11-15,48,[48],detail_return_table_cross_validated,1.0,2017-11-15 -2.04 -0.15 -1.28 10.82 6.44
FUND000002,KR5157450017,CLASS000024,C-W,class_return,SINCE_INCEPTION,6.44,2017-11-15,48,[48],detail_return_table_cross_validated,1.0,2017-11-15 -2.04 -0.15 -1.28 10.82 6.44
FUND000002,KR5157450017,CLASS000026,C-Pe1,class_return,1Y,-2.45,2017-10-18,48,[48],detail_return_table_cross_validated,1.0,2017-10-18 -2.45 -0.57 -1.69 10.36 6.48
FUND000002,KR5157450017,CLASS000026,C-Pe1,class_return,2Y,-0.57,2017-10-18,48,[48],detail_return_table_cross_validated,1.0,2017-10-18 -2.45 -0.57 -1.69 10.36 6.48
FUND000002,KR5157450017,CLASS000026,C-Pe1,class_return,3Y,-1.69,2017-10-18,48,[48],detail_return_table_cross_validated,1.0,2017-10-18 -2.45 -0.57 -1.69 10.36 6.48
FUND000002,KR5157450017,CLASS000026,C-Pe1,class_return,5Y,10.36,2017-10-18,48,[48],detail_return_table_cross_validated,1.0,2017-10-18 -2.45 -0.57 -1.69 10.36 6.48
FUND000002,KR5157450017,CLASS000026,C-Pe1,class_return,SINCE_INCEPTION,6.48,2017-10-18,48,[48],detail_return_table_cross_validated,1.0,2017-10-18 -2.45 -0.57 -1.69 10.36 6.48
FUND000002,KR5157450017,CLASS000028,C-Pe2,class_return,1Y,-2.33,2017-08-07,48,[48],detail_return_table_cross_validated,1.0,2017-08-07 -2.33 -0.45 -1.58 10.49 6.92
FUND000002,KR5157450017,CLASS000028,C-Pe2,class_return,2Y,-0.45,2017-08-07,48,[48],detail_return_table_cross_validated,1.0,2017-08-07 -2.33 -0.45 -1.58 10.49 6.92
FUND000002,KR5157450017,CLASS000028,C-Pe2,class_return,3Y,-1.58,2017-08-07,48,[48],detail_return_table_cross_validated,1.0,2017-08-07 -2.33 -0.45 -1.58 10.49 6.92
FUND000002,KR5157450017,CLASS000028,C-Pe2,class_return,5Y,10.49,2017-08-07,48,[48],detail_return_table_cross_validated,1.0,2017-08-07 -2.33 -0.45 -1.58 10.49 6.92
FUND000002,KR5157450017,CLASS000028,C-Pe2,class_return,SINCE_INCEPTION,6.92,2017-08-07,48,[48],detail_return_table_cross_validated,1.0,2017-08-07 -2.33 -0.45 -1.58 10.49 6.92
FUND000003,KR5157450090,CLASS000035,A,class_return,1Y,13.80,2013-10-02,4,"[4,60]",cell_grid,1.0,수수료선취- 오프라인형 (A)(%) 수수료선취- 오프라인형 (A)(%) 2013-10-02 13.80 11.22 9.64 10.24 4.88
FUND000003,KR5157450090,CLASS000035,A,class_return,3Y,9.64,2013-10-02,4,"[4,60]",cell_grid,1.0,수수료선취- 오프라인형 (A)(%) 수수료선취- 오프라인형 (A)(%) 2013-10-02 13.80 11.22 9.64 10.24 4.88
FUND000003,KR5157450090,CLASS000035,A,class_return,5Y,10.24,2013-10-02,4,"[4,60]",cell_grid,1.0,수수료선취- 오프라인형 (A)(%) 수수료선취- 오프라인형 (A)(%) 2013-10-02 13.80 11.22 9.64 10.24 4.88
FUND000003,KR5157450090,CLASS000035,A,class_return,SINCE_INCEPTION,4.88,2013-10-02,4,"[4,60]",cell_grid,1.0,수수료선취- 오프라인형 (A)(%) 수수료선취- 오프라인형 (A)(%) 2013-10-02 13.80 11.22 9.64 10.24 4.88
FUND000003,KR5157450090,CLASS000035,A,class_return,2Y,11.22,2013-10-02,4,"[4,60]",cell_grid,1.0,수수료선취- 오프라인형 (A)(%) 수수료선취- 오프라인형 (A)(%) 2013-10-02 13.80 11.22 9.64 10.24 4.88
FUND000003,KR5157450090,,,benchmark,1Y,5.82,2013-10-02,4,[4],cell_grid,1.0,비교지수 (%) 비교지수 (%) 2013-10-02 5.82 5.44 5.38 2.97 2.65
FUND000003,KR5157450090,,,benchmark,3Y,5.38,2013-10-02,4,[4],cell_grid,1.0,비교지수 (%) 비교지수 (%) 2013-10-02 5.82 5.44 5.38 2.97 2.65
FUND000003,KR5157450090,,,benchmark,5Y,2.97,2013-10-02,4,[4],cell_grid,1.0,비교지수 (%) 비교지수 (%) 2013-10-02 5.82 5.44 5.38 2.97 2.65
FUND000003,KR5157450090,,,benchmark,SINCE_INCEPTION,2.65,2013-10-02,4,[4],cell_grid,1.0,비교지수 (%) 비교지수 (%) 2013-10-02 5.82 5.44 5.38 2.97 2.65
FUND000003,KR5157450090,,,benchmark,2Y,5.44,2013-10-02,4,[4],cell_grid,1.0,비교지수 (%) 비교지수 (%) 2013-10-02 5.82 5.44 5.38 2.97 2.65
FUND000003,KR5157450090,,,volatility,1Y,6.37,2013-10-02,4,[4],cell_grid,1.0,수익률 변동성(%) 수익률 변동성(%) 2013-10-02 6.37 5.82 5.61 7.33 6.85
FUND000003,KR5157450090,,,volatility,3Y,5.61,2013-10-02,4,[4],cell_grid,1.0,수익률 변동성(%) 수익률 변동성(%) 2013-10-02 6.37 5.82 5.61 7.33 6.85
FUND000003,KR5157450090,,,volatility,5Y,7.33,2013-10-02,4,[4],cell_grid,1.0,수익률 변동성(%) 수익률 변동성(%) 2013-10-02 6.37 5.82 5.61 7.33 6.85
FUND000003,KR5157450090,,,volatility,SINCE_INCEPTION,6.85,2013-10-02,4,[4],cell_grid,1.0,수익률 변동성(%) 수익률 변동성(%) 2013-10-02 6.37 5.82 5.61 7.33 6.85
FUND000003,KR5157450090,,,volatility,2Y,5.82,2013-10-02,4,[4],cell_grid,1.0,수익률 변동성(%) 수익률 변동성(%) 2013-10-02 6.37 5.82 5.61 7.33 6.85
FUND000003,KR5157450090,CLASS000036,Ae,class_return,1Y,14.21,2013-10-24,60,[60],detail_return_table_cross_validated,1.0,2013-10-24 14.21 11.62 10.03 10.63 5.19
FUND000003,KR5157450090,CLASS000036,Ae,class_return,2Y,11.62,2013-10-24,60,[60],detail_return_table_cross_validated,1.0,2013-10-24 14.21 11.62 10.03 10.63 5.19
FUND000003,KR5157450090,CLASS000036,Ae,class_return,3Y,10.03,2013-10-24,60,[60],detail_return_table_cross_validated,1.0,2013-10-24 14.21 11.62 10.03 10.63 5.19
FUND000003,KR5157450090,CLASS000036,Ae,class_return,5Y,10.63,2013-10-24,60,[60],detail_return_table_cross_validated,1.0,2013-10-24 14.21 11.62 10.03 10.63 5.19
FUND000003,KR5157450090,CLASS000036,Ae,class_return,SINCE_INCEPTION,5.19,2013-10-24,60,[60],detail_return_table_cross_validated,1.0,2013-10-24 14.21 11.62 10.03 10.63 5.19
FUND000003,KR5157450090,CLASS000038,C2,class_return,1Y,13.28,2014-10-02,61,[61],detail_return_table_cross_validated,1.0,2014-10-02 13.28 10.71 6.95 4.11 1.85
FUND000003,KR5157450090,CLASS000038,C2,class_return,2Y,10.71,2014-10-02,61,[61],detail_return_table_cross_validated,1.0,2014-10-02 13.28 10.71 6.95 4.11 1.85
FUND000003,KR5157450090,CLASS000038,C2,class_return,3Y,6.95,2014-10-02,61,[61],detail_return_table_cross_validated,1.0,2014-10-02 13.28 10.71 6.95 4.11 1.85
FUND000003,KR5157450090,CLASS000038,C2,class_return,5Y,4.11,2014-10-02,61,[61],detail_return_table_cross_validated,1.0,2014-10-02 13.28 10.71 6.95 4.11 1.85
FUND000003,KR5157450090,CLASS000038,C2,class_return,SINCE_INCEPTION,1.85,2014-10-02,61,[61],detail_return_table_cross_validated,1.0,2014-10-02 13.28 10.71 6.95 4.11 1.85
FUND000003,KR5157450090,CLASS000039,C3,class_return,1Y,13.72,2015-10-02,61,[61],detail_return_table_cross_validated,1.0,2015-10-02 13.72 6.96 4.59 2.73 0.72
FUND000003,KR5157450090,CLASS000039,C3,class_return,2Y,6.96,2015-10-02,61,[61],detail_return_table_cross_validated,1.0,2015-10-02 13.72 6.96 4.59 2.73 0.72
FUND000003,KR5157450090,CLASS000039,C3,class_return,3Y,4.59,2015-10-02,61,[61],detail_return_table_cross_validated,1.0,2015-10-02 13.72 6.96 4.59 2.73 0.72
FUND000003,KR5157450090,CLASS000039,C3,class_return,5Y,2.73,2015-10-02,61,[61],detail_return_table_cross_validated,1.0,2015-10-02 13.72 6.96 4.59 2.73 0.72
FUND000003,KR5157450090,CLASS000039,C3,class_return,SINCE_INCEPTION,0.72,2015-10-02,61,[61],detail_return_table_cross_validated,1.0,2015-10-02 13.72 6.96 4.59 2.73 0.72
FUND000003,KR5157450090,CLASS000040,C4,class_return,1Y,14.05,2016-10-10,61,[61],detail_return_table_cross_validated,1.0,2016-10-10 14.05 11.47 9.88 10.48 6.29
FUND000003,KR5157450090,CLASS000040,C4,class_return,2Y,11.47,2016-10-10,61,[61],detail_return_table_cross_validated,1.0,2016-10-10 14.05 11.47 9.88 10.48 6.29
FUND000003,KR5157450090,CLASS000040,C4,class_return,3Y,9.88,2016-10-10,61,[61],detail_return_table_cross_validated,1.0,2016-10-10 14.05 11.47 9.88 10.48 6.29
FUND000003,KR5157450090,CLASS000040,C4,class_return,5Y,10.48,2016-10-10,61,[61],detail_return_table_cross_validated,1.0,2016-10-10 14.05 11.47 9.88 10.48 6.29
FUND000003,KR5157450090,CLASS000040,C4,class_return,SINCE_INCEPTION,6.29,2016-10-10,61,[61],detail_return_table_cross_validated,1.0,2016-10-10 14.05 11.47 9.88 10.48 6.29
FUND000003,KR5157450090,CLASS000041,Ce,class_return,1Y,14.06,2013-11-08,61,[61],detail_return_table_cross_validated,1.0,2013-11-08 14.06 11.48 9.89 10.49 5.03
FUND000003,KR5157450090,CLASS000041,Ce,class_return,2Y,11.48,2013-11-08,61,[61],detail_return_table_cross_validated,1.0,2013-11-08 14.06 11.48 9.89 10.49 5.03
FUND000003,KR5157450090,CLASS000041,Ce,class_return,3Y,9.89,2013-11-08,61,[61],detail_return_table_cross_validated,1.0,2013-11-08 14.06 11.48 9.89 10.49 5.03
FUND000003,KR5157450090,CLASS000041,Ce,class_return,5Y,10.49,2013-11-08,61,[61],detail_return_table_cross_validated,1.0,2013-11-08 14.06 11.48 9.89 10.49 5.03
FUND000003,KR5157450090,CLASS000041,Ce,class_return,SINCE_INCEPTION,5.03,2013-11-08,61,[61],detail_return_table_cross_validated,1.0,2013-11-08 14.06 11.48 9.89 10.49 5.03
FUND000003,KR5157450090,CLASS000048,S,class_return,1Y,14.22,2016-07-05,61,[61],detail_return_table_cross_validated,1.0,2016-07-05 14.22 11.63 10.05 9.82 4.86
FUND000003,KR5157450090,CLASS000048,S,class_return,2Y,11.63,2016-07-05,61,[61],detail_return_table_cross_validated,1.0,2016-07-05 14.22 11.63 10.05 9.82 4.86
FUND000003,KR5157450090,CLASS000048,S,class_return,3Y,10.05,2016-07-05,61,[61],detail_return_table_cross_validated,1.0,2016-07-05 14.22 11.63 10.05 9.82 4.86
FUND000003,KR5157450090,CLASS000048,S,class_return,5Y,9.82,2016-07-05,61,[61],detail_return_table_cross_validated,1.0,2016-07-05 14.22 11.63 10.05 9.82 4.86
FUND000003,KR5157450090,CLASS000048,S,class_return,SINCE_INCEPTION,4.86,2016-07-05,61,[61],detail_return_table_cross_validated,1.0,2016-07-05 14.22 11.63 10.05 9.82 4.86
FUND000003,KR5157450090,CLASS000049,S-P,class_return,1Y,14.30,2016-07-05,61,[61],detail_return_table_cross_validated,1.0,2016-07-05 14.30 11.71 10.12 10.74 6.69
FUND000003,KR5157450090,CLASS000049,S-P,class_return,2Y,11.71,2016-07-05,61,[61],detail_return_table_cross_validated,1.0,2016-07-05 14.30 11.71 10.12 10.74 6.69
FUND000003,KR5157450090,CLASS000049,S-P,class_return,3Y,10.12,2016-07-05,61,[61],detail_return_table_cross_validated,1.0,2016-07-05 14.30 11.71 10.12 10.74 6.69
FUND000003,KR5157450090,CLASS000049,S-P,class_return,5Y,10.74,2016-07-05,61,[61],detail_return_table_cross_validated,1.0,2016-07-05 14.30 11.71 10.12 10.74 6.69
FUND000003,KR5157450090,CLASS000049,S-P,class_return,SINCE_INCEPTION,6.69,2016-07-05,61,[61],detail_return_table_cross_validated,1.0,2016-07-05 14.30 11.71 10.12 10.74 6.69
FUND000003,KR5157450090,CLASS000051,AG,class_return,1Y,-,2025-06-25,61,[61],detail_return_table_cross_validated,1.0,2025-06-25 - - - - 6.75
FUND000003,KR5157450090,CLASS000051,AG,class_return,2Y,-,2025-06-25,61,[61],detail_return_table_cross_validated,1.0,2025-06-25 - - - - 6.75
FUND000003,KR5157450090,CLASS000051,AG,class_return,3Y,-,2025-06-25,61,[61],detail_return_table_cross_validated,1.0,2025-06-25 - - - - 6.75
FUND000003,KR5157450090,CLASS000051,AG,class_return,5Y,-,2025-06-25,61,[61],detail_return_table_cross_validated,1.0,2025-06-25 - - - - 6.75
FUND000003,KR5157450090,CLASS000051,AG,class_return,SINCE_INCEPTION,6.75,2025-06-25,61,[61],detail_return_table_cross_validated,1.0,2025-06-25 - - - - 6.75
FUND000003,KR5157450090,CLASS000042,C-F,class_return,1Y,-,2018-04-20,62,[62],detail_return_table_cross_validated,1.0,2018-04-20 - - - - -
FUND000003,KR5157450090,CLASS000042,C-F,class_return,2Y,-,2018-04-20,62,[62],detail_return_table_cross_validated,1.0,2018-04-20 - - - - -
FUND000003,KR5157450090,CLASS000042,C-F,class_return,3Y,-,2018-04-20,62,[62],detail_return_table_cross_validated,1.0,2018-04-20 - - - - -
FUND000003,KR5157450090,CLASS000042,C-F,class_return,5Y,-,2018-04-20,62,[62],detail_return_table_cross_validated,1.0,2018-04-20 - - - - -
FUND000003,KR5157450090,CLASS000042,C-F,class_return,SINCE_INCEPTION,-,2018-04-20,62,[62],detail_return_table_cross_validated,1.0,2018-04-20 - - - - -
FUND000003,KR5157450090,CLASS000050,S-R,class_return,1Y,14.35,2022-12-05,62,[62],detail_return_table_cross_validated,1.0,2022-12-05 14.35 11.76 - - 10.51
FUND000003,KR5157450090,CLASS000050,S-R,class_return,2Y,11.76,2022-12-05,62,[62],detail_return_table_cross_validated,1.0,2022-12-05 14.35 11.76 - - 10.51
FUND000003,KR5157450090,CLASS000050,S-R,class_return,3Y,-,2022-12-05,62,[62],detail_return_table_cross_validated,1.0,2022-12-05 14.35 11.76 - - 10.51
FUND000003,KR5157450090,CLASS000050,S-R,class_return,5Y,-,2022-12-05,62,[62],detail_return_table_cross_validated,1.0,2022-12-05 14.35 11.76 - - 10.51
FUND000003,KR5157450090,CLASS000050,S-R,class_return,SINCE_INCEPTION,10.51,2022-12-05,62,[62],detail_return_table_cross_validated,1.0,2022-12-05 14.35 11.76 - - 10.51
FUND000020,KR5160420009,CLASS000244,C,class_return,1Y,4.78,2017-12-13,8,"[8,40]",cell_grid,1.0,종류C 종류C 4.78 5.21 3.96 3.07 2.98
FUND000020,KR5160420009,CLASS000244,C,class_return,2Y,5.21,2017-12-13,8,"[8,40]",cell_grid,1.0,종류C 종류C 4.78 5.21 3.96 3.07 2.98
FUND000020,KR5160420009,CLASS000244,C,class_return,SINCE_INCEPTION,2.98,2017-12-13,8,"[8,40]",cell_grid,1.0,종류C 종류C 4.78 5.21 3.96 3.07 2.98
FUND000020,KR5160420009,CLASS000244,C,class_return,3Y,3.96,2017-12-13,8,"[8,40]",cell_grid,1.0,종류C 종류C 4.78 5.21 3.96 3.07 2.98
FUND000020,KR5160420009,CLASS000244,C,class_return,5Y,3.07,2017-12-13,8,"[8,40]",cell_grid,1.0,종류C 종류C 4.78 5.21 3.96 3.07 2.98
FUND000020,KR5160420009,,,benchmark,1Y,4.52,,8,[8],cell_grid,1.0,비교지수 비교지수 4.52 4.66 3.82 2.87 2.68
FUND000020,KR5160420009,,,benchmark,2Y,4.66,,8,[8],cell_grid,1.0,비교지수 비교지수 4.52 4.66 3.82 2.87 2.68
FUND000020,KR5160420009,,,benchmark,SINCE_INCEPTION,2.68,,8,[8],cell_grid,1.0,비교지수 비교지수 4.52 4.66 3.82 2.87 2.68
FUND000020,KR5160420009,,,benchmark,3Y,3.82,,8,[8],cell_grid,1.0,비교지수 비교지수 4.52 4.66 3.82 2.87 2.68
FUND000020,KR5160420009,,,benchmark,5Y,2.87,,8,[8],cell_grid,1.0,비교지수 비교지수 4.52 4.66 3.82 2.87 2.68
FUND000020,KR5160420009,,,volatility,1Y,0.07,,8,[8],cell_grid,1.0,수익률 변동성 수익률 변동성 0.07 0.17 0.39 0.37 0.33
FUND000020,KR5160420009,,,volatility,2Y,0.17,,8,[8],cell_grid,1.0,수익률 변동성 수익률 변동성 0.07 0.17 0.39 0.37 0.33
FUND000020,KR5160420009,,,volatility,SINCE_INCEPTION,0.33,,8,[8],cell_grid,1.0,수익률 변동성 수익률 변동성 0.07 0.17 0.39 0.37 0.33
FUND000020,KR5160420009,,,volatility,3Y,0.39,,8,[8],cell_grid,1.0,수익률 변동성 수익률 변동성 0.07 0.17 0.39 0.37 0.33
FUND000020,KR5160420009,,,volatility,5Y,0.37,,8,[8],cell_grid,1.0,수익률 변동성 수익률 변동성 0.07 0.17 0.39 0.37 0.33
FUND000020,KR5160420009,CLASS000245,C-E,class_return,1Y,4.93,,41,[41],detail_return_table_cross_validated,1.0,수수료미징구-온라인(C-E) 수수료미징구-온라인(C-E) 4.93 5.37 4.12 3.23
FUND000020,KR5160420009,CLASS000245,C-E,class_return,2Y,5.37,,41,[41],detail_return_table_cross_validated,1.0,수수료미징구-온라인(C-E) 수수료미징구-온라인(C-E) 4.93 5.37 4.12 3.23
FUND000020,KR5160420009,CLASS000245,C-E,class_return,3Y,4.12,,41,[41],detail_return_table_cross_validated,1.0,수수료미징구-온라인(C-E) 수수료미징구-온라인(C-E) 4.93 5.37 4.12 3.23
FUND000020,KR5160420009,CLASS000245,C-E,class_return,5Y,3.23,,41,[41],detail_return_table_cross_validated,1.0,수수료미징구-온라인(C-E) 수수료미징구-온라인(C-E) 4.93 5.37 4.12 3.23
FUND000020,KR5160420009,CLASS000246,C-G,class_return,1Y,4.86,,41,[41],detail_return_table_cross_validated,1.0,수수료미징구-오프라인-무권유저비용(C-G) 수수료미징구-오프라인-무권유저비용(C-G) 4.86 5.30 4.05 3.15
FUND000020,KR5160420009,CLASS000246,C-G,class_return,2Y,5.30,,41,[41],detail_return_table_cross_validated,1.0,수수료미징구-오프라인-무권유저비용(C-G) 수수료미징구-오프라인-무권유저비용(C-G) 4.86 5.30 4.05 3.15
FUND000020,KR5160420009,CLASS000246,C-G,class_return,3Y,4.05,,41,[41],detail_return_table_cross_validated,1.0,수수료미징구-오프라인-무권유저비용(C-G) 수수료미징구-오프라인-무권유저비용(C-G) 4.86 5.30 4.05 3.15
FUND000020,KR5160420009,CLASS000246,C-G,class_return,5Y,3.15,,41,[41],detail_return_table_cross_validated,1.0,수수료미징구-오프라인-무권유저비용(C-G) 수수료미징구-오프라인-무권유저비용(C-G) 4.86 5.30 4.05 3.15
FUND000020,KR5160420009,CLASS000247,C-F,class_return,1Y,5.04,2017-12-13,41,[41],detail_return_table_cross_validated,1.0,수수료미징구-오프라인-기관(C-F) 5.04 5.47 4.22 3.33 3.24
FUND000020,KR5160420009,CLASS000247,C-F,class_return,2Y,5.47,2017-12-13,41,[41],detail_return_table_cross_validated,1.0,수수료미징구-오프라인-기관(C-F) 5.04 5.47 4.22 3.33 3.24
FUND000020,KR5160420009,CLASS000247,C-F,class_return,3Y,4.22,2017-12-13,41,[41],detail_return_table_cross_validated,1.0,수수료미징구-오프라인-기관(C-F) 5.04 5.47 4.22 3.33 3.24
FUND000020,KR5160420009,CLASS000247,C-F,class_return,5Y,3.33,2017-12-13,41,[41],detail_return_table_cross_validated,1.0,수수료미징구-오프라인-기관(C-F) 5.04 5.47 4.22 3.33 3.24
FUND000020,KR5160420009,CLASS000247,C-F,class_return,SINCE_INCEPTION,3.24,2017-12-13,41,[41],detail_return_table_cross_validated,1.0,수수료미징구-오프라인-기관(C-F) 5.04 5.47 4.22 3.33 3.24
FUND000020,KR5160420009,CLASS000249,C-P2,class_return,1Y,4.88,2018-06-29,41,[41],detail_return_table_cross_validated,1.0,수수료미징구-오프라인-퇴직연금(C-P2) 4.88 5.32 4.07 3.18 3.07
FUND000020,KR5160420009,CLASS000249,C-P2,class_return,2Y,5.32,2018-06-29,41,[41],detail_return_table_cross_validated,1.0,수수료미징구-오프라인-퇴직연금(C-P2) 4.88 5.32 4.07 3.18 3.07
FUND000020,KR5160420009,CLASS000249,C-P2,class_return,3Y,4.07,2018-06-29,41,[41],detail_return_table_cross_validated,1.0,수수료미징구-오프라인-퇴직연금(C-P2) 4.88 5.32 4.07 3.18 3.07
FUND000020,KR5160420009,CLASS000249,C-P2,class_return,5Y,3.18,2018-06-29,41,[41],detail_return_table_cross_validated,1.0,수수료미징구-오프라인-퇴직연금(C-P2) 4.88 5.32 4.07 3.18 3.07
FUND000020,KR5160420009,CLASS000249,C-P2,class_return,SINCE_INCEPTION,3.07,2018-06-29,41,[41],detail_return_table_cross_validated,1.0,수수료미징구-오프라인-퇴직연금(C-P2) 4.88 5.32 4.07 3.18 3.07
FUND000020,KR5160420009,CLASS000250,C-P2e,class_return,1Y,4.99,2019-12-09,41,[41],detail_return_table_cross_validated,1.0,수수료미징구-온라인-퇴직연금(P2e) 4.99 5.42 4.17 3.28 3.25
FUND000020,KR5160420009,CLASS000250,C-P2e,class_return,2Y,5.42,2019-12-09,41,[41],detail_return_table_cross_validated,1.0,수수료미징구-온라인-퇴직연금(P2e) 4.99 5.42 4.17 3.28 3.25
FUND000020,KR5160420009,CLASS000250,C-P2e,class_return,3Y,4.17,2019-12-09,41,[41],detail_return_table_cross_validated,1.0,수수료미징구-온라인-퇴직연금(P2e) 4.99 5.42 4.17 3.28 3.25
FUND000020,KR5160420009,CLASS000250,C-P2e,class_return,5Y,3.28,2019-12-09,41,[41],detail_return_table_cross_validated,1.0,수수료미징구-온라인-퇴직연금(P2e) 4.99 5.42 4.17 3.28 3.25
FUND000020,KR5160420009,CLASS000250,C-P2e,class_return,SINCE_INCEPTION,3.25,2019-12-09,41,[41],detail_return_table_cross_validated,1.0,수수료미징구-온라인-퇴직연금(P2e) 4.99 5.42 4.17 3.28 3.25
FUND000020,KR5160420009,CLASS000248,C-W,class_return,1Y,1.48,2023-11-16,41,[41],detail_return_table_cross_validated,1.0,수수료미징구-오프라인-랩(W) 1.48 - - - 1.56
FUND000020,KR5160420009,CLASS000248,C-W,class_return,2Y,-,2023-11-16,41,[41],detail_return_table_cross_validated,1.0,수수료미징구-오프라인-랩(W) 1.48 - - - 1.56
FUND000020,KR5160420009,CLASS000248,C-W,class_return,3Y,-,2023-11-16,41,[41],detail_return_table_cross_validated,1.0,수수료미징구-오프라인-랩(W) 1.48 - - - 1.56
FUND000020,KR5160420009,CLASS000248,C-W,class_return,5Y,-,2023-11-16,41,[41],detail_return_table_cross_validated,1.0,수수료미징구-오프라인-랩(W) 1.48 - - - 1.56
FUND000020,KR5160420009,CLASS000248,C-W,class_return,SINCE_INCEPTION,1.56,2023-11-16,41,[41],detail_return_table_cross_validated,1.0,수수료미징구-오프라인-랩(W) 1.48 - - - 1.56
FUND000020,KR5160420009,CLASS000251,C-P,class_return,1Y,4.87,2019-07-26,41,[41],detail_return_table_cross_validated,1.0,수수료미징구-오프라인-개인연금(C-P) 4.87 5.31 4.06 3.17 3.06
FUND000020,KR5160420009,CLASS000251,C-P,class_return,2Y,5.31,2019-07-26,41,[41],detail_return_table_cross_validated,1.0,수수료미징구-오프라인-개인연금(C-P) 4.87 5.31 4.06 3.17 3.06
FUND000020,KR5160420009,CLASS000251,C-P,class_return,3Y,4.06,2019-07-26,41,[41],detail_return_table_cross_validated,1.0,수수료미징구-오프라인-개인연금(C-P) 4.87 5.31 4.06 3.17 3.06
FUND000020,KR5160420009,CLASS000251,C-P,class_return,5Y,3.17,2019-07-26,41,[41],detail_return_table_cross_validated,1.0,수수료미징구-오프라인-개인연금(C-P) 4.87 5.31 4.06 3.17 3.06
FUND000020,KR5160420009,CLASS000251,C-P,class_return,SINCE_INCEPTION,3.06,2019-07-26,41,[41],detail_return_table_cross_validated,1.0,수수료미징구-오프라인-개인연금(C-P) 4.87 5.31 4.06 3.17 3.06
FUND000020,KR5160420009,CLASS000252,C-Pe,class_return,1Y,4.98,2019-08-23,41,[41],detail_return_table_cross_validated,1.0,수수료미징구-온라인-개인연금(C-Pe) 4.98 5.42 4.17 3.19 3.05
FUND000020,KR5160420009,CLASS000252,C-Pe,class_return,2Y,5.42,2019-08-23,41,[41],detail_return_table_cross_validated,1.0,수수료미징구-온라인-개인연금(C-Pe) 4.98 5.42 4.17 3.19 3.05
FUND000020,KR5160420009,CLASS000252,C-Pe,class_return,3Y,4.17,2019-08-23,41,[41],detail_return_table_cross_validated,1.0,수수료미징구-온라인-개인연금(C-Pe) 4.98 5.42 4.17 3.19 3.05
FUND000020,KR5160420009,CLASS000252,C-Pe,class_return,5Y,3.19,2019-08-23,41,[41],detail_return_table_cross_validated,1.0,수수료미징구-온라인-개인연금(C-Pe) 4.98 5.42 4.17 3.19 3.05
FUND000020,KR5160420009,CLASS000252,C-Pe,class_return,SINCE_INCEPTION,3.05,2019-08-23,41,[41],detail_return_table_cross_validated,1.0,수수료미징구-온라인-개인연금(C-Pe) 4.98 5.42 4.17 3.19 3.05
FUND000020,KR5160420009,CLASS000253,S,class_return,1Y,4.99,2018-08-28,41,[41],detail_return_table_cross_validated,1.0,수수료후취-온라인슈퍼(S) 4.99 5.42 4.17 3.28 3.17
FUND000020,KR5160420009,CLASS000253,S,class_return,2Y,5.42,2018-08-28,41,[41],detail_return_table_cross_validated,1.0,수수료후취-온라인슈퍼(S) 4.99 5.42 4.17 3.28 3.17
FUND000020,KR5160420009,CLASS000253,S,class_return,3Y,4.17,2018-08-28,41,[41],detail_return_table_cross_validated,1.0,수수료후취-온라인슈퍼(S) 4.99 5.42 4.17 3.28 3.17
FUND000020,KR5160420009,CLASS000253,S,class_return,5Y,3.28,2018-08-28,41,[41],detail_return_table_cross_validated,1.0,수수료후취-온라인슈퍼(S) 4.99 5.42 4.17 3.28 3.17
FUND000020,KR5160420009,CLASS000253,S,class_return,SINCE_INCEPTION,3.17,2018-08-28,41,[41],detail_return_table_cross_validated,1.0,수수료후취-온라인슈퍼(S) 4.99 5.42 4.17 3.28 3.17
FUND000020,KR5160420009,CLASS000254,S-P,class_return,1Y,5.03,2018-08-30,41,[41],detail_return_table_cross_validated,1.0,수수료미징구-온라인슈퍼-개인연금(S-P) 5.03 5.46 4.21 3.32 3.21
FUND000020,KR5160420009,CLASS000254,S-P,class_return,2Y,5.46,2018-08-30,41,[41],detail_return_table_cross_validated,1.0,수수료미징구-온라인슈퍼-개인연금(S-P) 5.03 5.46 4.21 3.32 3.21
FUND000020,KR5160420009,CLASS000254,S-P,class_return,3Y,4.21,2018-08-30,41,[41],detail_return_table_cross_validated,1.0,수수료미징구-온라인슈퍼-개인연금(S-P) 5.03 5.46 4.21 3.32 3.21
FUND000020,KR5160420009,CLASS000254,S-P,class_return,5Y,3.32,2018-08-30,41,[41],detail_return_table_cross_validated,1.0,수수료미징구-온라인슈퍼-개인연금(S-P) 5.03 5.46 4.21 3.32 3.21
FUND000020,KR5160420009,CLASS000254,S-P,class_return,SINCE_INCEPTION,3.21,2018-08-30,41,[41],detail_return_table_cross_validated,1.0,수수료미징구-온라인슈퍼-개인연금(S-P) 5.03 5.46 4.21 3.32 3.21
FUND000020,KR5160420009,CLASS000257,C-I,class_return,1Y,-,2024-07-30,41,[41],detail_return_table_cross_validated,1.0,수수료미징구-오프라인-고액(C-I) - - - - 4.52
FUND000020,KR5160420009,CLASS000257,C-I,class_return,2Y,-,2024-07-30,41,[41],detail_return_table_cross_validated,1.0,수수료미징구-오프라인-고액(C-I) - - - - 4.52
FUND000020,KR5160420009,CLASS000257,C-I,class_return,3Y,-,2024-07-30,41,[41],detail_return_table_cross_validated,1.0,수수료미징구-오프라인-고액(C-I) - - - - 4.52
FUND000020,KR5160420009,CLASS000257,C-I,class_return,5Y,-,2024-07-30,41,[41],detail_return_table_cross_validated,1.0,수수료미징구-오프라인-고액(C-I) - - - - 4.52
FUND000020,KR5160420009,CLASS000257,C-I,class_return,SINCE_INCEPTION,4.52,2024-07-30,41,[41],detail_return_table_cross_validated,1.0,수수료미징구-오프라인-고액(C-I) - - - - 4.52
FUND000020,KR5160420009,CLASS000255,A,class_return,1Y,-,2024-04-08,41,[41],detail_return_table_cross_validated,1.0,수수료미징구-오프라인-수수료선취(A) - - - - 4.76
FUND000020,KR5160420009,CLASS000255,A,class_return,2Y,-,2024-04-08,41,[41],detail_return_table_cross_validated,1.0,수수료미징구-오프라인-수수료선취(A) - - - - 4.76
FUND000020,KR5160420009,CLASS000255,A,class_return,3Y,-,2024-04-08,41,[41],detail_return_table_cross_validated,1.0,수수료미징구-오프라인-수수료선취(A) - - - - 4.76
FUND000020,KR5160420009,CLASS000255,A,class_return,5Y,-,2024-04-08,41,[41],detail_return_table_cross_validated,1.0,수수료미징구-오프라인-수수료선취(A) - - - - 4.76
FUND000020,KR5160420009,CLASS000255,A,class_return,SINCE_INCEPTION,4.76,2024-04-08,41,[41],detail_return_table_cross_validated,1.0,수수료미징구-오프라인-수수료선취(A) - - - - 4.76
FUND000020,KR5160420009,CLASS000256,A-E,class_return,1Y,-,2024-09-12,41,[41],detail_return_table_cross_validated,1.0,수수료미징구-온라인-수수료선취(A-e) - - - - 4.49
FUND000020,KR5160420009,CLASS000256,A-E,class_return,2Y,-,2024-09-12,41,[41],detail_return_table_cross_validated,1.0,수수료미징구-온라인-수수료선취(A-e) - - - - 4.49
FUND000020,KR5160420009,CLASS000256,A-E,class_return,3Y,-,2024-09-12,41,[41],detail_return_table_cross_validated,1.0,수수료미징구-온라인-수수료선취(A-e) - - - - 4.49
FUND000020,KR5160420009,CLASS000256,A-E,class_return,5Y,-,2024-09-12,41,[41],detail_return_table_cross_validated,1.0,수수료미징구-온라인-수수료선취(A-e) - - - - 4.49
FUND000020,KR5160420009,CLASS000256,A-E,class_return,SINCE_INCEPTION,4.49,2024-09-12,41,[41],detail_return_table_cross_validated,1.0,수수료미징구-온라인-수수료선취(A-e) - - - - 4.49
FUND000017,KR516702010M,,,benchmark,2Y,1.44,,4,[4],cell_grid,1.0,참고지수 참고지수 -4.62 1.44 -0.21 5.42 2.35
FUND000017,KR516702010M,,,benchmark,3Y,-0.21,,4,[4],cell_grid,1.0,참고지수 참고지수 -4.62 1.44 -0.21 5.42 2.35
FUND000017,KR516702010M,,,benchmark,5Y,5.42,,4,[4],cell_grid,1.0,참고지수 참고지수 -4.62 1.44 -0.21 5.42 2.35
FUND000017,KR516702010M,,,benchmark,1Y,-4.62,,4,[4],cell_grid,1.0,참고지수 참고지수 -4.62 1.44 -0.21 5.42 2.35
FUND000017,KR516702010M,,,benchmark,SINCE_INCEPTION,2.35,,4,[4],cell_grid,1.0,참고지수 참고지수 -4.62 1.44 -0.21 5.42 2.35
FUND000017,KR516702010M,,,volatility,2Y,20.23,,4,[4],cell_grid,1.0,수익률 변동성(%) 23.34 20.23 20.41 19.57 17.27
FUND000017,KR516702010M,,,volatility,3Y,20.41,,4,[4],cell_grid,1.0,수익률 변동성(%) 23.34 20.23 20.41 19.57 17.27
FUND000017,KR516702010M,,,volatility,5Y,19.57,,4,[4],cell_grid,1.0,수익률 변동성(%) 23.34 20.23 20.41 19.57 17.27
FUND000017,KR516702010M,,,volatility,1Y,23.34,,4,[4],cell_grid,1.0,수익률 변동성(%) 23.34 20.23 20.41 19.57 17.27
FUND000017,KR516702010M,,,volatility,SINCE_INCEPTION,17.27,,4,[4],cell_grid,1.0,수익률 변동성(%) 23.34 20.23 20.41 19.57 17.27
FUND000013,KR5169950018,CLASS000175,C-e,class_return,2Y,21.33,,4,"[4,51]",cell_grid,1.0,수수료미징구- 투자실적 온라인형(C-e) 38.42 21.33 21.33
FUND000013,KR5169950018,CLASS000175,C-e,class_return,1Y,38.42,,4,"[4,51]",cell_grid,1.0,수수료미징구- 투자실적 온라인형(C-e) 38.42 21.33 21.33
FUND000013,KR5169950018,CLASS000175,C-e,class_return,SINCE_INCEPTION,21.33,,4,"[4,51]",cell_grid,1.0,수수료미징구- 투자실적 온라인형(C-e) 38.42 21.33 21.33
FUND000013,KR5169950018,,,benchmark,2Y,10.67,,4,[4],cell_grid,1.0,비교지수 비교지수 9.38 10.67 10.67
FUND000013,KR5169950018,,,benchmark,1Y,9.38,,4,[4],cell_grid,1.0,비교지수 비교지수 9.38 10.67 10.67
FUND000013,KR5169950018,,,benchmark,SINCE_INCEPTION,10.67,,4,[4],cell_grid,1.0,비교지수 비교지수 9.38 10.67 10.67
FUND000013,KR5169950018,,,volatility,2Y,18.40,,4,[4],cell_grid,1.0,수익률변동성(%) 수익률변동성(%) 22.62 18.40 21.33
FUND000013,KR5169950018,,,volatility,1Y,22.62,,4,[4],cell_grid,1.0,수익률변동성(%) 수익률변동성(%) 22.62 18.40 21.33
FUND000013,KR5169950018,,,volatility,SINCE_INCEPTION,21.33,,4,[4],cell_grid,1.0,수익률변동성(%) 수익률변동성(%) 22.62 18.40 21.33
FUND000013,KR5169950018,CLASS000171,A,class_return,1Y,38.25,,51,[51],detail_return_table_cross_validated,1.0,디에스Maestro증권자투자신탁[주식] 종류A 38.25 21.17 21.17
FUND000013,KR5169950018,CLASS000171,A,class_return,2Y,21.17,,51,[51],detail_return_table_cross_validated,1.0,디에스Maestro증권자투자신탁[주식] 종류A 38.25 21.17 21.17
FUND000013,KR5169950018,CLASS000171,A,class_return,SINCE_INCEPTION,21.17,,51,[51],detail_return_table_cross_validated,1.0,디에스Maestro증권자투자신탁[주식] 종류A 38.25 21.17 21.17
FUND000013,KR5169950018,CLASS000172,A-e,class_return,1Y,38.64,,51,[51],detail_return_table_cross_validated,1.0,디에스Maestro증권자투자신탁[주식] 종류A-e 38.64 21.52 21.52
FUND000013,KR5169950018,CLASS000172,A-e,class_return,2Y,21.52,,51,[51],detail_return_table_cross_validated,1.0,디에스Maestro증권자투자신탁[주식] 종류A-e 38.64 21.52 21.52
FUND000013,KR5169950018,CLASS000172,A-e,class_return,SINCE_INCEPTION,21.52,,51,[51],detail_return_table_cross_validated,1.0,디에스Maestro증권자투자신탁[주식] 종류A-e 38.64 21.52 21.52
FUND000013,KR5169950018,CLASS000177,C-I,class_return,1Y,39.02,,51,[51],detail_return_table_cross_validated,1.0,디에스Maestro증권자투자신탁[주식] 종류C-I 39.02 21.79
FUND000013,KR5169950018,CLASS000177,C-I,class_return,SINCE_INCEPTION,21.79,,51,[51],detail_return_table_cross_validated,1.0,디에스Maestro증권자투자신탁[주식] 종류C-I 39.02 21.79
FUND000013,KR5169950018,CLASS000179,C-s,class_return,1Y,39.05,,51,[51],detail_return_table_cross_validated,1.0,디에스Maestro증권자투자신탁[주식] 종류C-s 39.05 21.87 21.87
FUND000013,KR5169950018,CLASS000179,C-s,class_return,2Y,21.87,,51,[51],detail_return_table_cross_validated,1.0,디에스Maestro증권자투자신탁[주식] 종류C-s 39.05 21.87 21.87
FUND000013,KR5169950018,CLASS000179,C-s,class_return,SINCE_INCEPTION,21.87,,51,[51],detail_return_table_cross_validated,1.0,디에스Maestro증권자투자신탁[주식] 종류C-s 39.05 21.87 21.87
FUND000013,KR5169950018,CLASS000181,C-P,class_return,SINCE_INCEPTION,39.17,,51,[51],detail_return_table_cross_validated,1.0,디에스Maestro증권자투자신탁[주식] 종류C-P 39.17
FUND000013,KR5169950018,CLASS000182,C-Pe,class_return,1Y,38.51,,51,[51],detail_return_table_cross_validated,1.0,디에스Maestro증권자투자신탁[주식] 종류C-Pe 38.51 21.40 21.40
FUND000013,KR5169950018,CLASS000182,C-Pe,class_return,2Y,21.40,,51,[51],detail_return_table_cross_validated,1.0,디에스Maestro증권자투자신탁[주식] 종류C-Pe 38.51 21.40 21.40
FUND000013,KR5169950018,CLASS000182,C-Pe,class_return,SINCE_INCEPTION,21.40,,51,[51],detail_return_table_cross_validated,1.0,디에스Maestro증권자투자신탁[주식] 종류C-Pe 38.51 21.40 21.40
FUND000013,KR5169950018,CLASS000184,C-P2,class_return,SINCE_INCEPTION,11.49,,51,[51],detail_return_table_cross_validated,1.0,디에스Maestro증권자투자신탁[주식] 종류C-P2 11.49
FUND000013,KR5169950018,CLASS000185,C-P2e,class_return,1Y,38.58,,51,[51],detail_return_table_cross_validated,1.0,디에스Maestro증권자투자신탁[주식] 종류C-P2e 38.58 21.47 21.47
FUND000013,KR5169950018,CLASS000185,C-P2e,class_return,2Y,21.47,,51,[51],detail_return_table_cross_validated,1.0,디에스Maestro증권자투자신탁[주식] 종류C-P2e 38.58 21.47 21.47
FUND000013,KR5169950018,CLASS000185,C-P2e,class_return,SINCE_INCEPTION,21.47,,51,[51],detail_return_table_cross_validated,1.0,디에스Maestro증권자투자신탁[주식] 종류C-P2e 38.58 21.47 21.47
FUND000013,KR5169950018,CLASS000178,S,class_return,1Y,38.66,,51,[51],detail_return_table_cross_validated,1.0,디에스Maestro증권자투자신탁[주식] 종류S 38.66 21.54 21.54
FUND000013,KR5169950018,CLASS000178,S,class_return,2Y,21.54,,51,[51],detail_return_table_cross_validated,1.0,디에스Maestro증권자투자신탁[주식] 종류S 38.66 21.54 21.54
FUND000013,KR5169950018,CLASS000178,S,class_return,SINCE_INCEPTION,21.54,,51,[51],detail_return_table_cross_validated,1.0,디에스Maestro증권자투자신탁[주식] 종류S 38.66 21.54 21.54
FUND000013,KR5169950018,CLASS000183,S-P,class_return,1Y,38.70,,52,[52],detail_return_table_cross_validated,1.0,디에스Maestro증권자투자신탁[주식] 종류S-P 38.70 21.57 21.57
FUND000013,KR5169950018,CLASS000183,S-P,class_return,2Y,21.57,,52,[52],detail_return_table_cross_validated,1.0,디에스Maestro증권자투자신탁[주식] 종류S-P 38.70 21.57 21.57
FUND000013,KR5169950018,CLASS000183,S-P,class_return,SINCE_INCEPTION,21.57,,52,[52],detail_return_table_cross_validated,1.0,디에스Maestro증권자투자신탁[주식] 종류S-P 38.70 21.57 21.57
FUND000013,KR5169950018,CLASS000186,S-P2,class_return,1Y,38.76,,52,[52],detail_return_table_cross_validated,1.0,디에스Maestro증권자투자신탁[주식] 종류S-P2 38.76 21.64
FUND000013,KR5169950018,CLASS000186,S-P2,class_return,SINCE_INCEPTION,21.64,,52,[52],detail_return_table_cross_validated,1.0,디에스Maestro증권자투자신탁[주식] 종류S-P2 38.76 21.64
FUND000014,KR5172450019,CLASS000191,C4,class_return,1Y,14.78,,4,"[4,38]",coordinate_reconstruction,1.0,오프라인-보수체감 14.78 14.22 13.58 10.71 3.90
FUND000014,KR5172450019,CLASS000191,C4,class_return,2Y,14.22,,4,"[4,38]",coordinate_reconstruction,1.0,오프라인-보수체감 14.78 14.22 13.58 10.71 3.90
FUND000014,KR5172450019,CLASS000191,C4,class_return,3Y,13.58,,4,"[4,38]",coordinate_reconstruction,1.0,오프라인-보수체감 14.78 14.22 13.58 10.71 3.90
FUND000014,KR5172450019,CLASS000191,C4,class_return,5Y,10.71,,4,"[4,38]",coordinate_reconstruction,1.0,오프라인-보수체감 14.78 14.22 13.58 10.71 3.90
FUND000014,KR5172450019,CLASS000191,C4,class_return,SINCE_INCEPTION,3.90,,4,"[4,38]",coordinate_reconstruction,1.0,오프라인-보수체감 14.78 14.22 13.58 10.71 3.90
FUND000014,KR5172450019,,,benchmark,1Y,10.30,,4,[4],coordinate_reconstruction,1.0,비교지수(%) 10.30 9.19 9.17 7.60 3.35
FUND000014,KR5172450019,,,benchmark,2Y,9.19,,4,[4],coordinate_reconstruction,1.0,비교지수(%) 10.30 9.19 9.17 7.60 3.35
FUND000014,KR5172450019,,,benchmark,3Y,9.17,,4,[4],coordinate_reconstruction,1.0,비교지수(%) 10.30 9.19 9.17 7.60 3.35
FUND000014,KR5172450019,,,benchmark,5Y,7.60,,4,[4],coordinate_reconstruction,1.0,비교지수(%) 10.30 9.19 9.17 7.60 3.35
FUND000014,KR5172450019,,,benchmark,SINCE_INCEPTION,3.35,,4,[4],coordinate_reconstruction,1.0,비교지수(%) 10.30 9.19 9.17 7.60 3.35
FUND000014,KR5172450019,,,volatility,1Y,18.34,,4,[4],coordinate_reconstruction,1.0,(연평균 수익률 변동성(%) 18.34 16.10 15.64 16.44 18.48
FUND000014,KR5172450019,,,volatility,2Y,16.10,,4,[4],coordinate_reconstruction,1.0,(연평균 수익률 변동성(%) 18.34 16.10 15.64 16.44 18.48
FUND000014,KR5172450019,,,volatility,3Y,15.64,,4,[4],coordinate_reconstruction,1.0,(연평균 수익률 변동성(%) 18.34 16.10 15.64 16.44 18.48
FUND000014,KR5172450019,,,volatility,5Y,16.44,,4,[4],coordinate_reconstruction,1.0,(연평균 수익률 변동성(%) 18.34 16.10 15.64 16.44 18.48
FUND000014,KR5172450019,,,volatility,SINCE_INCEPTION,18.48,,4,[4],coordinate_reconstruction,1.0,(연평균 수익률 변동성(%) 18.34 16.10 15.64 16.44 18.48
FUND000014,KR5172450019,CLASS000187,A,class_return,1Y,15.02,,37,[37],detail_return_table_cross_validated,1.0,15.02 14.45 13.81 10.93 6.80
FUND000014,KR5172450019,CLASS000187,A,class_return,2Y,14.45,,37,[37],detail_return_table_cross_validated,1.0,15.02 14.45 13.81 10.93 6.80
FUND000014,KR5172450019,CLASS000187,A,class_return,3Y,13.81,,37,[37],detail_return_table_cross_validated,1.0,15.02 14.45 13.81 10.93 6.80
FUND000014,KR5172450019,CLASS000187,A,class_return,5Y,10.93,,37,[37],detail_return_table_cross_validated,1.0,15.02 14.45 13.81 10.93 6.80
FUND000014,KR5172450019,CLASS000187,A,class_return,SINCE_INCEPTION,6.80,,37,[37],detail_return_table_cross_validated,1.0,15.02 14.45 13.81 10.93 6.80
FUND000014,KR5172450019,CLASS000204,Ae,class_return,1Y,15.56,,37,[37],detail_return_table_cross_validated,1.0,15.56 14.95 14.32 11.45 5.01
FUND000014,KR5172450019,CLASS000204,Ae,class_return,2Y,14.95,,37,[37],detail_return_table_cross_validated,1.0,15.56 14.95 14.32 11.45 5.01
FUND000014,KR5172450019,CLASS000204,Ae,class_return,3Y,14.32,,37,[37],detail_return_table_cross_validated,1.0,15.56 14.95 14.32 11.45 5.01
FUND000014,KR5172450019,CLASS000204,Ae,class_return,5Y,11.45,,37,[37],detail_return_table_cross_validated,1.0,15.56 14.95 14.32 11.45 5.01
FUND000014,KR5172450019,CLASS000204,Ae,class_return,SINCE_INCEPTION,5.01,,37,[37],detail_return_table_cross_validated,1.0,15.56 14.95 14.32 11.45 5.01
FUND000014,KR5172450019,CLASS000188,C1,class_return,1Y,-,,37,[37],detail_return_table_cross_validated,1.0,오프라인- - - - - 31.11
FUND000014,KR5172450019,CLASS000188,C1,class_return,2Y,-,,37,[37],detail_return_table_cross_validated,1.0,오프라인- - - - - 31.11
FUND000014,KR5172450019,CLASS000188,C1,class_return,3Y,-,,37,[37],detail_return_table_cross_validated,1.0,오프라인- - - - - 31.11
FUND000014,KR5172450019,CLASS000188,C1,class_return,5Y,-,,37,[37],detail_return_table_cross_validated,1.0,오프라인- - - - - 31.11
FUND000014,KR5172450019,CLASS000188,C1,class_return,SINCE_INCEPTION,31.11,,37,[37],detail_return_table_cross_validated,1.0,오프라인- - - - - 31.11
FUND000014,KR5172450019,CLASS000190,C3,class_return,1Y,14.67,,38,[38],detail_return_table_cross_validated,1.0,오프라인- 14.67 14.10 13.46 10.59 6.40
FUND000014,KR5172450019,CLASS000190,C3,class_return,2Y,14.10,,38,[38],detail_return_table_cross_validated,1.0,오프라인- 14.67 14.10 13.46 10.59 6.40
FUND000014,KR5172450019,CLASS000190,C3,class_return,3Y,13.46,,38,[38],detail_return_table_cross_validated,1.0,오프라인- 14.67 14.10 13.46 10.59 6.40
FUND000014,KR5172450019,CLASS000190,C3,class_return,5Y,10.59,,38,[38],detail_return_table_cross_validated,1.0,오프라인- 14.67 14.10 13.46 10.59 6.40
FUND000014,KR5172450019,CLASS000190,C3,class_return,SINCE_INCEPTION,6.40,,38,[38],detail_return_table_cross_validated,1.0,오프라인- 14.67 14.10 13.46 10.59 6.40
FUND000014,KR5172450019,CLASS000192,C5,class_return,1Y,14.91,,38,[38],detail_return_table_cross_validated,1.0,오프라인- 14.91 14.34 13.70 10.82 3.99
FUND000014,KR5172450019,CLASS000192,C5,class_return,2Y,14.34,,38,[38],detail_return_table_cross_validated,1.0,오프라인- 14.91 14.34 13.70 10.82 3.99
FUND000014,KR5172450019,CLASS000192,C5,class_return,3Y,13.70,,38,[38],detail_return_table_cross_validated,1.0,오프라인- 14.91 14.34 13.70 10.82 3.99
FUND000014,KR5172450019,CLASS000192,C5,class_return,5Y,10.82,,38,[38],detail_return_table_cross_validated,1.0,오프라인- 14.91 14.34 13.70 10.82 3.99
FUND000014,KR5172450019,CLASS000192,C5,class_return,SINCE_INCEPTION,3.99,,38,[38],detail_return_table_cross_validated,1.0,오프라인- 14.91 14.34 13.70 10.82 3.99
FUND000014,KR5172450019,CLASS000193,Ce,class_return,1Y,14.91,,38,[38],detail_return_table_cross_validated,1.0,14.91 14.34 13.70 10.82 5.90
FUND000014,KR5172450019,CLASS000193,Ce,class_return,2Y,14.34,,38,[38],detail_return_table_cross_validated,1.0,14.91 14.34 13.70 10.82 5.90
FUND000014,KR5172450019,CLASS000193,Ce,class_return,3Y,13.70,,38,[38],detail_return_table_cross_validated,1.0,14.91 14.34 13.70 10.82 5.90
FUND000014,KR5172450019,CLASS000193,Ce,class_return,5Y,10.82,,38,[38],detail_return_table_cross_validated,1.0,14.91 14.34 13.70 10.82 5.90
FUND000014,KR5172450019,CLASS000193,Ce,class_return,SINCE_INCEPTION,5.90,,38,[38],detail_return_table_cross_validated,1.0,14.91 14.34 13.70 10.82 5.90
FUND000014,KR5172450019,CLASS000194,W,class_return,1Y,16.03,,38,[38],detail_return_table_cross_validated,1.0,16.03 15.45 14.82 11.93 6.29
FUND000014,KR5172450019,CLASS000194,W,class_return,2Y,15.45,,38,[38],detail_return_table_cross_validated,1.0,16.03 15.45 14.82 11.93 6.29
FUND000014,KR5172450019,CLASS000194,W,class_return,3Y,14.82,,38,[38],detail_return_table_cross_validated,1.0,16.03 15.45 14.82 11.93 6.29
FUND000014,KR5172450019,CLASS000194,W,class_return,5Y,11.93,,38,[38],detail_return_table_cross_validated,1.0,16.03 15.45 14.82 11.93 6.29
FUND000014,KR5172450019,CLASS000194,W,class_return,SINCE_INCEPTION,6.29,,38,[38],detail_return_table_cross_validated,1.0,16.03 15.45 14.82 11.93 6.29
FUND000014,KR5172450019,CLASS000195,I,class_return,1Y,15.99,,38,[38],detail_return_table_cross_validated,1.0,15.99 15.41 14.79 11.89 5.63
FUND000014,KR5172450019,CLASS000195,I,class_return,2Y,15.41,,38,[38],detail_return_table_cross_validated,1.0,15.99 15.41 14.79 11.89 5.63
FUND000014,KR5172450019,CLASS000195,I,class_return,3Y,14.79,,38,[38],detail_return_table_cross_validated,1.0,15.99 15.41 14.79 11.89 5.63
FUND000014,KR5172450019,CLASS000195,I,class_return,5Y,11.89,,38,[38],detail_return_table_cross_validated,1.0,15.99 15.41 14.79 11.89 5.63
FUND000014,KR5172450019,CLASS000195,I,class_return,SINCE_INCEPTION,5.63,,38,[38],detail_return_table_cross_validated,1.0,15.99 15.41 14.79 11.89 5.63
FUND000014,KR5172450019,CLASS000196,S,class_return,1Y,15.64,,38,[38],detail_return_table_cross_validated,1.0,15.64 15.06 14.43 11.55 4.66
FUND000014,KR5172450019,CLASS000196,S,class_return,2Y,15.06,,38,[38],detail_return_table_cross_validated,1.0,15.64 15.06 14.43 11.55 4.66
FUND000014,KR5172450019,CLASS000196,S,class_return,3Y,14.43,,38,[38],detail_return_table_cross_validated,1.0,15.64 15.06 14.43 11.55 4.66
FUND000014,KR5172450019,CLASS000196,S,class_return,5Y,11.55,,38,[38],detail_return_table_cross_validated,1.0,15.64 15.06 14.43 11.55 4.66
FUND000014,KR5172450019,CLASS000196,S,class_return,SINCE_INCEPTION,4.66,,38,[38],detail_return_table_cross_validated,1.0,15.64 15.06 14.43 11.55 4.66
FUND000014,KR5172450019,CLASS000198,Cp,class_return,1Y,15.22,,38,[38],detail_return_table_cross_validated,1.0,오프라인- 15.22 14.65 14.01 11.13 4.56
FUND000014,KR5172450019,CLASS000198,Cp,class_return,2Y,14.65,,38,[38],detail_return_table_cross_validated,1.0,오프라인- 15.22 14.65 14.01 11.13 4.56
FUND000014,KR5172450019,CLASS000198,Cp,class_return,3Y,14.01,,38,[38],detail_return_table_cross_validated,1.0,오프라인- 15.22 14.65 14.01 11.13 4.56
FUND000014,KR5172450019,CLASS000198,Cp,class_return,5Y,11.13,,38,[38],detail_return_table_cross_validated,1.0,오프라인- 15.22 14.65 14.01 11.13 4.56
FUND000014,KR5172450019,CLASS000198,Cp,class_return,SINCE_INCEPTION,4.56,,38,[38],detail_return_table_cross_validated,1.0,오프라인- 15.22 14.65 14.01 11.13 4.56
FUND000014,KR5172450019,CLASS000199,Cp-E,class_return,1Y,15.62,,38,[38],detail_return_table_cross_validated,1.0,온라인-개인연금 15.62 15.05 14.42 11.53 5.03
FUND000014,KR5172450019,CLASS000199,Cp-E,class_return,2Y,15.05,,38,[38],detail_return_table_cross_validated,1.0,온라인-개인연금 15.62 15.05 14.42 11.53 5.03
FUND000014,KR5172450019,CLASS000199,Cp-E,class_return,3Y,14.42,,38,[38],detail_return_table_cross_validated,1.0,온라인-개인연금 15.62 15.05 14.42 11.53 5.03
FUND000014,KR5172450019,CLASS000199,Cp-E,class_return,5Y,11.53,,38,[38],detail_return_table_cross_validated,1.0,온라인-개인연금 15.62 15.05 14.42 11.53 5.03
FUND000014,KR5172450019,CLASS000199,Cp-E,class_return,SINCE_INCEPTION,5.03,,38,[38],detail_return_table_cross_validated,1.0,온라인-개인연금 15.62 15.05 14.42 11.53 5.03
FUND000014,KR5172450019,CLASS000201,Cp2,class_return,1Y,15.08,,38,[38],detail_return_table_cross_validated,1.0,오프라인- 15.08 14.50 13.87 10.99 5.03
FUND000014,KR5172450019,CLASS000201,Cp2,class_return,2Y,14.50,,38,[38],detail_return_table_cross_validated,1.0,오프라인- 15.08 14.50 13.87 10.99 5.03
FUND000014,KR5172450019,CLASS000201,Cp2,class_return,3Y,13.87,,38,[38],detail_return_table_cross_validated,1.0,오프라인- 15.08 14.50 13.87 10.99 5.03
FUND000014,KR5172450019,CLASS000201,Cp2,class_return,5Y,10.99,,38,[38],detail_return_table_cross_validated,1.0,오프라인- 15.08 14.50 13.87 10.99 5.03
FUND000014,KR5172450019,CLASS000201,Cp2,class_return,SINCE_INCEPTION,5.03,,38,[38],detail_return_table_cross_validated,1.0,오프라인- 15.08 14.50 13.87 10.99 5.03
FUND000014,KR5172450019,CLASS000203,Cp2-E,class_return,1Y,15.55,,38,[38],detail_return_table_cross_validated,1.0,온라인- 17.8.7 15.55 14.98 14.34 11.46 4.62
FUND000014,KR5172450019,CLASS000203,Cp2-E,class_return,2Y,14.98,,38,[38],detail_return_table_cross_validated,1.0,온라인- 17.8.7 15.55 14.98 14.34 11.46 4.62
FUND000014,KR5172450019,CLASS000203,Cp2-E,class_return,3Y,14.34,,38,[38],detail_return_table_cross_validated,1.0,온라인- 17.8.7 15.55 14.98 14.34 11.46 4.62
FUND000014,KR5172450019,CLASS000203,Cp2-E,class_return,5Y,11.46,,38,[38],detail_return_table_cross_validated,1.0,온라인- 17.8.7 15.55 14.98 14.34 11.46 4.62
FUND000014,KR5172450019,CLASS000203,Cp2-E,class_return,SINCE_INCEPTION,4.62,,38,[38],detail_return_table_cross_validated,1.0,온라인- 17.8.7 15.55 14.98 14.34 11.46 4.62
FUND000019,KR5174420011,CLASS000241,C,class_return,SINCE_INCEPTION,2.33,,4,[4],cell_grid,1.0,추이 수수료미징구- (연평균 오프라인형(C)(%) 5.23 4.54 3.18 2.06 2.33
FUND000019,KR5174420011,CLASS000241,C,class_return,5Y,2.06,,4,[4],cell_grid,1.0,추이 수수료미징구- (연평균 오프라인형(C)(%) 5.23 4.54 3.18 2.06 2.33
FUND000019,KR5174420011,CLASS000241,C,class_return,2Y,4.54,,4,[4],cell_grid,1.0,추이 수수료미징구- (연평균 오프라인형(C)(%) 5.23 4.54 3.18 2.06 2.33
FUND000019,KR5174420011,CLASS000241,C,class_return,1Y,5.23,,4,[4],cell_grid,1.0,추이 수수료미징구- (연평균 오프라인형(C)(%) 5.23 4.54 3.18 2.06 2.33
FUND000019,KR5174420011,CLASS000241,C,class_return,3Y,3.18,,4,[4],cell_grid,1.0,추이 수수료미징구- (연평균 오프라인형(C)(%) 5.23 4.54 3.18 2.06 2.33
FUND000019,KR5174420011,,,benchmark,SINCE_INCEPTION,2.88,,4,[4],cell_grid,1.0,수익률) 비교지수(%) 6.19 5.54 2.89 1.65 2.88
FUND000019,KR5174420011,,,benchmark,5Y,1.65,,4,[4],cell_grid,1.0,수익률) 비교지수(%) 6.19 5.54 2.89 1.65 2.88
FUND000019,KR5174420011,,,benchmark,2Y,5.54,,4,[4],cell_grid,1.0,수익률) 비교지수(%) 6.19 5.54 2.89 1.65 2.88
FUND000019,KR5174420011,,,benchmark,1Y,6.19,,4,[4],cell_grid,1.0,수익률) 비교지수(%) 6.19 5.54 2.89 1.65 2.88
FUND000019,KR5174420011,,,benchmark,3Y,2.89,,4,[4],cell_grid,1.0,수익률) 비교지수(%) 6.19 5.54 2.89 1.65 2.88
FUND000019,KR5174420011,,,volatility,SINCE_INCEPTION,1.16,,4,[4],cell_grid,1.0,수익률변동성(%) 2.42 2.19 2.02 1.62 1.16
FUND000019,KR5174420011,,,volatility,5Y,1.62,,4,[4],cell_grid,1.0,수익률변동성(%) 2.42 2.19 2.02 1.62 1.16
FUND000019,KR5174420011,,,volatility,2Y,2.19,,4,[4],cell_grid,1.0,수익률변동성(%) 2.42 2.19 2.02 1.62 1.16
FUND000019,KR5174420011,,,volatility,1Y,2.42,,4,[4],cell_grid,1.0,수익률변동성(%) 2.42 2.19 2.02 1.62 1.16
FUND000019,KR5174420011,,,volatility,3Y,2.02,,4,[4],cell_grid,1.0,수익률변동성(%) 2.42 2.19 2.02 1.62 1.16
FUND000075,KR518101002M,CLASS000883,C,class_return,1Y,3.50,2006-01-02,3,[3],cell_grid,1.0,수수료미징구-오프라인-퇴직 연금(C) 수수료미징구-오프라인-퇴직 연금(C) 3.50 4.06 4.49 2.47 3.03
FUND000075,KR518101002M,CLASS000883,C,class_return,2Y,4.06,2006-01-02,3,[3],cell_grid,1.0,수수료미징구-오프라인-퇴직 연금(C) 수수료미징구-오프라인-퇴직 연금(C) 3.50 4.06 4.49 2.47 3.03
FUND000075,KR518101002M,CLASS000883,C,class_return,3Y,4.49,2006-01-02,3,[3],cell_grid,1.0,수수료미징구-오프라인-퇴직 연금(C) 수수료미징구-오프라인-퇴직 연금(C) 3.50 4.06 4.49 2.47 3.03
FUND000075,KR518101002M,CLASS000883,C,class_return,5Y,2.47,2006-01-02,3,[3],cell_grid,1.0,수수료미징구-오프라인-퇴직 연금(C) 수수료미징구-오프라인-퇴직 연금(C) 3.50 4.06 4.49 2.47 3.03
FUND000075,KR518101002M,CLASS000883,C,class_return,SINCE_INCEPTION,3.03,2006-01-02,3,[3],cell_grid,1.0,수수료미징구-오프라인-퇴직 연금(C) 수수료미징구-오프라인-퇴직 연금(C) 3.50 4.06 4.49 2.47 3.03
FUND000075,KR518101002M,,,fund,1Y,3.90,2006-01-02,3,[3],cell_grid,1.0,투자실적 2006.01.02 투자신탁 추이 투자실적 추이 투자신탁 3.90 4.46 4.89 2.86 3.30
FUND000075,KR518101002M,,,fund,2Y,4.46,2006-01-02,3,[3],cell_grid,1.0,투자실적 2006.01.02 투자신탁 추이 투자실적 추이 투자신탁 3.90 4.46 4.89 2.86 3.30
FUND000075,KR518101002M,,,fund,3Y,4.89,2006-01-02,3,[3],cell_grid,1.0,투자실적 2006.01.02 투자신탁 추이 투자실적 추이 투자신탁 3.90 4.46 4.89 2.86 3.30
FUND000075,KR518101002M,,,fund,5Y,2.86,2006-01-02,3,[3],cell_grid,1.0,투자실적 2006.01.02 투자신탁 추이 투자실적 추이 투자신탁 3.90 4.46 4.89 2.86 3.30
FUND000075,KR518101002M,,,fund,SINCE_INCEPTION,3.30,2006-01-02,3,[3],cell_grid,1.0,투자실적 2006.01.02 투자신탁 추이 투자실적 추이 투자신탁 3.90 4.46 4.89 2.86 3.30
FUND000075,KR518101002M,,,benchmark,1Y,3.75,2006-01-02,3,[3],cell_grid,1.0,(연평균 비교지수 (연평균 비교지수 3.75 4.18 4.11 2.42 3.14
FUND000075,KR518101002M,,,benchmark,2Y,4.18,2006-01-02,3,[3],cell_grid,1.0,(연평균 비교지수 (연평균 비교지수 3.75 4.18 4.11 2.42 3.14
FUND000075,KR518101002M,,,benchmark,3Y,4.11,2006-01-02,3,[3],cell_grid,1.0,(연평균 비교지수 (연평균 비교지수 3.75 4.18 4.11 2.42 3.14
FUND000075,KR518101002M,,,benchmark,5Y,2.42,2006-01-02,3,[3],cell_grid,1.0,(연평균 비교지수 (연평균 비교지수 3.75 4.18 4.11 2.42 3.14
FUND000075,KR518101002M,,,benchmark,SINCE_INCEPTION,3.14,2006-01-02,3,[3],cell_grid,1.0,(연평균 비교지수 (연평균 비교지수 3.75 4.18 4.11 2.42 3.14
FUND000075,KR518101002M,,,volatility,1Y,0.48,2006-01-02,4,[4],cell_grid,1.0,단위: %) 수익률 변동성 단위: %) 수익률 변동성 0.48 0.54 1.19 1.18
FUND000075,KR518101002M,,,volatility,2Y,0.54,2006-01-02,4,[4],cell_grid,1.0,단위: %) 수익률 변동성 단위: %) 수익률 변동성 0.48 0.54 1.19 1.18
FUND000075,KR518101002M,,,volatility,3Y,1.19,2006-01-02,4,[4],cell_grid,1.0,단위: %) 수익률 변동성 단위: %) 수익률 변동성 0.48 0.54 1.19 1.18
FUND000075,KR518101002M,,,volatility,5Y,1.18,2006-01-02,4,[4],cell_grid,1.0,단위: %) 수익률 변동성 단위: %) 수익률 변동성 0.48 0.54 1.19 1.18
FUND000075,KR518101002M,CLASS000884,C-F,class_return,1Y,-,2012-08-29,39,[39],cell_grid,1.0,"종류C-F 수수료미징구-직판-퇴직연금, 펀드 등 종류C-F 수수료미징구-직판-퇴직연금, 펀드 등 - - - - -"
FUND000075,KR518101002M,CLASS000884,C-F,class_return,2Y,-,2012-08-29,39,[39],cell_grid,1.0,"종류C-F 수수료미징구-직판-퇴직연금, 펀드 등 종류C-F 수수료미징구-직판-퇴직연금, 펀드 등 - - - - -"
FUND000075,KR518101002M,CLASS000884,C-F,class_return,3Y,-,2012-08-29,39,[39],cell_grid,1.0,"종류C-F 수수료미징구-직판-퇴직연금, 펀드 등 종류C-F 수수료미징구-직판-퇴직연금, 펀드 등 - - - - -"
FUND000075,KR518101002M,CLASS000884,C-F,class_return,5Y,-,2012-08-29,39,[39],cell_grid,1.0,"종류C-F 수수료미징구-직판-퇴직연금, 펀드 등 종류C-F 수수료미징구-직판-퇴직연금, 펀드 등 - - - - -"
FUND000075,KR518101002M,CLASS000884,C-F,class_return,SINCE_INCEPTION,-,2012-08-29,39,[39],cell_grid,1.0,"종류C-F 수수료미징구-직판-퇴직연금, 펀드 등 종류C-F 수수료미징구-직판-퇴직연금, 펀드 등 - - - - -"
FUND000075,KR518101002M,CLASS000886,C-P2I,class_return,1Y,-,2020-06-22,39,[39],cell_grid,1.0,"종류C-P2I 수수료미징구-오프라인-퇴직연금, 고액 종류C-P2I 수수료미징구-오프라인-퇴직연금, 고액 - - - - -"
FUND000075,KR518101002M,CLASS000886,C-P2I,class_return,2Y,-,2020-06-22,39,[39],cell_grid,1.0,"종류C-P2I 수수료미징구-오프라인-퇴직연금, 고액 종류C-P2I 수수료미징구-오프라인-퇴직연금, 고액 - - - - -"
FUND000075,KR518101002M,CLASS000886,C-P2I,class_return,3Y,-,2020-06-22,39,[39],cell_grid,1.0,"종류C-P2I 수수료미징구-오프라인-퇴직연금, 고액 종류C-P2I 수수료미징구-오프라인-퇴직연금, 고액 - - - - -"
FUND000075,KR518101002M,CLASS000886,C-P2I,class_return,5Y,-,2020-06-22,39,[39],cell_grid,1.0,"종류C-P2I 수수료미징구-오프라인-퇴직연금, 고액 종류C-P2I 수수료미징구-오프라인-퇴직연금, 고액 - - - - -"
FUND000075,KR518101002M,CLASS000886,C-P2I,class_return,SINCE_INCEPTION,-,2020-06-22,39,[39],cell_grid,1.0,"종류C-P2I 수수료미징구-오프라인-퇴직연금, 고액 종류C-P2I 수수료미징구-오프라인-퇴직연금, 고액 - - - - -"
FUND000075,KR518101002M,,,volatility,1Y,0.48,2006-01-02,39,[39],cell_grid,1.0,수익률 변동성 수익률 변동성 0.48 0.54 1.19 1.18 0.92
FUND000075,KR518101002M,,,volatility,2Y,0.54,2006-01-02,39,[39],cell_grid,1.0,수익률 변동성 수익률 변동성 0.48 0.54 1.19 1.18 0.92
FUND000075,KR518101002M,,,volatility,3Y,1.19,2006-01-02,39,[39],cell_grid,1.0,수익률 변동성 수익률 변동성 0.48 0.54 1.19 1.18 0.92
FUND000075,KR518101002M,,,volatility,5Y,1.18,2006-01-02,39,[39],cell_grid,1.0,수익률 변동성 수익률 변동성 0.48 0.54 1.19 1.18 0.92
FUND000075,KR518101002M,,,volatility,SINCE_INCEPTION,0.92,2006-01-02,39,[39],cell_grid,1.0,수익률 변동성 수익률 변동성 0.48 0.54 1.19 1.18 0.92
FUND000092,KR518101012M,CLASS001069,C,class_return,1Y,5.99,2006-01-02,6,"[6,45]",cell_grid,1.0,수수료미 징구(C) 수수료미 징구(C) 2006.01.02 5.99 5.39 3.07 0.98 3.20
FUND000092,KR518101012M,CLASS001069,C,class_return,3Y,3.07,2006-01-02,6,"[6,45]",cell_grid,1.0,수수료미 징구(C) 수수료미 징구(C) 2006.01.02 5.99 5.39 3.07 0.98 3.20
FUND000092,KR518101012M,CLASS001069,C,class_return,5Y,0.98,2006-01-02,6,"[6,45]",cell_grid,1.0,수수료미 징구(C) 수수료미 징구(C) 2006.01.02 5.99 5.39 3.07 0.98 3.20
FUND000092,KR518101012M,CLASS001069,C,class_return,SINCE_INCEPTION,3.20,2006-01-02,6,"[6,45]",cell_grid,1.0,수수료미 징구(C) 수수료미 징구(C) 2006.01.02 5.99 5.39 3.07 0.98 3.20
FUND000092,KR518101012M,CLASS001069,C,class_return,2Y,5.39,2006-01-02,6,"[6,45]",cell_grid,1.0,수수료미 징구(C) 수수료미 징구(C) 2006.01.02 5.99 5.39 3.07 0.98 3.20
FUND000092,KR518101012M,,,benchmark,1Y,5.43,2006-01-02,6,[6],cell_grid,1.0,비교지수 비교지수 - 5.43 5.18 3.19 1.33 3.63
FUND000092,KR518101012M,,,benchmark,3Y,3.19,2006-01-02,6,[6],cell_grid,1.0,비교지수 비교지수 - 5.43 5.18 3.19 1.33 3.63
FUND000092,KR518101012M,,,benchmark,5Y,1.33,2006-01-02,6,[6],cell_grid,1.0,비교지수 비교지수 - 5.43 5.18 3.19 1.33 3.63
FUND000092,KR518101012M,,,benchmark,SINCE_INCEPTION,3.63,2006-01-02,6,[6],cell_grid,1.0,비교지수 비교지수 - 5.43 5.18 3.19 1.33 3.63
FUND000092,KR518101012M,,,benchmark,2Y,5.18,2006-01-02,6,[6],cell_grid,1.0,비교지수 비교지수 - 5.43 5.18 3.19 1.33 3.63
FUND000092,KR518101012M,,,volatility,1Y,6.56,2006-01-02,6,[6],cell_grid,1.0,수익률 변동성 수익률 변동성 2006.01.02 6.56 5.96 3.63 1.53 3.43
FUND000092,KR518101012M,,,volatility,3Y,3.63,2006-01-02,6,[6],cell_grid,1.0,수익률 변동성 수익률 변동성 2006.01.02 6.56 5.96 3.63 1.53 3.43
FUND000092,KR518101012M,,,volatility,5Y,1.53,2006-01-02,6,[6],cell_grid,1.0,수익률 변동성 수익률 변동성 2006.01.02 6.56 5.96 3.63 1.53 3.43
FUND000092,KR518101012M,,,volatility,SINCE_INCEPTION,3.43,2006-01-02,6,[6],cell_grid,1.0,수익률 변동성 수익률 변동성 2006.01.02 6.56 5.96 3.63 1.53 3.43
FUND000092,KR518101012M,,,volatility,2Y,5.96,2006-01-02,6,[6],cell_grid,1.0,수익률 변동성 수익률 변동성 2006.01.02 6.56 5.96 3.63 1.53 3.43
FUND000092,KR518101012M,CLASS001070,C-e,class_return,1Y,6.20,,45,[45],detail_return_table_cross_validated,1.0,자투자신탁1호(국공 6.20 5.60 3.27 1.18 2.07
FUND000092,KR518101012M,CLASS001070,C-e,class_return,2Y,5.60,,45,[45],detail_return_table_cross_validated,1.0,자투자신탁1호(국공 6.20 5.60 3.27 1.18 2.07
FUND000092,KR518101012M,CLASS001070,C-e,class_return,3Y,3.27,,45,[45],detail_return_table_cross_validated,1.0,자투자신탁1호(국공 6.20 5.60 3.27 1.18 2.07
FUND000092,KR518101012M,CLASS001070,C-e,class_return,5Y,1.18,,45,[45],detail_return_table_cross_validated,1.0,자투자신탁1호(국공 6.20 5.60 3.27 1.18 2.07
FUND000092,KR518101012M,CLASS001070,C-e,class_return,SINCE_INCEPTION,2.07,,45,[45],detail_return_table_cross_validated,1.0,자투자신탁1호(국공 6.20 5.60 3.27 1.18 2.07
FUND000092,KR518101012M,CLASS001071,S-R,class_return,1Y,6.31,,45,[45],detail_return_table_cross_validated,1.0,자투자신탁1호(국공 6.31 5.71 3.38 1.29 1.60
FUND000092,KR518101012M,CLASS001071,S-R,class_return,2Y,5.71,,45,[45],detail_return_table_cross_validated,1.0,자투자신탁1호(국공 6.31 5.71 3.38 1.29 1.60
FUND000092,KR518101012M,CLASS001071,S-R,class_return,3Y,3.38,,45,[45],detail_return_table_cross_validated,1.0,자투자신탁1호(국공 6.31 5.71 3.38 1.29 1.60
FUND000092,KR518101012M,CLASS001071,S-R,class_return,5Y,1.29,,45,[45],detail_return_table_cross_validated,1.0,자투자신탁1호(국공 6.31 5.71 3.38 1.29 1.60
FUND000092,KR518101012M,CLASS001071,S-R,class_return,SINCE_INCEPTION,1.60,,45,[45],detail_return_table_cross_validated,1.0,자투자신탁1호(국공 6.31 5.71 3.38 1.29 1.60
FUND000063,KR518102001M,CLASS000800,C,class_return,1Y,-1.58,2006-01-04,3,[3],cell_grid,1.0,수수료미징구-오프라인-퇴직 2006.01.04 연금(C) 수수료미징구-오프라인-퇴직 연금(C) 2006.01.04 -1.58 1.50 -2.52 5.57 3.66
FUND000063,KR518102001M,CLASS000800,C,class_return,2Y,1.50,2006-01-04,3,[3],cell_grid,1.0,수수료미징구-오프라인-퇴직 2006.01.04 연금(C) 수수료미징구-오프라인-퇴직 연금(C) 2006.01.04 -1.58 1.50 -2.52 5.57 3.66
FUND000063,KR518102001M,CLASS000800,C,class_return,3Y,-2.52,2006-01-04,3,[3],cell_grid,1.0,수수료미징구-오프라인-퇴직 2006.01.04 연금(C) 수수료미징구-오프라인-퇴직 연금(C) 2006.01.04 -1.58 1.50 -2.52 5.57 3.66
FUND000063,KR518102001M,CLASS000800,C,class_return,5Y,5.57,2006-01-04,3,[3],cell_grid,1.0,수수료미징구-오프라인-퇴직 2006.01.04 연금(C) 수수료미징구-오프라인-퇴직 연금(C) 2006.01.04 -1.58 1.50 -2.52 5.57 3.66
FUND000063,KR518102001M,CLASS000800,C,class_return,SINCE_INCEPTION,3.66,2006-01-04,3,[3],cell_grid,1.0,수수료미징구-오프라인-퇴직 2006.01.04 연금(C) 수수료미징구-오프라인-퇴직 연금(C) 2006.01.04 -1.58 1.50 -2.52 5.57 3.66
FUND000063,KR518102001M,CLASS000802,C-P2e,class_return,1Y,-1.33,2017-10-24,3,[3],cell_grid,1.0,수수료미징구-온라인-퇴직연 2017.10.24 금(C-P2e) 수수료미징구-온라인-퇴직연 금(C-P2e) 2017.10.24 -1.33 1.75 -2.27 5.84 0.73
FUND000063,KR518102001M,CLASS000802,C-P2e,class_return,2Y,1.75,2017-10-24,3,[3],cell_grid,1.0,수수료미징구-온라인-퇴직연 2017.10.24 금(C-P2e) 수수료미징구-온라인-퇴직연 금(C-P2e) 2017.10.24 -1.33 1.75 -2.27 5.84 0.73
FUND000063,KR518102001M,CLASS000802,C-P2e,class_return,3Y,-2.27,2017-10-24,3,[3],cell_grid,1.0,수수료미징구-온라인-퇴직연 2017.10.24 금(C-P2e) 수수료미징구-온라인-퇴직연 금(C-P2e) 2017.10.24 -1.33 1.75 -2.27 5.84 0.73
FUND000063,KR518102001M,CLASS000802,C-P2e,class_return,5Y,5.84,2017-10-24,3,[3],cell_grid,1.0,수수료미징구-온라인-퇴직연 2017.10.24 금(C-P2e) 수수료미징구-온라인-퇴직연 금(C-P2e) 2017.10.24 -1.33 1.75 -2.27 5.84 0.73
FUND000063,KR518102001M,CLASS000802,C-P2e,class_return,SINCE_INCEPTION,0.73,2017-10-24,3,[3],cell_grid,1.0,수수료미징구-온라인-퇴직연 2017.10.24 금(C-P2e) 수수료미징구-온라인-퇴직연 금(C-P2e) 2017.10.24 -1.33 1.75 -2.27 5.84 0.73
FUND000063,KR518102001M,,,fund,1Y,-0.63,2006-01-04,3,[3],cell_grid,1.0,투자실적 투자신탁 2006.01.04 추이 투자실적 추이 투자신탁 2006.01.04 -0.63 2.47 -1.59 6.58 4.33
FUND000063,KR518102001M,,,fund,2Y,2.47,2006-01-04,3,[3],cell_grid,1.0,투자실적 투자신탁 2006.01.04 추이 투자실적 추이 투자신탁 2006.01.04 -0.63 2.47 -1.59 6.58 4.33
FUND000063,KR518102001M,,,fund,3Y,-1.59,2006-01-04,3,[3],cell_grid,1.0,투자실적 투자신탁 2006.01.04 추이 투자실적 추이 투자신탁 2006.01.04 -0.63 2.47 -1.59 6.58 4.33
FUND000063,KR518102001M,,,fund,5Y,6.58,2006-01-04,3,[3],cell_grid,1.0,투자실적 투자신탁 2006.01.04 추이 투자실적 추이 투자신탁 2006.01.04 -0.63 2.47 -1.59 6.58 4.33
FUND000063,KR518102001M,,,fund,SINCE_INCEPTION,4.33,2006-01-04,3,[3],cell_grid,1.0,투자실적 투자신탁 2006.01.04 추이 투자실적 추이 투자신탁 2006.01.04 -0.63 2.47 -1.59 6.58 4.33
FUND000063,KR518102001M,,,benchmark,1Y,-4.15,2006-01-04,4,[4],cell_grid,1.0,(연평균 비교지수 (연평균 비교지수 -4.15 2.45 -2.10 4.97
FUND000063,KR518102001M,,,benchmark,2Y,2.45,2006-01-04,4,[4],cell_grid,1.0,(연평균 비교지수 (연평균 비교지수 -4.15 2.45 -2.10 4.97
FUND000063,KR518102001M,,,benchmark,3Y,-2.10,2006-01-04,4,[4],cell_grid,1.0,(연평균 비교지수 (연평균 비교지수 -4.15 2.45 -2.10 4.97
FUND000063,KR518102001M,,,benchmark,5Y,4.97,2006-01-04,4,[4],cell_grid,1.0,(연평균 비교지수 (연평균 비교지수 -4.15 2.45 -2.10 4.97
FUND000063,KR518102001M,,,volatility,1Y,16.28,2006-01-04,4,[4],cell_grid,1.0,단위: %) 수익률 변동성 단위: %) 수익률 변동성 16.28 15.03 15.43 18.59
FUND000063,KR518102001M,,,volatility,2Y,15.03,2006-01-04,4,[4],cell_grid,1.0,단위: %) 수익률 변동성 단위: %) 수익률 변동성 16.28 15.03 15.43 18.59
FUND000063,KR518102001M,,,volatility,3Y,15.43,2006-01-04,4,[4],cell_grid,1.0,단위: %) 수익률 변동성 단위: %) 수익률 변동성 16.28 15.03 15.43 18.59
FUND000063,KR518102001M,,,volatility,5Y,18.59,2006-01-04,4,[4],cell_grid,1.0,단위: %) 수익률 변동성 단위: %) 수익률 변동성 16.28 15.03 15.43 18.59
FUND000063,KR518102001M,CLASS000801,C-F,class_return,1Y,-,2012-08-29,34,[34],cell_grid,1.0,"종류C-F 수수료미징구-직판-퇴직연금, 펀드 등 종류C-F 수수료미징구-직판-퇴직연금, 펀드 등 - - - - -"
FUND000063,KR518102001M,CLASS000801,C-F,class_return,2Y,-,2012-08-29,34,[34],cell_grid,1.0,"종류C-F 수수료미징구-직판-퇴직연금, 펀드 등 종류C-F 수수료미징구-직판-퇴직연금, 펀드 등 - - - - -"
FUND000063,KR518102001M,CLASS000801,C-F,class_return,3Y,-,2012-08-29,34,[34],cell_grid,1.0,"종류C-F 수수료미징구-직판-퇴직연금, 펀드 등 종류C-F 수수료미징구-직판-퇴직연금, 펀드 등 - - - - -"
FUND000063,KR518102001M,CLASS000801,C-F,class_return,5Y,-,2012-08-29,34,[34],cell_grid,1.0,"종류C-F 수수료미징구-직판-퇴직연금, 펀드 등 종류C-F 수수료미징구-직판-퇴직연금, 펀드 등 - - - - -"
FUND000063,KR518102001M,CLASS000801,C-F,class_return,SINCE_INCEPTION,-,2012-08-29,34,[34],cell_grid,1.0,"종류C-F 수수료미징구-직판-퇴직연금, 펀드 등 종류C-F 수수료미징구-직판-퇴직연금, 펀드 등 - - - - -"
FUND000063,KR518102001M,,,benchmark,1Y,-4.15,2006-01-04,34,[34],cell_grid,1.0,비교지수 비교지수 -4.15 2.45 -2.10 4.97 3.16
FUND000063,KR518102001M,,,benchmark,2Y,2.45,2006-01-04,34,[34],cell_grid,1.0,비교지수 비교지수 -4.15 2.45 -2.10 4.97 3.16
FUND000063,KR518102001M,,,benchmark,3Y,-2.10,2006-01-04,34,[34],cell_grid,1.0,비교지수 비교지수 -4.15 2.45 -2.10 4.97 3.16
FUND000063,KR518102001M,,,benchmark,5Y,4.97,2006-01-04,34,[34],cell_grid,1.0,비교지수 비교지수 -4.15 2.45 -2.10 4.97 3.16
FUND000063,KR518102001M,,,benchmark,SINCE_INCEPTION,3.16,2006-01-04,34,[34],cell_grid,1.0,비교지수 비교지수 -4.15 2.45 -2.10 4.97 3.16
FUND000063,KR518102001M,,,volatility,1Y,16.28,2006-01-04,34,[34],cell_grid,1.0,수익률 변동성 수익률 변동성 16.28 15.03 15.43 18.59 18.55
FUND000063,KR518102001M,,,volatility,2Y,15.03,2006-01-04,34,[34],cell_grid,1.0,수익률 변동성 수익률 변동성 16.28 15.03 15.43 18.59 18.55
FUND000063,KR518102001M,,,volatility,3Y,15.43,2006-01-04,34,[34],cell_grid,1.0,수익률 변동성 수익률 변동성 16.28 15.03 15.43 18.59 18.55
FUND000063,KR518102001M,,,volatility,5Y,18.59,2006-01-04,34,[34],cell_grid,1.0,수익률 변동성 수익률 변동성 16.28 15.03 15.43 18.59 18.55
FUND000063,KR518102001M,,,volatility,SINCE_INCEPTION,18.55,2006-01-04,34,[34],cell_grid,1.0,수익률 변동성 수익률 변동성 16.28 15.03 15.43 18.59 18.55
FUND000085,KR5185450009,CLASS000997,A1,class_return,1Y,-1.65,2011-05-23,3,"[3,43]",coordinate_reconstruction,1.0,투자실적추이 2011.05.23 -1.65 2.67 8.67 14.08 -1.21
FUND000085,KR5185450009,CLASS000997,A1,class_return,2Y,2.67,2011-05-23,3,"[3,43]",coordinate_reconstruction,1.0,투자실적추이 2011.05.23 -1.65 2.67 8.67 14.08 -1.21
FUND000085,KR5185450009,CLASS000997,A1,class_return,3Y,8.67,2011-05-23,3,"[3,43]",coordinate_reconstruction,1.0,투자실적추이 2011.05.23 -1.65 2.67 8.67 14.08 -1.21
FUND000085,KR5185450009,CLASS000997,A1,class_return,5Y,14.08,2011-05-23,3,"[3,43]",coordinate_reconstruction,1.0,투자실적추이 2011.05.23 -1.65 2.67 8.67 14.08 -1.21
FUND000085,KR5185450009,CLASS000997,A1,class_return,SINCE_INCEPTION,-1.21,2011-05-23,3,"[3,43]",coordinate_reconstruction,1.0,투자실적추이 2011.05.23 -1.65 2.67 8.67 14.08 -1.21
FUND000085,KR5185450009,CLASS000998,C1,class_return,1Y,-2.16,2011-05-23,3,"[3,44]",coordinate_reconstruction,1.0,오프라인-보수체감 2011.05.23 -2.16 2.13 8.11 8.66
FUND000085,KR5185450009,CLASS000998,C1,class_return,2Y,2.13,2011-05-23,3,"[3,44]",coordinate_reconstruction,1.0,오프라인-보수체감 2011.05.23 -2.16 2.13 8.11 8.66
FUND000085,KR5185450009,CLASS000998,C1,class_return,3Y,8.11,2011-05-23,3,"[3,44]",coordinate_reconstruction,1.0,오프라인-보수체감 2011.05.23 -2.16 2.13 8.11 8.66
FUND000085,KR5185450009,CLASS000998,C1,class_return,SINCE_INCEPTION,8.66,2011-05-23,3,"[3,44]",coordinate_reconstruction,1.0,오프라인-보수체감 2011.05.23 -2.16 2.13 8.11 8.66
FUND000085,KR5185450009,CLASS001005,A-e,class_return,1Y,-1.03,2014-07-28,3,"[3,44]",coordinate_reconstruction,1.0,2014.07.28 -1.03 3.31 9.35 14.79 0.45
FUND000085,KR5185450009,CLASS001005,A-e,class_return,2Y,3.31,2014-07-28,3,"[3,44]",coordinate_reconstruction,1.0,2014.07.28 -1.03 3.31 9.35 14.79 0.45
FUND000085,KR5185450009,CLASS001005,A-e,class_return,3Y,9.35,2014-07-28,3,"[3,44]",coordinate_reconstruction,1.0,2014.07.28 -1.03 3.31 9.35 14.79 0.45
FUND000085,KR5185450009,CLASS001005,A-e,class_return,5Y,14.79,2014-07-28,3,"[3,44]",coordinate_reconstruction,1.0,2014.07.28 -1.03 3.31 9.35 14.79 0.45
FUND000085,KR5185450009,CLASS001005,A-e,class_return,SINCE_INCEPTION,0.45,2014-07-28,3,"[3,44]",coordinate_reconstruction,1.0,2014.07.28 -1.03 3.31 9.35 14.79 0.45
FUND000085,KR5185450009,CLASS001002,C-e,class_return,1Y,-1.64,2011-05-23,4,"[4,44]",coordinate_reconstruction,1.0,2011.05.23 -1.64 2.68 8.68 14.09 -1.19
FUND000085,KR5185450009,CLASS001002,C-e,class_return,2Y,2.68,2011-05-23,4,"[4,44]",coordinate_reconstruction,1.0,2011.05.23 -1.64 2.68 8.68 14.09 -1.19
FUND000085,KR5185450009,CLASS001002,C-e,class_return,3Y,8.68,2011-05-23,4,"[4,44]",coordinate_reconstruction,1.0,2011.05.23 -1.64 2.68 8.68 14.09 -1.19
FUND000085,KR5185450009,CLASS001002,C-e,class_return,5Y,14.09,2011-05-23,4,"[4,44]",coordinate_reconstruction,1.0,2011.05.23 -1.64 2.68 8.68 14.09 -1.19
FUND000085,KR5185450009,CLASS001002,C-e,class_return,SINCE_INCEPTION,-1.19,2011-05-23,4,"[4,44]",coordinate_reconstruction,1.0,2011.05.23 -1.64 2.68 8.68 14.09 -1.19
FUND000085,KR5185450009,,,benchmark,1Y,9.79,2011-05-23,4,[4],coordinate_reconstruction,1.0,비교지수 2011.05.23 9.79 9.45 9.61 7.82 2.69
FUND000085,KR5185450009,,,benchmark,2Y,9.45,2011-05-23,4,[4],coordinate_reconstruction,1.0,비교지수 2011.05.23 9.79 9.45 9.61 7.82 2.69
FUND000085,KR5185450009,,,benchmark,3Y,9.61,2011-05-23,4,[4],coordinate_reconstruction,1.0,비교지수 2011.05.23 9.79 9.45 9.61 7.82 2.69
FUND000085,KR5185450009,,,benchmark,5Y,7.82,2011-05-23,4,[4],coordinate_reconstruction,1.0,비교지수 2011.05.23 9.79 9.45 9.61 7.82 2.69
FUND000085,KR5185450009,,,benchmark,SINCE_INCEPTION,2.69,2011-05-23,4,[4],coordinate_reconstruction,1.0,비교지수 2011.05.23 9.79 9.45 9.61 7.82 2.69
FUND000085,KR5185450009,,,volatility,1Y,24.12,2011-05-23,4,[4],coordinate_reconstruction,1.0,수익률변동성 2011.05.23 24.12 21.56 20.33 22.11 22.09
FUND000085,KR5185450009,,,volatility,2Y,21.56,2011-05-23,4,[4],coordinate_reconstruction,1.0,수익률변동성 2011.05.23 24.12 21.56 20.33 22.11 22.09
FUND000085,KR5185450009,,,volatility,3Y,20.33,2011-05-23,4,[4],coordinate_reconstruction,1.0,수익률변동성 2011.05.23 24.12 21.56 20.33 22.11 22.09
FUND000085,KR5185450009,,,volatility,5Y,22.11,2011-05-23,4,[4],coordinate_reconstruction,1.0,수익률변동성 2011.05.23 24.12 21.56 20.33 22.11 22.09
FUND000085,KR5185450009,,,volatility,SINCE_INCEPTION,22.09,2011-05-23,4,[4],coordinate_reconstruction,1.0,수익률변동성 2011.05.23 24.12 21.56 20.33 22.11 22.09
FUND000085,KR5185450009,CLASS000999,C2,class_return,1Y,-2.02,2012-05-23,44,[44],detail_return_table_cross_validated,1.0,수수료미징구- 오프라인-보수체감 2012.05.23 (C2) 수수료미징구- 오프라인-보수체감 (C2) -2.02 2.29 8.28 1.04
FUND000085,KR5185450009,CLASS000999,C2,class_return,2Y,2.29,2012-05-23,44,[44],detail_return_table_cross_validated,1.0,수수료미징구- 오프라인-보수체감 2012.05.23 (C2) 수수료미징구- 오프라인-보수체감 (C2) -2.02 2.29 8.28 1.04
FUND000085,KR5185450009,CLASS000999,C2,class_return,3Y,8.28,2012-05-23,44,[44],detail_return_table_cross_validated,1.0,수수료미징구- 오프라인-보수체감 2012.05.23 (C2) 수수료미징구- 오프라인-보수체감 (C2) -2.02 2.29 8.28 1.04
FUND000085,KR5185450009,CLASS000999,C2,class_return,SINCE_INCEPTION,1.04,2012-05-23,44,[44],detail_return_table_cross_validated,1.0,수수료미징구- 오프라인-보수체감 2012.05.23 (C2) 수수료미징구- 오프라인-보수체감 (C2) -2.02 2.29 8.28 1.04
FUND000085,KR5185450009,CLASS001000,C3,class_return,1Y,-1.66,2013-05-23,44,[44],detail_return_table_cross_validated,1.0,수수료미징구- 오프라인-보수체감 2013.05.23 (C3) 수수료미징구- 오프라인-보수체감 (C3) -1.66 2.66 7.12
FUND000085,KR5185450009,CLASS001000,C3,class_return,2Y,2.66,2013-05-23,44,[44],detail_return_table_cross_validated,1.0,수수료미징구- 오프라인-보수체감 2013.05.23 (C3) 수수료미징구- 오프라인-보수체감 (C3) -1.66 2.66 7.12
FUND000085,KR5185450009,CLASS001000,C3,class_return,SINCE_INCEPTION,7.12,2013-05-23,44,[44],detail_return_table_cross_validated,1.0,수수료미징구- 오프라인-보수체감 2013.05.23 (C3) 수수료미징구- 오프라인-보수체감 (C3) -1.66 2.66 7.12
FUND000085,KR5185450009,CLASS001001,C4,class_return,1Y,-1.56,2014-05-26,44,[44],detail_return_table_cross_validated,1.0,수수료미징구- 오프라인-보수체감 2014.05.26 (C4) 수수료미징구- 오프라인-보수체감 (C4) -1.56 2.76 8.77 14.19 -0.08
FUND000085,KR5185450009,CLASS001001,C4,class_return,2Y,2.76,2014-05-26,44,[44],detail_return_table_cross_validated,1.0,수수료미징구- 오프라인-보수체감 2014.05.26 (C4) 수수료미징구- 오프라인-보수체감 (C4) -1.56 2.76 8.77 14.19 -0.08
FUND000085,KR5185450009,CLASS001001,C4,class_return,3Y,8.77,2014-05-26,44,[44],detail_return_table_cross_validated,1.0,수수료미징구- 오프라인-보수체감 2014.05.26 (C4) 수수료미징구- 오프라인-보수체감 (C4) -1.56 2.76 8.77 14.19 -0.08
FUND000085,KR5185450009,CLASS001001,C4,class_return,5Y,14.19,2014-05-26,44,[44],detail_return_table_cross_validated,1.0,수수료미징구- 오프라인-보수체감 2014.05.26 (C4) 수수료미징구- 오프라인-보수체감 (C4) -1.56 2.76 8.77 14.19 -0.08
FUND000085,KR5185450009,CLASS001001,C4,class_return,SINCE_INCEPTION,-0.08,2014-05-26,44,[44],detail_return_table_cross_validated,1.0,수수료미징구- 오프라인-보수체감 2014.05.26 (C4) 수수료미징구- 오프라인-보수체감 (C4) -1.56 2.76 8.77 14.19 -0.08
FUND000085,KR5185450009,CLASS001006,S,class_return,1Y,-1.03,2014-04-22,44,[44],detail_return_table_cross_validated,1.0,수수료후취-온라인 슈퍼(S) 2014.04.22 수수료후취-온라인 슈퍼(S) -1.03 3.31 9.35 14.79 1.04
FUND000085,KR5185450009,CLASS001006,S,class_return,2Y,3.31,2014-04-22,44,[44],detail_return_table_cross_validated,1.0,수수료후취-온라인 슈퍼(S) 2014.04.22 수수료후취-온라인 슈퍼(S) -1.03 3.31 9.35 14.79 1.04
FUND000085,KR5185450009,CLASS001006,S,class_return,3Y,9.35,2014-04-22,44,[44],detail_return_table_cross_validated,1.0,수수료후취-온라인 슈퍼(S) 2014.04.22 수수료후취-온라인 슈퍼(S) -1.03 3.31 9.35 14.79 1.04
FUND000085,KR5185450009,CLASS001006,S,class_return,5Y,14.79,2014-04-22,44,[44],detail_return_table_cross_validated,1.0,수수료후취-온라인 슈퍼(S) 2014.04.22 수수료후취-온라인 슈퍼(S) -1.03 3.31 9.35 14.79 1.04
FUND000085,KR5185450009,CLASS001006,S,class_return,SINCE_INCEPTION,1.04,2014-04-22,44,[44],detail_return_table_cross_validated,1.0,수수료후취-온라인 슈퍼(S) 2014.04.22 수수료후취-온라인 슈퍼(S) -1.03 3.31 9.35 14.79 1.04
FUND000085,KR5185450009,CLASS001007,C-P,class_return,1Y,-1.57,2015-07-23,44,[44],detail_return_table_cross_validated,1.0,수수료미징구-오프 라인-개인연금(C-P) 2015.07.23 수수료미징구-오프 라인-개인연금(C-P) -1.57 2.75 8.76 14.18 1.25
FUND000085,KR5185450009,CLASS001007,C-P,class_return,2Y,2.75,2015-07-23,44,[44],detail_return_table_cross_validated,1.0,수수료미징구-오프 라인-개인연금(C-P) 2015.07.23 수수료미징구-오프 라인-개인연금(C-P) -1.57 2.75 8.76 14.18 1.25
FUND000085,KR5185450009,CLASS001007,C-P,class_return,3Y,8.76,2015-07-23,44,[44],detail_return_table_cross_validated,1.0,수수료미징구-오프 라인-개인연금(C-P) 2015.07.23 수수료미징구-오프 라인-개인연금(C-P) -1.57 2.75 8.76 14.18 1.25
FUND000085,KR5185450009,CLASS001007,C-P,class_return,5Y,14.18,2015-07-23,44,[44],detail_return_table_cross_validated,1.0,수수료미징구-오프 라인-개인연금(C-P) 2015.07.23 수수료미징구-오프 라인-개인연금(C-P) -1.57 2.75 8.76 14.18 1.25
FUND000085,KR5185450009,CLASS001007,C-P,class_return,SINCE_INCEPTION,1.25,2015-07-23,44,[44],detail_return_table_cross_validated,1.0,수수료미징구-오프 라인-개인연금(C-P) 2015.07.23 수수료미징구-오프 라인-개인연금(C-P) -1.57 2.75 8.76 14.18 1.25
FUND000085,KR5185450009,CLASS001009,C-Pe,class_return,1Y,-1.13,2018-01-29,44,[44],detail_return_table_cross_validated,1.0,수수료미징구-온라 인-개인연금(C-Pe) 2018.01.29 수수료미징구-온라 인-개인연금(C-Pe) -1.13 3.21 9.24 14.68 5.36
FUND000085,KR5185450009,CLASS001009,C-Pe,class_return,2Y,3.21,2018-01-29,44,[44],detail_return_table_cross_validated,1.0,수수료미징구-온라 인-개인연금(C-Pe) 2018.01.29 수수료미징구-온라 인-개인연금(C-Pe) -1.13 3.21 9.24 14.68 5.36
FUND000085,KR5185450009,CLASS001009,C-Pe,class_return,3Y,9.24,2018-01-29,44,[44],detail_return_table_cross_validated,1.0,수수료미징구-온라 인-개인연금(C-Pe) 2018.01.29 수수료미징구-온라 인-개인연금(C-Pe) -1.13 3.21 9.24 14.68 5.36
FUND000085,KR5185450009,CLASS001009,C-Pe,class_return,5Y,14.68,2018-01-29,44,[44],detail_return_table_cross_validated,1.0,수수료미징구-온라 인-개인연금(C-Pe) 2018.01.29 수수료미징구-온라 인-개인연금(C-Pe) -1.13 3.21 9.24 14.68 5.36
FUND000085,KR5185450009,CLASS001009,C-Pe,class_return,SINCE_INCEPTION,5.36,2018-01-29,44,[44],detail_return_table_cross_validated,1.0,수수료미징구-온라 인-개인연금(C-Pe) 2018.01.29 수수료미징구-온라 인-개인연금(C-Pe) -1.13 3.21 9.24 14.68 5.36
FUND000085,KR5185450009,CLASS001010,C-P2(퇴직연금),class_return,1Y,-1.49,2020-12-09,44,[44],detail_return_table_cross_validated,1.0,수수료미징구-오프 라인-퇴직연금 2020.12.09 (C-P2(퇴직연금) 수수료미징구-오프 라인-퇴직연금 (C-P2(퇴직연금) -1.49 2.83 8.85 6.01
FUND000085,KR5185450009,CLASS001010,C-P2(퇴직연금),class_return,2Y,2.83,2020-12-09,44,[44],detail_return_table_cross_validated,1.0,수수료미징구-오프 라인-퇴직연금 2020.12.09 (C-P2(퇴직연금) 수수료미징구-오프 라인-퇴직연금 (C-P2(퇴직연금) -1.49 2.83 8.85 6.01
FUND000085,KR5185450009,CLASS001010,C-P2(퇴직연금),class_return,3Y,8.85,2020-12-09,44,[44],detail_return_table_cross_validated,1.0,수수료미징구-오프 라인-퇴직연금 2020.12.09 (C-P2(퇴직연금) 수수료미징구-오프 라인-퇴직연금 (C-P2(퇴직연금) -1.49 2.83 8.85 6.01
FUND000085,KR5185450009,CLASS001010,C-P2(퇴직연금),class_return,SINCE_INCEPTION,6.01,2020-12-09,44,[44],detail_return_table_cross_validated,1.0,수수료미징구-오프 라인-퇴직연금 2020.12.09 (C-P2(퇴직연금) 수수료미징구-오프 라인-퇴직연금 (C-P2(퇴직연금) -1.49 2.83 8.85 6.01
FUND000085,KR5185450009,CLASS001011,C-P2e(퇴직연금),class_return,1Y,-1.09,2021-02-09,44,[44],detail_return_table_cross_validated,1.0,수수료미징구-온라 인-퇴직연금 2021.02.09 (C-P2e(퇴직연금) 수수료미징구-온라 인-퇴직연금 (C-P2e(퇴직연금) -1.09 3.25 9.29 1.34
FUND000085,KR5185450009,CLASS001011,C-P2e(퇴직연금),class_return,2Y,3.25,2021-02-09,44,[44],detail_return_table_cross_validated,1.0,수수료미징구-온라 인-퇴직연금 2021.02.09 (C-P2e(퇴직연금) 수수료미징구-온라 인-퇴직연금 (C-P2e(퇴직연금) -1.09 3.25 9.29 1.34
FUND000085,KR5185450009,CLASS001011,C-P2e(퇴직연금),class_return,3Y,9.29,2021-02-09,44,[44],detail_return_table_cross_validated,1.0,수수료미징구-온라 인-퇴직연금 2021.02.09 (C-P2e(퇴직연금) 수수료미징구-온라 인-퇴직연금 (C-P2e(퇴직연금) -1.09 3.25 9.29 1.34
FUND000085,KR5185450009,CLASS001011,C-P2e(퇴직연금),class_return,SINCE_INCEPTION,1.34,2021-02-09,44,[44],detail_return_table_cross_validated,1.0,수수료미징구-온라 인-퇴직연금 2021.02.09 (C-P2e(퇴직연금) 수수료미징구-온라 인-퇴직연금 (C-P2e(퇴직연금) -1.09 3.25 9.29 1.34
FUND000015,KR5194450018,,,fund,1Y,2.08,,5,[5],coordinate_reconstruction,1.0,운용 2.08 3.46 -4.85 7.78 4.99
FUND000015,KR5194450018,,,fund,2Y,3.46,,5,[5],coordinate_reconstruction,1.0,운용 2.08 3.46 -4.85 7.78 4.99
FUND000015,KR5194450018,,,fund,3Y,-4.85,,5,[5],coordinate_reconstruction,1.0,운용 2.08 3.46 -4.85 7.78 4.99
FUND000015,KR5194450018,,,fund,5Y,7.78,,5,[5],coordinate_reconstruction,1.0,운용 2.08 3.46 -4.85 7.78 4.99
FUND000015,KR5194450018,,,fund,SINCE_INCEPTION,4.99,,5,[5],coordinate_reconstruction,1.0,운용 2.08 3.46 -4.85 7.78 4.99
FUND000015,KR5194450018,,,benchmark,1Y,1.19,,5,[5],coordinate_reconstruction,1.0,비교지수 1.19 2.62 -4.71 2.37 2.82
FUND000015,KR5194450018,,,benchmark,2Y,2.62,,5,[5],coordinate_reconstruction,1.0,비교지수 1.19 2.62 -4.71 2.37 2.82
FUND000015,KR5194450018,,,benchmark,3Y,-4.71,,5,[5],coordinate_reconstruction,1.0,비교지수 1.19 2.62 -4.71 2.37 2.82
FUND000015,KR5194450018,,,benchmark,5Y,2.37,,5,[5],coordinate_reconstruction,1.0,비교지수 1.19 2.62 -4.71 2.37 2.82
FUND000015,KR5194450018,,,benchmark,SINCE_INCEPTION,2.82,,5,[5],coordinate_reconstruction,1.0,비교지수 1.19 2.62 -4.71 2.37 2.82
FUND000015,KR5194450018,,,volatility,1Y,17.53,,5,[5],coordinate_reconstruction,1.0,수익률변동성 17.53 16.30 17.35 20.46 17.57
FUND000015,KR5194450018,,,volatility,2Y,16.30,,5,[5],coordinate_reconstruction,1.0,수익률변동성 17.53 16.30 17.35 20.46 17.57
FUND000015,KR5194450018,,,volatility,3Y,17.35,,5,[5],coordinate_reconstruction,1.0,수익률변동성 17.53 16.30 17.35 20.46 17.57
FUND000015,KR5194450018,,,volatility,5Y,20.46,,5,[5],coordinate_reconstruction,1.0,수익률변동성 17.53 16.30 17.35 20.46 17.57
FUND000015,KR5194450018,,,volatility,SINCE_INCEPTION,17.57,,5,[5],coordinate_reconstruction,1.0,수익률변동성 17.53 16.30 17.35 20.46 17.57
FUND000015,KR5194450018,CLASS000205,A,class_return,1Y,0.61,,5,"[5,48]",coordinate_reconstruction,1.0,수수료선취-오프라인 (A) 0.61 1.96 -6.26 6.21 3.46
FUND000015,KR5194450018,CLASS000205,A,class_return,2Y,1.96,,5,"[5,48]",coordinate_reconstruction,1.0,수수료선취-오프라인 (A) 0.61 1.96 -6.26 6.21 3.46
FUND000015,KR5194450018,CLASS000205,A,class_return,3Y,-6.26,,5,"[5,48]",coordinate_reconstruction,1.0,수수료선취-오프라인 (A) 0.61 1.96 -6.26 6.21 3.46
FUND000015,KR5194450018,CLASS000205,A,class_return,5Y,6.21,,5,"[5,48]",coordinate_reconstruction,1.0,수수료선취-오프라인 (A) 0.61 1.96 -6.26 6.21 3.46
FUND000015,KR5194450018,CLASS000205,A,class_return,SINCE_INCEPTION,3.46,,5,"[5,48]",coordinate_reconstruction,1.0,수수료선취-오프라인 (A) 0.61 1.96 -6.26 6.21 3.46
FUND000015,KR5194450018,CLASS000206,A-e,class_return,1Y,0.96,,5,"[5,48]",coordinate_reconstruction,1.0,수수료선취-온라인 (A-e) 0.96 2.32 -5.92 6.59 3.56
FUND000015,KR5194450018,CLASS000206,A-e,class_return,2Y,2.32,,5,"[5,48]",coordinate_reconstruction,1.0,수수료선취-온라인 (A-e) 0.96 2.32 -5.92 6.59 3.56
FUND000015,KR5194450018,CLASS000206,A-e,class_return,3Y,-5.92,,5,"[5,48]",coordinate_reconstruction,1.0,수수료선취-온라인 (A-e) 0.96 2.32 -5.92 6.59 3.56
FUND000015,KR5194450018,CLASS000206,A-e,class_return,5Y,6.59,,5,"[5,48]",coordinate_reconstruction,1.0,수수료선취-온라인 (A-e) 0.96 2.32 -5.92 6.59 3.56
FUND000015,KR5194450018,CLASS000206,A-e,class_return,SINCE_INCEPTION,3.56,,5,"[5,48]",coordinate_reconstruction,1.0,수수료선취-온라인 (A-e) 0.96 2.32 -5.92 6.59 3.56
FUND000015,KR5194450018,,,benchmark,1Y,1.19,,5,[5],coordinate_reconstruction,1.0,비교지수 1.19 2.62 -4.71 2.37 2.62
FUND000015,KR5194450018,,,benchmark,2Y,2.62,,5,[5],coordinate_reconstruction,1.0,비교지수 1.19 2.62 -4.71 2.37 2.62
FUND000015,KR5194450018,,,benchmark,3Y,-4.71,,5,[5],coordinate_reconstruction,1.0,비교지수 1.19 2.62 -4.71 2.37 2.62
FUND000015,KR5194450018,,,benchmark,5Y,2.37,,5,[5],coordinate_reconstruction,1.0,비교지수 1.19 2.62 -4.71 2.37 2.62
FUND000015,KR5194450018,,,benchmark,SINCE_INCEPTION,2.62,,5,[5],coordinate_reconstruction,1.0,비교지수 1.19 2.62 -4.71 2.37 2.62
FUND000015,KR5194450018,,,volatility,1Y,17.53,,5,[5],coordinate_reconstruction,1.0,수익률변동성 17.53 16.30 17.35 20.46 17.59
FUND000015,KR5194450018,,,volatility,2Y,16.30,,5,[5],coordinate_reconstruction,1.0,수익률변동성 17.53 16.30 17.35 20.46 17.59
FUND000015,KR5194450018,,,volatility,3Y,17.35,,5,[5],coordinate_reconstruction,1.0,수익률변동성 17.53 16.30 17.35 20.46 17.59
FUND000015,KR5194450018,,,volatility,5Y,20.46,,5,[5],coordinate_reconstruction,1.0,수익률변동성 17.53 16.30 17.35 20.46 17.59
FUND000015,KR5194450018,,,volatility,SINCE_INCEPTION,17.59,,5,[5],coordinate_reconstruction,1.0,수익률변동성 17.53 16.30 17.35 20.46 17.59
FUND000015,KR5194450018,CLASS000208,C2,class_return,1Y,8.16,,5,"[5,48]",coordinate_reconstruction,1.0,수수료미징구-오프라인-보수체감 (C2) 8.16 3.44 2.28 1.36 0.97
FUND000015,KR5194450018,CLASS000208,C2,class_return,2Y,3.44,,5,"[5,48]",coordinate_reconstruction,1.0,수수료미징구-오프라인-보수체감 (C2) 8.16 3.44 2.28 1.36 0.97
FUND000015,KR5194450018,CLASS000208,C2,class_return,3Y,2.28,,5,"[5,48]",coordinate_reconstruction,1.0,수수료미징구-오프라인-보수체감 (C2) 8.16 3.44 2.28 1.36 0.97
FUND000015,KR5194450018,CLASS000208,C2,class_return,5Y,1.36,,5,"[5,48]",coordinate_reconstruction,1.0,수수료미징구-오프라인-보수체감 (C2) 8.16 3.44 2.28 1.36 0.97
FUND000015,KR5194450018,CLASS000208,C2,class_return,SINCE_INCEPTION,0.97,,5,"[5,48]",coordinate_reconstruction,1.0,수수료미징구-오프라인-보수체감 (C2) 8.16 3.44 2.28 1.36 0.97
FUND000015,KR5194450018,,,benchmark,1Y,-3.75,,5,[5],coordinate_reconstruction,1.0,비교지수 -3.75 -0.82 -0.55 -0.33 -0.24
FUND000015,KR5194450018,,,benchmark,2Y,-0.82,,5,[5],coordinate_reconstruction,1.0,비교지수 -3.75 -0.82 -0.55 -0.33 -0.24
FUND000015,KR5194450018,,,benchmark,3Y,-0.55,,5,[5],coordinate_reconstruction,1.0,비교지수 -3.75 -0.82 -0.55 -0.33 -0.24
FUND000015,KR5194450018,,,benchmark,5Y,-0.33,,5,[5],coordinate_reconstruction,1.0,비교지수 -3.75 -0.82 -0.55 -0.33 -0.24
FUND000015,KR5194450018,,,benchmark,SINCE_INCEPTION,-0.24,,5,[5],coordinate_reconstruction,1.0,비교지수 -3.75 -0.82 -0.55 -0.33 -0.24
FUND000015,KR5194450018,CLASS000209,C3,class_return,1Y,1.57,,5,"[5,48]",coordinate_reconstruction,1.0,수수료미징구-오프라인-보수체감 (C3) 1.57 0.79 0.52 0.08 0.26
FUND000015,KR5194450018,CLASS000209,C3,class_return,2Y,0.79,,5,"[5,48]",coordinate_reconstruction,1.0,수수료미징구-오프라인-보수체감 (C3) 1.57 0.79 0.52 0.08 0.26
FUND000015,KR5194450018,CLASS000209,C3,class_return,3Y,0.52,,5,"[5,48]",coordinate_reconstruction,1.0,수수료미징구-오프라인-보수체감 (C3) 1.57 0.79 0.52 0.08 0.26
FUND000015,KR5194450018,CLASS000209,C3,class_return,5Y,0.08,,5,"[5,48]",coordinate_reconstruction,1.0,수수료미징구-오프라인-보수체감 (C3) 1.57 0.79 0.52 0.08 0.26
FUND000015,KR5194450018,CLASS000209,C3,class_return,SINCE_INCEPTION,0.26,,5,"[5,48]",coordinate_reconstruction,1.0,수수료미징구-오프라인-보수체감 (C3) 1.57 0.79 0.52 0.08 0.26
FUND000015,KR5194450018,,,benchmark,1Y,-7.96,,5,[5],coordinate_reconstruction,1.0,비교지수 -7.96 -4.07 -2.73 -2.81 -1.38
FUND000015,KR5194450018,,,benchmark,2Y,-4.07,,5,[5],coordinate_reconstruction,1.0,비교지수 -7.96 -4.07 -2.73 -2.81 -1.38
FUND000015,KR5194450018,,,benchmark,3Y,-2.73,,5,[5],coordinate_reconstruction,1.0,비교지수 -7.96 -4.07 -2.73 -2.81 -1.38
FUND000015,KR5194450018,,,benchmark,5Y,-2.81,,5,[5],coordinate_reconstruction,1.0,비교지수 -7.96 -4.07 -2.73 -2.81 -1.38
FUND000015,KR5194450018,,,benchmark,SINCE_INCEPTION,-1.38,,5,[5],coordinate_reconstruction,1.0,비교지수 -7.96 -4.07 -2.73 -2.81 -1.38
FUND000015,KR5194450018,,,volatility,1Y,17.53,,5,[5],coordinate_reconstruction,1.0,수익률변동성 17.53 16.30 17.35 20.46 19.35
FUND000015,KR5194450018,,,volatility,2Y,16.30,,5,[5],coordinate_reconstruction,1.0,수익률변동성 17.53 16.30 17.35 20.46 19.35
FUND000015,KR5194450018,,,volatility,3Y,17.35,,5,[5],coordinate_reconstruction,1.0,수익률변동성 17.53 16.30 17.35 20.46 19.35
FUND000015,KR5194450018,,,volatility,5Y,20.46,,5,[5],coordinate_reconstruction,1.0,수익률변동성 17.53 16.30 17.35 20.46 19.35
FUND000015,KR5194450018,,,volatility,SINCE_INCEPTION,19.35,,5,[5],coordinate_reconstruction,1.0,수익률변동성 17.53 16.30 17.35 20.46 19.35
FUND000015,KR5194450018,CLASS000210,C4,class_return,1Y,0.65,,5,"[5,48]",coordinate_reconstruction,1.0,수수료미징구-오프라인-보수체감 (C4) 0.65 2.00 -6.23 6.24 1.25
FUND000015,KR5194450018,CLASS000210,C4,class_return,2Y,2.00,,5,"[5,48]",coordinate_reconstruction,1.0,수수료미징구-오프라인-보수체감 (C4) 0.65 2.00 -6.23 6.24 1.25
FUND000015,KR5194450018,CLASS000210,C4,class_return,3Y,-6.23,,5,"[5,48]",coordinate_reconstruction,1.0,수수료미징구-오프라인-보수체감 (C4) 0.65 2.00 -6.23 6.24 1.25
FUND000015,KR5194450018,CLASS000210,C4,class_return,5Y,6.24,,5,"[5,48]",coordinate_reconstruction,1.0,수수료미징구-오프라인-보수체감 (C4) 0.65 2.00 -6.23 6.24 1.25
FUND000015,KR5194450018,CLASS000210,C4,class_return,SINCE_INCEPTION,1.25,,5,"[5,48]",coordinate_reconstruction,1.0,수수료미징구-오프라인-보수체감 (C4) 0.65 2.00 -6.23 6.24 1.25
FUND000015,KR5194450018,,,benchmark,1Y,1.19,,5,[5],coordinate_reconstruction,1.0,비교지수 1.19 2.62 -4.71 2.37 0.04
FUND000015,KR5194450018,,,benchmark,2Y,2.62,,5,[5],coordinate_reconstruction,1.0,비교지수 1.19 2.62 -4.71 2.37 0.04
FUND000015,KR5194450018,,,benchmark,3Y,-4.71,,5,[5],coordinate_reconstruction,1.0,비교지수 1.19 2.62 -4.71 2.37 0.04
FUND000015,KR5194450018,,,benchmark,5Y,2.37,,5,[5],coordinate_reconstruction,1.0,비교지수 1.19 2.62 -4.71 2.37 0.04
FUND000015,KR5194450018,,,benchmark,SINCE_INCEPTION,0.04,,5,[5],coordinate_reconstruction,1.0,비교지수 1.19 2.62 -4.71 2.37 0.04
FUND000015,KR5194450018,,,volatility,1Y,17.53,,6,[6],coordinate_reconstruction,1.0,수익률변동성 17.53 16.30 17.35 20.46 19.10
FUND000015,KR5194450018,,,volatility,2Y,16.30,,6,[6],coordinate_reconstruction,1.0,수익률변동성 17.53 16.30 17.35 20.46 19.10
FUND000015,KR5194450018,,,volatility,3Y,17.35,,6,[6],coordinate_reconstruction,1.0,수익률변동성 17.53 16.30 17.35 20.46 19.10
FUND000015,KR5194450018,,,volatility,5Y,20.46,,6,[6],coordinate_reconstruction,1.0,수익률변동성 17.53 16.30 17.35 20.46 19.10
FUND000015,KR5194450018,,,volatility,SINCE_INCEPTION,19.10,,6,[6],coordinate_reconstruction,1.0,수익률변동성 17.53 16.30 17.35 20.46 19.10
FUND000015,KR5194450018,CLASS000211,C-e,class_return,1Y,0.83,,6,"[6,48]",coordinate_reconstruction,1.0,수수료미징구-온라인 (C-e) 0.83 2.19 -6.05 6.45 3.34
FUND000015,KR5194450018,CLASS000211,C-e,class_return,2Y,2.19,,6,"[6,48]",coordinate_reconstruction,1.0,수수료미징구-온라인 (C-e) 0.83 2.19 -6.05 6.45 3.34
FUND000015,KR5194450018,CLASS000211,C-e,class_return,3Y,-6.05,,6,"[6,48]",coordinate_reconstruction,1.0,수수료미징구-온라인 (C-e) 0.83 2.19 -6.05 6.45 3.34
FUND000015,KR5194450018,CLASS000211,C-e,class_return,5Y,6.45,,6,"[6,48]",coordinate_reconstruction,1.0,수수료미징구-온라인 (C-e) 0.83 2.19 -6.05 6.45 3.34
FUND000015,KR5194450018,CLASS000211,C-e,class_return,SINCE_INCEPTION,3.34,,6,"[6,48]",coordinate_reconstruction,1.0,수수료미징구-온라인 (C-e) 0.83 2.19 -6.05 6.45 3.34
FUND000015,KR5194450018,,,benchmark,1Y,1.19,,6,[6],coordinate_reconstruction,1.0,비교지수 1.19 2.62 -4.71 2.37 2.57
FUND000015,KR5194450018,,,benchmark,2Y,2.62,,6,[6],coordinate_reconstruction,1.0,비교지수 1.19 2.62 -4.71 2.37 2.57
FUND000015,KR5194450018,,,benchmark,3Y,-4.71,,6,[6],coordinate_reconstruction,1.0,비교지수 1.19 2.62 -4.71 2.37 2.57
FUND000015,KR5194450018,,,benchmark,5Y,2.37,,6,[6],coordinate_reconstruction,1.0,비교지수 1.19 2.62 -4.71 2.37 2.57
FUND000015,KR5194450018,,,benchmark,SINCE_INCEPTION,2.57,,6,[6],coordinate_reconstruction,1.0,비교지수 1.19 2.62 -4.71 2.37 2.57
FUND000015,KR5194450018,,,volatility,1Y,17.53,,6,[6],coordinate_reconstruction,1.0,수익률변동성 17.53 16.30 17.35 20.46 17.61
FUND000015,KR5194450018,,,volatility,2Y,16.30,,6,[6],coordinate_reconstruction,1.0,수익률변동성 17.53 16.30 17.35 20.46 17.61
FUND000015,KR5194450018,,,volatility,3Y,17.35,,6,[6],coordinate_reconstruction,1.0,수익률변동성 17.53 16.30 17.35 20.46 17.61
FUND000015,KR5194450018,,,volatility,5Y,20.46,,6,[6],coordinate_reconstruction,1.0,수익률변동성 17.53 16.30 17.35 20.46 17.61
FUND000015,KR5194450018,,,volatility,SINCE_INCEPTION,17.61,,6,[6],coordinate_reconstruction,1.0,수익률변동성 17.53 16.30 17.35 20.46 17.61
FUND000015,KR5194450018,CLASS000214,S,class_return,1Y,0.98,,6,"[6,49]",coordinate_reconstruction,1.0,수수료후취-온라인슈퍼 (S) 0.98 2.34 -5.91 6.60 3.49
FUND000015,KR5194450018,CLASS000214,S,class_return,2Y,2.34,,6,"[6,49]",coordinate_reconstruction,1.0,수수료후취-온라인슈퍼 (S) 0.98 2.34 -5.91 6.60 3.49
FUND000015,KR5194450018,CLASS000214,S,class_return,3Y,-5.91,,6,"[6,49]",coordinate_reconstruction,1.0,수수료후취-온라인슈퍼 (S) 0.98 2.34 -5.91 6.60 3.49
FUND000015,KR5194450018,CLASS000214,S,class_return,5Y,6.60,,6,"[6,49]",coordinate_reconstruction,1.0,수수료후취-온라인슈퍼 (S) 0.98 2.34 -5.91 6.60 3.49
FUND000015,KR5194450018,CLASS000214,S,class_return,SINCE_INCEPTION,3.49,,6,"[6,49]",coordinate_reconstruction,1.0,수수료후취-온라인슈퍼 (S) 0.98 2.34 -5.91 6.60 3.49
FUND000015,KR5194450018,CLASS000216,RP-e,class_return,1Y,0.98,,6,"[6,49]",coordinate_reconstruction,1.0,수수료미징구-온라인-퇴직연금(RP-e) 0.98 2.34 1.40
FUND000015,KR5194450018,CLASS000216,RP-e,class_return,2Y,2.34,,6,"[6,49]",coordinate_reconstruction,1.0,수수료미징구-온라인-퇴직연금(RP-e) 0.98 2.34 1.40
FUND000015,KR5194450018,CLASS000216,RP-e,class_return,SINCE_INCEPTION,1.40,,6,"[6,49]",coordinate_reconstruction,1.0,수수료미징구-온라인-퇴직연금(RP-e) 0.98 2.34 1.40
FUND000015,KR5194450018,,,benchmark,1Y,1.19,,6,[6],coordinate_reconstruction,1.0,비교지수 1.19 2.62 2.60
FUND000015,KR5194450018,,,benchmark,2Y,2.62,,6,[6],coordinate_reconstruction,1.0,비교지수 1.19 2.62 2.60
FUND000015,KR5194450018,,,benchmark,SINCE_INCEPTION,2.60,,6,[6],coordinate_reconstruction,1.0,비교지수 1.19 2.62 2.60
FUND000015,KR5194450018,,,volatility,1Y,17.53,,6,[6],coordinate_reconstruction,1.0,수익률변동성 17.53 16.30 17.48
FUND000015,KR5194450018,,,volatility,2Y,16.30,,6,[6],coordinate_reconstruction,1.0,수익률변동성 17.53 16.30 17.48
FUND000015,KR5194450018,,,volatility,SINCE_INCEPTION,17.48,,6,[6],coordinate_reconstruction,1.0,수익률변동성 17.53 16.30 17.48
FUND000015,KR5194450018,CLASS000217,S-P,class_return,1Y,1.16,,6,"[6,49]",coordinate_reconstruction,1.0,수수료미징구-오프라인-퇴직연금(S-P) 1.16 2.52 3.17
FUND000015,KR5194450018,CLASS000217,S-P,class_return,2Y,2.52,,6,"[6,49]",coordinate_reconstruction,1.0,수수료미징구-오프라인-퇴직연금(S-P) 1.16 2.52 3.17
FUND000015,KR5194450018,CLASS000217,S-P,class_return,SINCE_INCEPTION,3.17,,6,"[6,49]",coordinate_reconstruction,1.0,수수료미징구-오프라인-퇴직연금(S-P) 1.16 2.52 3.17
FUND000015,KR5194450018,,,benchmark,1Y,1.19,,6,[6],coordinate_reconstruction,1.0,비교지수 1.19 2.62 3.29
FUND000015,KR5194450018,,,benchmark,2Y,2.62,,6,[6],coordinate_reconstruction,1.0,비교지수 1.19 2.62 3.29
FUND000015,KR5194450018,,,benchmark,SINCE_INCEPTION,3.29,,6,[6],coordinate_reconstruction,1.0,비교지수 1.19 2.62 3.29
FUND000015,KR5194450018,,,volatility,1Y,17.53,,6,[6],coordinate_reconstruction,1.0,수익률변동성 17.53 16.30 17.36
FUND000015,KR5194450018,,,volatility,2Y,16.30,,6,[6],coordinate_reconstruction,1.0,수익률변동성 17.53 16.30 17.36
FUND000015,KR5194450018,,,volatility,SINCE_INCEPTION,17.36,,6,[6],coordinate_reconstruction,1.0,수익률변동성 17.53 16.30 17.36
FUND000015,KR5194450018,CLASS000219,CP-e,class_return,1Y,0.97,,6,"[6,49]",coordinate_reconstruction,1.0,수수료미징구-오프라인-퇴직연금(CP-e) 0.97 2.34 2.51
FUND000015,KR5194450018,CLASS000219,CP-e,class_return,2Y,2.34,,6,"[6,49]",coordinate_reconstruction,1.0,수수료미징구-오프라인-퇴직연금(CP-e) 0.97 2.34 2.51
FUND000015,KR5194450018,CLASS000219,CP-e,class_return,SINCE_INCEPTION,2.51,,6,"[6,49]",coordinate_reconstruction,1.0,수수료미징구-오프라인-퇴직연금(CP-e) 0.97 2.34 2.51
FUND000015,KR5194450018,,,benchmark,1Y,1.19,,6,[6],coordinate_reconstruction,1.0,비교지수 1.19 2.62 3.49
FUND000015,KR5194450018,,,benchmark,2Y,2.62,,6,[6],coordinate_reconstruction,1.0,비교지수 1.19 2.62 3.49
FUND000015,KR5194450018,,,benchmark,SINCE_INCEPTION,3.49,,6,[6],coordinate_reconstruction,1.0,비교지수 1.19 2.62 3.49
FUND000015,KR5194450018,,,volatility,1Y,17.53,,6,[6],coordinate_reconstruction,1.0,수익률변동성 17.53 16.30 17.43
FUND000015,KR5194450018,,,volatility,2Y,16.30,,6,[6],coordinate_reconstruction,1.0,수익률변동성 17.53 16.30 17.43
FUND000015,KR5194450018,,,volatility,SINCE_INCEPTION,17.43,,6,[6],coordinate_reconstruction,1.0,수익률변동성 17.53 16.30 17.43
FUND000009,KR555202013M,CLASS000124,A,class_return,1Y,13.06,2002-04-02,4,[4],cell_grid,1.0,투자실적 수수료선취- 2002-04-02 추이 오프라인형(A) 2002-04-02 13.06 14.14 12.09 11.82 9.94
FUND000009,KR555202013M,CLASS000124,A,class_return,2Y,14.14,2002-04-02,4,[4],cell_grid,1.0,투자실적 수수료선취- 2002-04-02 추이 오프라인형(A) 2002-04-02 13.06 14.14 12.09 11.82 9.94
FUND000009,KR555202013M,CLASS000124,A,class_return,3Y,12.09,2002-04-02,4,[4],cell_grid,1.0,투자실적 수수료선취- 2002-04-02 추이 오프라인형(A) 2002-04-02 13.06 14.14 12.09 11.82 9.94
FUND000009,KR555202013M,CLASS000124,A,class_return,5Y,11.82,2002-04-02,4,[4],cell_grid,1.0,투자실적 수수료선취- 2002-04-02 추이 오프라인형(A) 2002-04-02 13.06 14.14 12.09 11.82 9.94
FUND000009,KR555202013M,CLASS000124,A,class_return,SINCE_INCEPTION,9.94,2002-04-02,4,[4],cell_grid,1.0,투자실적 수수료선취- 2002-04-02 추이 오프라인형(A) 2002-04-02 13.06 14.14 12.09 11.82 9.94
FUND000009,KR555202013M,,,benchmark,1Y,19.67,2002-04-02,4,[4],cell_grid,1.0,비교지수 비교지수 2002-04-02 19.67 11.71 9.49 6.24 5.67
FUND000009,KR555202013M,,,benchmark,2Y,11.71,2002-04-02,4,[4],cell_grid,1.0,비교지수 비교지수 2002-04-02 19.67 11.71 9.49 6.24 5.67
FUND000009,KR555202013M,,,benchmark,3Y,9.49,2002-04-02,4,[4],cell_grid,1.0,비교지수 비교지수 2002-04-02 19.67 11.71 9.49 6.24 5.67
FUND000009,KR555202013M,,,benchmark,5Y,6.24,2002-04-02,4,[4],cell_grid,1.0,비교지수 비교지수 2002-04-02 19.67 11.71 9.49 6.24 5.67
FUND000009,KR555202013M,,,benchmark,SINCE_INCEPTION,5.67,2002-04-02,4,[4],cell_grid,1.0,비교지수 비교지수 2002-04-02 19.67 11.71 9.49 6.24 5.67
FUND000009,KR555202013M,,,volatility,1Y,15.98,2002-04-02,4,[4],cell_grid,1.0,수익률 변동성 수익률 변동성 2002-04-02 15.98 14.85 14.26 14.90 16.52
FUND000009,KR555202013M,,,volatility,2Y,14.85,2002-04-02,4,[4],cell_grid,1.0,수익률 변동성 수익률 변동성 2002-04-02 15.98 14.85 14.26 14.90 16.52
FUND000009,KR555202013M,,,volatility,3Y,14.26,2002-04-02,4,[4],cell_grid,1.0,수익률 변동성 수익률 변동성 2002-04-02 15.98 14.85 14.26 14.90 16.52
FUND000009,KR555202013M,,,volatility,5Y,14.90,2002-04-02,4,[4],cell_grid,1.0,수익률 변동성 수익률 변동성 2002-04-02 15.98 14.85 14.26 14.90 16.52
FUND000009,KR555202013M,,,volatility,SINCE_INCEPTION,16.52,2002-04-02,4,[4],cell_grid,1.0,수익률 변동성 수익률 변동성 2002-04-02 15.98 14.85 14.26 14.90 16.52
